編號,CV折號,臨街長度英尺,地塊面積平方英尺,道路鋪面,巷道,地塊形狀,坡度,整體品質1到10分,整體狀況1到10分,建造年份,改建年份,砌面面積平方英尺,外牆品質,外牆狀況,地下室高度品質,地下室狀況,地下室採光,地下室完工區1品質,地下室完工區1面積平方英尺,地下室完工區2品質,地下室完工區2面積平方英尺,地下室未完工面積平方英尺,地下室總面積平方英尺,暖氣品質,中央空調,一樓面積平方英尺,二樓面積平方英尺,低品質完工面積平方英尺,地上居住面積平方英尺,地下室全套衛浴數,地下室半套衛浴數,地上全套衛浴數,地上半套衛浴數,地上臥室數,地上廚房數,廚房品質,地上房間總數,居家功能性,壁爐數,壁爐品質,車庫內裝,車庫車位數,車庫面積平方英尺,車庫品質,車庫狀況,車道鋪面,木平台面積平方英尺,開放門廊面積平方英尺,封閉門廊面積平方英尺,三季門廊面積平方英尺,紗窗門廊面積平方英尺,泳池面積平方英尺,泳池品質,圍籬,其他設施價值美元,成交月份,成交年份,交易類型,交易條件,總價美元,log總價,住宅類型_1.5層樓(已完工),住宅類型_1.5層樓(未完工),住宅類型_1層樓(1945年前),住宅類型_1層樓(1946年後),住宅類型_1層樓含完工閣樓,住宅類型_1層樓社區住宅(1946年後),住宅類型_2.5層樓,住宅類型_2層樓(1945年前),住宅類型_2層樓(1946年後),住宅類型_2層樓社區住宅(1946年後),住宅類型_兩戶改建住宅,住宅類型_社區錯層住宅,住宅類型_錯層式,住宅類型_錯層玄關式,住宅類型_雙拼住宅,土地分區_中密度住宅區,土地分區_低密度住宅區,土地分區_商業區,土地分區_浮動村住宅區,土地分區_高密度住宅區,地形_低窪,地形_坡堤,地形_山坡,地形_平坦,地塊位置_三面臨路,地塊位置_內側地,地塊位置_兩面臨路,地塊位置_死巷底,地塊位置_角地,社區_交通部與鐵路區(IDOTRR),社區_克勞福德(Crawfor),社區_北公園村(NPkVill),社區_北嶺(NoRidge),社區_北嶺高地(NridgHt),社區_北艾姆斯(NAmes),社區_吉爾伯特(Gilbert),社區_學院溪(CollgCr),社區_州立大學西南(SWISU),社區_布萊爾戴爾(BrDale),社區_布魯克賽德(BrkSide),社區_布魯明頓高地(Blmngtn),社區_愛德華茲(Edwards),社區_文克(Veenker),社區_林地(Timber),社區_清溪(ClearCr),社區_石橋(StoneBr),社區_米切爾(Mitchel),社區_索耶(Sawyer),社區_舊城區(OldTown),社區_草地村(MeadowV),社區_薩默塞特(Somerst),社區_藍莖(Blueste),社區_西北艾姆斯(NWAmes),社區_西索耶(SawyerW),鄰近條件1_南北向鐵路200英尺內,鄰近條件1_東西向鐵路200英尺內,鄰近條件1_正常,鄰近條件1_緊鄰公園綠地等正面設施,鄰近條件1_緊鄰南北向鐵路,鄰近條件1_緊鄰東西向鐵路,鄰近條件1_鄰近主幹道,鄰近條件1_鄰近公園綠地等正面設施,鄰近條件1_鄰近支線道路,鄰近條件2_南北向鐵路200英尺內,鄰近條件2_正常,鄰近條件2_緊鄰公園綠地等正面設施,鄰近條件2_緊鄰南北向鐵路,鄰近條件2_緊鄰東西向鐵路,鄰近條件2_鄰近主幹道,鄰近條件2_鄰近公園綠地等正面設施,鄰近條件2_鄰近支線道路,建物型態_兩戶改建,建物型態_獨棟,建物型態_連棟中間,建物型態_連棟邊間,建物型態_雙拼,樓層樣式_1.5層(二樓完工),樓層樣式_1.5層(二樓未完工),樓層樣式_1層樓,樓層樣式_2.5層(三樓完工),樓層樣式_2.5層(三樓未完工),樓層樣式_2層樓,樓層樣式_錯層,樓層樣式_錯層玄關,屋頂樣式_單坡頂,屋頂樣式_四坡頂,屋頂樣式_孟莎式,屋頂樣式_山形頂,屋頂樣式_平頂,屋頂樣式_穀倉頂,屋頂材料_劈製木瓦,屋頂材料_捲材,屋頂材料_標準瀝青瓦,屋頂材料_焦油碎石,屋頂材料_金屬,屋頂材料_鋸製木瓦,外牆材料1_一般磚,外牆材料1_乙烯基壁板,外牆材料1_仿灰泥,外牆材料1_夾板,外牆材料1_木壁板,外牆材料1_木瓦,外牆材料1_水泥板,外牆材料1_瀝青瓦,外牆材料1_灰泥,外牆材料1_煤渣磚,外牆材料1_石材,外牆材料1_石棉瓦,外牆材料1_硬質纖維板,外牆材料1_金屬壁板,外牆材料1_面磚,外牆材料2_一般磚,外牆材料2_乙烯基壁板,外牆材料2_仿灰泥,外牆材料2_其他,外牆材料2_夾板,外牆材料2_木壁板,外牆材料2_木瓦,外牆材料2_水泥板,外牆材料2_瀝青瓦,外牆材料2_灰泥,外牆材料2_煤渣磚,外牆材料2_石材,外牆材料2_石棉瓦,外牆材料2_硬質纖維板,外牆材料2_金屬壁板,外牆材料2_面磚,砌面類型_一般磚,砌面類型_無砌面,砌面類型_石材,砌面類型_面磚,地基類型_木材,地基類型_板式,地基類型_澆置混凝土,地基類型_煤渣磚,地基類型_石材,地基類型_磚與瓦,暖氣類型_地板暖爐,暖氣類型_壁掛暖爐,暖氣類型_瓦斯熱水,暖氣類型_瓦斯熱風,暖氣類型_重力式暖爐,暖氣類型_非瓦斯熱水,電力系統_保險絲(差),電力系統_保險絲(普通),電力系統_保險絲(良),電力系統_標準斷路器,車庫類型_內建車庫,車庫類型_地下室車庫,車庫類型_多種車庫,車庫類型_無車庫,車庫類型_獨立車庫,車庫類型_車棚,車庫類型_連接主屋,其他設施_儲藏棚,其他設施_其他,其他設施_無其他設施,其他設施_第二車庫,其他設施_網球場
1,2,-0.2564764364743176,-0.2931543883230165,0.0,0.0,0.0,0.0,0.5,0.0,0.6458333333333334,0.23684210526315788,1.0490242974017012,1.0,0.0,0.0,0.0,0.0,0.4,0.4478442280945758,0.0,0.0,-0.836882564495392,-0.27703039362232185,0.5,0.0,-0.5353823266493405,1.0385413687381992,0.0,0.34075928155265717,1.0,0.0,0.0,1.0,0.0,0.0,1.0,1.0,0.0,-1.0,-0.5,0.0,0.0,0.2805907172995781,0.0,0.0,0.0,0.0,0.22915446575410042,0.0,0.0,0.0,0.0,0.0,0.0,0.0,2,2008,一般保證契約,一般交易,208500,12.24769911637256,0,0,0,0,0,0,0,0,1,0,0,0,0,0,0,0,1,0,0,0,0,0,0,1,0,1,0,0,0,0,0,0,0,0,0,0,1,0,0,0,0,0,0,0,0,0,0,0,0,0,0,0,0,0,0,0,1,0,0,0,0,0,0,0,1,0,0,0,0,0,0,0,1,0,0,0,0,0,0,0,0,1,0,0,0,0,0,1,0,0,0,0,1,0,0,0,0,1,0,0,0,0,0,0,0,0,0,0,0,0,0,0,1,0,0,0,0,0,0,0,0,0,0,0,0,0,0,0,0,0,1,0,0,1,0,0,0,0,0,0,1,0,0,0,0,0,1,0,0,0,0,0,0,1,0,0,1,0,0
2,4,0.469964168048189,0.0,0.0,0.0,0.0,0.0,0.0,3.0,0.08333333333333333,-0.47368421052631576,0.0,0.0,0.0,0.0,0.0,2.3495966477454164,0.2,0.8261474269819193,0.0,0.0,-0.3961007222656214,0.5321375186846039,0.5,0.0,0.3193883607935966,0.0,0.0,-0.3420607197599372,0.0,0.7304631471189668,0.0,0.0,0.0,0.0,0.0,0.0,0.0,0.0,0.25,0.0,0.0,-0.09071729957805907,0.0,0.0,0.0,1.1664664501420219,-0.7117967261714493,0.0,0.0,0.0,0.0,0.0,0.0,0.0,5,2007,一般保證契約,一般交易,181500,12.109016442313738,0,0,0,1,0,0,0,0,0,0,0,0,0,0,0,0,1,0,0,0,0,0,0,1,0,0,1,0,0,0,0,0,0,0,0,0,0,0,0,0,0,0,1,0,0,0,0,0,0,0,0,0,0,0,0,0,0,0,0,0,0,0,1,0,1,0,0,0,0,0,0,0,1,0,0,0,0,0,1,0,0,0,0,0,0,0,0,1,0,0,0,0,1,0,0,0,0,0,0,0,0,0,0,0,0,0,0,0,0,1,0,0,0,0,0,0,0,0,0,0,0,0,0,0,0,1,0,0,1,0,0,0,0,0,1,0,0,0,0,0,1,0,0,0,0,0,1,0,0,0,0,0,0,1,0,0,1,0,0
3,1,-0.10068914480903793,0.37231052793405106,0.0,0.0,-1.0,0.0,0.5,0.0,0.6041666666666666,0.21052631578947367,0.995319391300841,1.0,0.0,0.0,0.0,1.0,0.4,0.14186369958275383,0.0,0.0,-0.07850682951079618,-0.14947683109118087,0.5,0.0,-0.3803741040075111,1.0419547513794152,0.0,0.4410777477766499,1.0,0.0,0.0,1.0,0.0,0.0,1.0,0.0,0.0,0.0,0.25,0.0,0.0,0.5337552742616034,0.0,0.0,0.0,0.0,0.12026819188344327,0.0,0.0,0.0,0.0,0.0,0.0,0.0,9,2008,一般保證契約,一般交易,223500,12.317171167298682,0,0,0,0,0,0,0,0,1,0,0,0,0,0,0,0,1,0,0,0,0,0,0,1,0,1,0,0,0,0,0,0,0,0,0,0,1,0,0,0,0,0,0,0,0,0,0,0,0,0,0,0,0,0,0,0,1,0,0,0,0,0,0,0,1,0,0,0,0,0,0,0,1,0,0,0,0,0,0,0,0,1,0,0,0,0,0,1,0,0,0,0,1,0,0,0,0,1,0,0,0,0,0,0,0,0,0,0,0,0,0,0,1,0,0,0,0,0,0,0,0,0,0,0,0,0,0,0,0,0,1,0,0,1,0,0,0,0,0,0,1,0,0,0,0,0,1,0,0,0,0,0,0,1,0,0,1,0,0
4,1,-0.5300358319518109,-0.01210796468581189,0.0,0.0,-1.0,0.0,0.5,0.0,-1.1875,-0.631578947368421,0.0,0.0,0.0,-1.0,0.2793713480100486,0.0,0.2,-0.2336578581363004,0.0,0.0,0.0933252144820992,-0.4763328350772297,0.0,0.0,-0.285819156466404,1.009028359369115,0.0,0.3501557906327132,1.0,0.0,-1.0,0.0,0.0,0.0,1.0,0.5,0.0,0.0,0.5,-1.0,1.0,0.6772151898734177,0.0,0.0,0.0,0.0,0.06951502783946585,8.797735592116597,0.0,0.0,0.0,0.0,0.0,0.0,2,2006,一般保證契約,異常交易(如法拍),140000,11.849404844423074,0,0,0,0,0,0,0,1,0,0,0,0,0,0,0,0,1,0,0,0,0,0,0,1,0,0,0,0,1,0,1,0,0,0,0,0,0,0,0,0,0,0,0,0,0,0,0,0,0,0,0,0,0,0,0,0,1,0,0,0,0,0,0,0,1,0,0,0,0,0,0,0,1,0,0,0,0,0,0,0,0,1,0,0,0,0,0,1,0,0,0,0,1,0,0,0,0,0,0,0,1,0,0,0,0,0,0,0,0,0,0,0,0,0,0,0,0,1,0,0,0,0,0,0,0,0,0,0,1,0,0,0,0,0,0,0,1,0,0,0,1,0,0,0,0,0,1,0,0,0,0,1,0,0,0,0,1,0,0
5,3,0.6442140439022846,0.9456472269520475,0.0,0.0,-1.0,0.0,1.0,0.0,0.5833333333333334,0.15789473684210525,1.2224967243092049,1.0,0.0,0.0,0.0,1.7473143510832982,0.4,0.3769123783031989,0.0,0.0,0.01621869256138196,0.29895366218236175,0.5,0.0,0.1004294958941096,1.0905453887033432,0.0,0.9290806328331902,1.0,0.0,0.0,1.0,1.0,0.0,1.0,1.5,0.0,0.0,0.25,0.0,1.0,1.4957805907172996,0.0,0.0,0.0,1.0374820403803926,0.3279585592787707,0.0,0.0,0.0,0.0,0.0,0.0,0.0,12,2008,一般保證契約,一般交易,250000,12.429220196836383,0,0,0,0,0,0,0,0,1,0,0,0,0,0,0,0,1,0,0,0,0,0,0,1,0,0,1,0,0,0,0,0,1,0,0,0,0,0,0,0,0,0,0,0,0,0,0,0,0,0,0,0,0,0,0,0,1,0,0,0,0,0,0,0,1,0,0,0,0,0,0,0,1,0,0,0,0,0,0,0,0,1,0,0,0,0,0,1,0,0,0,0,1,0,0,0,0,1,0,0,0,0,0,0,0,0,0,0,0,0,0,0,1,0,0,0,0,0,0,0,0,0,0,0,0,0,0,0,0,0,1,0,0,1,0,0,0,0,0,0,1,0,0,0,0,0,1,0,0,0,0,0,0,1,0,0,1,0,0
6,1,0.6866853341578308,0.9205091619691598,0.0,0.0,-1.0,0.0,-0.5,0.0,0.4375,0.02631578947368421,0.0,0.0,0.0,0.0,0.0,0.0,0.4,0.48400556328233657,0.0,0.0,-1.3605543062443284,-0.3966118584952666,0.5,0.0,-0.6899131555245103,0.9410861625138066,0.0,-0.1735897679772439,1.0,0.0,-1.0,1.0,-2.0,0.0,0.0,-0.5,0.0,-1.0,-0.5,-1.0,0.0,-0.006329113924050633,0.0,0.0,0.0,0.6434111977937839,0.027838329044302983,0.0,9.178050664421773,0.0,0.0,0.0,1.5409627556327752,11.147538247731708,10,2009,一般保證契約,一般交易,143000,11.870606902224587,1,0,0,0,0,0,0,0,0,0,0,0,0,0,0,0,1,0,0,0,0,0,0,1,0,1,0,0,0,0,0,0,0,0,0,0,0,0,0,0,0,0,0,0,0,0,1,0,0,0,0,0,0,0,0,0,1,0,0,0,0,0,0,0,1,0,0,0,0,0,0,0,1,0,0,0,1,0,0,0,0,0,0,0,0,0,0,1,0,0,0,0,1,0,0,0,0,1,0,0,0,0,0,0,0,0,0,0,0,0,0,0,1,0,0,0,0,0,0,0,0,0,0,0,0,0,0,0,1,0,0,1,0,0,0,0,0,0,0,0,1,0,0,0,0,0,1,0,0,0,0,0,0,1,1,0,0,0,0
7,1,0.24155735878839998,0.11451508524759325,0.0,0.0,0.0,0.0,1.0,0.0,0.6666666666666666,0.2894736842105263,1.0341042988415448,1.0,0.0,0.8422747575632559,0.0,1.7473143510832982,0.4,1.3699582753824757,0.0,0.0,-0.31573572147861223,1.377179870453413,0.5,0.0,1.00181206640912,0.0,0.0,0.3191582280251334,1.0,0.0,0.0,0.0,0.0,0.0,1.0,0.5,0.0,0.0,0.5,0.0,0.0,0.6518987341772152,0.0,0.0,0.0,1.119744880009226,0.2088620393823371,0.0,0.0,0.0,0.0,0.0,0.0,0.0,8,2007,一般保證契約,一般交易,307000,12.634606283893019,0,0,0,1,0,0,0,0,0,0,0,0,0,0,0,0,1,0,0,0,0,0,0,1,0,1,0,0,0,0,0,0,0,0,0,0,0,0,0,0,0,0,0,0,0,0,0,0,0,0,1,0,0,0,0,0,1,0,0,0,0,0,0,0,1,0,0,0,0,0,0,0,1,0,0,0,0,0,1,0,0,0,0,0,0,0,0,1,0,0,0,0,1,0,0,0,0,1,0,0,0,0,0,0,0,0,0,0,0,0,0,0,1,0,0,0,0,0,0,0,0,0,0,0,0,0,0,0,0,1,0,0,0,1,0,0,0,0,0,0,1,0,0,0,0,0,1,0,0,0,0,0,0,1,0,0,1,0,0
8,2,0.469964168048189,0.1827189013722202,0.0,0.0,-1.0,0.0,0.5,1.0,0.020833333333333332,-0.5526315789473685,1.1078715638871819,0.0,0.0,0.0,0.0,1.0,0.2,0.6606397774687065,1.089870956523857,4.597156711708116,-0.5904114781444286,0.22321873442949677,0.5,0.0,0.02521971448384351,1.0732856104976214,0.0,0.8092224749298887,1.0,0.0,0.0,1.0,0.0,0.0,0.0,0.5,0.0,1.0,0.25,0.0,0.0,0.010548523206751054,0.0,0.0,0.0,1.0956978790145557,0.6297029205629101,8.39538258223558,0.0,0.0,0.0,0.0,0.0,9.391827134755262,11,2009,一般保證契約,一般交易,200000,12.206077645517674,0,0,0,0,0,0,0,0,1,0,0,0,0,0,0,0,1,0,0,0,0,0,0,1,0,0,0,0,1,0,0,0,0,0,0,0,0,0,0,0,0,0,0,0,0,0,0,0,0,0,0,0,1,0,0,0,0,0,0,0,0,1,0,0,1,0,0,0,0,0,0,0,1,0,0,0,0,0,0,0,0,1,0,0,0,0,0,1,0,0,0,0,1,0,0,0,0,0,0,0,0,0,0,0,0,0,0,0,1,0,0,0,0,0,0,0,0,0,0,0,0,0,0,0,1,0,0,0,0,1,0,0,0,0,1,0,0,0,0,0,1,0,0,0,0,0,1,0,0,0,0,0,0,1,1,0,0,0,0
9,3,-1.0745234809577138,-1.0097738386911663,0.0,0.0,0.0,0.0,0.5,0.0,-0.8541666666666666,-1.1578947368421053,0.0,0.0,0.0,-1.0,0.0,0.0,-0.6,-0.5340751043115438,0.0,0.0,0.5666123503632752,-0.08570004982561036,0.0,0.0,-0.15129194753817657,1.0077561553539862,0.0,0.4254821115789246,0.0,0.0,0.0,0.0,-1.0,0.4638544907568095,0.0,1.0,-0.18059459163956637,1.0,0.25,-1.0,0.0,-0.056962025316455694,-0.3466451177569989,0.0,0.0,0.8347919027410431,-0.7117967261714493,8.158132683068054,0.0,0.0,0.0,0.0,0.0,0.0,4,2008,一般保證契約,異常交易(如法拍),129900,11.774527900858468,1,0,0,0,0,0,0,0,0,0,0,0,0,0,0,1,0,0,0,0,0,0,0,1,0,1,0,0,0,0,0,0,0,0,0,0,0,0,0,0,0,0,0,0,0,0,0,0,1,0,0,0,0,0,0,0,0,0,0,0,1,0,0,0,1,0,0,0,0,0,0,0,1,0,0,0,1,0,0,0,0,0,0,0,0,0,0,1,0,0,0,0,1,0,0,0,0,0,0,0,0,0,0,0,0,0,0,0,0,0,1,0,0,0,0,0,0,1,0,0,0,0,0,0,0,0,0,0,1,0,0,0,0,0,0,0,1,0,0,0,1,0,0,0,1,0,0,0,0,0,0,1,0,0,0,0,1,0,0
10,2,-1.1398722399119068,-0.5860837276227793,0.0,0.0,0.0,0.0,-0.5,1.0,-0.6875,-1.1578947368421053,0.0,0.0,0.0,-1.0,0.0,0.0,0.4,0.6495132127955494,0.0,0.0,-0.8819683399824537,-0.007972097658196313,0.5,0.0,-0.03572124108965154,0.0,0.0,-0.6861361019212738,1.0,0.0,-1.0,0.0,-1.0,0.4638544907568095,0.0,-0.5,0.0,1.0,0.25,0.0,-1.0,-1.1666666666666667,0.2793713480100486,0.0,0.0,0.0,-0.41206885502025,0.0,0.0,0.0,0.0,0.0,0.0,0.0,1,2008,一般保證契約,一般交易,118000,11.678448377988165,0,0,0,0,0,0,0,0,0,0,1,0,0,0,0,0,1,0,0,0,0,0,0,1,0,0,0,0,1,0,0,0,0,0,0,0,0,0,0,1,0,0,0,0,0,0,0,0,0,0,0,0,0,0,0,0,0,0,0,0,1,0,0,0,0,0,0,0,1,0,0,1,0,0,0,0,0,1,0,0,0,0,0,0,0,0,0,1,0,0,0,0,1,0,0,0,0,0,0,0,0,0,0,0,0,0,0,0,0,1,0,0,0,0,0,0,0,0,0,0,0,0,0,0,0,1,0,0,1,0,0,0,0,0,0,0,1,0,0,0,1,0,0,0,0,0,1,0,0,0,0,0,0,1,0,0,1,0,0
11,0,0.0,0.3617329515810609,0.0,0.0,0.0,0.0,-0.5,0.0,-0.14583333333333334,-0.7631578947368421,0.0,0.0,0.0,-1.0,0.0,0.0,-0.2,0.7260083449235049,0.0,0.0,-0.9103418942256885,0.08968609865470852,0.5,0.0,-0.11289938297361748,0.0,0.0,-0.7609161093398232,1.0,0.0,-1.0,0.0,0.0,0.0,0.0,-0.5,0.0,-1.0,-0.5,-1.0,-1.0,-0.41139240506329117,0.0,0.0,0.0,0.0,-0.7117967261714493,0.0,0.0,0.0,0.0,0.0,0.0,0.0,2,2008,一般保證契約,一般交易,129500,11.771443882099637,0,0,0,1,0,0,0,0,0,0,0,0,0,0,0,0,1,0,0,0,0,0,0,1,0,1,0,0,0,0,0,0,0,0,0,0,0,0,0,0,0,0,0,0,0,0,0,1,0,0,0,0,0,0,0,0,1,0,0,0,0,0,0,0,1,0,0,0,0,0,0,0,1,0,0,0,0,0,1,0,0,0,0,0,0,1,0,0,0,0,0,0,1,0,0,0,0,0,0,0,0,0,0,0,0,0,0,0,1,0,0,0,0,0,0,0,0,0,0,0,0,0,0,0,1,0,0,0,1,0,0,0,0,0,1,0,0,0,0,0,1,0,0,0,0,0,1,0,0,0,0,1,0,0,0,0,1,0,0
12,2,0.6866853341578308,0.5111317502015535,0.0,0.0,-1.0,0.0,1.5,0.0,0.6875,0.3157894736842105,1.160323167954935,1.8422747575632559,0.0,0.8422747575632559,0.0,0.0,0.4,0.8539638386648123,0.0,0.0,-0.7267292908323114,0.35874439461883406,0.5,0.0,0.17165008948359642,1.1111349810987492,0.0,1.0627478924132623,1.0,0.0,1.0,0.0,1.0,0.0,2.0,2.5,0.0,1.0,0.5,1.0,1.0,1.0738396624472575,0.0,0.0,0.0,0.9632859413304204,-0.06428760333406293,0.0,0.0,0.0,0.0,0.0,0.0,0.0,7,2006,新屋,預售屋(估價時未完工),345000,12.75130259456002,0,0,0,0,0,0,0,0,1,0,0,0,0,0,0,0,1,0,0,0,0,0,0,1,0,1,0,0,0,0,0,0,0,1,0,0,0,0,0,0,0,0,0,0,0,0,0,0,0,0,0,0,0,0,0,0,1,0,0,0,0,0,0,0,1,0,0,0,0,0,0,0,1,0,0,0,0,0,0,0,0,1,0,0,0,1,0,0,0,0,0,0,1,0,0,0,0,0,0,0,0,1,0,0,0,0,0,0,0,0,0,0,0,0,0,0,0,1,0,0,0,0,0,0,0,0,0,0,0,1,0,0,0,1,0,0,0,0,0,0,1,0,0,0,0,0,1,1,0,0,0,0,0,0,0,0,1,0,0
13,1,0.0247951663920471,0.7135281247034835,0.0,0.0,-2.338124978532008,0.0,-0.5,1.0,-0.20833333333333334,-0.8421052631578947,0.0,0.0,0.0,-1.0,0.0,0.0,0.2,0.4909596662030598,0.0,0.0,-0.7343828292336437,-0.1654210264075735,-0.5,0.0,-0.3992397604519068,0.0,0.0,-1.0383591136589678,1.0,0.0,-1.0,0.0,-1.0,0.0,0.0,-1.0,0.0,-1.0,-0.5,-1.0,-1.0,-0.5464135021097046,0.0,0.0,0.0,0.950060361690953,-0.7117967261714493,0.0,0.0,7.824546029563346,0.0,0.0,0.0,0.0,9,2008,一般保證契約,一般交易,144000,11.87757552297847,0,0,0,1,0,0,0,0,0,0,0,0,0,0,0,0,1,0,0,0,0,0,0,1,0,1,0,0,0,0,0,0,0,0,0,0,0,0,0,0,0,0,0,0,0,0,0,1,0,0,0,0,0,0,0,0,1,0,0,0,0,0,0,0,1,0,0,0,0,0,0,0,1,0,0,0,0,0,1,0,0,0,0,0,0,1,0,0,0,0,0,0,1,0,0,0,0,0,0,0,0,0,0,0,0,0,0,0,1,0,0,0,0,0,0,1,0,0,0,0,0,0,0,0,0,0,0,0,1,0,0,0,0,0,1,0,0,0,0,0,1,0,0,0,0,0,1,0,0,0,0,1,0,0,0,0,1,0,0
14,4,0.9330406239737735,0.24309238101473182,0.0,0.0,-1.0,0.0,0.5,0.0,0.7083333333333334,0.34210526315789475,1.180920630631163,1.0,0.0,0.0,0.0,1.7473143510832982,-0.6,-0.5340751043115438,0.0,0.0,0.972764006629667,0.9945191828599901,0.5,0.0,0.7068777831496341,0.0,0.0,0.033388353916374035,0.0,0.0,0.0,0.0,0.0,0.0,1.0,0.5,0.0,0.0,0.5,0.0,1.0,1.5126582278481013,0.0,0.0,0.0,0.9864969120870855,0.053473669938861615,0.0,0.0,0.0,0.0,0.0,0.0,0.0,8,2007,新屋,預售屋(估價時未完工),279500,12.540761149388421,0,0,0,1,0,0,0,0,0,0,0,0,0,0,0,0,1,0,0,0,0,0,0,1,0,1,0,0,0,0,0,0,0,0,0,0,1,0,0,0,0,0,0,0,0,0,0,0,0,0,0,0,0,0,0,0,1,0,0,0,0,0,0,0,1,0,0,0,0,0,0,0,1,0,0,0,0,0,1,0,0,0,0,0,0,0,0,1,0,0,0,0,1,0,0,0,0,1,0,0,0,0,0,0,0,0,0,0,0,0,0,0,1,0,0,0,0,0,0,0,0,0,0,0,0,0,0,0,0,1,0,0,0,1,0,0,0,0,0,0,1,0,0,0,0,0,1,0,0,0,0,0,0,1,0,0,1,0,0
15,4,0.21801994391840682,0.3017458448502384,0.0,0.0,-1.0,0.0,0.0,0.0,-0.25,-0.8947368421052632,1.0716082661248687,0.0,0.0,-1.0,0.0,0.0,0.0,0.4853963838664812,0.0,0.0,0.06324049684886801,0.5142002989536621,-0.5,0.0,0.3031716626901745,0.0,0.0,-0.35777352101267407,1.0,0.0,-1.0,1.0,-1.0,0.0,0.0,-0.5,0.0,0.0,0.0,0.0,-1.0,-0.5464135021097046,0.0,0.0,0.0,0.0,0.6454741167608458,7.824546029563346,0.0,0.0,0.0,0.0,1.1943176378757763,0.0,5,2008,一般保證契約,一般交易,157000,11.964007453736912,0,0,0,1,0,0,0,0,0,0,0,0,0,0,0,0,1,0,0,0,0,0,0,1,0,0,0,0,1,0,0,0,0,0,1,0,0,0,0,0,0,0,0,0,0,0,0,0,0,0,0,0,0,0,0,0,1,0,0,0,0,0,0,0,1,0,0,0,0,0,0,0,1,0,0,0,0,0,1,0,0,0,0,0,0,1,0,0,0,0,0,0,1,0,0,0,0,0,0,0,0,0,0,0,0,0,0,0,0,1,0,0,0,0,0,0,0,0,0,0,0,0,0,0,0,1,0,0,0,0,1,0,0,0,1,0,0,0,0,0,1,0,0,0,0,0,1,0,0,0,0,0,0,1,0,0,1,0,0
17,2,0.21801994391840682,0.37040951693126367,0.0,0.0,-1.0,0.0,0.0,2.0,-0.041666666666666664,-0.631578947368421,1.0248235295832058,0.0,0.0,-1.0,0.0,0.0,0.2,0.2698191933240612,0.0,0.0,-0.0928749520944082,0.017937219730941704,0.5,0.0,-0.19026306996690828,0.0,0.0,-0.8358758964772554,1.0,0.0,-1.0,0.0,-1.0,0.0,0.0,-0.5,0.0,0.0,0.25,1.0,0.0,-0.006329113924050633,0.0,0.0,0.0,0.0,-0.7117967261714493,0.0,0.0,0.0,0.0,0.0,0.0,11.147538247731708,3,2010,一般保證契約,一般交易,149000,11.91170829631447,0,0,0,1,0,0,0,0,0,0,0,0,0,0,0,0,1,0,0,0,0,0,0,1,0,0,0,1,0,0,0,0,0,0,1,0,0,0,0,0,0,0,0,0,0,0,0,0,0,0,0,0,0,0,0,0,1,0,0,0,0,0,0,0,1,0,0,0,0,0,0,0,1,0,0,0,0,0,1,0,0,0,0,0,0,0,0,1,0,0,0,0,1,0,0,0,0,0,0,0,1,0,0,0,0,0,0,0,0,0,0,0,0,0,0,0,1,0,0,0,0,0,0,0,0,0,0,0,0,0,1,0,0,0,1,0,0,0,0,0,1,0,0,0,0,0,1,0,0,0,0,0,0,1,1,0,0,0,0
18,3,0.09830646769700241,0.27366796902521173,0.0,0.0,0.0,0.0,-1.0,0.0,-0.10416666666666667,-0.7105263157894737,0.0,0.0,0.0,-6.515822458562748,-1.5409627556327752,-1.5747678672403655,-0.8,-0.5340751043115438,-0.7304631471189668,0.0,-3.1687229326517117,-1.9830592924763328,-0.5,0.0,0.37977824896918716,0.0,0.0,-0.2835473094142258,0.0,0.0,0.0,0.0,-1.0,0.4638544907568095,0.0,0.0,0.0,-1.0,-0.5,-1.0,0.0,0.14556962025316456,0.0,0.0,0.0,0.0,-0.7117967261714493,0.0,0.0,0.0,0.0,0.0,0.0,10.272201962485878,10,2006,一般保證契約,一般交易,90000,11.407576060361786,0,0,0,0,0,0,0,0,0,0,0,0,0,0,1,0,1,0,0,0,0,0,0,1,0,1,0,0,0,0,0,0,0,0,0,0,0,0,0,0,0,0,0,0,0,0,0,1,0,0,0,0,0,0,0,0,1,0,0,0,0,0,0,0,1,0,0,0,0,0,0,0,0,0,0,1,0,0,1,0,0,0,0,0,0,0,0,1,0,0,0,0,1,0,0,0,0,0,0,0,0,0,0,0,0,0,0,0,0,1,0,0,0,0,0,0,0,0,0,0,0,0,0,0,0,1,0,0,1,0,0,0,1,0,0,0,0,0,0,0,1,0,0,0,0,0,1,0,0,0,0,0,1,0,1,0,0,0,0
19,3,-0.20389035669044683,0.8464361096270566,0.0,0.0,0.0,0.0,-0.5,0.0,0.6666666666666666,0.2631578947368421,0.0,0.0,0.0,-1.0,0.0,0.0,0.4,0.36439499304589706,0.0,0.0,-0.01984193922373367,0.2371699053313403,0.5,0.0,0.0392371906264913,0.0,0.0,-0.6135068322474396,1.0,0.0,-1.0,1.0,0.0,0.0,1.0,0.0,0.0,-1.0,-0.5,-1.0,0.0,0.3987341772151899,0.0,0.0,0.0,0.0,0.3904380203072325,0.0,0.0,0.0,0.0,0.0,0.0,0.0,6,2008,一般保證契約,一般交易,159000,11.976665770490767,0,0,0,1,0,0,0,0,0,0,0,0,0,0,0,0,1,0,0,0,0,0,0,1,0,1,0,0,0,0,0,0,0,0,0,0,0,0,0,0,0,0,0,0,0,0,0,0,0,0,0,0,0,1,0,0,0,0,0,1,0,0,0,0,1,0,0,0,0,0,0,0,1,0,0,0,0,0,1,0,0,0,0,0,0,0,0,1,0,0,0,0,1,0,0,0,0,1,0,0,0,0,0,0,0,0,0,0,0,0,0,0,1,0,0,0,0,0,0,0,0,0,0,0,0,0,0,0,1,0,0,0,0,1,0,0,0,0,0,0,1,0,0,0,0,0,1,0,0,0,0,1,0,0,0,0,1,0,0
20,2,0.0,-0.5443116544811724,0.0,0.0,0.0,0.0,-0.5,1.0,-0.2916666666666667,-0.7631578947368421,0.0,0.0,0.0,-1.0,0.0,0.0,-0.4,0.16689847009735745,0.0,0.0,0.07085250649976851,0.06776283009466866,-0.5,0.0,0.4542556158421625,0.0,0.0,-0.21138415659242674,0.0,0.0,-1.0,0.0,0.0,0.0,0.0,0.0,-0.18059459163956637,-1.0,-0.5,-1.0,-1.0,-0.7911392405063291,0.0,0.0,0.0,0.0,-0.7117967261714493,0.0,0.0,0.0,0.0,0.0,1.5409627556327752,0.0,5,2009,法院或遺產拍賣,異常交易(如法拍),139000,11.842236406331555,0,0,0,1,0,0,0,0,0,0,0,0,0,0,0,0,1,0,0,0,0,0,0,1,0,1,0,0,0,0,0,0,0,0,1,0,0,0,0,0,0,0,0,0,0,0,0,0,0,0,0,0,0,0,0,0,1,0,0,0,0,0,0,0,1,0,0,0,0,0,0,0,1,0,0,0,0,0,1,0,0,0,0,0,0,1,0,0,0,0,0,0,1,0,0,0,0,0,0,0,0,0,0,0,0,0,0,0,0,0,1,0,0,0,0,1,0,0,0,0,0,0,0,0,0,0,0,0,1,0,0,0,0,0,1,0,0,0,0,0,1,0,0,0,0,0,1,0,0,0,0,0,0,1,0,0,1,0,0
21,3,1.3148174372258592,0.9378690991157884,0.0,0.0,-1.0,0.0,1.0,0.0,0.6875,0.3157894736842105,1.2483699907452288,1.0,0.0,0.8422747575632559,0.0,1.7473143510832982,-0.6,-0.5340751043115438,0.0,0.0,0.7397717154272838,0.32486297957149973,0.5,0.0,0.12567278160982595,1.1276648706063728,0.0,1.116122834875579,0.0,0.0,1.0,1.0,1.0,0.0,1.0,1.5,0.0,0.0,0.5,0.0,1.0,1.5675105485232068,0.0,0.0,0.0,1.1018674496009326,0.5295236374843488,0.0,0.0,0.0,0.0,0.0,0.0,0.0,11,2006,新屋,預售屋(估價時未完工),325300,12.692506186542177,0,0,0,0,0,0,0,0,1,0,0,0,0,0,0,0,1,0,0,0,0,0,0,1,0,0,0,0,1,0,0,0,0,1,0,0,0,0,0,0,0,0,0,0,0,0,0,0,0,0,0,0,0,0,0,0,1,0,0,0,0,0,0,0,1,0,0,0,0,0,0,0,1,0,0,0,0,0,0,0,0,1,0,0,0,0,0,1,0,0,0,0,1,0,0,0,0,1,0,0,0,0,0,0,0,0,0,0,0,0,0,0,1,0,0,0,0,0,0,0,0,0,0,0,0,0,0,0,0,0,1,0,0,1,0,0,0,0,0,0,1,0,0,0,0,0,1,1,0,0,0,0,0,0,0,0,1,0,0
22,4,-0.7034629278735134,-0.5773762641403345,0.0,0.7304631471189668,0.0,0.0,0.5,2.0,-0.875,-1.1578947368421053,0.0,0.0,0.0,-1.0,0.0,0.0,-0.6,-0.5340751043115438,0.0,0.0,0.227058353111802,-0.71350274040857,0.5,0.0,0.027226811587824057,0.0,0.0,-0.6251440161921041,0.0,0.0,-1.0,0.0,0.0,0.0,1.0,0.0,0.0,0.0,0.5,-1.0,-1.0,-0.8502109704641351,0.0,0.0,-1.1943176378757763,0.0,-0.7117967261714493,8.158132683068054,0.0,0.0,0.0,0.0,1.8203341036428238,0.0,6,2007,一般保證契約,一般交易,139400,11.845109950883979,0,1,0,0,0,0,0,0,0,0,0,0,0,0,0,1,0,0,0,0,0,1,0,0,0,1,0,0,0,1,0,0,0,0,0,0,0,0,0,0,0,0,0,0,0,0,0,0,0,0,0,0,0,0,0,0,1,0,0,0,0,0,0,0,1,0,0,0,0,0,0,0,1,0,0,0,0,1,0,0,0,0,0,0,0,0,0,1,0,0,0,0,1,0,0,0,0,0,0,0,1,0,0,0,0,0,0,0,0,0,0,0,0,0,0,0,1,0,0,0,0,0,0,0,0,0,0,0,1,0,0,0,0,1,0,0,0,0,0,0,1,0,0,0,1,0,0,0,0,0,0,0,0,1,0,0,1,0,0
23,4,0.24155735878839998,0.034096713124905934,0.0,0.0,0.0,0.0,1.0,0.0,0.625,0.21052631578947367,1.1549835955836905,1.0,0.0,0.0,0.0,0.0,-0.6,-0.5340751043115438,0.0,0.0,1.136603033623787,1.5585450921773791,0.5,0.0,1.1396530959509876,0.0,0.0,0.45271616243638985,0.0,0.0,0.0,0.0,0.0,0.0,1.0,0.5,0.0,0.0,0.5,0.0,0.0,0.22151898734177214,0.0,0.0,0.0,1.0049238168576966,0.5406893446566666,0.0,0.0,0.0,0.0,0.0,0.0,0.0,9,2008,一般保證契約,一般交易,230000,12.345838935721968,0,0,0,1,0,0,0,0,0,0,0,0,0,0,0,0,1,0,0,0,0,0,0,1,0,1,0,0,0,0,0,0,0,0,0,0,1,0,0,0,0,0,0,0,0,0,0,0,0,0,0,0,0,0,0,0,1,0,0,0,0,0,0,0,1,0,0,0,0,0,0,0,1,0,0,0,0,0,1,0,0,0,0,0,0,1,0,0,0,0,0,0,1,0,0,0,0,1,0,0,0,0,0,0,0,0,0,0,0,0,0,0,1,0,0,0,0,0,0,0,0,0,0,0,0,0,0,0,0,0,1,0,0,1,0,0,0,0,0,0,1,0,0,0,0,0,1,0,0,0,0,0,0,1,0,0,1,0,0
25,3,0.0247951663920471,-0.3486635600855495,0.0,0.0,-1.0,0.0,-0.5,3.0,-0.08333333333333333,0.18421052631578946,0.0,0.0,0.2793713480100486,-1.0,0.0,1.0,-0.2,-0.2726008344923505,1.3251783909391408,11.023122571213104,-0.629969916629538,0.12954658694569007,0.5,0.0,-0.0708972161331817,0.0,0.0,-0.7202190638907998,1.0,0.0,-1.0,0.0,0.0,0.0,1.0,0.0,0.0,0.0,0.25,-1.0,-1.0,-0.8924050632911392,0.0,0.0,0.0,1.262548611157517,0.34993965557361234,0.0,0.0,0.0,0.0,0.0,1.5409627556327752,0.0,5,2010,一般保證契約,一般交易,154000,11.944714374881176,0,0,0,1,0,0,0,0,0,0,0,0,0,0,0,0,1,0,0,0,0,0,0,1,0,1,0,0,0,0,0,0,0,0,0,0,0,0,0,0,0,0,0,0,0,0,0,1,0,0,0,0,0,0,0,0,1,0,0,0,0,0,0,0,1,0,0,0,0,0,0,0,1,0,0,0,0,0,1,0,0,0,0,0,0,0,0,1,0,0,0,0,1,0,0,0,0,0,0,1,0,0,0,0,0,0,0,0,0,0,0,0,0,0,0,1,0,0,0,0,0,0,0,0,0,0,0,0,1,0,0,0,0,0,1,0,0,0,0,0,1,0,0,0,0,0,1,0,0,0,0,0,0,1,0,0,1,0,0
26,0,1.6321111498351177,0.9404641308161242,0.0,0.0,0.0,0.0,1.0,0.0,0.7291666666666666,0.34210526315789475,1.4201161310578663,1.0,0.0,0.0,0.0,0.0,-0.6,-0.5340751043115438,0.0,0.0,1.0167964155100764,1.1380169407075236,0.5,0.0,0.8671018480270616,0.0,0.0,0.1886338219684287,0.0,0.0,0.0,0.0,0.0,0.0,1.0,0.5,0.0,0.0,0.5,0.0,1.0,1.7236286919831223,0.0,0.0,0.0,0.0,0.2036034778236525,0.0,0.0,0.0,0.0,0.0,0.0,0.0,7,2009,一般保證契約,一般交易,256300,12.454107814022272,0,0,0,1,0,0,0,0,0,0,0,0,0,0,0,0,1,0,0,0,0,0,0,1,0,0,0,0,1,0,0,0,0,1,0,0,0,0,0,0,0,0,0,0,0,0,0,0,0,0,0,0,0,0,0,0,1,0,0,0,0,0,0,0,1,0,0,0,0,0,0,0,1,0,0,0,0,0,1,0,0,0,0,0,0,0,0,1,0,0,0,0,1,0,0,0,0,1,0,0,0,0,0,0,0,0,0,0,0,0,0,0,1,0,0,0,0,0,0,0,0,0,0,0,0,0,0,0,0,1,0,0,0,1,0,0,0,0,0,0,1,0,0,0,0,0,1,0,0,0,0,0,0,1,0,0,1,0,0
27,2,-0.5300358319518109,-0.6530991973084603,0.0,0.0,0.0,0.0,-0.5,2.0,-0.4375,0.15789473684210525,0.0,0.0,0.0,-1.0,0.0,1.0,0.0,-0.2086230876216968,0.8104996085138084,10.200342662007953,-0.7153849221694538,-0.18933731938216244,-0.5,0.0,-0.42780341269960065,0.0,0.0,-1.0660352156593864,0.0,0.7304631471189668,-1.0,0.0,0.0,0.0,1.0,-0.5,0.0,-1.0,-0.5,-1.0,0.0,0.3987341772151899,0.0,0.0,0.0,1.0791208403050976,0.04515002980664128,0.0,0.0,0.0,0.0,0.0,0.0,0.0,5,2010,一般保證契約,一般交易,134800,11.811554895830454,0,0,0,1,0,0,0,0,0,0,0,0,0,0,0,0,1,0,0,0,0,0,0,1,0,0,0,0,1,0,0,0,0,0,1,0,0,0,0,0,0,0,0,0,0,0,0,0,0,0,0,0,0,0,0,0,1,0,0,0,0,0,0,0,1,0,0,0,0,0,0,0,1,0,0,0,0,0,1,0,0,0,0,0,0,0,0,1,0,0,0,0,1,0,0,0,0,0,0,0,1,0,0,0,0,0,0,0,0,0,0,0,0,0,0,0,1,0,0,0,0,0,0,0,0,0,0,0,1,0,0,0,0,0,1,0,0,0,0,0,1,0,0,0,0,0,1,0,0,0,0,1,0,0,0,0,1,0,0
28,1,1.2037547390811885,0.42004357493287403,0.0,0.0,0.0,0.0,1.0,0.0,0.7291666666666666,0.3684210526315789,1.0548125035123372,1.0,0.0,0.8422747575632559,0.0,0.0,0.4,1.1599443671766343,0.0,0.0,0.009765787459943867,1.4130543099152966,0.5,0.0,1.0157665286677868,0.0,0.0,0.3326790872444946,1.0,0.0,0.0,0.0,0.0,0.0,1.0,0.5,0.0,0.0,0.5,0.0,1.0,1.2257383966244726,0.0,0.0,0.0,0.0,0.17029580177297618,0.0,0.0,0.0,0.0,0.0,0.0,0.0,5,2010,一般保證契約,一般交易,306000,12.631343648903034,0,0,0,1,0,0,0,0,0,0,0,0,0,0,0,0,1,0,0,0,0,0,0,1,0,1,0,0,0,0,0,0,0,1,0,0,0,0,0,0,0,0,0,0,0,0,0,0,0,0,0,0,0,0,0,0,1,0,0,0,0,0,0,0,1,0,0,0,0,0,0,0,1,0,0,0,0,0,1,0,0,0,0,0,0,0,0,1,0,0,0,0,1,0,0,0,0,1,0,0,0,0,0,0,0,0,0,0,0,0,0,0,1,0,0,0,0,0,0,0,0,0,0,0,0,0,0,0,0,1,0,0,0,1,0,0,0,0,0,0,1,0,0,0,0,0,1,0,0,0,0,0,0,1,0,0,1,0,0
29,3,-1.3426751369670462,1.281323153857768,0.0,0.0,-1.0,0.0,-0.5,1.0,-0.3125,0.07894736842105263,0.0,0.0,0.0,-1.0,0.0,2.3495966477454164,0.0,1.2420027816411683,0.0,0.0,-0.6198994144871744,0.9745889387144993,-0.5,0.0,0.8671018480270616,0.0,0.0,0.1886338219684287,1.0,0.0,-1.0,0.0,-1.0,0.0,0.0,0.0,0.0,1.0,0.5,0.0,-1.0,-0.6856540084388185,0.0,0.0,0.0,1.156137046565607,0.7167702851588815,0.0,0.0,0.0,0.0,0.0,0.0,0.0,12,2006,一般保證契約,一般交易,207500,12.242891437918386,0,0,0,1,0,0,0,0,0,0,0,0,0,0,0,0,1,0,0,0,0,0,0,1,0,0,0,1,0,0,0,0,0,0,1,0,0,0,0,0,0,0,0,0,0,0,0,0,0,0,0,0,0,0,0,0,1,0,0,0,0,0,0,0,1,0,0,0,0,0,0,0,1,0,0,0,0,0,1,0,0,0,0,0,0,0,0,1,0,0,0,0,1,0,0,0,0,0,0,0,0,0,0,0,0,0,0,0,0,1,0,0,0,0,0,0,0,0,0,0,0,0,0,0,0,1,0,0,1,0,0,0,0,0,1,0,0,0,0,0,1,0,0,0,0,0,1,0,0,0,0,0,0,1,0,0,1,0,0
32,1,0.0247951663920471,-0.26795911930283883,0.0,0.0,-1.0,0.0,-0.5,1.0,-0.125,0.3157894736842105,0.0,0.0,0.0,-1.0,0.0,0.0,-0.6,-0.5340751043115438,0.0,0.0,0.7926586156710221,0.46437468858993525,0.0,0.0,0.2576004551777797,0.0,0.0,-0.4019287073473314,0.0,0.0,-1.0,1.0,0.0,0.0,1.0,0.0,0.0,-1.0,-0.5,-1.0,-1.0,-0.8881856540084389,0.0,0.0,0.0,0.0,0.24836300042956466,0.0,0.0,0.0,0.0,0.0,1.5409627556327752,0.0,6,2008,一般保證契約,一般交易,149350,11.914054519303125,0,0,0,1,0,0,0,0,0,0,0,0,0,0,0,0,1,0,0,0,0,0,0,1,0,0,0,1,0,0,0,0,0,0,0,0,0,0,0,0,0,0,0,0,0,0,0,1,0,0,0,0,0,0,0,0,1,0,0,0,0,0,0,0,1,0,0,0,0,0,0,0,1,0,0,0,0,0,1,0,0,0,0,0,0,0,0,1,0,0,0,0,1,0,0,0,0,0,0,0,0,0,0,0,0,0,0,0,1,0,0,0,0,0,0,0,0,0,0,0,0,0,0,0,1,0,0,0,1,0,0,0,0,0,1,0,0,0,0,0,1,0,0,0,0,0,1,0,0,0,0,0,0,1,0,0,1,0,0
34,2,0.0,0.22088512158032778,0.0,0.0,-1.0,0.0,-0.5,0.0,-0.2708333333333333,-0.9210526315789473,0.0,0.0,0.0,-1.0,0.0,0.0,-0.2,0.8817802503477051,0.0,0.0,-0.18023422115009421,0.8031888390632785,0.0,0.0,1.0101931134186337,0.0,0.0,0.3272788531431743,0.0,0.7304631471189668,-1.0,1.0,1.0,0.0,1.0,0.0,0.0,0.0,0.5,0.0,0.0,-0.14556962025316456,0.0,0.0,0.0,0.0,0.09221121669515434,0.0,0.0,0.0,0.0,0.0,0.0,0.0,4,2010,一般保證契約,一般交易,165500,12.016732516077072,0,0,0,1,0,0,0,0,0,0,0,0,0,0,0,0,1,0,0,0,0,0,0,1,0,1,0,0,0,0,0,0,0,0,1,0,0,0,0,0,0,0,0,0,0,0,0,0,0,0,0,0,0,0,0,0,1,0,0,0,0,0,0,0,1,0,0,0,0,0,0,0,1,0,0,0,0,0,1,0,0,0,0,0,0,1,0,0,0,0,0,0,1,0,0,0,0,0,0,0,0,0,0,0,0,0,0,0,0,0,1,0,0,0,0,0,0,0,0,0,0,0,0,0,0,0,1,0,1,0,0,0,0,0,1,0,0,0,0,0,1,0,0,0,0,0,1,0,0,0,0,0,0,1,0,0,1,0,0
35,1,-0.5300358319518109,-0.6184635557515265,0.0,0.0,0.0,0.0,1.5,0.0,0.6875,0.2894736842105263,1.1151726037401906,1.8422747575632559,0.0,0.8422747575632559,0.0,0.0,0.4,1.0695410292072323,0.0,0.0,-0.12605915232776202,1.1280518186347783,0.5,0.0,0.8092300734695548,0.0,0.0,0.13256028061210243,1.0,0.0,0.0,0.0,-1.0,0.0,2.0,0.0,0.0,0.0,0.5,1.0,0.0,0.3143459915611814,0.0,0.0,0.0,1.053350004656599,0.1523737627606483,0.0,0.0,0.0,0.0,0.0,0.0,0.0,8,2007,一般保證契約,一般交易,277500,12.533579815765737,0,0,0,0,0,1,0,0,0,0,0,0,0,0,0,0,1,0,0,0,0,0,0,1,0,1,0,0,0,0,0,0,0,1,0,0,0,0,0,0,0,0,0,0,0,0,0,0,0,0,0,0,0,0,0,0,1,0,0,0,0,0,0,0,1,0,0,0,0,0,0,0,0,0,1,0,0,0,1,0,0,0,0,0,0,1,0,0,0,0,0,0,1,0,0,0,0,0,0,0,0,0,0,0,0,0,0,0,0,1,0,0,0,0,0,0,0,0,0,0,0,0,0,0,0,1,0,0,0,0,1,0,0,1,0,0,0,0,0,0,1,0,0,0,0,0,1,0,0,0,0,0,0,1,0,0,1,0,0
36,1,1.5635436395884492,0.7965194104375737,0.0,0.0,0.0,0.0,1.0,0.0,0.6666666666666666,0.2894736842105263,0.9393345256467777,1.0,0.0,0.8422747575632559,0.0,1.7473143510832982,-0.6,-0.5340751043115438,0.0,0.0,0.707520684738466,0.24314897857498755,0.5,0.0,0.07494162375419555,1.1485242587013464,0.0,1.1923741082782158,0.0,0.0,1.0,1.0,1.0,0.0,1.0,1.5,0.0,0.0,0.5,1.0,1.0,0.8839662447257384,0.0,0.0,0.0,0.8931620037714428,0.04515002980664128,0.0,0.0,0.0,0.0,0.0,0.0,0.0,9,2006,一般保證契約,一般交易,309000,12.6410997921206,0,0,0,0,0,0,0,0,1,0,0,0,0,0,0,0,1,0,0,0,0,0,0,1,0,1,0,0,0,0,0,0,0,1,0,0,0,0,0,0,0,0,0,0,0,0,0,0,0,0,0,0,0,0,0,0,1,0,0,0,0,0,0,0,1,0,0,0,0,0,0,0,1,0,0,0,0,0,0,0,0,1,0,0,0,0,0,1,0,0,0,0,1,0,0,0,0,1,0,0,0,0,0,0,0,0,0,0,0,0,0,0,1,0,0,0,0,0,0,0,0,0,0,0,0,0,0,0,0,1,0,0,0,1,0,0,0,0,0,0,1,0,0,0,0,0,1,1,0,0,0,0,0,0,0,0,1,0,0
37,0,1.699636447952797,0.2885040466962921,0.0,0.0,0.0,0.0,-0.5,0.0,0.4583333333333333,0.02631578947368421,0.0,0.0,0.0,0.0,0.0,0.0,-0.6,-0.5340751043115438,0.0,0.0,0.6914221486975218,0.20328849028400597,0.5,0.0,0.005063598101642671,0.0,0.0,-0.646618558445367,0.0,0.0,-1.0,1.0,0.0,0.0,0.0,0.0,0.0,-1.0,-0.5,-1.0,0.0,0.8037974683544303,0.0,0.0,0.0,1.251417219660545,0.24365563892796488,0.0,0.0,0.0,0.0,0.0,0.0,0.0,6,2009,一般保證契約,一般交易,145000,11.884495917930655,0,0,0,1,0,0,0,0,0,0,0,0,0,0,0,0,1,0,0,0,0,0,0,1,0,0,0,0,1,0,0,0,0,0,0,0,1,0,0,0,0,0,0,0,0,0,0,0,0,0,0,0,0,0,0,0,1,0,0,0,0,0,0,0,1,0,0,0,0,0,0,0,1,0,0,0,0,0,1,0,0,0,0,0,0,0,0,1,0,0,0,0,1,0,0,0,0,1,0,0,0,0,0,0,0,0,0,0,0,0,0,0,1,0,0,0,0,0,0,0,0,0,0,0,0,0,0,0,1,0,0,0,0,1,0,0,0,0,0,0,1,0,0,0,0,0,1,0,0,0,0,0,0,1,0,0,1,0,0
38,3,0.19434965866058562,-0.2711623795418647,0.0,0.0,0.0,0.0,-0.5,1.0,-0.375,-0.10526315789473684,1.4254348469481708,0.0,0.0,-1.0,0.0,0.0,-0.2,1.152990264255911,0.0,0.0,-1.2010132330721592,0.6018933731938216,0.0,0.0,0.3815339576616997,0.0,0.0,-0.28184615535886787,0.0,0.7304631471189668,-1.0,0.0,0.0,0.0,0.0,-0.5,0.0,0.0,0.25,1.0,0.0,0.06962025316455696,0.0,0.0,0.0,0.0,-0.7117967261714493,0.0,0.0,0.0,0.0,0.0,0.0,0.0,10,2009,一般保證契約,一般交易,153000,11.938199736300925,0,0,0,1,0,0,0,0,0,0,0,0,0,0,0,0,1,0,0,0,0,0,0,1,0,1,0,0,0,0,0,0,0,0,1,0,0,0,0,0,0,0,0,0,0,0,0,0,0,0,0,0,0,0,0,0,1,0,0,0,0,0,0,0,1,0,0,0,0,0,0,0,1,0,0,0,0,0,1,0,0,0,0,0,0,1,0,0,0,0,0,0,1,0,0,0,0,0,0,0,1,0,0,0,0,0,0,0,0,0,0,0,0,0,0,0,1,0,0,0,0,0,0,0,0,0,0,0,0,0,1,0,0,0,1,0,0,0,0,0,1,0,0,0,0,0,1,0,0,0,0,0,0,1,0,0,1,0,0
39,1,-0.10068914480903793,-0.4392721928514904,0.0,0.0,0.0,0.0,-0.5,2.0,-0.3958333333333333,0.34210526315789475,0.0,0.0,0.2793713480100486,-1.0,0.0,0.0,0.4,0.48261474269819193,0.0,0.0,-0.2950523979945559,0.12356751370204284,-0.5,0.0,-0.07715440652773492,0.0,0.0,-0.7262818263867854,1.0,0.0,-1.0,0.0,0.0,0.0,1.0,-0.5,0.0,-1.0,-0.5,-1.0,-1.0,-0.9936708860759493,0.0,0.0,0.0,0.0,0.18175212550108566,0.0,0.0,0.0,0.0,0.0,0.0,0.0,1,2010,一般保證契約,異常交易(如法拍),109000,11.599112335481124,0,0,0,1,0,0,0,0,0,0,0,0,0,0,0,0,1,0,0,0,0,0,0,1,0,1,0,0,0,0,0,0,0,0,1,0,0,0,0,0,0,0,0,0,0,0,0,0,0,0,0,0,0,0,0,0,1,0,0,0,0,0,0,0,1,0,0,0,0,0,0,0,1,0,0,0,0,0,1,0,0,0,0,0,0,0,0,1,0,0,0,0,1,0,0,0,0,1,0,0,0,0,0,0,0,0,0,0,0,0,0,0,1,0,0,0,0,0,0,0,0,0,0,0,0,0,0,0,1,0,0,0,0,0,1,0,0,0,0,0,1,0,0,0,0,0,1,0,0,0,0,1,0,0,0,0,1,0,0
40,4,-0.2564764364743176,-1.038272406905485,0.0,0.0,0.0,0.0,-1.0,0.0,-0.3541666666666667,-1.0263157894736843,0.0,0.0,0.0,-6.515822458562748,-1.5409627556327752,-1.5747678672403655,-0.8,-0.5340751043115438,-0.7304631471189668,0.0,-3.1687229326517117,-1.9830592924763328,-0.5,-0.7304631471189668,0.11405210107947973,0.0,0.0,-0.5410166242413449,0.0,0.0,0.0,0.0,-1.0,0.4638544907568095,-1.0,0.0,0.0,-1.0,-0.5,-2.0,-2.0,-2.0316455696202533,-1.5409627556327752,-1.5409627556327752,-1.1943176378757763,0.0,-0.7117967261714493,0.0,0.0,0.0,0.0,0.0,0.0,0.0,6,2008,一般保證契約,購買相鄰土地,82000,11.314486721293981,0,0,0,0,0,0,0,0,0,0,0,0,0,0,1,0,1,0,0,0,0,0,0,1,0,1,0,0,0,0,0,0,0,0,0,0,0,0,0,0,0,1,0,0,0,0,0,0,0,0,0,0,0,0,0,0,1,0,0,0,0,0,0,0,1,0,0,0,0,0,0,0,0,0,0,1,0,0,1,0,0,0,0,0,0,0,0,1,0,0,0,0,1,0,0,0,0,0,0,0,0,0,0,0,0,0,0,1,0,0,0,0,0,0,0,1,0,0,0,0,0,0,0,0,0,0,0,0,1,0,0,0,0,1,0,0,0,0,0,0,1,0,0,1,0,0,0,0,0,0,1,0,0,0,0,0,1,0,0
41,3,0.6442140439022846,-0.23771734910167236,0.0,0.0,0.0,0.0,0.0,0.0,-0.14583333333333334,-0.7631578947368421,0.8688128972633469,0.0,0.0,-1.0,0.0,0.0,-0.2,0.36022253129346316,0.0,0.0,-0.059113056067520486,0.18535127055306427,0.5,0.0,0.4285089240670324,0.0,0.0,-0.23633082873234423,0.0,0.0,0.0,0.0,0.0,0.0,0.0,0.0,0.0,0.0,0.25,0.0,0.0,-0.1751054852320675,0.0,0.0,0.0,0.0,0.4916083985440383,0.0,0.0,0.0,0.0,0.0,1.1943176378757763,0.0,12,2006,一般保證契約,異常交易(如法拍),160000,11.982935344196433,0,0,0,1,0,0,0,0,0,0,0,0,0,0,0,0,1,0,0,0,0,0,0,1,0,1,0,0,0,0,0,0,0,0,1,0,0,0,0,0,0,0,0,0,0,0,0,0,0,0,0,0,0,0,0,0,1,0,0,0,0,0,0,0,1,0,0,0,0,0,0,0,1,0,0,0,0,0,1,0,0,0,0,0,0,0,0,1,0,0,0,0,1,0,0,0,0,0,0,0,1,0,0,0,0,0,0,0,0,0,0,0,0,0,0,0,1,0,0,0,0,0,0,0,0,0,0,0,0,0,1,0,0,0,1,0,0,0,0,0,1,0,0,0,0,0,1,0,0,0,0,0,0,1,0,0,1,0,0
42,3,1.7990438871897905,1.3698656615979017,0.0,0.0,0.0,0.0,-0.5,1.0,-0.2708333333333333,-0.9210526315789473,0.0,0.0,0.2793713480100486,-1.0,0.0,2.3495966477454164,0.0,0.8108484005563282,0.0,0.0,-0.17427084512756755,0.7075236671649228,0.0,0.0,0.43539883597834306,0.0,0.0,-0.22965500509544476,0.0,0.7304631471189668,-1.0,1.0,-1.0,0.0,0.0,-0.5,0.0,1.0,0.5,0.0,-1.0,-0.7320675105485233,0.0,0.0,-0.4638544907568095,0.0,0.39679335174706437,0.0,0.0,0.0,0.0,0.0,0.0,0.0,7,2007,一般保證契約,一般交易,170000,12.04355959836804,0,0,0,1,0,0,0,0,0,0,0,0,0,0,0,0,1,0,0,0,0,0,0,1,0,1,0,0,0,0,0,0,0,0,0,0,0,0,0,0,0,0,0,1,0,0,0,0,0,0,0,0,0,0,0,0,1,0,0,0,0,0,0,0,1,0,0,0,0,0,0,0,1,0,0,0,0,0,1,0,0,0,0,0,0,0,0,1,0,0,0,0,1,0,0,0,0,1,0,0,0,0,0,0,0,0,0,0,0,0,0,0,1,0,0,0,0,0,0,0,0,0,0,0,0,0,0,0,1,0,0,0,0,0,1,0,0,0,0,0,1,0,0,0,0,0,1,0,0,0,0,0,0,1,0,0,1,0,0
43,3,-0.20389035669044683,-0.10342083424120486,0.0,0.0,-1.0,0.0,-0.5,2.0,0.22916666666666666,-0.2894736842105263,0.0,0.0,0.0,0.0,0.0,1.7473143510832982,0.2,0.5048678720445062,0.4638544907568095,6.512195594586373,-3.1687229326517117,-0.3089187842551071,0.0,0.0,-0.4663955722586705,0.0,0.0,-1.1034282120140273,1.0,0.0,-1.0,0.0,-1.0,0.0,1.0,-0.5,0.0,-1.0,-0.5,0.0,0.0,0.0949367088607595,0.0,0.2793713480100486,0.0,1.1018674496009326,-0.7117967261714493,0.0,0.0,0.0,0.0,0.0,1.5409627556327752,0.0,12,2007,一般保證契約,一般交易,144000,11.87757552297847,0,0,0,0,0,0,0,0,0,0,0,0,0,1,0,0,1,0,0,0,0,0,0,1,0,0,0,1,0,0,0,0,0,0,0,0,0,0,0,0,0,0,0,0,0,0,0,0,0,0,0,0,0,1,0,0,1,0,0,0,0,0,0,0,1,0,0,0,0,0,0,0,1,0,0,0,0,0,0,0,0,0,0,1,0,0,0,1,0,0,0,0,1,0,0,0,0,0,0,0,0,0,0,0,0,0,0,0,1,0,0,0,0,0,0,0,0,0,0,0,0,0,0,0,1,0,0,0,1,0,0,0,0,0,1,0,0,0,0,0,1,0,0,0,0,0,1,0,0,0,0,0,0,1,0,0,1,0,0
46,3,-0.47383711054095945,-0.5154606645780286,0.0,0.0,0.0,0.0,1.5,0.0,0.6875,0.2894736842105263,1.2741249379355846,1.8422747575632559,0.0,0.8422747575632559,0.0,0.0,0.4,0.10013908205841446,0.0,0.0,0.8416370037339174,1.5087194818136522,0.5,0.0,1.0817949828139253,0.0,0.0,0.3966558580030737,1.0,0.0,0.0,0.0,-1.0,0.0,2.0,0.0,0.0,0.0,0.5,0.0,0.0,0.3987341772151899,0.0,0.0,0.0,1.0433391061070056,0.32033803663145805,0.0,0.0,0.0,0.0,0.0,0.0,0.0,2,2010,一般保證契約,一般交易,319900,12.675766851909591,0,0,0,0,0,1,0,0,0,0,0,0,0,0,0,0,1,0,0,0,0,0,0,1,0,1,0,0,0,0,0,0,0,1,0,0,0,0,0,0,0,0,0,0,0,0,0,0,0,0,0,0,0,0,0,0,1,0,0,0,0,0,0,0,1,0,0,0,0,0,0,0,0,0,1,0,0,0,1,0,0,0,0,0,0,1,0,0,0,0,0,0,1,0,0,0,0,0,0,0,0,0,0,0,0,0,0,0,0,1,0,0,0,0,0,0,0,0,0,0,0,0,0,0,0,1,0,0,0,0,1,0,0,1,0,0,0,0,0,0,1,0,0,0,0,0,1,0,0,0,0,0,0,1,0,0,1,0,0
47,1,-1.2739058724580279,0.6860759588184425,0.0,0.0,-1.0,0.0,0.5,0.0,0.6458333333333334,0.23684210526315788,0.0,1.0,0.0,0.8422747575632559,0.0,0.0,0.4,1.344923504867872,0.0,0.0,-1.208187568798841,0.8749377179870453,0.5,0.0,0.7439813702580143,0.9662558806194823,0.0,0.8753354036685769,1.0,0.0,-1.0,1.0,-2.0,0.0,1.0,0.0,0.0,0.0,0.75,0.0,0.0,0.7953586497890295,0.0,0.0,0.0,1.0,0.12693434360127892,0.0,0.0,8.081454683660327,0.0,0.0,0.0,0.0,8,2009,一般保證契約,異常交易(如法拍),239686,12.387089184491993,1,0,0,0,0,0,0,0,0,0,0,0,0,0,0,0,1,0,0,0,0,0,0,1,0,0,0,1,0,0,0,0,0,0,0,0,0,0,0,0,0,0,0,0,0,0,1,0,0,0,0,0,0,0,0,0,1,0,0,0,0,0,0,0,1,0,0,0,0,0,0,0,1,0,0,0,1,0,0,0,0,0,0,0,0,0,0,1,0,0,0,0,1,0,0,0,0,1,0,0,0,0,0,0,0,0,0,0,0,0,0,0,1,0,0,0,0,0,0,0,0,0,0,0,0,0,0,0,1,0,0,0,0,1,0,0,0,0,0,0,1,0,0,0,0,0,1,0,0,0,0,0,0,1,0,0,1,0,0
48,4,0.6442140439022846,0.3396024035099924,0.0,0.0,0.0,0.0,1.0,0.0,0.7083333333333334,0.3157894736842105,0.0,1.0,0.0,0.0,0.0,1.7473143510832982,0.4,-0.5006954102920723,0.0,0.0,1.0556737329434236,1.3173891380169407,0.5,0.0,0.9481386775147665,0.0,0.0,0.267152617087611,0.0,0.0,0.0,0.0,0.0,0.0,1.0,0.5,0.0,-1.0,-0.5,0.0,1.0,1.4535864978902953,0.0,0.0,0.0,0.0,0.5110047241263115,0.0,0.0,0.0,0.0,0.0,0.0,0.0,7,2007,一般保證契約,一般交易,249700,12.428019481065613,0,0,0,1,0,0,0,0,0,0,0,0,0,0,0,0,0,0,1,0,0,0,0,1,0,1,0,0,0,0,0,0,0,0,0,0,0,0,0,0,0,0,0,0,0,0,0,0,0,0,1,0,0,0,0,0,1,0,0,0,0,0,0,0,1,0,0,0,0,0,0,0,1,0,0,0,0,0,1,0,0,0,0,0,0,0,0,1,0,0,0,0,1,0,0,0,0,1,0,0,0,0,0,0,0,0,0,0,0,0,0,0,1,0,0,0,0,0,0,0,0,0,0,0,0,0,0,0,1,0,0,0,0,1,0,0,0,0,0,0,1,0,0,0,0,0,1,0,0,0,0,0,0,1,0,0,1,0,0
49,2,-2.461812603941865,-1.681571987588282,0.0,0.0,0.0,0.0,-1.0,0.0,-1.0833333333333333,0.3684210526315789,0.0,0.0,0.0,-1.0,0.0,0.0,-0.6,-0.5340751043115438,0.0,0.0,0.3467739242518231,-0.5161933233682112,0.0,0.0,-0.8546698754219892,0.9960402076424765,0.0,-0.030722922536344552,0.0,0.0,0.0,0.0,-1.0,0.8104996085138084,0.0,1.0,0.0,-1.0,-0.5,-2.0,-2.0,-2.0316455696202533,-1.5409627556327752,-1.5409627556327752,-1.1943176378757763,0.0,-0.7117967261714493,6.694190605394485,0.0,0.0,0.0,0.0,0.0,0.0,6,2009,新屋,預售屋(估價時未完工),113000,11.635151947212842,0,0,0,0,0,0,0,0,0,0,1,0,0,0,0,1,0,0,0,0,0,0,0,1,0,1,0,0,0,0,0,0,0,0,0,0,0,0,0,0,0,0,0,0,0,0,0,0,1,0,0,0,0,0,0,0,1,0,0,0,0,0,0,0,1,0,0,0,0,0,0,1,0,0,0,0,0,0,0,0,0,1,0,0,0,0,0,1,0,0,0,0,1,0,0,0,0,0,0,0,0,0,0,0,0,0,0,0,0,1,0,0,0,0,0,0,0,0,0,0,0,0,0,0,0,1,0,0,1,0,0,0,0,0,0,0,1,0,0,0,1,0,0,0,0,0,1,0,0,0,1,0,0,0,0,0,1,0,0
51,2,-0.2564764364743176,0.8773546136694834,0.0,0.0,-2.338124978532008,0.0,0.0,1.0,0.5208333333333334,0.07894736842105263,0.0,0.0,0.0,0.0,0.0,1.7473143510832982,0.4,-0.2809457579972184,0.0,0.0,0.1943394927461197,-0.40059790732436473,0.0,0.0,-0.6952323733054935,0.9824208457561772,0.0,-0.003056281123723491,0.0,0.7304631471189668,0.0,0.0,0.0,0.0,0.0,0.0,0.0,-1.0,-0.5,1.0,0.0,-0.39451476793248946,0.0,0.0,0.0,0.0,0.2923750990621071,0.0,0.0,0.0,0.0,0.0,0.0,0.0,7,2007,一般保證契約,一般交易,177000,12.083910661257521,0,0,0,0,0,0,0,0,1,0,0,0,0,0,0,0,1,0,0,0,0,0,0,1,0,0,0,0,1,0,0,0,0,0,0,1,0,0,0,0,0,0,0,0,0,0,0,0,0,0,0,0,0,0,0,0,1,0,0,0,0,0,0,0,1,0,0,0,0,0,0,0,1,0,0,0,0,0,0,0,0,1,0,0,0,0,0,1,0,0,0,0,1,0,0,0,0,1,0,0,0,0,0,0,0,0,0,0,0,0,0,0,1,0,0,0,0,0,0,0,0,0,0,0,0,0,0,0,1,0,0,0,0,1,0,0,0,0,0,0,1,0,0,0,0,0,1,0,0,0,0,0,0,1,0,0,1,0,0
53,0,1.6321111498351177,-0.28723635116583246,-0.7304631471189668,0.0,-2.338124978532008,-0.4638544907568095,-0.5,0.0,-0.1875,-0.8157894736842105,0.0,-1.24080411332851,0.0,0.0,0.0,2.3495966477454164,-0.4,-0.3894297635605007,1.5292106396041039,11.192951535258446,-3.1687229326517117,-0.356751370204285,-0.5,-0.7304631471189668,-0.6373358078737213,0.0,0.0,-1.2690568702763714,1.0,0.0,-1.0,0.0,-1.0,0.0,0.0,-0.5,0.0,-1.0,-0.5,-1.0,0.0,0.14556962025316456,0.0,0.0,0.0,0.8765473270464581,-0.7117967261714493,0.0,0.0,0.0,0.0,0.0,0.0,0.0,5,2010,一般保證契約,一般交易,110000,11.608244735642321,0,0,0,0,0,0,0,0,0,0,0,0,0,0,1,1,0,0,0,0,0,1,0,0,0,0,0,0,1,1,0,0,0,0,0,0,0,0,0,0,0,0,0,0,0,0,0,0,0,0,0,0,0,0,1,0,0,0,0,0,0,0,0,0,1,0,0,0,0,0,0,0,0,0,0,1,0,0,1,0,0,0,0,0,0,0,0,1,0,0,0,0,1,0,0,0,0,0,0,0,1,0,0,0,0,0,0,0,0,0,0,0,0,0,0,0,1,0,0,0,0,0,0,0,0,0,0,0,1,0,0,0,0,0,1,0,0,0,0,0,1,0,0,0,0,0,1,0,0,0,0,0,1,0,0,0,1,0,0
54,0,-0.10068914480903793,4.359592745029627,0.0,0.0,-1.0,0.0,1.5,0.0,0.1875,-0.18421052631578946,0.0,1.0,0.0,0.8422747575632559,0.0,2.3495966477454164,0.4,1.9833101529902644,0.0,0.0,-1.7362209827737418,1.6880916791230693,0.0,0.0,1.2015617410332469,0.0,0.0,0.5127011377871049,2.0,0.0,-2.0,1.0,-3.0,0.0,1.0,-0.5,0.0,0.0,0.5,1.0,1.0,1.740506329113924,0.0,0.0,0.0,1.514149518470628,0.2797157727113956,0.0,0.0,0.0,0.0,0.0,0.0,0.0,11,2006,一般保證契約,一般交易,385000,12.861001210669146,0,0,0,1,0,0,0,0,0,0,0,0,0,0,0,0,1,0,0,0,1,0,0,0,0,1,0,0,0,0,0,0,0,0,0,0,0,0,0,0,0,0,1,0,0,0,0,0,0,0,0,0,0,0,0,0,1,0,0,0,0,0,0,0,1,0,0,0,0,0,0,0,1,0,0,0,0,0,1,0,0,0,0,0,0,0,0,1,0,0,0,0,0,0,0,1,0,0,0,0,0,1,0,0,0,0,0,0,0,0,0,0,0,0,0,0,0,1,0,0,0,0,0,0,0,0,0,0,1,0,0,0,0,0,1,0,0,0,0,0,1,0,0,0,0,0,1,0,0,0,0,0,0,1,0,0,1,0,0
55,3,-0.5300358319518109,-0.673543153099127,0.0,0.0,0.0,-0.4638544907568095,-0.5,0.0,-0.3541666666666667,-1.0263157894736843,0.0,0.0,0.0,-1.0,0.0,0.0,0.2,0.0,0.0,0.0,-3.1687229326517117,-1.2177379172894869,-0.5,0.0,0.4898924797894922,0.0,0.0,-0.17685462678900446,0.0,0.0,-1.0,0.0,0.0,0.0,0.0,0.0,-0.18059459163956637,0.0,0.25,-1.0,0.0,0.3818565400843882,0.0,0.0,0.0,0.0,0.17029580177297618,0.0,0.0,0.0,0.0,0.0,1.5409627556327752,0.0,2,2007,一般保證契約,一般交易,130000,11.775297421715827,0,0,0,0,0,0,0,0,0,0,0,0,1,0,0,0,1,0,0,0,0,1,0,0,0,1,0,0,0,0,0,0,0,0,1,0,0,0,0,0,0,0,0,0,0,0,0,0,0,0,0,0,0,0,0,0,1,0,0,0,0,0,0,0,1,0,0,0,0,0,0,0,1,0,0,0,0,0,0,0,0,0,1,0,0,0,0,1,0,0,0,0,1,0,0,0,0,0,0,0,0,0,0,0,0,0,0,0,0,1,0,0,0,0,0,0,0,0,0,0,0,0,0,0,0,1,0,0,1,0,0,0,0,0,1,0,0,0,0,0,1,0,0,0,0,0,1,0,0,0,0,1,0,0,0,0,1,0,0
56,3,1.2781087050015416,0.13552209910626004,0.0,0.0,-1.0,0.0,0.0,0.0,-0.16666666666666666,-0.7894736842105263,1.145166194861114,0.0,0.0,-1.0,0.0,0.0,0.0,0.1474269819193324,0.0,0.0,0.5509397021558676,0.8570004982561036,0.0,0.0,0.5973107265792384,0.0,0.0,-0.07277415664887489,0.0,0.0,0.0,0.0,0.0,0.0,0.0,0.5,0.0,0.0,0.5,0.0,0.0,0.3987341772151899,0.0,0.0,0.0,0.0,-0.7117967261714493,0.0,9.75842361648199,0.0,0.0,0.0,0.0,0.0,7,2008,一般保證契約,一般交易,180500,12.103491596905931,0,0,0,1,0,0,0,0,0,0,0,0,0,0,0,0,1,0,0,0,0,0,0,1,0,1,0,0,0,0,0,0,0,0,1,0,0,0,0,0,0,0,0,0,0,0,0,0,0,0,0,0,0,0,0,0,1,0,0,0,0,0,0,0,1,0,0,0,0,0,0,0,1,0,0,0,0,0,1,0,0,0,0,0,0,0,0,1,0,0,0,0,1,0,0,0,0,0,0,0,0,0,0,0,0,0,0,0,1,0,0,0,0,0,0,1,0,0,0,0,0,0,0,0,0,0,0,0,0,0,1,0,0,0,1,0,0,0,0,0,1,0,0,0,0,0,1,0,0,0,0,0,0,1,0,0,1,0,0
58,1,0.8524802789526884,0.4544972303344099,0.0,0.0,-1.0,0.0,0.5,0.0,0.6666666666666666,0.2631578947368421,0.0,1.0,0.0,0.0,0.0,0.0,-0.6,-0.5340751043115438,0.0,0.0,0.4787666256003302,-0.26905829596412556,0.5,0.0,-0.5254108351567215,1.0402531147630325,0.0,0.3541729066776615,0.0,0.0,0.0,1.0,0.0,0.0,1.0,0.5,0.0,-1.0,-0.5,0.0,0.0,0.35232067510548526,0.0,0.0,0.0,0.0,0.2710282619567992,0.0,0.0,0.0,0.0,0.0,0.0,0.0,8,2006,一般保證契約,一般交易,196500,12.188422799337028,0,0,0,0,0,0,0,0,1,0,0,0,0,0,0,0,1,0,0,0,0,0,0,1,0,0,0,0,1,0,0,0,0,0,0,0,1,0,0,0,0,0,0,0,0,0,0,0,0,0,0,0,0,0,0,0,1,0,0,0,0,0,0,0,1,0,0,0,0,0,0,0,1,0,0,0,0,0,0,0,0,1,0,0,0,0,0,1,0,0,0,0,1,0,0,0,0,1,0,0,0,0,0,0,0,0,0,0,0,0,0,0,1,0,0,0,0,0,0,0,0,0,0,0,0,0,0,0,1,0,0,0,0,1,0,0,0,0,0,0,1,0,0,0,0,0,1,0,0,0,0,0,0,1,0,0,1,0,0
61,3,-0.3637131127598576,0.7329233285656729,0.0,0.0,0.0,0.0,0.0,0.0,0.6666666666666666,0.2631578947368421,0.0,0.0,0.0,0.0,0.0,0.0,0.2,0.7746870653685675,0.0,0.0,-0.5871995476207612,0.32486297957149973,0.5,0.0,0.12567278160982595,0.0,0.0,-0.5297570298140214,1.0,0.0,-1.0,1.0,0.0,0.0,1.0,-0.5,0.0,-1.0,-0.5,-1.0,0.0,0.3987341772151899,0.0,0.0,0.0,0.0,0.17029580177297618,0.0,0.0,0.0,0.0,0.0,0.0,0.0,5,2006,新屋,預售屋(估價時未完工),158000,11.970356641102999,0,0,0,1,0,0,0,0,0,0,0,0,0,0,0,0,1,0,0,0,0,0,0,1,0,1,0,0,0,0,0,0,0,0,0,0,0,0,0,0,0,0,0,0,0,0,0,0,0,0,0,0,0,1,0,0,0,0,0,1,0,0,0,0,1,0,0,0,0,0,0,0,1,0,0,0,0,0,1,0,0,0,0,0,0,0,0,1,0,0,0,0,1,0,0,0,0,1,0,0,0,0,0,0,0,0,0,0,0,0,0,0,1,0,0,0,0,0,0,0,0,0,0,0,0,0,0,0,1,0,0,0,0,1,0,0,0,0,0,0,1,0,0,0,0,0,1,0,0,0,0,1,0,0,0,0,1,0,0
62,0,-0.5300358319518109,-0.6530991973084603,0.0,0.0,0.0,0.0,-0.5,2.0,-1.0833333333333333,0.05263157894736842,0.0,0.0,0.0,-1.0,-0.3466451177569989,0.0,-0.6,-0.5340751043115438,0.0,0.0,0.07840325876423548,-0.9267563527653214,-0.5,-0.7304631471189668,-1.3401525798582279,0.9260706797657824,0.0,-0.6193187527140736,0.0,0.0,-1.0,0.0,0.0,0.0,-1.0,0.0,0.0,-1.0,-0.5,-1.0,-1.0,-0.8164556962025317,0.0,0.0,-1.1943176378757763,0.0,-0.7117967261714493,7.397497957722461,0.0,0.0,0.0,0.0,0.0,0.0,3,2007,一般保證契約,一般交易,101000,11.522885696764481,0,0,0,0,0,0,1,0,0,0,0,0,0,0,0,1,0,0,0,0,0,0,0,1,0,1,0,0,0,1,0,0,0,0,0,0,0,0,0,0,0,0,0,0,0,0,0,0,0,0,0,0,0,0,0,0,1,0,0,0,0,0,0,0,1,0,0,0,0,0,0,0,1,0,0,0,0,0,0,0,1,0,0,0,0,0,0,1,0,0,0,0,1,0,0,0,0,0,0,0,0,0,0,0,0,0,0,0,0,1,0,0,0,0,0,0,0,0,0,0,0,0,0,0,0,1,0,0,1,0,0,0,0,0,0,0,1,0,0,0,1,0,0,0,0,0,1,0,0,0,0,1,0,0,0,0,1,0,0
63,3,-1.5565538176877765,-0.8981763827979276,0.0,0.0,-1.0,0.0,1.0,0.0,0.7083333333333334,0.3157894736842105,1.0216717960454416,1.0,0.0,0.0,0.2793713480100486,1.0,0.4,-0.5006954102920723,0.0,0.0,0.8762763662644915,0.7473841554559043,0.5,0.0,0.5066983937001062,0.0,0.0,-0.16057091826437217,0.0,0.0,0.0,0.0,-1.0,0.0,1.0,0.0,0.0,0.0,0.5,0.0,0.0,0.010548523206751054,0.0,0.0,0.0,0.9089310139773353,0.16442375494366226,0.0,0.0,0.0,0.0,0.0,0.0,0.0,10,2007,一般保證契約,一般交易,202500,12.218500103788143,0,0,0,0,0,1,0,0,0,0,0,0,0,0,0,0,1,0,0,0,0,0,0,1,0,1,0,0,0,0,0,0,0,1,0,0,0,0,0,0,0,0,0,0,0,0,0,0,0,0,0,0,0,0,0,0,1,0,0,0,0,0,0,0,1,0,0,0,0,0,0,0,0,0,1,0,0,0,1,0,0,0,0,0,0,0,0,1,0,0,0,0,1,0,0,0,0,1,0,0,0,0,0,0,0,0,0,0,0,0,0,0,1,0,0,0,0,0,0,0,0,0,0,0,0,0,0,0,0,1,0,0,0,1,0,0,0,0,0,0,1,0,0,0,0,0,1,0,0,0,0,0,0,1,0,0,1,0,0
65,0,0.0,-0.05491455570318445,0.0,0.0,0.0,0.0,0.5,0.0,0.5208333333333334,0.10526315789473684,1.3825406428413842,0.0,0.0,0.0,0.0,0.0,0.4,0.4937413073713491,0.0,0.0,-0.3134131816382253,0.12356751370204284,0.5,0.0,-0.07715440652773492,1.0717580988190882,0.0,0.744987798389711,1.0,0.0,0.0,1.0,0.0,0.0,1.0,1.0,0.0,-1.0,-0.5,0.0,0.0,0.689873417721519,0.0,0.0,0.0,1.376798695973058,0.07725337927507323,0.0,0.0,0.0,0.0,0.0,1.8203341036428238,0.0,2,2009,一般保證契約,一般交易,219500,12.299112067295642,0,0,0,0,0,0,0,0,1,0,0,0,0,0,0,0,1,0,0,0,0,0,0,1,0,1,0,0,0,0,0,0,0,0,0,0,1,0,0,0,0,0,0,0,0,0,0,0,0,0,0,0,0,0,0,0,1,0,0,0,0,0,0,0,1,0,0,0,0,0,0,0,1,0,0,0,0,0,0,0,0,1,0,0,0,0,0,1,0,0,0,0,1,0,0,0,0,1,0,0,0,0,0,0,0,0,0,0,0,0,0,0,1,0,0,0,0,0,0,0,0,0,0,0,0,0,0,0,0,0,1,0,0,1,0,0,0,0,0,0,1,0,0,0,0,0,1,0,0,0,0,0,0,1,0,0,1,0,0
67,4,0.21801994391840682,1.786825347081368,0.0,0.0,0.0,0.0,0.5,0.0,-0.041666666666666664,-0.13157894736842105,1.1613815824680085,0.0,0.0,0.0,0.0,2.3495966477454164,0.4,0.7343532684283728,0.0,0.0,0.6398810162159997,1.8973592426507224,-0.5,0.0,1.6413679269373869,0.0,0.0,0.9388413510884605,1.0,0.0,0.0,0.0,0.0,0.0,0.0,0.5,-0.18059459163956637,0.0,0.5,0.0,0.0,0.3987341772151899,0.0,0.0,0.0,1.169507992282838,-0.7117967261714493,0.0,0.0,0.0,0.0,0.0,0.0,0.0,7,2010,一般保證契約,一般交易,180000,12.100717685412471,0,0,0,1,0,0,0,0,0,0,0,0,0,0,0,0,1,0,0,0,0,0,0,1,0,1,0,0,0,0,0,0,0,0,1,0,0,0,0,0,0,0,0,0,0,0,0,0,0,0,0,0,0,0,0,0,0,1,0,0,0,0,0,0,1,0,0,0,0,0,0,0,1,0,0,0,0,0,1,0,0,0,0,0,0,0,0,1,0,0,0,0,1,0,0,0,0,0,0,1,0,0,0,0,0,0,0,0,0,0,0,0,0,0,0,1,0,0,0,0,0,0,0,0,0,0,0,0,0,0,1,0,0,0,1,0,0,0,0,0,1,0,0,0,0,0,1,0,0,0,0,0,0,1,0,0,1,0,0
69,3,-1.3426751369670462,-1.6120608161381267,0.0,0.0,0.0,0.0,-1.0,1.0,-0.5625,-1.1578947368421053,0.0,0.0,0.2793713480100486,-1.0,0.0,0.0,-0.6,-0.5340751043115438,0.0,0.0,0.3592165733792255,-0.4942700548081714,-0.5,0.0,-0.8236313811098769,0.0,0.0,-1.449563734118566,0.0,0.0,-1.0,0.0,-1.0,0.0,0.0,-1.0,0.0,-1.0,-0.5,-1.0,-1.0,-1.1033755274261603,0.0,0.0,0.0,0.0,-0.7117967261714493,0.0,0.0,0.0,0.0,0.0,0.0,0.0,6,2010,一般保證契約,一般交易,80000,11.289794413577894,0,0,1,0,0,0,0,0,0,0,0,0,0,0,0,1,0,0,0,0,0,0,0,1,0,0,0,0,1,0,0,0,0,0,0,0,0,0,0,0,0,0,0,0,0,0,0,0,1,0,0,0,0,0,0,0,0,0,0,0,1,0,0,0,1,0,0,0,0,0,0,0,1,0,0,0,0,0,1,0,0,0,0,0,0,0,0,1,0,0,0,0,1,0,0,0,0,0,0,0,0,0,0,0,0,0,0,0,0,1,0,0,0,0,0,0,0,0,0,0,0,0,0,0,0,1,0,0,1,0,0,0,0,0,1,0,0,0,0,0,1,0,0,0,0,0,1,0,0,0,0,0,0,1,0,0,1,0,0
70,0,0.5142009041767117,1.1670969344496736,0.0,0.0,0.0,0.0,0.5,-1.0,-0.3958333333333333,-1.0789473684210527,0.0,1.0,0.0,-1.0,0.0,0.0,0.0,0.3045897079276773,0.0,0.0,0.3061047710066677,0.6158445440956651,-0.5,0.0,0.39379182792663636,1.0732856104976214,0.0,1.0241482309147296,0.0,0.0,0.0,0.0,0.0,0.0,0.0,0.5,0.0,0.0,0.25,1.0,0.0,0.7827004219409283,0.0,0.0,0.0,0.0,-0.06428760333406293,6.916887440029282,0.0,0.0,0.0,0.0,0.0,0.0,7,2006,一般保證契約,一般交易,225000,12.323860125621126,1,0,0,0,0,0,0,0,0,0,0,0,0,0,0,0,1,0,0,0,0,0,0,1,0,0,0,0,1,0,0,0,0,0,0,0,0,0,0,0,0,0,0,0,1,0,0,0,0,0,0,0,0,0,0,0,1,0,0,0,0,0,0,0,1,0,0,0,0,0,0,0,1,0,0,0,1,0,0,0,0,0,0,0,0,0,0,1,0,0,0,0,1,0,0,0,0,0,0,0,0,0,0,0,0,0,0,0,0,0,1,0,0,0,0,0,0,0,0,0,0,0,0,1,0,0,0,0,1,0,0,0,0,0,1,0,0,0,0,1,0,0,0,0,0,0,1,0,0,0,0,0,0,1,0,0,1,0,0
72,1,-0.05003889786863668,-0.5327922754556063,0.0,0.0,0.0,0.0,-1.0,1.0,0.20833333333333334,0.3157894736842105,0.0,0.0,0.0,-1.0,0.0,0.0,0.2,0.2517385257301808,0.0,0.0,-0.4063726775267849,-0.29895366218236175,-0.5,0.0,-0.5630093556460306,0.0,0.0,-1.1970399427719802,1.0,0.0,-1.0,0.0,-1.0,0.0,0.0,-1.0,0.0,-1.0,-0.5,-1.0,0.0,-0.5126582278481012,0.0,0.0,0.0,0.0,-0.7117967261714493,0.0,0.0,0.0,0.0,0.0,0.0,0.0,6,2007,一般保證契約,一般交易,129500,11.771443882099637,0,0,0,1,0,0,0,0,0,0,0,0,0,0,0,0,1,0,0,0,0,0,0,1,0,0,0,0,1,0,0,0,0,0,0,0,0,0,0,0,0,0,0,0,0,0,1,0,0,0,0,0,0,0,0,0,1,0,0,0,0,0,0,0,1,0,0,0,0,0,0,0,1,0,0,0,0,0,1,0,0,0,0,0,0,0,0,1,0,0,0,0,1,0,0,0,0,0,0,0,0,0,0,0,0,0,0,0,1,0,0,0,0,0,0,1,0,0,0,0,0,0,0,0,0,0,0,0,1,0,0,0,0,0,1,0,0,0,0,0,1,0,0,0,0,0,1,0,0,0,0,1,0,0,0,0,1,0,0
73,0,0.19434965866058562,0.1276920803606522,0.0,0.0,-1.0,0.0,0.5,0.0,0.5416666666666666,0.10526315789473684,0.6469171679229546,0.0,0.0,0.0,0.0,0.0,-0.6,-0.5340751043115438,0.0,0.0,0.45044656711482817,-0.32486297957149973,0.0,0.0,-0.4639662593406339,1.0324687213213395,0.0,0.35149549135982316,0.0,0.0,0.0,1.0,0.0,0.0,0.0,0.5,0.0,0.0,0.25,1.0,0.0,-0.229957805907173,0.0,0.0,0.0,0.0,0.3639187216894702,0.0,0.0,8.954597211387142,0.0,0.0,0.0,0.0,12,2009,一般保證契約,一般交易,185000,12.128116509451258,0,0,0,0,0,0,0,0,1,0,0,0,0,0,0,0,1,0,0,0,0,0,0,1,0,0,0,0,1,0,0,0,0,0,0,1,0,0,0,0,0,0,0,0,0,0,0,0,0,0,0,0,0,0,0,0,1,0,0,0,0,0,0,0,1,0,0,0,0,0,0,0,1,0,0,0,0,0,0,0,0,1,0,0,0,0,0,1,0,0,0,0,1,0,0,0,0,1,0,0,0,0,0,0,0,0,0,0,0,0,0,0,1,0,0,0,0,0,0,0,0,0,0,0,0,0,0,0,0,0,1,0,0,1,0,0,0,0,0,0,1,0,0,0,0,0,1,0,0,0,0,0,0,1,0,0,1,0,0
74,3,0.6866853341578308,0.14126529129932547,0.0,0.0,0.0,0.0,-0.5,2.0,-0.375,0.23684210526315788,0.8763802413234036,0.0,0.0,-1.0,0.0,0.0,0.2,-0.0890125173852573,1.089870956523857,9.473006456190069,-0.13360161909309345,0.18136522172396613,0.0,0.0,-0.017289156234130597,0.0,0.0,-0.6682767519992779,1.0,0.0,-1.0,0.0,0.0,0.0,0.0,0.0,0.0,-1.0,-0.5,-1.0,0.0,0.035864978902953586,0.0,0.0,0.0,0.0,-0.7117967261714493,0.0,0.0,0.0,0.0,0.0,1.1943176378757763,0.0,5,2010,一般保證契約,一般交易,144900,11.88380602959621,0,0,0,1,0,0,0,0,0,0,0,0,0,0,0,0,1,0,0,0,0,0,0,1,0,1,0,0,0,0,0,0,0,0,1,0,0,0,0,0,0,0,0,0,0,0,0,0,0,0,0,0,0,0,0,0,1,0,0,0,0,0,0,0,1,0,0,0,0,0,0,0,1,0,0,0,0,0,1,0,0,0,0,0,0,0,0,1,0,0,0,0,1,0,0,0,0,0,0,0,1,0,0,0,0,0,0,0,0,0,0,0,0,0,0,0,1,0,0,0,0,0,0,0,0,0,0,0,0,0,1,0,0,0,1,0,0,0,0,0,1,0,0,0,0,0,1,0,0,0,0,0,0,1,0,0,1,0,0
75,0,-0.5300358319518109,-1.1294469875344268,0.0,0.0,0.0,0.0,-1.5,1.0,-1.1875,-1.1578947368421053,0.0,1.0,0.2793713480100486,-2.24080411332851,0.0,0.0,-0.6,-0.5340751043115438,0.0,0.0,0.45861957391818964,-0.3089187842551071,0.0,-0.7304631471189668,-0.5756681511542274,1.0118700575119888,0.0,0.19573853516231896,0.0,0.0,0.0,0.0,0.0,0.4638544907568095,0.0,1.0,0.0,-1.0,-0.5,-1.0,-1.0,-0.43248945147679324,0.0,0.0,0.0,0.0,-0.7117967261714493,8.125546157091508,0.0,0.0,0.0,0.0,0.0,0.0,5,2010,一般保證契約,一般交易,107400,11.58432477200052,1,0,0,0,0,0,0,0,0,0,0,0,0,0,0,1,0,0,0,0,0,0,0,1,0,0,0,0,1,0,0,0,0,0,0,0,0,0,0,0,0,0,0,0,0,0,0,0,1,0,0,0,0,0,0,0,1,0,0,0,0,0,0,0,1,0,0,0,0,0,0,0,1,0,0,0,0,0,0,0,0,1,0,0,0,0,0,0,0,1,0,0,1,0,0,0,0,1,0,0,0,0,0,0,0,0,0,0,0,0,0,0,1,0,0,0,0,0,0,0,0,0,0,0,0,0,0,0,1,0,0,0,0,0,1,0,0,0,0,0,1,0,0,0,0,0,1,0,0,0,0,1,0,0,0,0,1,0,0
76,0,-3.7943801407173003,-3.6483567170359765,0.0,0.0,0.0,0.0,-1.0,0.0,0.020833333333333332,-0.5526315789473685,0.0,0.0,0.0,0.0,0.0,2.3495966477454164,0.4,0.10848400556328233,0.0,0.0,-3.1687229326517117,-1.0622820129546586,-0.5,0.0,-1.5391833928884016,0.8951755097213069,0.0,-0.8699262257682375,1.0,0.0,-1.0,0.0,-1.0,0.0,0.0,-0.5,0.0,-1.0,-0.5,-1.0,-1.0,-0.7784810126582279,0.0,0.0,0.0,0.9089310139773353,0.38722092856177404,0.0,0.0,0.0,0.0,0.0,1.1943176378757763,0.0,11,2009,一般保證契約,一般交易,91000,11.418625774449598,0,0,0,0,0,0,0,0,0,0,0,1,0,0,0,1,0,0,0,0,0,0,0,1,0,1,0,0,0,0,0,0,0,0,0,0,0,0,0,0,0,0,0,0,0,0,0,0,0,1,0,0,0,0,0,0,1,0,0,0,0,0,0,0,1,0,0,0,0,0,0,0,0,1,0,0,0,0,0,0,0,0,1,0,0,0,0,1,0,0,0,0,1,0,0,0,0,0,0,0,0,0,1,0,0,0,0,0,0,0,0,0,0,0,0,0,0,0,1,0,0,0,0,0,0,0,0,0,1,0,0,0,0,0,1,0,0,0,0,0,1,0,0,0,0,0,1,1,0,0,0,0,0,0,0,0,1,0,0
78,1,-1.1398722399119068,-0.24379139311469777,0.0,0.0,0.0,0.0,-0.5,0.0,-0.5,0.18421052631578946,0.0,0.0,0.0,-1.0,0.0,0.0,0.0,-0.06675938803894298,1.5292106396041039,5.0120772195485275,-0.36847172089663155,-0.6437468858993523,-0.5,0.0,-0.04601787971398502,0.7325569228071862,0.0,-0.3023339613823522,1.0,0.0,-1.0,0.0,-1.0,0.0,0.0,0.0,-0.18059459163956637,-1.0,-0.5,-1.0,-1.0,-1.018987341772152,0.0,0.0,0.0,0.0,-0.7117967261714493,0.0,0.0,0.0,0.0,0.0,1.5409627556327752,0.0,1,2008,一般保證契約,一般交易,127000,11.751950239425476,1,0,0,0,0,0,0,0,0,0,0,0,0,0,0,1,0,0,0,0,0,0,0,1,0,1,0,0,0,0,0,0,0,0,0,0,0,0,0,1,0,0,0,0,0,0,0,0,0,0,0,0,0,0,0,0,1,0,0,0,0,0,0,0,1,0,0,0,0,0,0,0,1,0,0,0,1,0,0,0,0,0,0,0,0,0,0,1,0,0,0,0,1,0,0,0,0,0,0,0,1,0,0,0,0,0,0,0,0,0,0,0,0,0,0,0,1,0,0,0,0,0,0,0,0,0,0,0,1,0,0,0,0,0,1,0,0,0,0,0,1,0,0,0,0,0,1,0,0,0,0,1,0,0,0,0,1,0,0
80,2,-0.5300358319518109,0.19579962359720846,0.0,0.7304631471189668,0.0,0.0,-0.5,1.0,-1.2916666666666667,-0.34210526315789475,0.0,0.0,0.0,-1.0,0.0,0.0,-0.6,-0.5340751043115438,0.0,0.0,-0.06787741093503648,-1.1061285500747384,0.0,0.0,-1.01300693248799,0.9336830571564387,0.0,-0.3983683333905628,0.0,0.0,-1.0,1.0,-1.0,0.0,0.0,-0.5,0.0,-1.0,-0.5,-1.0,0.0,-0.1751054852320675,0.0,0.0,0.0,0.7862515753383017,-0.7117967261714493,7.15298821355506,0.0,0.0,0.0,0.0,1.5409627556327752,0.0,5,2009,一般保證契約,一般交易,110000,11.608244735642321,1,0,0,0,0,0,0,0,0,0,0,0,0,0,0,1,0,0,0,0,0,0,0,1,0,0,0,0,1,0,0,0,0,0,0,0,0,0,0,0,0,0,0,0,0,0,0,0,1,0,0,0,0,0,0,0,1,0,0,0,0,0,0,0,1,0,0,0,0,0,0,0,1,0,0,0,0,0,0,0,0,1,0,0,0,0,0,1,0,0,0,0,1,0,0,0,0,0,0,0,1,0,0,0,0,0,0,0,0,0,0,0,0,0,0,0,1,0,0,0,0,0,0,0,0,0,0,0,1,0,0,0,0,1,0,0,0,0,0,0,1,0,0,0,0,0,1,0,0,0,0,1,0,0,0,0,1,0,0
81,2,1.2781087050015416,0.7195099175983649,0.0,0.0,0.0,0.0,0.0,1.0,-0.08333333333333333,-0.6842105263157895,1.3843009202403918,0.0,0.2793713480100486,0.0,0.0,0.0,-0.2,0.0890125173852573,0.0,0.0,-0.05389445182416543,-0.19730941704035873,-0.5,0.0,0.17165008948359642,1.0673864737259744,0.0,0.8675727184935421,0.0,0.0,0.0,1.0,1.0,0.0,1.0,1.0,0.0,0.0,0.5,1.0,-1.0,0.1160337552742616,0.0,0.0,0.0,0.0,0.2797157727113956,0.0,0.0,8.622253717854797,0.0,0.0,0.0,0.0,6,2009,一般保證契約,一般交易,193500,12.173037959397275,0,0,0,0,0,0,0,0,1,0,0,0,0,0,0,0,1,0,0,0,0,0,0,1,0,0,0,0,1,0,0,0,0,0,1,0,0,0,0,0,0,0,0,0,0,0,0,0,0,0,0,0,0,0,0,0,1,0,0,0,0,0,0,0,1,0,0,0,0,0,0,0,1,0,0,0,0,0,0,0,0,1,0,0,0,0,0,1,0,0,0,0,1,0,0,0,0,1,0,0,0,0,0,0,0,0,0,0,0,0,0,0,1,0,0,0,0,0,0,0,0,0,0,0,0,0,0,0,0,0,1,0,0,0,1,0,0,0,0,0,1,0,0,0,0,0,1,0,0,0,0,0,0,1,0,0,1,0,0
83,0,0.3800798242425943,0.14264187701926168,0.0,0.0,0.0,0.0,1.0,0.0,0.7291666666666666,0.34210526315789475,1.3153700469051894,0.0,0.0,0.0,0.0,0.0,0.4,-0.48817802503477054,0.0,0.0,0.9950002508846917,1.1320378674638765,0.5,0.0,0.8122275694880756,0.0,0.0,0.13546463628885697,0.0,0.0,0.0,0.0,0.0,0.0,1.0,0.0,0.0,0.0,0.5,0.0,1.0,1.1666666666666667,0.0,0.0,0.0,0.9576843843402714,0.38070548466141435,0.0,0.0,0.0,0.0,0.0,0.0,0.0,10,2008,一般保證契約,一般交易,245000,12.409017571151187,0,0,0,1,0,0,0,0,0,0,0,0,0,0,0,0,1,0,0,0,0,0,0,1,0,1,0,0,0,0,0,0,0,0,0,0,0,0,0,0,0,0,0,0,0,0,0,0,0,0,1,0,0,0,0,0,1,0,0,0,0,0,0,0,1,0,0,0,0,0,0,0,1,0,0,0,0,0,1,0,0,0,0,0,0,0,0,1,0,0,0,0,1,0,0,0,0,1,0,0,0,0,0,0,0,0,0,0,0,0,0,0,1,0,0,0,0,0,0,0,0,0,0,0,0,0,0,0,0,1,0,0,0,1,0,0,0,0,0,0,1,0,0,0,0,0,1,0,0,0,0,0,0,1,0,0,1,0,0
84,4,0.469964168048189,-0.17668770334562073,0.0,0.0,-1.0,0.0,-0.5,0.0,-0.25,-0.8947368421052632,0.7627144383794986,0.0,0.0,-1.0,0.0,0.0,-0.6,-0.5340751043115438,0.0,0.0,0.6651383815388359,0.1395117090184355,0.0,0.0,-0.060501905602798486,0.0,0.0,-0.7101467638897333,0.0,0.0,-1.0,1.0,0.0,0.0,0.0,0.0,0.0,-1.0,-0.5,-1.0,0.0,-0.08649789029535865,0.0,0.0,0.0,0.7862515753383017,-0.7117967261714493,0.0,0.0,0.0,0.0,0.0,0.0,0.0,7,2007,法院或遺產拍賣,一般交易,126500,11.748005492256807,0,0,0,1,0,0,0,0,0,0,0,0,0,0,0,0,1,0,0,0,0,0,0,1,0,1,0,0,0,0,0,0,0,0,1,0,0,0,0,0,0,0,0,0,0,0,0,0,0,0,0,0,0,0,0,0,1,0,0,0,0,0,0,0,1,0,0,0,0,0,0,0,1,0,0,0,0,0,1,0,0,0,0,0,0,0,0,1,0,0,0,0,1,0,0,0,0,0,0,0,0,0,0,0,0,0,0,0,0,1,0,0,0,0,0,0,0,0,0,0,0,0,0,0,0,1,0,1,0,0,0,0,0,0,1,0,0,0,0,0,1,0,0,0,0,0,1,0,0,0,0,1,0,0,0,0,1,0,0
85,1,-0.2564764364743176,-0.2716966284703149,0.0,0.0,-1.0,0.0,0.5,0.0,0.4791666666666667,0.05263157894736842,0.5211091352755937,0.0,0.0,0.0,0.0,0.0,-0.6,-0.5340751043115438,0.0,0.0,-0.1722918523321359,-1.2177379172894869,0.0,0.0,-0.668749100072606,0.9803192776248514,0.0,0.003052755880582262,0.0,0.0,0.0,1.0,0.0,0.0,0.0,0.5,0.0,0.0,0.25,1.0,0.0,-0.3438818565400844,0.0,0.0,0.0,0.9089310139773353,0.2797157727113956,0.0,0.0,0.0,0.0,0.0,0.0,11.147538247731708,5,2009,一般保證契約,一般交易,168500,12.034696963475044,0,0,0,0,0,0,0,0,0,0,0,0,1,0,0,0,1,0,0,0,0,0,0,1,0,1,0,0,0,0,0,0,0,0,0,1,0,0,0,0,0,0,0,0,0,0,0,0,0,0,0,0,0,0,0,0,1,0,0,0,0,0,0,0,1,0,0,0,0,0,0,0,1,0,0,0,0,0,0,0,0,0,1,0,0,0,0,1,0,0,0,0,1,0,0,0,0,0,0,0,0,0,0,0,0,0,0,0,1,0,0,0,0,0,0,0,0,0,0,0,0,0,0,0,1,0,0,0,0,0,1,0,0,1,0,0,0,0,0,0,1,0,0,0,0,0,1,1,0,0,0,0,0,0,1,0,0,0,0
86,1,1.9914732984538899,1.2407225023138164,0.0,0.0,0.0,0.0,1.0,0.0,0.3958333333333333,-0.05263157894736842,1.1581969005934543,1.0,0.0,0.0,0.0,0.0,-0.6,-0.5340751043115438,0.0,0.0,0.8359897377496325,0.5839561534628799,0.5,0.0,0.38854531521743757,1.1052651903822874,0.0,1.1575115786255248,0.0,0.0,0.0,1.0,1.0,0.0,1.0,1.5,0.0,0.0,0.25,-1.0,0.0,-0.08227848101265822,0.0,0.0,0.0,0.923942774485146,0.32033803663145805,0.0,0.0,0.0,0.0,0.0,0.0,0.0,4,2006,一般保證契約,一般交易,260000,12.468440756144114,0,0,0,0,0,0,0,0,1,0,0,0,0,0,0,0,1,0,0,0,0,0,0,1,0,0,0,0,1,0,0,0,1,0,0,0,0,0,0,0,0,0,0,0,0,0,0,0,0,0,0,0,0,0,0,0,1,0,0,0,0,0,0,0,1,0,0,0,0,0,0,0,1,0,0,0,0,0,0,0,0,1,0,0,0,1,0,0,0,0,0,0,1,0,0,0,0,0,0,0,0,0,0,0,0,0,0,0,1,0,0,0,0,0,0,0,0,0,0,0,0,0,0,0,1,0,0,0,0,0,1,0,0,0,1,0,0,0,0,0,1,0,0,0,0,0,1,0,0,0,0,0,0,1,0,0,1,0,0
87,1,2.022759222067785,0.5085180130691923,0.0,0.0,-2.338124978532008,0.0,0.0,0.0,0.6875,0.2894736842105263,0.0,1.0,0.0,0.0,0.0,1.7473143510832982,-0.6,-0.5340751043115438,0.0,0.0,0.2857257912003581,-0.6198305929247633,0.5,0.0,-1.0069559449785093,1.044768696419299,0.0,0.13110691723999898,0.0,0.0,0.0,1.0,0.0,0.0,1.0,0.0,0.0,0.0,0.5,1.0,0.0,-0.3438818565400844,0.0,0.0,0.0,0.8615537516526842,0.09221121669515434,0.0,0.0,0.0,0.0,0.0,0.0,0.0,3,2009,一般保證契約,一般交易,174000,12.066816325306588,0,0,0,0,0,0,0,0,1,0,0,0,0,0,0,0,1,0,0,0,0,0,0,1,0,1,0,0,0,0,0,0,0,0,0,1,0,0,0,0,0,0,0,0,0,0,0,0,0,0,0,0,0,0,0,0,1,0,0,0,0,0,0,0,1,0,0,0,0,0,0,0,1,0,0,0,0,0,0,0,0,1,0,0,0,0,0,1,0,0,0,0,1,0,0,0,0,1,0,0,0,0,0,0,0,0,0,0,0,0,0,0,1,0,0,0,0,0,0,0,0,0,0,0,0,0,0,0,1,0,0,0,0,1,0,0,0,0,0,0,1,0,0,0,0,0,1,1,0,0,0,0,0,0,0,0,1,0,0
88,3,-1.8614282606963264,-1.9279784995448526,0.0,1.1943176378757763,0.0,0.0,0.0,0.0,0.7708333333333334,0.39473684210526316,0.7970951615352977,1.0,0.0,0.0,0.0,1.7473143510832982,-0.6,-0.5340751043115438,0.0,0.0,0.1943394927461197,-0.763328350772297,0.5,0.0,-1.2349213143892794,0.9591353470081326,0.0,-0.4090642549026167,0.0,0.0,0.0,1.0,-1.0,0.0,1.0,-1.0,0.0,-1.0,-0.5,0.0,0.0,0.1962025316455696,0.0,0.0,0.0,0.0,0.6801885944567333,0.0,0.0,0.0,0.0,0.0,0.0,0.0,6,2009,新屋,預售屋(估價時未完工),164500,12.010671928196443,0,0,0,0,0,0,0,0,0,1,0,0,0,0,0,0,0,0,1,0,0,0,0,1,0,0,0,0,1,0,0,0,0,0,0,0,0,0,0,0,0,0,0,0,0,0,0,0,0,0,1,0,0,0,0,0,1,0,0,0,0,0,0,0,1,0,0,0,0,0,0,0,0,0,1,0,0,0,0,0,0,1,0,0,0,0,0,1,0,0,0,0,1,0,0,0,0,1,0,0,0,0,0,0,0,0,0,0,0,0,0,0,1,0,0,0,0,0,0,0,0,0,0,0,0,0,0,0,0,1,0,0,0,1,0,0,0,0,0,0,1,0,0,0,0,0,1,0,0,0,0,1,0,0,0,0,1,0,0
89,2,1.4586597021802525,-0.28777381447840705,0.0,0.0,-1.0,0.0,-1.5,-3.0,-1.1875,-0.3157894736842105,0.0,-1.24080411332851,-0.3466451177569989,-1.0,-0.3466451177569989,0.0,-0.6,-0.5340751043115438,0.0,0.0,0.6209607859413947,0.03587443946188341,-0.5,-0.7304631471189668,-0.1707040044994214,0.0,10.337416044520737,0.08121532043921095,0.0,0.0,-1.0,0.0,-1.0,0.0,-1.0,0.0,0.0,-1.0,-0.5,-2.0,-2.0,-2.0316455696202533,-1.5409627556327752,-1.5409627556327752,-1.1943176378757763,0.0,-0.7117967261714493,7.56624286297453,0.0,0.0,0.0,0.0,1.5409627556327752,0.0,10,2009,低頭期合約,異常交易(如法拍),85000,11.350418300109132,1,0,0,0,0,0,0,0,0,0,0,0,0,0,0,0,0,1,0,0,0,0,0,1,0,0,0,0,1,1,0,0,0,0,0,0,0,0,0,0,0,0,0,0,0,0,0,0,0,0,0,0,0,0,0,0,0,0,0,0,0,0,1,0,0,0,0,0,0,0,1,0,1,0,0,0,1,0,0,0,0,0,0,0,0,1,0,0,0,0,0,0,1,0,0,0,0,0,0,1,0,0,0,0,0,0,0,0,0,0,0,0,0,0,0,1,0,0,0,0,0,0,0,0,0,0,0,0,1,0,0,0,0,0,1,0,0,0,0,0,1,0,0,0,0,0,1,0,0,0,1,0,0,0,0,0,1,0,0
90,0,-0.5300358319518109,-0.39749970777182503,0.0,0.0,0.0,0.0,-1.0,0.0,0.4583333333333333,0.02631578947368421,0.0,0.0,0.0,0.0,0.0,0.0,0.4,0.28372739916550765,0.0,0.0,-0.13739662490975454,-0.009965122072745391,0.5,0.0,-0.2209862651055885,0.0,0.0,-0.8656444385062435,1.0,0.0,-1.0,0.0,0.0,0.0,0.0,-0.5,0.0,-1.0,-0.5,-2.0,-2.0,-2.0316455696202533,-1.5409627556327752,-1.5409627556327752,0.0,0.0,-0.7117967261714493,0.0,0.0,0.0,0.0,0.0,0.0,0.0,8,2007,一般保證契約,一般交易,123600,11.724813914587886,0,0,0,1,0,0,0,0,0,0,0,0,0,0,0,0,1,0,0,0,0,0,0,1,0,1,0,0,0,0,0,0,0,0,0,0,1,0,0,0,0,0,0,0,0,0,0,0,0,0,0,0,0,0,0,0,1,0,0,0,0,0,0,0,1,0,0,0,0,0,0,0,1,0,0,0,0,0,1,0,0,0,0,0,0,0,0,1,0,0,0,0,1,0,0,0,0,1,0,0,0,0,0,0,0,0,0,0,0,0,0,0,1,0,0,0,0,0,0,0,0,0,0,0,0,0,0,0,1,0,0,0,0,1,0,0,0,0,0,0,1,0,0,0,0,0,1,0,0,0,1,0,0,0,0,0,1,0,0
91,1,-0.5300358319518109,-0.6530991973084603,0.0,0.0,0.0,0.0,-1.0,0.0,-0.4583333333333333,-1.1578947368421053,0.0,0.0,0.0,-6.515822458562748,-1.5409627556327752,-1.5747678672403655,-0.8,-0.5340751043115438,-0.7304631471189668,0.0,-3.1687229326517117,-1.9830592924763328,-0.5,0.0,-0.11289938297361748,0.0,0.0,-0.7609161093398232,0.0,0.0,-1.0,0.0,-1.0,0.0,0.0,-1.0,0.0,-1.0,-0.5,-1.0,0.0,-0.25949367088607594,0.0,0.0,0.0,0.0,0.018823619206198232,0.0,0.0,0.0,0.0,0.0,0.0,0.0,7,2006,一般保證契約,一般交易,109900,11.60733523953139,0,0,0,1,0,0,0,0,0,0,0,0,0,0,0,0,1,0,0,0,0,0,0,1,0,1,0,0,0,0,0,0,0,0,1,0,0,0,0,0,0,0,0,0,0,0,0,0,0,0,0,0,0,0,0,0,1,0,0,0,0,0,0,0,1,0,0,0,0,0,0,0,1,0,0,0,0,0,1,0,0,0,0,0,0,0,0,1,0,0,0,0,1,0,0,0,0,0,0,0,0,0,0,0,0,0,0,0,0,0,1,0,0,0,0,0,1,0,0,0,0,0,0,0,0,0,0,0,1,0,0,0,1,0,0,0,0,0,0,0,1,0,0,0,0,1,0,0,0,0,0,1,0,0,0,0,1,0,0
92,1,0.6866853341578308,-0.27972316497664035,0.0,0.0,0.0,0.0,-0.5,-2.0,-0.22916666666666666,-0.868421052631579,1.059089745687764,0.0,0.0,-1.0,0.0,0.0,-0.2,0.3004172461752434,0.0,0.0,0.22448133380724689,0.47832585949177875,-0.5,0.0,0.27043923565318617,0.0,0.0,-0.3894888626483042,0.0,0.0,-1.0,0.0,-1.0,0.0,0.0,0.0,0.0,-1.0,-0.5,-1.0,0.0,-0.006329113924050633,0.0,0.0,0.0,0.0,-0.7117967261714493,0.0,0.0,0.0,0.0,0.0,1.1943176378757763,0.0,12,2006,一般保證契約,異常交易(如法拍),98600,11.498836682527127,0,0,0,1,0,0,0,0,0,0,0,0,0,0,0,0,1,0,0,0,0,0,0,1,0,1,0,0,0,0,0,0,0,0,1,0,0,0,0,0,0,0,0,0,0,0,0,0,0,0,0,0,0,0,0,0,1,0,0,0,0,0,0,0,1,0,0,0,0,0,0,0,1,0,0,0,0,0,1,0,0,0,0,0,0,1,0,0,0,0,0,0,1,0,0,0,0,0,0,0,0,0,0,0,0,0,0,0,1,0,0,0,0,0,0,0,0,0,0,0,0,0,0,0,1,0,0,1,0,0,0,0,0,0,1,0,0,0,0,0,1,0,0,0,0,0,1,0,0,0,0,0,0,1,0,0,1,0,0
93,2,0.469964168048189,0.7859567840320263,0.0,0.7304631471189668,-1.0,0.0,-0.5,2.0,-1.0625,0.3157894736842105,0.0,0.0,0.2793713480100486,0.0,0.0,0.0,0.2,0.4575799721835883,0.0,0.0,-0.7819215437894041,-0.2371699053313403,0.5,0.0,-0.2790358525818047,0.0,0.0,-0.9218902676509982,1.0,0.0,-1.0,0.0,-1.0,0.0,0.0,-0.5,0.0,-1.0,-0.5,-1.0,0.0,-0.2088607594936709,0.0,0.0,0.0,0.0,-0.7117967261714493,5.13356729283443,0.0,0.0,0.0,0.0,0.0,0.0,8,2009,一般保證契約,一般交易,163500,12.004574385508691,0,0,1,0,0,0,0,0,0,0,0,0,0,0,0,0,1,0,0,0,0,0,1,0,0,1,0,0,0,0,1,0,0,0,0,0,0,0,0,0,0,0,0,0,0,0,0,0,0,0,0,0,0,0,0,0,1,0,0,0,0,0,0,0,1,0,0,0,0,0,0,0,1,0,0,0,0,0,1,0,0,0,0,0,0,0,0,1,0,0,0,0,1,0,0,0,0,0,0,0,1,0,0,0,0,0,0,0,0,0,0,0,0,0,0,0,1,0,0,0,0,0,0,0,0,0,0,0,1,0,0,0,0,0,0,0,1,0,0,0,1,0,0,0,0,0,1,0,0,0,0,1,0,0,0,0,1,0,0
94,2,-0.5300358319518109,-0.6530991973084603,0.0,0.0,0.0,0.0,0.0,1.0,-1.2916666666666667,0.10526315789473684,0.0,0.0,0.0,-1.0,-0.3466451177569989,1.0,-0.2,0.9207232267037552,0.0,0.0,-0.7617657698465964,0.43647234678624813,0.5,-0.7304631471189668,0.3157931586051862,1.0852286592649465,0.0,1.0283466405262858,0.0,0.7304631471189668,0.0,0.0,1.0,0.4638544907568095,0.0,1.5,0.0,0.0,0.5,-1.0,0.0,0.10337552742616034,0.0,0.0,0.0,0.0,-0.7117967261714493,0.0,0.0,6.635082099792531,0.0,0.0,0.0,0.0,11,2007,一般保證契約,一般交易,133900,11.804855999911272,0,0,0,0,0,0,0,0,0,0,1,0,0,0,0,0,0,1,0,0,0,0,0,1,0,0,0,0,1,0,0,0,0,0,0,0,0,0,0,0,0,0,0,0,0,0,0,0,1,0,0,0,0,0,0,0,1,0,0,0,0,0,0,0,1,0,0,0,0,0,0,1,0,0,0,0,0,0,0,0,1,0,0,0,0,1,0,0,0,0,0,0,1,0,0,0,0,0,0,0,0,0,0,0,0,0,0,0,0,1,0,0,0,0,0,0,0,0,0,0,0,0,0,0,0,1,0,0,1,0,0,0,0,0,0,0,1,0,0,1,0,0,0,0,0,0,1,0,0,0,0,1,0,0,0,0,1,0,0
95,3,-0.05003889786863668,-0.06429935119512972,0.0,0.0,-1.0,0.0,0.0,0.0,0.5208333333333334,0.07894736842105263,0.0,0.0,0.2793713480100486,0.0,0.0,0.0,0.4,0.3671766342141864,0.0,0.0,-0.7305468714108638,-0.34080717488789236,0.5,0.0,-0.41586282654787654,1.0461654549661736,0.0,0.4410777477766499,1.0,0.0,0.0,1.0,0.0,0.0,1.0,0.5,0.0,-1.0,-0.5,0.0,0.0,0.8544303797468354,0.0,0.0,0.0,0.0,0.5472471791199157,0.0,0.0,0.0,0.0,0.0,0.0,0.0,5,2007,一般保證契約,一般交易,204750,12.229549885708273,0,0,0,0,0,0,0,0,1,0,0,0,0,0,0,0,1,0,0,0,0,0,0,1,0,1,0,0,0,0,0,0,0,0,0,0,1,0,0,0,0,0,0,0,0,0,0,0,0,0,0,0,0,0,0,0,1,0,0,0,0,0,0,0,1,0,0,0,0,0,0,0,1,0,0,0,0,0,0,0,0,1,0,0,0,0,0,1,0,0,0,0,1,0,0,0,0,1,0,0,0,0,0,0,0,0,0,0,0,0,0,0,1,0,0,0,0,0,0,0,0,0,0,0,0,0,0,0,1,0,0,0,0,1,0,0,0,0,0,0,1,0,0,0,0,0,1,0,0,0,0,0,0,1,0,0,1,0,0
96,0,-0.2564764364743176,0.03957961679045615,0.0,0.0,-2.338124978532008,0.0,0.0,3.0,0.4375,-0.02631578947368421,0.7699241791732345,1.8422747575632559,0.2793713480100486,0.0,0.2793713480100486,0.0,0.2,-0.10292072322670376,0.0,0.0,-0.2004047076801504,-0.6278026905829597,0.0,0.0,-1.0190729998104513,1.0196173582101307,0.0,-0.003056281123723491,0.0,0.0,0.0,1.0,0.0,0.0,0.0,0.0,0.0,0.0,0.25,1.0,0.0,-0.25949367088607594,0.0,0.0,0.0,1.0919426014376037,0.2388863118622446,0.0,0.0,0.0,0.0,0.0,0.0,10.169007130464756,4,2009,一般保證契約,一般交易,185000,12.128116509451258,0,0,0,0,0,0,0,0,1,0,0,0,0,0,0,0,1,0,0,0,0,0,0,1,0,0,0,0,1,0,0,0,0,0,0,1,0,0,0,0,0,0,0,0,0,0,0,0,0,0,0,0,0,0,0,0,1,0,0,0,0,0,0,0,1,0,0,0,0,0,0,0,1,0,0,0,0,0,0,0,0,1,0,0,0,0,0,1,0,0,0,0,1,0,0,0,0,1,0,0,0,0,0,0,0,0,0,0,0,0,0,0,1,0,0,0,0,0,0,0,0,0,0,0,0,0,0,0,0,0,1,0,0,1,0,0,0,0,0,0,1,0,0,0,0,0,1,1,0,0,0,0,0,0,1,0,0,0,0
97,1,0.3800798242425943,0.15591353111061287,0.0,0.0,-1.0,0.0,0.5,0.0,0.5625,0.13157894736842105,1.0294960705671563,1.0,0.0,0.0,0.0,1.7473143510832982,0.2,1.082058414464534,0.0,0.0,-0.0928749520944082,1.1818634778276034,0.5,0.0,0.8494239763760345,0.0,0.0,0.1715052497984033,0.0,0.0,0.0,0.0,0.0,0.0,1.0,0.0,0.0,-1.0,-0.5,0.0,0.0,-0.04008438818565401,0.0,0.0,0.0,0.9830321772029128,0.018823619206198232,0.0,0.0,0.0,0.0,0.0,0.0,0.0,8,2006,一般保證契約,一般交易,214000,12.273735966890268,0,0,0,1,0,0,0,0,0,0,0,0,0,0,0,0,1,0,0,0,0,0,0,1,0,1,0,0,0,0,0,0,0,0,0,0,1,0,0,0,0,0,0,0,0,0,0,0,0,0,0,0,0,0,0,0,1,0,0,0,0,0,0,0,1,0,0,0,0,0,0,0,1,0,0,0,0,0,1,0,0,0,0,0,0,0,0,1,0,0,0,0,1,0,0,0,0,1,0,0,0,0,0,0,0,0,0,0,0,0,0,0,1,0,0,0,0,0,0,0,0,0,0,0,0,0,0,0,0,0,1,0,0,1,0,0,0,0,0,0,1,0,0,0,0,0,1,0,0,0,0,0,0,1,0,0,1,0,0
98,1,0.14660387181266663,0.30196239921218954,0.0,0.0,0.0,0.0,-1.0,0.0,-0.14583333333333334,-0.7631578947368421,0.6879620747849238,0.0,0.0,-1.0,0.0,0.0,-0.2,0.18915159944367177,0.0,0.0,-0.06787741093503648,-0.06975585450921774,-0.5,0.0,-0.2880842536468032,0.0,0.0,-0.9306575103216483,1.0,0.0,-1.0,0.0,0.0,0.0,0.0,0.0,0.0,-1.0,-0.5,1.0,-1.0,-0.2088607594936709,0.0,0.0,-0.4638544907568095,0.9089310139773353,-0.7117967261714493,0.0,0.0,0.0,0.0,0.0,0.0,0.0,5,2007,一般保證契約,一般交易,94750,11.459007676978688,0,0,0,1,0,0,0,0,0,0,0,0,0,0,0,0,1,0,0,0,0,0,1,0,0,1,0,0,0,0,0,0,0,0,0,0,0,0,0,0,0,1,0,0,0,0,0,0,0,0,0,0,0,0,0,0,1,0,0,0,0,0,0,0,1,0,0,0,0,0,0,0,1,0,0,0,0,0,1,0,0,0,0,0,0,1,0,0,0,0,0,0,1,0,0,0,0,0,0,0,0,0,0,0,0,0,0,0,1,0,0,0,0,0,0,0,0,0,0,0,0,0,0,0,1,0,0,0,0,0,1,0,0,0,1,0,0,0,0,0,1,0,0,0,1,0,0,0,0,0,0,0,0,1,0,0,1,0,0
99,2,0.6866853341578308,0.23711394213468745,0.0,0.0,0.0,0.0,-0.5,0.0,-1.0833333333333333,-1.1578947368421053,0.0,0.0,0.0,-1.0,0.0,0.0,0.2,-0.38386648122392214,0.0,0.0,-0.24217256094274855,-1.070254110612855,-1.0,-0.7304631471189668,-0.5883910804355339,0.0,0.0,-1.2216329884416761,0.0,0.0,-1.0,0.0,-1.0,0.0,0.0,-0.5,0.0,-1.0,-0.5,-1.0,-1.0,-0.4873417721518987,-0.3466451177569989,0.0,0.0,0.0,-0.7117967261714493,6.1484608313417315,0.0,0.0,0.0,0.0,0.0,9.715841640087827,5,2010,法院或遺產拍賣,異常交易(如法拍),83000,11.326607934898927,0,0,1,0,0,0,0,0,0,0,0,0,0,0,0,0,1,0,0,0,0,0,0,1,0,0,0,0,1,0,0,0,0,0,0,0,0,0,0,0,0,1,0,0,0,0,0,0,0,0,0,0,0,0,0,0,1,0,0,0,0,0,0,0,1,0,0,0,0,0,0,0,1,0,0,0,0,0,1,0,0,0,0,0,0,0,0,1,0,0,0,0,1,0,0,0,0,0,0,0,1,0,0,0,0,0,0,0,0,0,0,0,0,0,0,0,1,0,0,0,0,0,0,0,0,0,0,0,1,0,0,0,0,0,0,0,1,0,0,0,1,0,0,0,0,0,1,0,1,0,0,0,0,0,1,0,0,0,0
101,4,0.469964168048189,0.23223306712151878,0.0,0.0,-1.0,0.0,0.0,2.0,0.10416666666666667,0.18421052631578946,0.5702502929853299,0.0,0.0,-1.0,0.0,1.0,0.2,1.1349095966620306,0.0,0.0,-0.12231140496047112,1.2257100149476832,0.0,0.0,0.8817475805206673,0.0,0.0,0.202824471779207,1.0,0.0,0.0,0.0,0.0,0.0,1.0,0.0,0.0,1.0,0.25,0.0,0.0,-0.006329113924050633,0.0,0.0,0.0,1.0,0.26213018994900694,0.0,0.0,0.0,0.0,0.0,0.0,0.0,2,2010,一般保證契約,一般交易,205000,12.230770136157428,0,0,0,1,0,0,0,0,0,0,0,0,0,0,0,0,1,0,0,0,0,0,0,1,0,1,0,0,0,0,0,0,0,0,0,0,0,0,0,0,0,0,0,0,0,0,0,0,0,0,0,0,1,0,0,0,1,0,0,0,0,0,0,0,1,0,0,0,0,0,0,0,1,0,0,0,0,0,1,0,0,0,0,0,0,0,0,1,0,0,0,0,1,0,0,0,0,0,0,1,0,0,0,0,0,0,0,0,0,0,0,0,0,0,0,1,0,0,0,0,0,0,0,0,0,0,0,0,0,0,1,0,0,1,0,0,0,0,0,0,1,0,0,0,0,0,1,0,0,0,0,0,0,1,0,0,1,0,0
103,2,-0.3097441784624688,-0.7098677413824683,0.0,0.0,0.0,0.0,-0.5,0.0,0.14583333333333334,-0.39473684210526316,0.0,0.0,-0.3466451177569989,-6.515822458562748,-1.5409627556327752,-1.5747678672403655,-0.8,-0.5340751043115438,-0.7304631471189668,0.0,-3.1687229326517117,-1.9830592924763328,-0.5,0.0,0.7699627442126368,0.0,0.0,0.09451309391572249,0.0,0.0,0.0,0.0,1.0,0.4638544907568095,0.0,1.0,0.0,-1.0,-0.5,-1.0,0.0,-0.30168776371308015,0.0,0.0,0.0,0.0,-0.7117967261714493,0.0,0.0,0.0,0.0,0.0,0.0,0.0,6,2009,一般保證契約,兩筆相連物件分配,118964,11.68658461118553,0,0,0,0,0,0,0,0,0,0,0,0,0,0,1,0,1,0,0,0,0,1,0,0,0,1,0,0,0,0,0,0,0,0,0,0,0,0,0,0,0,0,0,0,0,0,0,0,0,0,0,0,0,1,0,0,1,0,0,0,0,0,0,0,1,0,0,0,0,0,0,0,0,0,0,1,0,0,1,0,0,0,0,0,0,0,0,1,0,0,0,0,1,0,0,0,0,0,0,0,0,0,0,0,0,0,0,0,1,0,0,0,0,0,0,0,0,0,0,0,0,0,0,0,1,0,0,0,1,0,0,0,1,0,0,0,0,0,0,0,1,0,0,0,0,0,1,0,0,0,0,0,0,1,0,0,1,0,0
104,1,1.0511334301644568,0.18723649534327064,0.0,0.0,-1.0,0.0,0.5,0.0,0.7708333333333334,0.39473684210526316,0.0,0.0,0.0,0.0,0.0,0.0,-0.6,-0.5340751043115438,0.0,0.0,0.7911835295643743,0.46038863976083705,0.5,0.0,0.2539208166006351,0.0,0.0,-0.4054940095608798,0.0,0.0,0.0,0.0,0.0,0.0,1.0,0.0,0.0,-1.0,-0.5,0.0,1.0,1.090717299578059,0.0,0.0,0.0,0.0,0.07725337927507323,0.0,0.0,0.0,0.0,0.0,0.0,0.0,5,2010,一般保證契約,一般交易,198900,12.200562492481511,0,0,0,1,0,0,0,0,0,0,0,0,0,0,0,0,1,0,0,0,0,0,0,1,0,0,0,0,1,0,0,0,0,0,0,0,1,0,0,0,0,0,0,0,0,0,0,0,0,0,0,0,0,0,0,0,1,0,0,0,0,0,0,0,1,0,0,0,0,0,0,0,1,0,0,0,0,0,1,0,0,0,0,0,0,0,0,1,0,0,0,0,1,0,0,0,0,1,0,0,0,0,0,0,0,0,0,0,0,0,0,0,1,0,0,0,0,0,0,0,0,0,0,0,0,0,0,0,1,0,0,0,0,1,0,0,0,0,0,0,1,0,0,0,0,0,1,0,0,0,0,0,0,1,0,0,1,0,0
105,0,-0.5300358319518109,-0.4863425445636353,0.0,0.0,0.0,0.0,0.5,-1.0,-0.8541666666666666,-1.1578947368421053,1.398109789189274,0.0,-0.3466451177569989,-1.0,0.0,0.0,-0.4,-0.22253129346314326,0.0,0.0,0.4338983678134744,0.08968609865470852,0.5,0.0,0.2539208166006351,0.9514344295597642,0.0,0.4822351034327169,0.0,0.0,-1.0,1.0,1.0,0.0,0.0,0.5,0.0,1.0,0.25,-1.0,-1.0,-1.018987341772152,0.0,0.0,0.0,0.0,-0.7117967261714493,0.0,0.0,7.920955300440635,0.0,0.0,0.0,0.0,6,2007,一般保證契約,一般交易,169500,12.040614105490253,1,0,0,0,0,0,0,0,0,0,0,0,0,0,0,1,0,0,0,0,0,0,0,1,0,0,0,0,1,1,0,0,0,0,0,0,0,0,0,0,0,0,0,0,0,0,0,0,0,0,0,0,0,0,0,0,1,0,0,0,0,0,0,0,1,0,0,0,0,0,0,0,1,0,0,0,1,0,0,0,0,0,0,0,0,0,0,1,0,0,0,0,1,0,0,0,0,0,0,0,0,0,0,0,1,0,0,0,0,0,0,0,0,0,0,0,0,0,0,0,1,0,0,0,0,0,0,0,0,0,1,0,0,1,0,0,0,0,0,0,1,0,0,0,1,0,0,0,0,0,0,1,0,0,0,0,1,0,0
106,1,0.24155735878839998,-0.05491455570318445,0.0,0.0,0.0,0.0,1.0,0.0,0.6458333333333334,0.2631578947368421,1.4834575930989093,1.0,0.0,0.8422747575632559,0.0,0.0,-0.6,-0.5340751043115438,0.0,0.0,0.655108846022157,0.11559541604384654,0.5,0.0,-0.0855208286552847,1.0618945466353438,0.0,0.6958182738151668,0.0,0.0,0.0,1.0,0.0,0.0,1.0,1.5,0.0,0.0,0.5,0.0,0.0,0.7025316455696202,0.0,0.0,0.0,0.950060361690953,0.139889170134574,0.0,0.0,0.0,0.0,0.0,0.0,0.0,8,2008,一般保證契約,一般交易,250000,12.429220196836383,0,0,0,0,0,0,0,0,1,0,0,0,0,0,0,0,0,0,1,0,0,0,0,1,0,1,0,0,0,0,0,0,0,0,0,0,0,0,0,0,0,0,0,0,0,0,0,0,0,0,1,0,0,0,0,0,1,0,0,0,0,0,0,0,1,0,0,0,0,0,0,0,1,0,0,0,0,0,0,0,0,1,0,0,0,1,0,0,0,0,0,0,1,0,0,0,0,1,0,0,0,0,0,0,0,0,0,0,0,0,0,0,1,0,0,0,0,0,0,0,0,0,0,0,0,0,0,0,0,0,1,0,0,1,0,0,0,0,0,0,1,0,0,0,0,0,1,0,0,0,0,0,0,1,0,0,1,0,0
107,3,-0.5300358319518109,0.2756361220897776,0.0,0.7304631471189668,0.0,0.0,-1.0,2.0,-1.8125,0.02631578947368421,0.0,0.0,0.0,-2.24080411332851,0.0,0.0,-0.6,-0.5340751043115438,0.0,0.0,0.23219185868884618,-0.7055306427503737,0.0,0.0,-0.09812120663687675,0.0,0.0,-0.7465971310758014,0.0,0.0,-1.0,0.0,-1.0,0.0,0.0,0.0,0.0,-1.0,-0.5,-1.0,-1.0,-0.879746835443038,-0.3466451177569989,-0.3466451177569989,-1.1943176378757763,0.0,-0.7117967261714493,0.0,0.0,0.0,0.0,0.0,0.0,10.00715768738887,8,2007,一般保證契約,一般交易,100000,11.51293546492023,0,0,1,0,0,0,0,0,0,0,0,0,0,0,0,1,0,0,0,0,0,0,0,1,0,1,0,0,0,0,0,0,0,0,0,0,0,0,0,0,0,0,0,0,0,0,0,0,1,0,0,0,0,0,0,0,1,0,0,0,0,0,0,0,1,0,0,0,0,0,0,0,1,0,0,0,0,0,1,0,0,0,0,0,0,0,1,0,0,0,0,0,1,0,0,0,0,1,0,0,0,0,0,0,0,0,0,0,0,0,0,0,1,0,0,0,0,0,0,0,0,0,0,0,0,0,0,0,1,0,0,0,0,0,0,0,1,0,0,0,1,0,0,0,0,0,1,0,0,0,0,1,0,0,1,0,0,0,0
109,0,0.6866853341578308,-0.27972316497664035,0.0,0.0,0.0,0.0,-0.5,2.0,-1.1041666666666667,0.2894736842105263,0.0,0.0,0.0,-1.0,0.0,0.0,-0.6,-0.5340751043115438,0.0,0.0,0.40962102012273743,-0.4025909317389138,-0.5,-0.7304631471189668,-0.2055788747993872,0.9217463054094018,0.0,0.0678507597614891,0.0,0.0,0.0,0.0,0.0,0.0,-1.0,0.5,0.0,-1.0,-0.5,-2.0,-2.0,-2.0316455696202533,-1.5409627556327752,-1.5409627556327752,-1.1943176378757763,0.0,-0.7117967261714493,7.397497957722461,0.0,0.0,0.0,0.0,0.0,0.0,8,2007,一般保證契約,一般交易,115000,11.652696102959753,1,0,0,0,0,0,0,0,0,0,0,0,0,0,0,1,0,0,0,0,0,0,0,1,0,0,0,0,1,1,0,0,0,0,0,0,0,0,0,0,0,0,0,0,0,0,0,0,0,0,0,0,0,0,0,0,0,0,0,0,1,0,0,0,1,0,0,0,0,0,0,0,1,0,0,0,1,0,0,0,0,0,0,0,0,0,0,1,0,0,0,0,1,0,0,0,0,0,0,0,0,0,1,0,0,0,0,0,0,0,0,0,0,0,0,0,0,0,1,0,0,0,0,0,0,0,0,0,1,0,0,0,0,0,1,0,0,0,0,1,0,0,0,0,1,0,0,0,0,0,1,0,0,0,0,0,1,0,0
110,4,1.4586597021802525,0.4761487634600321,0.0,0.0,-1.0,0.0,0.0,1.0,0.10416666666666667,-0.4473684210526316,1.3236591483318503,0.0,0.0,0.0,0.0,0.0,0.0,0.44645340751043117,0.0,0.0,0.7249487648954376,1.6920777279521675,0.5,0.0,1.2041662565785225,0.0,0.0,0.5152247239611574,0.0,0.0,0.0,0.0,0.0,0.0,0.0,0.5,0.0,0.0,0.25,0.0,0.0,0.2721518987341772,0.0,0.0,0.0,0.0,0.44978295538994306,0.0,0.0,0.0,0.0,0.0,1.5409627556327752,0.0,1,2010,法院或遺產拍賣,一般交易,190000,12.154784614286667,0,0,0,1,0,0,0,0,0,0,0,0,0,0,0,0,1,0,0,0,0,0,0,1,0,1,0,0,0,0,0,0,0,0,0,0,0,0,0,0,0,0,0,0,0,0,0,0,0,0,0,0,1,0,0,0,1,0,0,0,0,0,0,0,1,0,0,0,0,0,0,0,1,0,0,0,0,0,1,0,0,0,0,0,0,1,0,0,0,0,0,0,1,0,0,0,0,0,0,1,0,0,0,0,0,0,0,0,0,0,0,0,0,0,0,1,0,0,0,0,0,0,0,0,0,0,0,0,0,0,1,0,0,0,1,0,0,0,0,0,1,0,0,0,0,0,1,0,0,0,0,0,0,1,0,0,1,0,0
111,0,0.24155735878839998,-0.01818216367242157,0.0,0.0,0.0,0.0,0.0,-1.0,-0.375,-0.5789473684210527,0.0,0.0,0.0,-1.0,-0.3466451177569989,0.0,-0.2,0.08344923504867872,0.0,0.0,0.10801453517370116,-0.001993024414549078,0.0,0.0,0.23544578948320247,0.9691996705928905,0.0,0.5290630275504163,0.0,0.0,0.0,0.0,1.0,0.0,0.0,0.5,0.0,-1.0,-0.5,-1.0,-1.0,-0.6603375527426161,0.0,0.0,0.0,1.0223748426441048,-0.7117967261714493,0.0,0.0,0.0,0.0,0.0,0.0,0.0,10,2006,一般保證契約,一般交易,136900,11.827013315851762,1,0,0,0,0,0,0,0,0,0,0,0,0,0,0,0,1,0,0,0,0,0,0,1,0,1,0,0,0,0,0,0,0,0,0,0,0,0,0,0,0,1,0,0,0,0,0,0,0,0,0,0,0,0,0,0,1,0,0,0,0,0,0,0,1,0,0,0,0,0,0,0,1,0,0,0,1,0,0,0,0,0,0,0,0,0,0,1,0,0,0,0,1,0,0,0,0,0,0,0,1,0,0,0,0,0,0,0,0,0,0,0,0,0,0,0,1,0,0,0,0,0,0,0,0,0,0,0,1,0,0,0,0,0,1,0,0,0,0,0,1,0,0,0,0,0,1,0,0,0,0,0,0,1,0,0,1,0,0
113,2,0.33441012313611507,0.08679990434225376,0.0,0.0,0.0,0.0,0.5,0.0,0.7291666666666666,0.34210526315789475,1.0823638875326178,1.0,0.0,0.8422747575632559,0.0,1.7473143510832982,0.4,0.8344923504867872,0.0,0.0,-0.4063726775267849,0.536123567513702,0.5,0.0,0.35507671991459416,1.1665685558691352,0.0,1.424310985765807,1.0,0.0,0.0,1.0,1.0,0.0,2.0,2.0,0.0,0.0,0.5,1.0,1.0,1.3101265822784811,0.0,0.0,0.0,0.9089310139773353,0.5924314728903635,0.0,0.0,7.724358962810531,0.0,0.0,0.0,0.0,10,2007,新屋,預售屋(估價時未完工),383970,12.85832230788469,0,0,0,0,0,0,0,0,1,0,0,0,0,0,0,0,1,0,0,0,0,0,0,1,0,1,0,0,0,0,0,0,0,0,0,0,1,0,0,0,0,0,0,0,0,0,0,0,0,0,0,0,0,0,0,0,1,0,0,0,0,0,0,0,1,0,0,0,0,0,0,0,1,0,0,0,0,0,0,0,0,1,0,0,0,0,0,1,0,0,0,0,1,0,0,0,0,1,0,0,0,0,0,0,0,0,0,0,0,0,0,0,1,0,0,0,0,0,0,0,0,0,0,0,0,0,0,0,0,1,0,0,0,1,0,0,0,0,0,0,1,0,0,0,0,0,1,1,0,0,0,0,0,0,0,0,1,0,0
114,2,-0.10068914480903793,1.9266148461772363,0.0,0.0,0.0,0.0,0.0,0.0,-0.3958333333333333,-1.0789473684210527,1.031039197085972,0.0,0.2793713480100486,0.0,0.0,1.0,0.2,-0.4853963838664812,0.8104996085138084,11.734130107719718,0.522682010799721,1.6223218734429496,-0.5,0.0,1.6988975822760328,0.0,0.0,0.9945834037991685,1.0,0.0,0.0,0.0,0.0,0.0,1.0,0.5,0.0,1.0,0.5,-1.0,0.0,-0.13291139240506328,0.0,0.0,0.0,0.9966760177871894,0.44423404373352443,8.013883697367243,0.0,0.0,0.0,0.0,1.5409627556327752,0.0,10,2007,法院或遺產拍賣,異常交易(如法拍),217000,12.28765724080691,0,0,0,1,0,0,0,0,0,0,0,0,0,0,0,0,1,0,0,0,0,1,0,0,0,0,0,0,1,0,1,0,0,0,0,0,0,0,0,0,0,0,0,0,0,0,0,0,0,0,0,0,0,0,0,0,1,0,0,0,0,0,0,0,1,0,0,0,0,0,0,0,1,0,0,0,0,0,1,0,0,0,0,0,0,1,0,0,0,0,0,0,1,0,0,0,0,0,0,0,1,0,0,0,0,0,0,0,0,0,0,0,0,0,0,0,1,0,0,0,0,0,0,0,0,0,0,0,0,0,1,0,0,0,1,0,0,0,0,0,1,0,0,0,0,0,1,0,1,0,0,0,0,0,0,0,1,0,0
115,4,-0.47383711054095945,-0.6349579264453096,0.0,0.0,-1.0,-0.4638544907568095,0.0,3.0,-0.5625,0.21052631578947367,0.0,0.0,0.0,-1.0,0.0,0.0,0.2,0.5424200278164116,0.4638544907568095,7.48329564229559,-1.0707451875966725,0.06576980568011959,0.5,0.0,0.6150757350889151,1.0470002827469875,0.0,1.0586002325234234,1.0,0.0,0.0,1.0,0.0,0.0,1.0,1.5,0.0,0.0,0.25,-1.0,-1.0,-1.2721518987341771,0.0,0.0,0.0,1.0817237493984635,-0.7117967261714493,0.0,0.0,0.0,0.0,0.0,1.5409627556327752,0.0,7,2007,一般保證契約,一般交易,259500,12.466515835145202,0,0,0,0,0,0,0,1,0,0,0,0,0,0,0,0,1,0,0,0,0,0,0,1,0,1,0,0,0,0,1,0,0,0,0,0,0,0,0,0,0,0,0,0,0,0,0,0,0,0,0,0,0,0,0,0,1,0,0,0,0,0,0,0,1,0,0,0,0,0,0,0,1,0,0,0,0,0,0,0,0,1,0,0,0,0,0,0,0,1,0,0,1,0,0,0,0,0,0,0,1,0,0,0,0,0,0,0,0,0,0,0,0,0,0,0,1,0,0,0,0,0,0,0,0,0,0,0,1,0,0,0,0,0,1,0,0,0,0,0,1,0,0,0,0,0,1,0,0,0,0,1,0,0,0,0,1,0,0
117,1,0.0247951663920471,0.44854452080865775,0.0,0.0,0.0,0.0,-0.5,0.0,-0.20833333333333334,-0.8421052631578947,0.9049224319340058,0.0,0.0,-1.0,0.0,0.0,-0.4,-0.29763560500695413,1.089870956523857,11.031045151827065,-0.481976311264446,0.1933233682112606,-0.5,0.0,-0.005073036145849226,0.0,0.0,-0.6564402199381536,0.0,0.7304631471189668,-1.0,0.0,0.0,0.0,0.0,0.0,0.0,0.0,-0.25,-1.0,-1.0,-0.8164556962025317,0.0,0.0,0.0,0.0,-0.07642330536929036,7.397497957722461,0.0,0.0,0.0,0.0,0.0,0.0,9,2009,一般保證契約,一般交易,139000,11.842236406331555,0,0,0,1,0,0,0,0,0,0,0,0,0,0,0,0,1,0,0,0,0,0,0,1,0,1,0,0,0,0,0,0,0,0,0,0,0,0,0,0,0,0,0,0,0,0,0,1,0,0,0,0,0,0,0,0,1,0,0,0,0,0,0,0,1,0,0,0,0,0,0,0,1,0,0,0,0,0,1,0,0,0,0,0,0,0,0,1,0,0,0,0,1,0,0,0,0,0,0,0,1,0,0,0,0,0,0,0,0,0,0,0,0,0,0,0,1,0,0,0,0,0,0,0,0,0,0,0,0,0,1,0,0,0,1,0,0,0,0,0,1,0,0,0,0,0,1,0,0,0,0,0,0,1,0,0,1,0,0
118,3,0.19434965866058562,-0.2700942009167289,0.0,0.0,0.0,0.0,-0.5,0.0,0.7083333333333334,0.34210526315789475,0.0,0.0,0.0,0.0,0.0,0.0,-0.6,-0.5340751043115438,0.0,0.0,0.7138916233217274,0.25909317389138015,0.0,0.0,0.061114255255000416,0.0,0.0,-0.5923095474297305,0.0,0.0,-1.0,1.0,-1.0,0.0,0.0,-0.5,0.0,-1.0,-0.5,-1.0,0.0,-0.21729957805907174,0.0,0.0,0.0,0.8054019320995941,0.24365563892796488,0.0,0.0,0.0,0.0,0.0,0.0,0.0,4,2007,新屋,預售屋(估價時未完工),155000,11.951186847493476,0,0,0,1,0,0,0,0,0,0,0,0,0,0,0,0,1,0,0,0,0,0,0,1,0,0,0,0,1,0,0,0,0,0,0,0,0,0,0,0,0,1,0,0,0,0,0,0,0,0,0,0,0,0,0,0,1,0,0,0,0,0,0,0,1,0,0,0,0,0,0,0,1,0,0,0,0,0,1,0,0,0,0,0,0,0,0,1,0,0,0,0,1,0,0,0,0,1,0,0,0,0,0,0,0,0,0,0,0,0,0,0,1,0,0,0,0,0,0,0,0,0,0,0,0,0,0,0,1,0,0,0,0,1,0,0,0,0,0,0,1,0,0,0,0,0,1,0,0,0,0,0,0,1,0,0,1,0,0
119,1,0.8929485771758422,0.6005373003050564,0.0,0.0,0.0,0.0,0.5,0.0,0.375,-0.10526315789473684,0.0,0.0,0.0,0.0,0.0,1.0,0.4,1.5104311543810849,0.0,0.0,-0.6333545940027092,1.351270553064275,0.0,0.0,1.008798019090741,1.1862582910753714,0.0,1.8691206610748883,1.0,0.0,1.0,0.0,2.0,0.0,1.0,2.5,0.0,1.0,0.25,-1.0,1.0,0.47468354430379744,0.0,0.0,0.0,1.2306729097154545,-0.7117967261714493,0.0,0.0,0.0,0.0,0.0,0.0,0.0,5,2010,一般保證契約,一般交易,320000,12.676079399771027,0,0,0,0,0,0,0,0,1,0,0,0,0,0,0,0,1,0,0,0,0,0,0,1,0,0,0,0,1,0,0,0,0,0,0,0,0,0,0,0,0,0,0,0,0,0,0,0,0,0,0,0,0,1,0,0,1,0,0,0,0,0,0,0,1,0,0,0,0,0,0,0,1,0,0,0,0,0,0,0,0,1,0,0,0,1,0,0,0,0,0,0,1,0,0,0,0,0,0,1,0,0,0,0,0,0,0,0,0,0,0,0,0,0,0,1,0,0,0,0,0,0,0,0,0,0,0,0,1,0,0,0,0,1,0,0,0,0,0,0,1,0,0,0,0,0,1,0,0,0,0,0,0,1,0,0,1,0,0
120,4,-0.2564764364743176,-0.29019373497534334,0.0,0.0,0.0,0.0,0.0,0.0,0.6875,0.3157894736842105,0.0,1.0,0.0,0.0,0.0,0.0,-0.6,-0.5340751043115438,0.0,0.0,0.3376251921341799,-0.5321375186846039,0.5,0.0,-0.8774916127296126,1.0,0.0,-0.024549705422330825,0.0,0.0,0.0,1.0,0.0,0.0,1.0,1.0,0.0,0.0,0.5,1.0,0.0,-0.3860759493670886,0.0,0.0,0.0,0.0,-0.03050025401873223,0.0,0.0,0.0,0.0,0.0,0.0,0.0,7,2006,新屋,預售屋(估價時未完工),163990,12.0075668272517,0,0,0,0,0,0,0,0,1,0,0,0,0,0,0,0,1,0,0,0,0,0,0,1,0,1,0,0,0,0,0,0,0,0,0,0,1,0,0,0,0,0,0,0,0,0,0,0,0,0,0,0,0,0,0,0,1,0,0,0,0,0,0,0,1,0,0,0,0,0,0,0,1,0,0,0,0,0,0,0,0,1,0,0,0,0,0,1,0,0,0,0,1,0,0,0,0,1,0,0,0,0,0,0,0,0,0,0,0,0,0,0,1,0,0,0,0,0,0,0,0,0,0,0,0,0,0,0,1,0,0,0,0,1,0,0,0,0,0,0,1,0,0,0,0,0,1,0,0,0,0,0,0,1,0,0,1,0,0
121,0,0.469964168048189,1.9823788594035636,0.0,0.0,-1.0,-1.1943176378757763,0.0,0.0,-0.0625,-0.6578947368421053,0.0,0.0,0.0,-1.0,0.0,2.3495966477454164,0.2,0.7705146036161336,0.0,0.0,-3.1687229326517117,-0.11360239162929746,0.5,0.0,-0.2254053658282391,0.0,0.0,-0.8699262257682375,1.0,0.0,-1.0,0.0,-2.0,0.0,0.0,-1.0,0.0,1.0,0.25,-1.0,0.0,0.2468354430379747,0.0,0.0,0.0,0.0,0.47123880939868457,0.0,7.184917181536694,0.0,0.0,0.0,0.0,0.0,10,2006,一般保證契約,一般交易,180000,12.100717685412471,0,0,0,0,0,0,0,0,0,0,0,0,1,0,0,0,1,0,0,0,1,0,0,0,0,0,0,1,0,0,0,0,0,0,0,0,0,0,0,0,0,0,0,0,1,0,0,0,0,0,0,0,0,0,0,0,1,0,0,0,0,0,0,0,1,0,0,0,0,0,0,0,1,0,0,0,0,0,0,0,0,0,1,0,0,0,0,0,1,0,0,0,0,0,1,0,0,0,0,1,0,0,0,0,0,0,0,0,0,0,0,0,0,0,0,1,0,0,0,0,0,0,0,0,0,0,0,0,1,0,0,0,0,0,1,0,0,0,0,0,1,0,0,0,0,0,1,0,0,0,0,0,0,1,0,0,1,0,0
122,2,-1.1398722399119068,-1.0311178274876724,0.0,0.0,0.0,0.0,-1.0,0.0,-0.6875,-1.1578947368421053,0.0,0.0,0.0,-1.0,0.0,0.0,-0.6,-0.5340751043115438,0.0,0.0,0.3422101672835294,-0.5241654210264076,0.0,0.0,-0.7545071791352882,0.835252551057894,0.0,-0.5961504680429701,0.0,0.0,-1.0,0.0,0.0,0.0,0.0,-1.0,0.0,-1.0,-0.5,-1.0,-1.0,-0.9177215189873418,0.0,0.0,-0.4638544907568095,0.0,-0.7117967261714493,7.338607270038528,0.0,0.0,0.0,0.0,1.5409627556327752,0.0,6,2007,一般保證契約,一般交易,100000,11.51293546492023,1,0,0,0,0,0,0,0,0,0,0,0,0,0,0,1,0,0,0,0,0,0,0,1,0,1,0,0,0,1,0,0,0,0,0,0,0,0,0,0,0,0,0,0,0,0,0,0,0,0,0,0,0,0,0,0,1,0,0,0,0,0,0,0,1,0,0,0,0,0,0,0,1,0,0,0,1,0,0,0,0,0,0,0,0,0,0,1,0,0,0,0,1,0,0,0,0,0,0,0,0,0,0,0,0,0,0,1,0,0,0,0,0,0,0,0,0,0,0,0,0,0,0,1,0,0,0,0,1,0,0,0,0,1,0,0,0,0,0,0,1,0,0,0,0,0,1,0,0,0,0,1,0,0,0,0,1,0,0
123,4,0.24155735878839998,-0.033060272436983194,0.0,0.0,0.0,0.0,0.0,2.0,-0.2916666666666667,-0.9473684210526315,0.9453909888669237,0.0,0.2793713480100486,-1.0,0.0,0.0,0.0,0.25869262865090403,0.0,0.0,0.04782830684446261,0.16940707523667164,0.0,0.0,-0.02956272714981939,0.0,0.0,-0.6801689497345798,0.0,0.0,-1.0,0.0,0.0,0.0,0.0,-0.5,0.0,-1.0,-0.5,-1.0,-1.0,-0.8164556962025317,0.0,0.0,0.0,0.0,-0.7117967261714493,0.0,0.0,7.184917181536694,0.0,0.0,0.0,0.0,6,2008,一般保證契約,一般交易,136000,11.820417517632333,0,0,0,1,0,0,0,0,0,0,0,0,0,0,0,0,1,0,0,0,0,0,0,1,0,0,0,0,1,0,0,0,0,0,1,0,0,0,0,0,0,0,0,0,0,0,0,0,0,0,0,0,0,0,0,0,1,0,0,0,0,0,0,0,1,0,0,0,0,0,0,0,1,0,0,0,0,0,1,0,0,0,0,0,0,1,0,0,0,0,0,0,1,0,0,0,0,0,0,0,0,0,0,0,0,0,0,0,0,1,0,0,0,0,0,0,0,0,0,0,0,0,0,0,0,1,0,0,0,0,1,0,0,0,1,0,0,0,0,0,1,0,0,0,0,0,1,0,0,0,0,0,0,1,0,0,1,0,0
125,3,-1.2739058724580279,1.3904079836613705,0.0,0.0,-1.0,0.0,0.0,0.0,0.14583333333333334,0.10526315789473684,0.0,0.0,0.2793713480100486,0.0,-0.3466451177569989,0.0,-0.6,-0.5340751043115438,0.0,0.0,0.8871301574639114,0.7314399601395117,-0.5,0.0,0.846466639345311,0.0,0.0,0.16863980526063319,0.0,0.0,0.0,0.0,0.0,0.0,0.0,0.5,0.0,0.0,0.25,-1.0,0.0,-0.1962025316455696,0.0,0.0,0.0,1.0374820403803926,-0.7117967261714493,0.0,0.0,0.0,0.0,0.0,0.0,0.0,1,2009,一般保證契約,一般交易,181000,12.10625783509458,0,0,0,1,0,0,0,0,0,0,0,0,0,0,0,0,1,0,0,0,0,0,0,1,0,0,0,1,0,0,0,0,0,0,0,0,0,0,0,0,0,0,0,0,0,0,0,0,0,0,0,0,1,0,0,0,1,0,0,0,0,0,0,0,1,0,0,0,0,0,0,0,1,0,0,0,0,0,1,0,0,0,0,0,0,0,0,1,0,0,0,0,1,0,0,0,0,0,0,0,0,0,0,0,0,0,0,0,1,0,0,0,0,0,0,0,0,0,0,0,0,0,0,0,1,0,0,0,1,0,0,0,0,0,1,0,0,0,0,0,1,0,0,0,0,0,1,0,0,0,0,0,0,1,0,0,1,0,0
126,1,-0.5300358319518109,-0.7860223115414892,0.0,0.0,0.0,0.0,0.0,3.0,-0.7708333333333334,-0.3157894736842105,0.0,0.0,-0.3466451177569989,-1.0,0.0,1.7473143510832982,0.4,0.1474269819193324,0.0,0.0,-1.768982923956394,-0.9466865969108121,0.0,-0.7304631471189668,-1.5619509844230581,0.0,8.453929696886426,-1.4306208648877234,1.0,0.0,-1.0,0.0,-1.0,0.0,0.0,-0.5,0.0,-1.0,-0.5,-2.0,-2.0,-2.0316455696202533,-1.5409627556327752,-1.5409627556327752,-1.1943176378757763,0.70695008189435,-0.7117967261714493,0.0,0.0,0.0,0.0,0.0,0.0,0.0,6,2006,一般保證契約,一般交易,84500,11.344518647594766,0,0,0,0,0,0,0,0,0,0,1,0,0,0,0,1,0,0,0,0,0,0,0,1,0,1,0,0,0,1,0,0,0,0,0,0,0,0,0,0,0,0,0,0,0,0,0,0,0,0,0,0,0,0,0,0,1,0,0,0,0,0,0,0,1,0,0,0,0,0,0,1,0,0,0,0,1,0,0,0,0,0,0,0,0,0,0,1,0,0,0,0,1,0,0,0,0,0,0,0,1,0,0,0,0,0,0,0,0,0,0,0,0,0,0,0,1,0,0,0,0,0,0,0,0,0,0,0,1,0,0,0,0,0,1,0,0,0,0,0,1,0,0,0,0,0,1,0,0,0,1,0,0,0,0,0,1,0,0
127,0,-3.412047956290646,-1.4718692735572105,0.0,0.0,-1.0,0.0,0.0,0.0,0.08333333333333333,-0.47368421052631576,0.0,0.0,0.0,0.0,0.0,0.0,0.2,-0.3671766342141864,0.0,0.0,0.5720871606678509,0.1654210264075735,-0.5,0.0,-0.29262046493584043,0.0,0.0,-0.9350527692066875,0.0,0.0,0.0,0.0,-1.0,0.0,0.0,-0.5,0.0,0.0,0.25,0.0,0.0,-0.1751054852320675,0.0,0.0,0.0,0.0,0.6314840137606729,0.0,0.0,0.0,0.0,0.0,0.0,0.0,2,2007,一般保證契約,一般交易,128000,11.759793355371237,0,0,0,0,0,1,0,0,0,0,0,0,0,0,0,0,1,0,0,0,0,0,0,1,0,1,0,0,0,0,0,1,0,0,0,0,0,0,0,0,0,0,0,0,0,0,0,0,0,0,0,0,0,0,0,0,1,0,0,0,0,0,0,0,1,0,0,0,0,0,0,0,0,0,1,0,0,0,1,0,0,0,0,0,0,0,0,1,0,0,0,0,1,0,0,0,0,0,0,1,0,0,0,0,0,0,0,0,0,0,0,0,0,0,0,1,0,0,0,0,0,0,0,0,0,0,0,0,1,0,0,0,0,0,1,0,0,0,0,0,1,0,0,0,0,0,1,0,0,0,0,0,0,1,0,0,1,0,0
128,3,-0.8233670642427064,-1.7133234053805906,0.0,0.0,-1.0,0.0,-0.5,2.0,-0.875,-1.1578947368421053,0.0,0.0,0.2793713480100486,-1.0,0.0,0.0,-0.4,-0.37273991655076494,0.0,0.0,0.11671970406292045,-0.6437468858993523,0.5,0.0,-0.5756681511542274,0.0,0.0,-1.2093053951255244,0.0,0.0,-1.0,0.0,0.0,0.0,0.0,-0.5,0.0,0.0,0.25,-2.0,-2.0,-2.0316455696202533,-1.5409627556327752,-1.5409627556327752,-1.1943176378757763,0.0,-0.7117967261714493,0.0,0.0,0.0,0.0,0.0,0.0,0.0,6,2007,一般保證契約,一般交易,87000,11.373674891823535,0,1,0,0,0,0,0,0,0,0,0,0,0,0,0,1,0,0,0,0,0,1,0,0,0,1,0,0,0,0,0,0,0,0,0,0,0,0,0,0,0,0,0,0,0,0,0,0,1,0,0,0,0,0,0,0,0,0,0,0,0,0,1,0,1,0,0,0,0,0,0,0,1,0,0,0,0,1,0,0,0,0,0,0,0,0,0,1,0,0,0,0,1,0,0,0,0,0,0,0,0,1,0,0,0,0,0,0,0,0,0,0,0,0,0,0,1,0,0,0,0,0,0,0,0,0,0,0,1,0,0,0,0,0,0,0,1,0,0,0,1,0,0,0,0,0,1,0,0,0,1,0,0,0,0,0,1,0,0
130,3,-0.05003889786863668,-0.15587991866908646,0.0,0.0,0.0,0.0,-0.5,2.0,-0.2916666666666667,-0.07894736842105263,0.8249309547475103,0.0,0.0,-1.0,0.0,0.0,-0.2,0.2545201668984701,1.089870956523857,4.3809460334448715,-0.11671874630748268,0.025909317389138018,-0.5,0.0,-0.0855208286552847,0.0,0.0,-0.7343882810576625,0.0,0.7304631471189668,-1.0,1.0,0.0,0.0,2.0,0.0,0.0,-1.0,-0.5,0.0,0.0,1.1329113924050633,0.0,0.0,0.0,0.0,0.3125597996047345,0.0,7.873203454932759,0.0,0.0,0.0,0.7304631471189668,0.0,7,2006,一般保證契約,異常交易(如法拍),150000,11.918397239722838,0,0,0,1,0,0,0,0,0,0,0,0,0,0,0,0,1,0,0,0,0,0,0,1,0,1,0,0,0,0,0,0,0,0,1,0,0,0,0,0,0,0,0,0,0,0,0,0,0,0,0,0,0,0,0,0,1,0,0,0,0,0,0,0,1,0,0,0,0,0,0,0,1,0,0,0,0,0,1,0,0,0,0,0,0,0,0,1,0,0,0,0,1,0,0,0,0,0,0,1,0,0,0,0,0,0,0,0,0,0,0,0,0,0,0,1,0,0,0,0,0,0,0,0,0,0,0,0,0,0,1,0,0,0,1,0,0,0,0,0,1,0,0,0,0,1,0,0,0,1,0,0,0,0,0,0,1,0,0
131,2,0.8116279582901716,0.9352717389471942,0.0,0.0,0.0,0.0,0.5,1.0,-0.125,-0.7368421052631579,1.1839112054092429,0.0,0.0,-1.0,0.0,0.0,-0.2,0.08484005563282336,0.0,0.0,-0.0016359992123352255,-0.14150473343298456,0.5,0.0,0.23544578948320247,1.0624220555762638,0.0,0.8841807822382818,0.0,0.0,0.0,1.0,1.0,0.0,1.0,1.0,0.0,1.0,0.5,1.0,0.0,0.023206751054852322,0.0,0.0,0.0,0.8740988677180975,0.2530101222758353,0.0,0.0,0.0,0.0,0.0,1.8203341036428238,0.0,5,2006,一般保證契約,一般交易,226000,12.328294703023396,0,0,0,0,0,0,0,0,1,0,0,0,0,0,0,0,1,0,0,0,0,0,0,1,0,0,0,0,1,0,0,0,0,0,1,0,0,0,0,0,0,0,0,0,0,0,0,0,0,0,0,0,0,0,0,0,1,0,0,0,0,0,0,0,1,0,0,0,0,0,0,0,1,0,0,0,0,0,0,0,0,1,0,0,0,0,0,1,0,0,0,0,1,0,0,0,0,0,0,0,0,0,0,0,0,0,0,0,0,1,0,0,0,0,0,0,0,0,0,0,0,0,0,0,0,1,0,0,0,0,1,0,0,0,1,0,0,0,0,0,1,0,0,0,0,0,1,0,0,0,0,0,0,1,0,0,1,0,0
132,3,-0.2564764364743176,0.5707860337241636,0.0,0.0,-1.0,0.0,0.0,0.0,0.5833333333333334,0.15789473684210525,0.6469171679229546,1.0,0.0,0.0,0.0,0.0,0.4,0.4325452016689847,0.0,0.0,-0.36354231911967183,-0.005979073243647235,0.5,0.0,-0.15129194753817657,1.0854724091144063,0.0,0.768099306799221,1.0,0.0,0.0,1.0,0.0,0.0,1.0,0.5,0.0,0.0,0.25,0.0,0.0,-0.3860759493670886,0.0,0.0,0.0,0.5356704245025011,0.1584510203308132,0.0,0.0,0.0,0.0,0.0,0.0,0.0,7,2009,一般保證契約,一般交易,244000,12.404927602627597,0,0,0,0,0,0,0,0,1,0,0,0,0,0,0,0,1,0,0,0,0,0,0,1,0,0,0,0,1,0,0,0,0,0,0,1,0,0,0,0,0,0,0,0,0,0,0,0,0,0,0,0,0,0,0,0,1,0,0,0,0,0,0,0,1,0,0,0,0,0,0,0,1,0,0,0,0,0,0,0,0,1,0,0,0,0,0,1,0,0,0,0,1,0,0,0,0,1,0,0,0,0,0,0,0,0,0,0,0,0,0,0,1,0,0,0,0,0,0,0,0,0,0,0,0,0,0,0,0,0,1,0,0,1,0,0,0,0,0,0,1,0,0,0,0,0,1,1,0,0,0,0,0,0,0,0,1,0,0
133,1,0.24155735878839998,-0.5957255935582674,0.0,0.0,0.0,0.0,-0.5,1.0,-0.2708333333333333,0.21052631578947367,0.0,0.0,0.0,-1.0,0.0,0.0,-0.2,0.02920723226703755,0.0,0.0,0.2537104612500553,0.13552566018933732,0.0,0.0,0.43367801221323643,0.0,0.0,-0.23132235819283026,1.0,0.0,-1.0,0.0,0.0,0.0,1.0,0.5,0.0,-1.0,-0.5,-1.0,0.0,0.6012658227848101,0.0,0.0,0.0,0.0,-0.7117967261714493,0.0,0.0,0.0,0.0,0.0,0.0,0.0,7,2007,一般保證契約,一般交易,150750,11.923384748066601,0,0,0,1,0,0,0,0,0,0,0,0,0,0,0,0,1,0,0,0,0,0,0,1,0,0,0,0,1,0,0,0,0,0,1,0,0,0,0,0,0,0,0,0,0,0,0,0,0,0,0,0,0,0,0,0,1,0,0,0,0,0,0,0,1,0,0,0,0,0,0,0,1,0,0,0,0,0,1,0,0,0,0,0,0,0,0,1,0,0,0,0,1,0,0,0,0,0,0,0,0,0,0,0,0,0,0,0,0,1,0,0,0,0,0,0,0,0,0,0,0,0,0,0,0,1,0,0,1,0,0,0,0,0,1,0,0,0,0,0,1,0,0,0,0,0,1,0,0,0,0,1,0,0,0,0,1,0,0
134,0,0.6866853341578308,-0.7624255920198963,0.0,0.0,-1.0,0.0,1.0,0.0,0.6041666666666666,0.21052631578947367,0.9473845813491062,1.0,0.0,0.8422747575632559,0.0,0.0,0.4,0.8636995827538247,0.0,0.0,-0.45419377315983706,0.5421026407573493,0.5,0.0,0.37977824896918716,0.0,0.0,-0.2835473094142258,1.0,0.0,0.0,0.0,-1.0,0.0,1.0,0.0,0.0,-1.0,-0.5,1.0,0.0,-0.04430379746835443,0.0,0.0,0.0,1.0374820403803926,-0.02000336422115729,0.0,0.0,0.0,0.0,0.0,0.0,0.0,6,2009,一般保證契約,一般交易,220000,12.301387370778713,0,0,0,1,0,0,0,0,0,0,0,0,0,0,0,0,1,0,0,0,0,0,0,1,0,1,0,0,0,0,0,0,0,0,0,0,0,0,0,0,0,0,0,1,0,0,0,0,0,0,0,0,0,0,0,0,1,0,0,0,0,0,0,0,1,0,0,0,0,0,0,0,1,0,0,0,0,0,1,0,0,0,0,0,0,0,0,1,0,0,0,0,1,0,0,0,0,1,0,0,0,0,0,0,0,0,0,0,0,0,0,0,1,0,0,0,0,0,0,0,0,0,0,0,0,0,0,0,0,0,1,0,0,1,0,0,0,0,0,0,1,0,0,0,0,0,1,0,0,0,0,0,0,1,0,0,1,0,0
135,2,0.3800798242425943,0.17207336984649313,0.0,0.0,-1.0,0.0,-0.5,1.0,-0.08333333333333333,-0.02631578947368421,0.0,0.0,0.0,-1.0,0.0,0.0,-0.2,0.25869262865090403,0.0,0.0,0.5092220091880761,0.9287493771798705,0.0,0.0,1.0393302530239232,0.0,0.0,0.35551062269153566,0.0,0.0,0.0,1.0,0.0,0.0,0.0,0.5,-0.18059459163956637,0.0,0.25,0.0,0.0,-0.1751054852320675,0.0,0.0,0.0,0.0,0.37072152355335625,7.873203454932759,0.0,0.0,0.0,0.0,1.5409627556327752,0.0,7,2006,一般保證契約,一般交易,180000,12.100717685412471,0,0,0,1,0,0,0,0,0,0,0,0,0,0,0,0,1,0,0,0,0,0,0,1,0,1,0,0,0,0,0,0,0,0,0,0,0,0,0,0,0,0,0,0,0,0,0,1,0,0,0,0,0,0,0,0,1,0,0,0,0,0,0,0,1,0,0,0,0,0,0,0,1,0,0,0,0,0,1,0,0,0,0,0,0,0,0,1,0,0,0,0,1,0,0,0,0,0,0,1,0,0,0,0,0,0,0,0,0,0,0,0,0,0,0,1,0,0,0,0,0,0,0,0,0,0,0,0,1,0,0,0,0,0,1,0,0,0,0,0,1,0,0,0,0,0,1,0,0,0,0,0,0,1,0,0,1,0,0
136,0,0.469964168048189,0.18678506831606595,0.0,0.0,0.0,0.0,0.5,1.0,-0.041666666666666664,-0.631578947368421,1.1624368777845624,0.0,0.0,-1.0,0.0,0.0,-0.6,-0.5340751043115438,0.0,0.0,0.8472547390606805,0.6158445440956651,0.0,0.0,0.9849740400804977,0.0,0.0,0.30284340490253,0.0,0.0,0.0,0.0,0.0,0.0,0.0,0.5,0.0,0.0,0.5,-1.0,0.0,0.20464135021097046,0.0,0.0,0.0,0.856387459873795,-0.7117967261714493,0.0,0.0,0.0,0.0,0.0,1.5409627556327752,0.0,5,2008,一般保證契約,一般交易,174000,12.066816325306588,0,0,0,1,0,0,0,0,0,0,0,0,0,0,0,0,1,0,0,0,0,0,0,1,0,1,0,0,0,0,0,0,0,0,0,0,0,0,0,0,0,0,0,0,0,0,0,0,0,0,0,0,1,0,0,0,1,0,0,0,0,0,0,0,1,0,0,0,0,0,0,0,1,0,0,0,0,0,1,0,0,0,0,0,0,1,0,0,0,0,0,0,1,0,0,0,0,0,0,1,0,0,0,0,0,0,0,0,0,0,0,0,0,0,0,1,0,0,0,0,0,0,0,0,0,0,0,0,0,0,1,0,0,1,0,0,0,0,0,0,1,0,0,0,0,0,1,0,0,0,0,0,0,1,0,0,1,0,0
137,1,0.21801994391840682,0.17660840211241632,0.0,0.0,-1.0,0.0,-0.5,0.0,-0.10416666666666667,-0.7105263157894737,1.0490242974017012,0.0,0.0,-1.0,0.0,0.0,0.0,0.4325452016689847,0.0,0.0,0.06171064845652948,0.43647234678624813,-0.5,0.0,0.23173530826237085,0.0,0.0,-0.4269901539046238,0.0,0.0,0.0,0.0,0.0,0.0,0.0,-0.5,0.0,0.0,0.0,0.0,-1.0,-0.689873417721519,0.0,0.0,0.0,0.0,0.4182557020021774,0.0,0.0,0.0,0.0,0.0,0.0,0.0,7,2007,一般保證契約,一般交易,143000,11.870606902224587,0,0,0,1,0,0,0,0,0,0,0,0,0,0,0,0,1,0,0,0,0,0,0,1,0,0,0,0,1,0,0,0,0,0,1,0,0,0,0,0,0,0,0,0,0,0,0,0,0,0,0,0,0,0,0,0,1,0,0,0,0,0,0,0,1,0,0,0,0,0,0,0,1,0,0,0,0,0,1,0,0,0,0,0,0,0,0,1,0,0,0,0,1,0,0,0,0,0,0,0,0,0,0,0,0,0,0,0,0,1,0,0,0,0,0,0,0,0,0,0,0,0,0,0,0,1,0,0,0,0,1,0,0,0,1,0,0,0,0,0,1,0,0,0,0,0,1,0,0,0,0,0,0,1,0,0,1,0,0
138,3,0.5579814411897118,0.33404222996197547,0.0,0.0,0.0,0.0,0.5,0.0,0.3333333333333333,-0.13157894736842105,0.776958424426578,0.0,0.0,-1.0,0.0,0.0,-0.6,-0.5340751043115438,0.0,0.0,1.2045225185064716,1.8176382660687593,0.0,0.0,1.3500374677302363,0.0,0.0,0.6565633204316198,0.0,0.0,1.0,0.0,2.0,0.4638544907568095,0.0,1.5,0.0,-1.0,-0.5,-1.0,1.0,1.2004219409282701,0.0,0.0,0.0,0.0,-0.7117967261714493,0.0,0.0,0.0,0.0,0.0,0.0,0.0,7,2006,一般保證契約,親友交易,171000,12.049424683420915,0,0,0,0,0,0,0,0,0,0,0,0,0,0,1,0,1,0,0,0,0,0,0,1,0,1,0,0,0,0,0,0,0,0,0,0,0,0,0,0,0,0,0,0,0,0,1,0,0,0,0,0,0,0,0,0,1,0,0,0,0,0,0,0,1,0,0,0,0,0,0,0,0,0,0,1,0,0,1,0,0,0,0,0,0,0,0,1,0,0,0,0,1,0,0,0,0,1,0,0,0,0,0,0,0,0,0,0,0,0,0,0,1,0,0,0,0,0,0,0,0,0,0,0,0,0,0,0,0,0,1,0,0,0,1,0,0,0,0,0,1,0,0,0,0,0,1,0,0,1,0,0,0,0,0,0,1,0,0
139,4,0.14660387181266663,-0.1321854575371135,0.0,0.0,-1.0,0.0,1.0,0.0,0.5625,0.15789473684210525,1.1946702927781176,1.0,0.0,0.0,0.0,1.0,0.4,0.3949930458970793,0.0,0.0,-0.2726309136457218,0.017937219730941704,0.5,0.0,-0.19026306996690828,1.0368193816655902,0.0,0.5252958732707808,0.0,0.0,0.0,1.0,0.0,0.0,1.0,0.5,0.0,1.0,0.25,1.0,1.0,0.7531645569620253,0.0,0.0,0.0,1.0817237493984635,0.40304660710811174,0.0,0.0,0.0,0.0,0.0,1.8203341036428238,0.0,12,2008,一般保證契約,一般交易,230000,12.345838935721968,0,0,0,0,0,0,0,0,1,0,0,0,0,0,0,0,1,0,0,0,0,0,0,1,0,1,0,0,0,0,0,0,0,0,0,0,1,0,0,0,0,0,0,0,0,0,0,0,0,0,0,0,0,0,0,0,1,0,0,0,0,0,0,0,1,0,0,0,0,0,0,0,1,0,0,0,0,0,0,0,0,1,0,0,0,0,0,1,0,0,0,0,1,0,0,0,0,1,0,0,0,0,0,0,0,0,0,0,0,0,0,0,1,0,0,0,0,0,0,0,0,0,0,0,0,0,0,0,0,0,1,0,0,1,0,0,0,0,0,0,1,0,0,0,0,0,1,0,0,0,0,0,0,1,0,0,1,0,0
140,0,-0.2564764364743176,1.1402561796985267,0.0,0.0,-1.0,0.0,0.0,0.0,0.5208333333333334,0.07894736842105263,0.0,0.0,0.0,0.0,0.0,0.0,0.4,0.60778859527121,0.0,0.0,-1.0530643602902359,-0.13353263577478824,0.5,0.0,-0.36164722749996503,1.033344144449504,0.0,0.4124171384356075,1.0,0.0,0.0,1.0,0.0,0.0,1.0,0.5,0.0,-1.0,-0.5,0.0,0.0,-0.04852320675105485,0.0,0.0,0.0,1.1433328745421403,0.38070548466141435,0.0,0.0,0.0,0.0,0.0,1.5409627556327752,0.0,8,2009,一般保證契約,一般交易,231500,12.352339472153524,0,0,0,0,0,0,0,0,1,0,0,0,0,0,0,0,1,0,0,0,0,0,0,1,0,1,0,0,0,0,0,0,0,0,0,0,1,0,0,0,0,0,0,0,0,0,0,0,0,0,0,0,0,0,0,0,1,0,0,0,0,0,0,0,1,0,0,0,0,0,0,0,1,0,0,0,0,0,0,0,0,1,0,0,0,0,0,1,0,0,0,0,1,0,0,0,0,1,0,0,0,0,0,0,0,0,0,0,0,0,0,0,1,0,0,0,0,0,0,0,0,0,0,0,0,0,0,0,1,0,0,0,0,1,0,0,0,0,0,0,1,0,0,0,0,0,1,0,0,0,0,0,0,1,0,0,1,0,0
141,2,0.0,0.20926656998960744,0.0,0.0,0.0,0.0,-1.0,0.0,-0.020833333333333332,-0.6052631578947368,0.0,0.0,0.0,-1.0,0.0,0.0,0.2,0.06675938803894298,0.0,0.0,-0.08207766829418334,-0.2610861983059293,-0.5,0.0,-0.5154786426099094,0.0,0.0,-1.1509861380717596,0.0,0.0,-1.0,0.0,0.0,0.0,0.0,-0.5,0.0,0.0,-0.25,-2.0,-2.0,-2.0316455696202533,-1.5409627556327752,-1.5409627556327752,0.0,0.0,-0.7117967261714493,0.0,0.0,0.0,0.0,0.0,0.0,0.0,4,2010,低利合約,一般交易,115000,11.652696102959753,0,0,0,1,0,0,0,0,0,0,0,0,0,0,0,0,1,0,0,0,0,0,0,1,0,0,1,0,0,0,0,0,0,0,1,0,0,0,0,0,0,0,0,0,0,0,0,0,0,0,0,0,0,0,0,0,1,0,0,0,0,0,0,0,1,0,0,0,0,0,0,0,1,0,0,0,0,0,1,0,0,0,0,0,0,0,0,1,0,0,0,0,1,0,0,0,0,0,0,0,0,0,0,0,0,0,0,0,1,0,0,0,0,0,0,0,0,0,0,0,0,0,0,0,1,0,0,0,1,0,0,0,0,0,1,0,0,0,0,0,1,0,0,0,0,0,1,0,0,0,1,0,0,0,0,0,1,0,0
143,3,0.04944338438861053,-0.2743694711187289,0.0,0.0,0.0,0.0,-0.5,-1.0,-0.4166666666666667,-1.105263157894737,0.0,0.0,-0.3466451177569989,-1.0,0.0,0.0,-0.2,0.17107093184979139,0.0,0.0,-0.13549712586377008,-0.16940707523667164,-1.0,0.0,-0.4039781223116704,0.9013674362410375,0.0,-0.13633364480123683,0.0,0.0,0.0,0.0,1.0,0.0,0.0,0.0,0.0,-1.0,-0.5,-1.0,0.0,1.0063291139240507,0.0,0.0,0.0,0.0,-0.7117967261714493,0.0,0.0,0.0,0.0,0.0,1.5409627556327752,0.0,6,2010,一般保證契約,一般交易,166000,12.019749091416921,1,0,0,0,0,0,0,0,0,0,0,0,0,0,0,0,1,0,0,0,0,0,0,1,0,0,0,0,1,0,0,0,0,0,1,0,0,0,0,0,0,0,0,0,0,0,0,0,0,0,0,0,0,0,0,0,0,0,0,0,1,0,0,0,1,0,0,0,0,0,0,0,1,0,0,0,1,0,0,0,0,0,0,0,0,0,0,1,0,0,0,0,1,0,0,0,0,0,0,0,0,0,0,0,0,0,0,0,0,0,1,0,0,0,0,0,1,0,0,0,0,0,0,0,0,0,0,0,1,0,0,0,0,0,1,0,0,0,0,0,1,0,0,0,0,0,1,0,0,0,0,1,0,0,0,0,1,0,0
144,3,0.3800798242425943,0.17207336984649313,0.0,0.0,-1.0,0.0,0.5,0.0,0.5625,0.13157894736842105,1.0294960705671563,1.0,0.0,0.0,0.0,2.3495966477454164,0.4,0.4102920723226704,0.0,0.0,0.4286705605900202,0.9865470852017937,0.5,0.0,0.7177516529779547,0.0,0.0,0.043924343078340304,1.0,0.0,0.0,0.0,0.0,0.0,1.0,0.0,0.0,-1.0,-0.5,0.0,0.0,0.4029535864978903,0.0,0.0,0.0,0.9576843843402714,0.018823619206198232,0.0,0.0,0.0,0.0,0.0,0.0,0.0,6,2009,一般保證契約,一般交易,204000,12.225880174775122,0,0,0,1,0,0,0,0,0,0,0,0,0,0,0,0,1,0,0,0,0,0,0,1,0,1,0,0,0,0,0,0,0,0,0,0,1,0,0,0,0,0,0,0,0,0,0,0,0,0,0,0,0,0,0,0,1,0,0,0,0,0,0,0,1,0,0,0,0,0,0,0,1,0,0,0,0,0,1,0,0,0,0,0,0,0,0,1,0,0,0,0,1,0,0,0,0,1,0,0,0,0,0,0,0,0,0,0,0,0,0,0,1,0,0,0,0,0,0,0,0,0,0,0,0,0,0,0,0,0,1,0,0,1,0,0,0,0,0,0,1,0,0,0,0,0,1,0,0,0,0,0,0,1,0,0,1,0,0
145,3,0.0,-0.12357451598818124,0.0,0.0,0.0,0.0,-0.5,0.0,-0.1875,-0.8157894736842105,1.209773472809011,0.0,0.0,-1.0,0.0,0.0,-0.2,1.3184979137691237,0.0,0.0,-0.14887849353915222,1.4608868958644743,-0.5,0.0,1.0489755253304933,0.0,0.0,0.3648561901933243,1.0,0.0,0.0,0.0,3.0,0.4638544907568095,0.0,2.0,0.0,-1.0,-0.5,-1.0,0.0,0.0949367088607595,0.0,0.0,0.0,0.0,-0.7117967261714493,0.0,0.0,0.0,0.0,0.0,0.0,0.0,11,2006,低利合約,異常交易(如法拍),125000,11.736077016252437,0,0,0,0,0,0,0,0,0,0,0,0,0,0,1,1,0,0,0,0,0,0,0,1,0,1,0,0,0,0,0,0,0,0,0,0,0,0,0,0,0,0,0,0,0,0,0,1,0,0,0,0,0,0,0,0,0,0,0,1,0,0,0,0,1,0,0,0,0,0,0,0,0,0,0,1,0,0,1,0,0,0,0,0,0,0,0,1,0,0,0,0,1,0,0,0,0,0,0,0,0,0,0,0,0,0,0,0,1,0,0,0,0,0,0,0,0,0,0,0,0,0,0,0,1,0,0,0,0,0,1,0,0,0,1,0,0,0,0,0,1,0,0,0,0,0,1,0,0,0,0,1,0,0,0,0,1,0,0
146,2,-3.412047956290646,-2.809272409690978,0.0,0.0,0.0,0.0,0.0,0.0,0.6666666666666666,0.3157894736842105,0.6973257995967101,1.0,0.0,0.0,0.0,0.0,-0.6,-0.5340751043115438,0.0,0.0,0.5829499996761087,-0.04982561036372696,0.5,0.0,-0.26552284582604324,1.0035814337182785,0.0,0.3394142567825216,0.0,0.0,0.0,0.0,0.0,0.0,1.0,0.5,-0.8993056227298617,-1.0,-0.5,-1.0,0.0,-0.4282700421940928,0.0,0.0,0.0,0.0,0.10653066162035559,0.0,0.0,0.0,0.0,0.0,0.0,0.0,4,2006,一般保證契約,一般交易,130000,11.775297421715827,0,0,0,0,0,0,0,0,0,1,0,0,0,0,0,1,0,0,0,0,0,0,0,1,0,1,0,0,0,0,0,0,0,0,0,0,0,0,0,0,0,1,0,0,0,0,0,0,0,0,0,0,0,0,0,0,1,0,0,0,0,0,0,0,1,0,0,0,0,0,0,0,0,1,0,0,0,0,0,0,0,1,0,0,0,0,0,1,0,0,0,0,1,0,0,0,0,1,0,0,0,0,0,0,0,0,0,0,0,0,0,0,1,0,0,0,0,0,0,0,0,0,0,0,0,0,0,0,0,1,0,0,0,1,0,0,0,0,0,0,1,0,0,0,0,0,1,0,0,0,0,1,0,0,0,0,1,0,0
147,3,-1.0745234809577138,-1.0097738386911663,0.0,0.0,0.0,0.0,-0.5,2.0,-0.8541666666666666,-0.02631578947368421,0.0,0.0,0.0,-1.0,0.0,0.0,0.0,-0.24339360222531292,0.0,0.0,0.04159156817297587,-0.558046836073742,-0.5,0.0,-0.4883650245632169,0.0,0.0,-1.1247150137717767,1.0,0.0,-1.0,0.0,-1.0,0.0,0.0,-0.5,0.0,-1.0,-0.5,-1.0,-1.0,-1.2721518987341771,-0.3466451177569989,0.0,0.0,0.6842336616220108,-0.7117967261714493,0.0,0.0,0.0,0.0,0.0,0.0,0.0,11,2009,一般保證契約,一般交易,105000,11.561725152903833,0,0,1,0,0,0,0,0,0,0,0,0,0,0,0,1,0,0,0,0,0,0,0,1,0,0,0,0,1,0,0,0,0,0,0,0,0,0,0,1,0,0,0,0,0,0,0,0,0,0,0,0,0,0,0,0,1,0,0,0,0,0,0,0,1,0,0,0,0,0,0,0,1,0,0,0,0,0,1,0,0,0,0,0,0,0,0,1,0,0,0,0,1,0,0,0,0,0,0,0,1,0,0,0,0,0,0,0,0,0,0,0,0,0,0,0,1,0,0,0,0,0,0,0,0,0,0,0,1,0,0,0,0,0,0,0,1,0,0,0,1,0,0,0,0,1,0,0,0,0,0,1,0,0,0,0,1,0,0
148,1,-0.2564764364743176,-0.023051286558056067,0.0,0.0,-1.0,0.0,0.5,0.0,0.6041666666666666,0.18421052631578946,1.0248235295832058,1.0,0.0,0.0,0.0,0.0,-0.6,-0.5340751043115438,0.0,0.0,0.502424545408486,-0.22122571001494767,0.5,0.0,-0.4663955722586705,1.1131404011389243,0.0,0.7461479492211485,0.0,0.0,0.0,1.0,0.0,0.0,1.0,1.0,0.0,0.0,0.5,1.0,0.0,-0.20042194092827004,0.0,0.0,0.0,0.9576843843402714,0.1584510203308132,0.0,0.0,0.0,0.0,0.0,0.0,0.0,5,2010,一般保證契約,一般交易,222500,12.312686874960354,0,0,0,0,0,0,0,0,1,0,0,0,0,0,0,0,1,0,0,0,0,0,0,1,0,0,0,1,0,0,0,0,0,0,0,1,0,0,0,0,0,0,0,0,0,0,0,0,0,0,0,0,0,0,0,0,1,0,0,0,0,0,0,0,1,0,0,0,0,0,0,0,1,0,0,0,0,0,0,0,0,1,0,0,0,0,0,1,0,0,0,0,1,0,0,0,0,1,0,0,0,0,0,0,0,0,0,0,0,0,0,0,1,0,0,0,0,0,0,0,0,0,0,0,0,0,0,0,0,0,1,0,0,1,0,0,0,0,0,0,1,0,0,0,0,0,1,1,0,0,0,0,0,0,0,0,1,0,0
149,4,-0.3637131127598576,-0.5621327824353822,0.0,0.0,0.0,0.0,0.5,0.0,0.6666666666666666,0.2894736842105263,0.9138838108751953,0.0,0.0,0.0,0.0,0.0,0.4,0.41168289290681503,0.0,0.0,-0.14120767334265066,0.16940707523667164,0.5,0.0,-0.02956272714981939,0.0,0.0,-0.6801689497345798,1.0,0.0,-1.0,0.0,0.0,0.0,1.0,0.0,0.0,-1.0,-0.5,-2.0,-2.0,-2.0316455696202533,-1.5409627556327752,-1.5409627556327752,0.0,0.0,-0.7117967261714493,0.0,0.0,0.0,0.0,0.0,0.0,0.0,4,2008,一般保證契約,一般交易,141000,11.856522261533737,0,0,0,1,0,0,0,0,0,0,0,0,0,0,0,0,1,0,0,0,0,0,0,1,0,1,0,0,0,0,0,0,0,0,0,0,0,0,0,0,0,0,0,0,0,0,0,0,0,0,0,0,0,1,0,0,1,0,0,0,0,0,0,0,1,0,0,0,0,0,0,0,1,0,0,0,0,0,1,0,0,0,0,0,0,0,0,1,0,0,0,0,1,0,0,0,0,1,0,0,0,0,0,0,0,0,0,0,0,0,0,0,1,0,0,0,0,0,0,0,0,0,0,0,0,0,0,0,0,0,1,0,0,1,0,0,0,0,0,0,1,0,0,0,0,0,1,0,0,0,1,0,0,0,0,0,1,0,0
150,4,-1.010234332078765,-0.9676140018005939,0.0,0.0,0.0,0.0,-0.5,-1.0,-0.75,-1.1578947368421053,0.0,0.0,0.0,0.0,0.0,0.0,-0.6,-0.5340751043115438,0.0,0.0,0.5140496340304217,-0.19730941704035873,0.0,0.0,-0.437396502737767,0.8883397683217057,0.0,-0.20312133951801922,0.0,0.0,-1.0,0.0,0.0,0.0,0.0,0.5,0.0,-1.0,-0.5,-1.0,-1.0,-1.018987341772152,-0.3466451177569989,0.0,0.0,1.04909594301192,0.42710626050754663,0.0,0.0,0.0,0.0,0.0,0.0,0.0,4,2006,一般保證契約,一般交易,115000,11.652696102959753,1,0,0,0,0,0,0,0,0,0,0,0,0,0,0,1,0,0,0,0,0,0,0,1,0,1,0,0,0,0,0,0,0,0,0,0,0,0,0,1,0,0,0,0,0,0,0,0,0,0,0,0,0,0,0,0,1,0,0,0,0,0,0,0,1,0,0,0,0,0,0,0,1,0,0,0,1,0,0,0,0,0,0,0,0,0,0,1,0,0,0,0,1,0,0,0,0,0,0,0,0,0,0,0,0,0,0,0,0,1,0,0,0,0,0,0,0,0,0,0,0,0,0,0,0,1,0,0,1,0,0,0,0,0,0,0,1,0,0,0,1,0,0,0,0,1,0,0,0,0,0,1,0,0,0,0,1,0,0
151,4,1.9599686345319214,0.1768349582460548,0.0,0.0,0.0,0.0,-0.5,1.0,0.0625,-0.5,0.0,0.0,0.0,-1.0,0.0,1.7473143510832982,0.0,0.4617524339360223,0.0,0.0,-0.47915646723833305,-0.051818634778276036,-0.5,0.0,-0.26777007583357654,0.0,0.0,-0.9109745491814499,0.0,0.0,-1.0,1.0,0.0,0.0,0.0,-0.5,0.0,-1.0,-0.5,-1.0,0.0,-0.1751054852320675,0.0,0.0,0.0,0.0,-0.7117967261714493,0.0,0.0,0.0,0.0,0.0,1.5409627556327752,0.0,1,2007,一般保證契約,一般交易,122000,11.711784520403112,0,0,0,1,0,0,0,0,0,0,0,0,0,0,0,0,1,0,0,0,0,0,0,1,0,0,0,0,1,0,0,0,0,0,0,0,1,0,0,0,0,0,0,0,0,0,0,0,0,0,0,0,0,0,0,0,1,0,0,0,0,0,0,0,1,0,0,0,0,0,0,0,1,0,0,0,0,0,1,0,0,0,0,0,0,0,0,1,0,0,0,0,1,0,0,0,0,0,0,0,0,0,0,0,0,0,0,0,1,0,0,0,0,0,0,0,0,0,0,0,0,0,0,0,1,0,0,0,1,0,0,0,0,0,1,0,0,0,0,0,1,0,0,0,0,0,1,0,0,0,0,0,0,1,0,0,1,0,0
152,3,1.5288579846359944,0.8812403380609517,0.0,0.0,0.0,0.0,1.0,0.0,0.7291666666666666,0.3684210526315789,1.2923500008875268,1.0,0.0,0.8422747575632559,0.0,2.3495966477454164,0.4,1.4130737134909597,0.0,0.0,-0.3321696161198583,1.425012456402591,0.5,0.0,1.0241058482839909,0.0,0.0,0.34075928155265717,1.0,0.0,0.0,0.0,-1.0,0.0,1.0,0.0,0.0,0.0,0.5,0.0,1.0,1.6223628691983123,0.0,0.0,0.0,0.0,0.3904380203072325,0.0,0.0,0.0,0.0,0.0,0.0,0.0,1,2008,新屋,預售屋(估價時未完工),372402,12.827731880206521,0,0,0,1,0,0,0,0,0,0,0,0,0,0,0,0,1,0,0,0,0,0,0,1,0,1,0,0,0,0,0,0,0,1,0,0,0,0,0,0,0,0,0,0,0,0,0,0,0,0,0,0,0,0,0,0,1,0,0,0,0,0,0,0,1,0,0,0,0,0,0,0,1,0,0,0,0,0,1,0,0,0,0,0,0,1,0,0,0,0,0,0,1,0,0,0,0,1,0,0,0,0,0,0,0,0,0,0,0,0,0,0,1,0,0,0,0,0,0,0,0,0,0,0,0,0,0,0,0,1,0,0,0,1,0,0,0,0,0,0,1,0,0,0,0,0,1,0,0,0,0,0,0,1,0,0,1,0,0
153,2,0.469964168048189,1.0378952701521769,0.0,0.0,-1.0,0.0,0.0,0.0,-0.020833333333333332,-0.6052631578947368,1.1223244183481267,0.0,0.0,-1.0,0.0,0.0,-0.2,0.04450625869262865,0.0,0.0,-0.1241833362120295,-0.3388141504733433,0.0,0.0,0.005063598101642671,1.0503157232589433,0.0,0.6969991682953767,0.0,0.0,0.0,1.0,1.0,0.0,0.0,1.0,0.0,0.0,0.5,0.0,0.0,0.056962025316455694,0.0,0.0,0.0,0.0,0.2530101222758353,0.0,0.0,0.0,0.0,0.0,1.1943176378757763,0.0,6,2006,一般保證契約,一般交易,190000,12.154784614286667,0,0,0,0,0,0,0,0,1,0,0,0,0,0,0,0,1,0,0,0,0,0,0,1,0,0,0,1,0,0,0,0,0,0,0,0,0,0,0,0,0,0,0,0,0,0,0,0,0,0,0,0,1,0,0,0,1,0,0,0,0,0,0,0,1,0,0,0,0,0,0,0,1,0,0,0,0,0,0,0,0,1,0,0,0,0,0,1,0,0,0,0,1,0,0,0,0,0,0,0,0,0,0,0,0,0,0,0,1,0,0,0,0,0,0,0,0,0,0,0,0,0,0,0,1,0,0,0,0,0,1,0,0,0,1,0,0,0,0,0,1,0,0,0,0,0,1,0,0,0,0,0,0,1,0,0,1,0,0
154,3,0.469964168048189,0.8113867578484935,0.0,0.0,0.0,0.0,0.0,2.0,-0.25,-0.5,0.0,0.0,0.0,0.0,0.0,2.3495966477454164,0.0,0.06258692628650904,1.3251783909391408,12.343354263952241,-1.1394832368473176,1.2097658196312904,0.0,0.0,0.301363705950684,0.0,0.0,-0.3595252996262973,1.0,0.0,-1.0,0.0,-2.0,0.0,0.0,-1.0,0.0,0.0,0.5,0.0,0.0,0.34810126582278483,0.0,0.0,0.0,1.2648914752149205,-0.7117967261714493,0.0,0.0,0.0,0.0,0.0,0.0,0.0,3,2008,一般保證契約,一般交易,235000,12.367345048436391,0,0,0,1,0,0,0,0,0,0,0,0,0,0,0,0,1,0,0,0,0,0,0,1,0,1,0,0,0,0,0,0,0,0,0,0,0,0,0,0,0,0,0,0,1,0,0,0,0,0,0,0,0,0,0,0,1,0,0,0,0,0,0,0,1,0,0,0,0,0,0,0,1,0,0,0,0,0,1,0,0,0,0,0,0,0,0,0,1,0,0,0,1,0,0,0,0,0,0,0,0,0,0,0,0,0,0,0,0,0,1,0,0,0,0,1,0,0,0,0,0,0,0,0,0,0,0,0,1,0,0,0,0,0,1,0,0,0,0,0,1,0,0,0,0,0,1,0,0,0,0,0,0,1,0,0,1,0,0
155,3,0.6442140439022846,0.39124988434607516,0.0,0.0,0.0,0.0,0.0,0.0,-1.0208333333333333,-1.1578947368421053,0.0,0.0,0.0,-1.0,0.0,0.0,-0.6,-0.5340751043115438,0.0,0.0,0.7718190232261343,0.408570004982561,-0.5,0.0,0.20561557921250928,0.0,0.0,-0.45229827203806827,0.0,0.0,-1.0,0.0,1.0,0.0,0.0,0.5,0.0,-1.0,-0.5,-1.0,-1.0,-0.7151898734177216,-0.3466451177569989,-0.3466451177569989,0.0,0.0,-0.7117967261714493,8.39538258223558,0.0,0.0,0.0,0.0,0.0,0.0,3,2006,一般保證契約,親友交易,125000,11.736077016252437,0,0,1,0,0,0,0,0,0,0,0,0,0,0,0,1,0,0,0,0,0,0,0,1,0,0,0,0,1,0,0,0,0,0,0,0,0,0,0,0,0,0,0,0,0,0,0,0,1,0,0,0,0,0,0,0,1,0,0,0,0,0,0,0,1,0,0,0,0,0,0,0,1,0,0,0,0,0,1,0,0,0,0,0,0,0,0,1,0,0,0,0,1,0,0,0,0,0,0,0,1,0,0,0,0,0,0,0,0,0,0,0,0,0,0,0,1,0,0,0,0,0,0,0,0,0,0,0,1,0,0,0,0,0,0,0,1,0,0,0,1,0,0,0,0,1,0,0,0,0,0,1,0,0,0,0,1,0,0
156,0,-0.5300358319518109,0.0,0.0,0.0,0.0,0.0,0.0,0.0,-1.0,-1.1578947368421053,0.0,0.0,0.0,-1.0,0.0,0.0,-0.6,-0.5340751043115438,0.0,0.0,0.13954978949443736,-0.8430493273542601,-1.0,-0.7304631471189668,-1.371595576865625,0.923484450799899,0.0,-0.6485798450560231,0.0,0.0,-1.0,0.0,-1.0,0.0,0.0,-0.5,0.0,-1.0,-0.5,-2.0,-2.0,-2.0316455696202533,-1.5409627556327752,-1.5409627556327752,-1.1943176378757763,0.0,-0.2832654482955514,7.15298821355506,0.0,0.0,0.0,0.0,0.0,0.0,4,2008,一般保證契約,一般交易,79000,11.277215789596893,1,0,0,0,0,0,0,0,0,0,0,0,0,0,0,0,1,0,0,0,0,0,0,1,0,0,0,0,1,0,0,0,0,0,0,0,0,0,0,0,0,1,0,0,0,0,0,0,0,0,0,0,0,0,0,0,0,0,0,0,1,0,0,0,1,0,0,0,0,0,0,0,1,0,0,0,1,0,0,0,0,0,0,0,0,0,0,1,0,0,0,0,1,0,0,0,0,0,0,0,1,0,0,0,0,0,0,0,0,0,0,0,0,0,0,0,1,0,0,0,0,0,0,0,0,0,0,0,1,0,0,0,0,0,0,0,1,0,0,0,0,1,0,0,1,0,0,0,0,0,1,0,0,0,0,0,1,0,0
157,4,-0.5300358319518109,-0.6530991973084603,0.0,0.0,0.0,0.0,-0.5,2.0,-0.4583333333333333,-1.1578947368421053,0.0,0.0,0.0,-6.515822458562748,-1.5409627556327752,-1.5747678672403655,-0.8,-0.5340751043115438,-0.7304631471189668,0.0,-3.1687229326517117,-1.9830592924763328,-0.5,0.0,-0.11289938297361748,0.0,0.0,-0.7609161093398232,0.0,0.0,-1.0,0.0,-1.0,0.0,0.0,-0.5,0.0,-1.0,-0.5,-1.0,0.0,0.6054852320675106,0.0,0.0,0.0,0.0,-0.7117967261714493,0.0,0.0,0.0,0.0,0.0,0.0,0.0,6,2006,一般保證契約,一般交易,109500,11.603688960617083,0,0,0,1,0,0,0,0,0,0,0,0,0,0,0,0,1,0,0,0,0,0,0,1,0,1,0,0,0,0,0,0,0,0,1,0,0,0,0,0,0,0,0,0,0,0,0,0,0,0,0,0,0,0,0,0,1,0,0,0,0,0,0,0,1,0,0,0,0,0,0,0,1,0,0,0,0,0,1,0,0,0,0,0,0,1,0,0,0,0,0,0,1,0,0,0,0,0,0,0,1,0,0,0,0,0,0,0,0,0,0,0,0,0,0,0,1,0,0,0,0,0,0,0,0,0,0,0,1,0,0,0,0,0,1,0,0,0,0,0,1,0,0,0,1,0,0,0,0,0,0,1,0,0,0,0,1,0,0
158,4,0.9727639507245631,0.5269633514690057,0.0,0.0,0.0,0.0,1.0,0.0,0.7708333333333334,0.42105263157894735,0.8219638675560355,1.0,0.0,0.8422747575632559,0.0,0.0,-0.6,-0.5340751043115438,0.0,0.0,0.38911071125429125,-0.4404583956153463,0.5,0.0,-0.7490597188456659,1.1225418961101574,0.0,0.6673245963779375,0.0,0.0,0.0,1.0,1.0,0.0,2.0,1.0,0.0,0.0,0.5,1.0,1.0,0.8375527426160337,0.0,0.0,0.0,0.0,0.2923750990621071,0.0,0.0,0.0,0.0,0.0,0.0,0.0,5,2010,新屋,預售屋(估價時未完工),269500,12.504327379899443,0,0,0,0,0,0,0,0,1,0,0,0,0,0,0,0,1,0,0,0,0,0,0,1,0,0,0,0,1,0,0,0,0,0,0,0,0,0,0,0,0,0,0,1,0,0,0,0,0,0,0,0,0,0,0,0,1,0,0,0,0,0,0,0,1,0,0,0,0,0,0,0,1,0,0,0,0,0,0,0,0,1,0,0,0,0,0,1,0,0,0,0,1,0,0,0,0,1,0,0,0,0,0,0,0,0,0,0,0,0,0,0,1,0,0,0,0,0,0,0,0,0,0,0,0,0,0,0,0,0,1,0,0,1,0,0,0,0,0,0,1,0,0,0,0,0,1,1,0,0,0,0,0,0,0,0,1,0,0
159,2,1.2781087050015416,0.6346006052668387,0.0,0.0,0.0,0.0,0.5,0.0,0.6666666666666666,0.2894736842105263,0.0,1.0,0.0,0.0,0.0,0.0,0.4,-0.22531293463143254,0.0,0.0,0.38364227196747175,-0.007972097658196313,0.5,0.0,-0.21877955683785047,1.066348310715454,0.0,0.6421494261233419,0.0,0.0,0.0,1.0,0.0,0.0,1.0,1.0,0.0,0.0,0.5,0.0,0.0,0.8291139240506329,0.0,0.0,0.0,0.0,0.4866113361447737,0.0,0.0,0.0,0.0,0.0,1.1943176378757763,0.0,5,2010,一般保證契約,一般交易,254900,12.448630513463613,0,0,0,0,0,0,0,0,1,0,0,0,0,0,0,0,0,0,1,0,0,0,0,1,0,0,0,0,1,0,0,0,0,0,0,0,0,0,0,0,0,0,0,0,0,0,0,0,0,0,1,0,0,0,0,0,1,0,0,0,0,0,0,0,1,0,0,0,0,0,0,0,1,0,0,0,0,0,0,0,0,1,0,0,0,0,0,1,0,0,0,0,1,0,0,0,0,1,0,0,0,0,0,0,0,0,0,0,0,0,0,0,1,0,0,0,0,0,0,0,0,0,0,0,0,0,0,0,1,0,0,0,0,1,0,0,0,0,0,0,1,0,0,0,0,0,1,0,0,0,0,0,0,1,0,0,1,0,0
160,2,2.3822512037697376,1.7181774517106578,0.0,0.0,-1.0,0.0,0.5,0.0,0.6875,0.3157894736842105,1.3068986674902843,1.0,0.0,0.0,0.0,1.0,0.4,-0.45479833101529904,0.0,0.0,0.8687506396777964,0.7912306925759841,0.5,0.0,0.5433077218945629,1.0945895408776634,0.0,1.2022571530696704,1.0,0.0,0.0,1.0,1.0,0.0,1.0,1.5,0.0,0.0,0.5,0.0,0.0,0.3987341772151899,0.0,0.0,0.0,1.1006422968896734,0.4764282997668467,0.0,7.724358962810531,0.0,0.0,0.0,0.0,0.0,3,2006,新屋,預售屋(估價時未完工),320000,12.676079399771027,0,0,0,0,0,0,0,0,1,0,0,0,0,0,0,0,1,0,0,0,0,0,1,0,0,0,0,0,1,0,0,0,0,0,0,1,0,0,0,0,0,0,0,0,0,0,0,0,0,0,0,0,0,0,0,0,1,0,0,0,0,0,0,0,1,0,0,0,0,0,0,0,1,0,0,0,0,0,0,0,0,1,0,0,0,0,0,1,0,0,0,0,1,0,0,0,0,1,0,0,0,0,0,0,0,0,0,0,0,0,0,0,1,0,0,0,0,0,0,0,0,0,0,0,0,0,0,0,0,0,1,0,0,1,0,0,0,0,0,0,1,0,0,0,0,0,1,0,0,0,0,0,0,1,0,0,1,0,0
161,2,-0.10068914480903793,0.3447250517514982,0.0,0.0,-1.0,0.0,0.0,1.0,0.25,-0.2631578947368421,0.0,0.0,0.0,0.0,0.0,0.0,0.0,0.38386648122392214,0.0,0.0,0.13954978949443736,0.47234678624813153,-0.5,0.0,0.26494448870336296,0.0,0.0,-0.39481287288799866,0.0,0.0,0.0,0.0,0.0,0.0,0.0,0.0,0.0,-1.0,-0.5,-1.0,0.0,0.14556962025316456,0.0,0.0,0.0,0.0,-0.7117967261714493,0.0,0.0,0.0,0.0,0.0,0.0,0.0,6,2008,一般保證契約,一般交易,162500,11.998439434579149,0,0,0,1,0,0,0,0,0,0,0,0,0,0,0,0,1,0,0,0,0,0,0,1,0,0,0,1,0,0,0,0,0,0,0,0,0,0,0,0,0,0,1,0,0,0,0,0,0,0,0,0,0,0,0,0,1,0,0,0,0,0,0,0,1,0,0,0,0,0,0,0,1,0,0,0,0,0,1,0,0,0,0,0,0,0,0,1,0,0,0,0,1,0,0,0,0,0,0,1,0,0,0,0,0,0,0,0,0,0,0,0,0,0,0,1,0,0,0,0,0,0,0,0,0,0,0,0,1,0,0,0,0,1,0,0,0,0,0,0,1,0,0,0,0,0,1,0,0,0,0,0,0,1,0,0,1,0,0
162,4,1.6321111498351177,0.8451852902727736,0.0,0.0,-1.0,0.0,1.5,0.0,0.6458333333333334,0.2631578947368421,1.4327655650950961,1.0,0.0,0.8422747575632559,0.0,1.7473143510832982,0.4,0.8789986091794159,0.0,0.0,0.11671970406292045,1.1499750871948182,0.5,0.0,0.8256761146493867,1.1006704107516547,0.0,1.3986236863374322,1.0,0.0,0.0,1.0,0.0,0.0,2.0,2.0,0.0,1.0,0.5,1.0,1.0,1.0316455696202531,0.0,0.0,0.0,1.2578185046636787,-0.7117967261714493,0.0,0.0,0.0,0.0,0.0,0.0,0.0,3,2008,一般保證契約,一般交易,412500,12.929993908996359,0,0,0,0,0,0,0,0,1,0,0,0,0,0,0,0,1,0,0,0,0,0,0,1,0,1,0,0,0,0,0,0,0,1,0,0,0,0,0,0,0,0,0,0,0,0,0,0,0,0,0,0,0,0,0,0,1,0,0,0,0,0,0,0,1,0,0,0,0,0,0,0,1,0,0,0,0,0,0,0,0,1,0,0,0,0,0,1,0,0,0,0,1,0,0,0,0,1,0,0,0,0,0,0,0,0,0,0,0,0,0,0,1,0,0,0,0,0,0,0,0,0,0,0,0,0,0,0,0,0,1,0,0,1,0,0,0,0,0,0,1,0,0,0,0,0,1,1,0,0,0,0,0,0,0,0,1,0,0
163,0,1.0897935338065554,0.56250985919432,0.0,0.0,0.0,0.0,0.5,0.0,0.6875,0.2894736842105263,1.0902154929504515,1.0,0.0,0.0,0.0,1.0,0.0,1.1363004172461753,0.0,0.0,-0.2638204224237761,1.0881913303437967,0.5,0.0,0.7790743004496015,0.0,0.0,0.10334152935563175,0.0,0.0,0.0,0.0,0.0,0.0,1.0,0.5,0.0,0.0,0.5,0.0,0.0,0.21308016877637131,0.0,0.0,0.0,0.0,0.2710282619567992,0.0,0.0,0.0,0.0,0.0,0.0,0.0,5,2010,新屋,預售屋(估價時未完工),220000,12.301387370778713,0,0,0,1,0,0,0,0,0,0,0,0,0,0,0,0,1,0,0,0,0,0,0,1,0,0,0,0,1,0,0,0,0,1,0,0,0,0,0,0,0,0,0,0,0,0,0,0,0,0,0,0,0,0,0,0,1,0,0,0,0,0,0,0,1,0,0,0,0,0,0,0,1,0,0,0,0,0,1,0,0,0,0,0,0,0,0,1,0,0,0,0,1,0,0,0,0,1,0,0,0,0,0,0,0,0,0,0,0,0,0,0,1,0,0,0,0,0,0,0,0,0,0,0,0,0,0,0,0,0,1,0,0,1,0,0,0,0,0,0,1,0,0,0,0,0,1,0,0,0,0,0,0,1,0,0,1,0,0
165,1,-1.8614282606963264,-1.2785937116516177,0.0,1.1943176378757763,0.0,0.0,0.0,2.0,-0.9583333333333334,0.2631578947368421,0.0,0.0,0.2793713480100486,-1.0,0.0,1.0,-0.4,-0.019471488178025034,0.0,0.0,0.3945492441064854,0.30692575984055803,0.0,0.0,0.1082224736376227,0.8975743008582895,0.0,0.21130296216911032,0.0,0.0,0.0,0.0,0.0,0.0,1.0,-0.5,0.0,-1.0,-0.5,-1.0,-1.0,-1.120253164556962,0.0,0.0,0.0,0.0,-0.7117967261714493,7.909100235945503,0.0,0.0,0.0,0.0,0.0,0.0,10,2007,一般保證契約,一般交易,152000,11.931642378754141,0,0,0,0,1,0,0,0,0,0,0,0,0,0,0,1,0,0,0,0,0,0,0,1,0,0,0,0,1,0,0,0,0,0,0,0,0,0,0,0,0,0,0,0,0,0,0,0,1,0,0,0,0,0,0,0,1,0,0,0,0,0,0,0,1,0,0,0,0,0,0,0,1,0,0,0,0,0,1,0,0,0,0,0,0,0,0,1,0,0,0,0,1,0,0,0,0,0,0,0,0,0,0,0,0,0,0,0,0,1,0,0,0,0,0,0,0,0,0,0,0,0,0,0,0,1,0,0,1,0,0,0,0,0,0,0,1,0,0,0,1,0,0,0,0,1,0,0,0,0,0,1,0,0,0,0,1,0,0
166,1,-0.41840364506359273,0.11960842629901534,0.0,0.0,0.0,0.0,-0.5,2.0,-0.6666666666666666,0.13157894736842105,0.0,0.0,0.2793713480100486,-1.0,0.0,0.0,0.2,-0.0458970792767733,0.8104996085138084,7.885224873775467,-1.0245031731507022,-0.6995515695067265,0.0,0.0,-0.6582340368106286,0.9332657547989559,0.0,-0.185034650883649,1.0,0.0,0.0,0.0,1.0,0.4638544907568095,0.0,0.0,0.0,-1.0,-0.5,-2.0,-2.0,-2.0316455696202533,-1.5409627556327752,-1.5409627556327752,0.0,0.950060361690953,-0.7117967261714493,0.0,0.0,0.0,0.0,0.0,0.0,0.0,9,2008,一般保證契約,一般交易,127500,11.755879486687116,0,0,0,0,0,0,0,0,0,0,1,0,0,0,0,0,1,0,0,0,0,0,0,1,0,1,0,0,0,0,0,0,0,0,0,0,0,0,0,0,0,1,0,0,0,0,0,0,0,0,0,0,0,0,0,0,1,0,0,0,0,0,0,0,1,0,0,0,0,0,0,1,0,0,0,0,1,0,0,0,0,0,0,0,0,0,0,1,0,0,0,0,1,0,0,0,0,0,0,0,1,0,0,0,0,0,0,0,0,0,0,0,0,0,0,0,1,0,0,0,0,0,0,0,0,0,0,0,1,0,0,0,0,0,0,0,1,0,0,0,1,0,0,0,0,0,1,0,0,0,1,0,0,0,0,0,1,0,0
167,0,0.469964168048189,0.2554511599422373,0.0,0.0,-1.0,0.0,-0.5,0.0,-0.3541666666666667,-0.02631578947368421,0.0,1.0,0.0,-1.0,0.0,0.0,-0.4,-0.006954102920723227,1.089870956523857,11.396658166096783,-0.016504961981162105,1.2396611858495266,0.5,0.0,1.2339469768281754,0.0,0.0,0.5440800763554531,1.0,0.0,-1.0,0.0,-1.0,0.0,0.0,0.5,0.0,2.0,0.5,1.0,-1.0,-0.7531645569620253,0.0,0.0,0.0,1.3137571328028819,-0.7117967261714493,0.0,0.0,7.368227644721959,0.0,0.0,1.1943176378757763,0.0,11,2009,法院或遺產拍賣,一般交易,190000,12.154784614286667,0,0,0,1,0,0,0,0,0,0,0,0,0,0,0,0,1,0,0,0,0,0,0,1,0,1,0,0,0,0,0,0,0,0,0,0,0,0,0,0,0,0,0,0,1,0,0,0,0,0,0,0,0,0,0,0,1,0,0,0,0,0,0,0,1,0,0,0,0,0,0,0,1,0,0,0,0,0,1,0,0,0,0,0,0,1,0,0,0,0,0,0,1,0,0,0,0,0,0,0,1,0,0,0,0,0,0,0,0,0,0,0,0,0,0,0,1,0,0,0,0,0,0,0,0,0,0,0,1,0,0,0,0,0,1,0,0,0,0,0,1,0,0,0,0,1,0,0,0,0,0,0,0,1,0,0,1,0,0
168,0,0.7287389043336142,0.22311387744415406,0.0,0.0,0.0,0.0,1.0,0.0,0.7291666666666666,0.34210526315789475,1.1748641908549722,1.0,0.0,0.8422747575632559,0.0,0.0,0.4,1.2573018080667593,0.0,0.0,-0.3709470467432487,1.169905331340309,0.5,0.0,0.8817475805206673,0.9349310993143092,0.0,0.8885930238881494,1.0,0.0,-1.0,1.0,0.0,0.0,2.0,1.0,0.0,0.0,0.5,1.0,1.0,1.2974683544303798,0.0,0.0,0.0,1.0161348417391396,0.44423404373352443,0.0,0.0,0.0,0.0,0.0,0.0,0.0,11,2007,新屋,預售屋(估價時未完工),325624,12.693501691489768,0,0,0,0,0,0,0,0,1,0,0,0,0,0,0,0,1,0,0,0,0,0,0,1,0,1,0,0,0,0,0,0,0,1,0,0,0,0,0,0,0,0,0,0,0,0,0,0,0,0,0,0,0,0,0,0,1,0,0,0,0,0,0,0,1,0,0,0,0,0,0,0,1,0,0,0,0,0,0,0,0,1,0,0,0,0,0,1,0,0,0,0,1,0,0,0,0,1,0,0,0,0,0,0,0,0,0,0,0,0,0,0,1,0,0,0,0,0,0,0,0,0,0,0,0,0,0,0,0,1,0,0,0,1,0,0,0,0,0,0,1,0,0,0,0,0,1,0,0,0,0,0,0,1,0,0,1,0,0
170,0,0.6866853341578308,1.334402668118044,0.0,0.0,-1.0,0.0,1.0,1.0,0.1875,-0.34210526315789475,1.4270169181722927,1.0,0.0,0.0,0.0,0.0,-0.6,-0.5340751043115438,0.0,0.0,1.0865012050307996,1.377179870453413,-0.5,0.0,1.0199393010749278,0.0,0.0,0.33672220028070954,0.0,0.0,0.0,1.0,-1.0,0.0,0.0,0.0,0.0,0.0,0.25,0.0,0.0,0.12447257383966245,0.0,0.0,0.0,1.3756323999897915,0.24365563892796488,0.0,0.0,0.0,0.0,0.0,0.0,0.0,1,2006,一般保證契約,一般交易,228000,12.337105293891872,0,0,0,1,0,0,0,0,0,0,0,0,0,0,0,0,1,0,0,0,0,0,0,1,0,0,0,0,1,0,0,0,0,0,0,0,0,0,0,0,0,0,0,1,0,0,0,0,0,0,0,0,0,0,0,0,1,0,0,0,0,0,0,0,1,0,0,0,0,0,0,0,1,0,0,0,0,0,1,0,0,0,0,0,0,1,0,0,0,0,1,0,0,0,0,0,0,0,0,1,0,0,0,0,0,0,0,0,0,0,0,0,0,0,0,1,0,0,0,0,0,0,0,0,0,0,0,0,0,0,1,0,0,0,1,0,0,0,0,0,1,0,0,0,0,0,1,0,0,0,0,0,0,1,0,0,1,0,0
171,0,-0.5300358319518109,0.5970303881076579,0.0,0.0,-1.0,0.0,-0.5,1.0,-0.6458333333333334,-1.1578947368421053,0.0,0.0,0.0,-1.0,0.0,0.0,-0.2,-0.03337969401947149,0.0,0.0,-0.2210427374494082,-0.5480817140009965,-0.5,0.0,-0.5403829155777894,0.0,10.410943347638751,-0.14116320141851466,0.0,0.0,-1.0,1.0,-1.0,0.0,0.0,0.5,0.0,-1.0,-0.5,-1.0,0.0,0.7531645569620253,0.0,0.0,0.0,1.0981789173802927,-0.7117967261714493,0.0,0.0,0.0,0.0,0.0,0.0,0.0,5,2007,一般保證契約,一般交易,128500,11.763691965388299,1,0,0,0,0,0,0,0,0,0,0,0,0,0,0,1,0,0,0,0,0,0,0,1,0,1,0,0,0,0,0,0,0,0,0,0,0,0,0,0,0,0,0,0,0,0,0,0,1,0,0,0,0,0,0,0,0,0,0,0,0,0,1,0,1,0,0,0,0,0,0,0,1,0,0,0,1,0,0,0,0,0,0,0,0,0,0,1,0,0,0,0,1,0,0,0,0,0,0,0,0,0,0,0,0,0,0,0,0,1,0,0,0,0,0,0,0,0,0,0,0,0,0,0,0,1,0,0,1,0,0,0,0,0,1,0,0,0,0,0,1,0,0,0,0,0,1,0,0,0,0,1,0,0,0,0,1,0,0
172,3,2.5795848766897036,3.040859070339948,0.0,0.0,-1.0,0.0,0.0,0.0,-0.25,-0.8947368421052632,0.8956967416413689,0.0,0.0,-1.0,0.2793713480100486,2.3495966477454164,0.0,0.35465924895688455,0.0,0.0,-0.06611780686660854,0.16940707523667164,-1.0,0.0,0.9481386775147665,0.0,0.0,0.267152617087611,1.0,0.0,-1.0,0.0,0.0,0.0,0.0,0.5,0.0,1.0,0.5,1.0,0.0,0.1962025316455696,0.0,0.0,-0.4638544907568095,1.063073056323814,0.23405321594603573,0.0,0.0,0.0,0.0,0.0,0.0,0.0,5,2010,一般保證契約,一般交易,215000,12.278397958261774,0,0,0,1,0,0,0,0,0,0,0,0,0,0,0,0,1,0,0,0,0,0,0,1,0,0,0,0,1,0,0,0,0,0,1,0,0,0,0,0,0,0,0,0,0,0,0,0,0,0,0,0,0,0,0,0,1,0,0,0,0,0,0,0,1,0,0,0,0,0,0,0,1,0,0,0,0,0,1,0,0,0,0,0,0,1,0,0,0,0,0,0,1,0,0,0,0,0,0,0,0,0,0,0,0,0,0,0,0,0,1,0,0,0,0,1,0,0,0,0,0,0,0,0,0,0,0,0,0,1,0,0,0,0,1,0,0,0,0,0,1,0,0,0,0,0,1,0,0,0,0,0,0,1,0,0,1,0,0
173,4,-1.5565538176877765,-1.3159072896586161,0.0,0.0,-1.0,0.0,0.5,2.0,0.3125,-0.18421052631578946,0.0,1.0,0.2793713480100486,0.0,0.2793713480100486,0.0,0.4,0.15438108484005564,0.8104996085138084,8.263917622663179,-0.23365998383730394,0.1375186846038864,0.0,0.0,-0.06257764722180012,0.991686349349938,0.0,0.4163432228286604,1.0,0.0,0.0,0.0,-1.0,0.0,1.0,-0.5,0.0,0.0,0.25,0.0,0.0,0.0949367088607595,0.2793713480100486,0.0,0.0,1.289015514579938,0.06951502783946585,0.0,0.0,0.0,0.0,0.0,0.0,0.0,6,2006,一般保證契約,一般交易,239000,12.384223015005313,0,0,0,0,0,0,0,0,0,1,0,0,0,0,0,0,1,0,0,0,0,0,0,1,0,1,0,0,0,0,0,0,0,0,0,0,0,0,0,0,0,0,0,0,0,1,0,0,0,0,0,0,0,0,0,0,1,0,0,0,0,0,0,0,1,0,0,0,0,0,0,0,0,0,1,0,0,0,0,0,0,1,0,0,0,0,0,1,0,0,0,0,1,0,0,0,0,0,0,0,0,0,0,0,0,0,0,0,1,0,0,0,0,0,0,0,0,0,0,0,0,0,0,0,1,0,0,0,1,0,0,0,0,1,0,0,0,0,0,0,1,0,0,0,0,0,1,0,0,0,0,0,0,1,0,0,1,0,0
174,2,0.469964168048189,0.14057674033711806,0.0,0.0,-1.0,0.0,0.0,0.0,-0.22916666666666666,-0.868421052631579,1.3311044865141641,0.0,0.0,-1.0,0.0,0.0,0.2,-0.13351877607788595,0.8104996085138084,9.551935879863963,0.30491768428552124,0.7314399601395117,-0.5,0.0,0.49326203998751206,0.0,0.0,-0.1735897679772439,1.0,0.0,-1.0,1.0,0.0,0.0,0.0,0.0,0.0,0.0,0.25,-1.0,0.0,0.0949367088607595,0.0,0.0,0.0,0.0,-0.07642330536929036,0.0,0.0,0.0,0.0,0.0,0.0,0.0,6,2008,法院或遺產拍賣,一般交易,163000,12.001511614739405,0,0,0,1,0,0,0,0,0,0,0,0,0,0,0,0,1,0,0,0,0,0,0,1,0,1,0,0,0,0,0,0,0,0,1,0,0,0,0,0,0,0,0,0,0,0,0,0,0,0,0,0,0,0,0,0,1,0,0,0,0,0,0,0,1,0,0,0,0,0,0,0,1,0,0,0,0,0,1,0,0,0,0,0,0,0,0,1,0,0,0,0,1,0,0,0,0,0,0,0,0,1,0,0,0,0,0,0,0,0,0,0,0,0,0,0,0,1,0,0,0,0,0,0,0,0,0,1,0,0,0,0,0,0,1,0,0,0,0,0,1,0,0,0,0,0,1,0,0,0,0,0,0,1,0,0,1,0,0
175,2,-1.3426751369670462,0.6083149442728063,0.0,0.0,-1.0,0.0,0.0,0.0,0.2916666666666667,-0.21052631578947367,0.9393345256467777,0.0,0.0,0.0,-0.3466451177569989,0.0,0.2,1.4102920723226704,0.4638544907568095,8.190318298434116,-3.1687229326517117,1.2177379172894869,-0.5,0.0,0.9409986939446882,0.0,0.0,0.26023449219751554,1.0,0.0,0.0,0.0,0.0,0.0,0.0,0.5,-0.3846268403045294,0.0,0.25,1.0,0.0,0.5675105485232067,0.0,0.0,0.0,1.0374820403803926,-0.7117967261714493,0.0,0.0,0.0,0.0,0.0,0.0,0.0,11,2008,一般保證契約,一般交易,184000,12.122696471358964,0,0,0,1,0,0,0,0,0,0,0,0,0,0,0,0,1,0,0,0,0,0,0,1,0,1,0,0,0,0,0,0,0,0,0,0,0,0,0,0,0,0,0,1,0,0,0,0,0,0,0,0,0,0,0,0,1,0,0,0,0,0,0,0,1,0,0,0,0,0,0,0,1,0,0,0,0,0,1,0,0,0,0,0,0,0,0,1,0,0,0,0,1,0,0,0,0,1,0,0,0,0,0,0,0,0,0,0,0,0,0,0,0,0,0,1,0,0,0,0,0,0,0,0,0,0,0,0,0,1,0,0,0,0,1,0,0,0,0,0,1,0,0,0,0,0,1,0,0,0,0,0,0,1,0,0,1,0,0
177,4,1.1660978103223227,0.10174029177559661,0.0,0.0,-1.0,0.0,0.0,0.0,0.3333333333333333,-0.13157894736842105,1.1407143511712428,1.0,0.0,0.0,0.0,0.0,0.4,0.6216968011126565,0.0,0.0,-0.30878660736209895,0.3109118086696562,-0.5,0.0,0.13724243915219178,1.0503157232589433,0.0,0.7749954745433728,0.0,0.7304631471189668,0.0,1.0,1.0,0.0,0.0,1.0,0.0,0.0,0.25,-1.0,0.0,0.16666666666666666,0.0,0.0,0.0,0.0,0.6705484948721427,0.0,0.0,8.013883697367243,0.0,0.0,0.0,0.0,9,2007,一般保證契約,一般交易,211000,12.259618151783465,0,0,0,0,0,0,0,0,1,0,0,0,0,0,0,0,1,0,0,0,0,0,0,1,0,0,0,0,1,0,0,0,0,0,0,0,0,0,0,0,0,0,0,0,1,0,0,0,0,0,0,0,0,0,0,0,1,0,0,0,0,0,0,0,1,0,0,0,0,0,0,0,1,0,0,0,0,0,0,0,0,1,0,0,0,0,0,1,0,0,0,0,1,0,0,0,0,0,0,1,0,0,0,0,0,0,0,0,0,0,0,0,0,0,0,1,0,0,0,0,0,0,0,0,0,0,0,0,0,0,1,0,0,1,0,0,0,0,0,0,1,0,0,0,0,0,1,0,0,0,0,0,0,1,0,0,1,0,0
178,4,0.0247951663920471,0.8383856261397705,0.0,0.0,0.0,0.0,-0.5,0.0,-0.2916666666666667,-0.9473684210526315,0.0,1.0,0.2793713480100486,-1.0,0.0,0.0,0.2,-0.45479833101529904,1.089870956523857,9.956818543247373,0.11382687545140531,0.11360239162929746,0.5,0.0,0.301363705950684,0.9796152048559065,0.0,0.6094401620610518,1.0,0.0,0.0,0.0,1.0,0.0,1.0,1.0,0.0,0.0,0.5,-1.0,0.0,-0.12869198312236288,0.0,0.0,0.0,0.0,-0.7117967261714493,0.0,0.0,0.0,0.0,0.0,0.0,0.0,7,2006,一般保證契約,一般交易,172500,12.058158312538197,1,0,0,0,0,0,0,0,0,0,0,0,0,0,0,0,1,0,0,0,0,0,0,1,0,1,0,0,0,0,0,0,0,0,0,0,0,0,0,0,0,0,0,0,0,0,0,1,0,0,0,0,0,0,0,0,1,0,0,0,0,0,0,0,1,0,0,0,0,0,0,0,1,0,0,0,1,0,0,0,0,0,0,0,0,0,0,1,0,0,0,0,1,0,0,0,0,0,0,0,0,0,0,0,0,0,0,0,0,1,0,0,0,0,0,0,0,0,0,0,0,0,0,0,0,1,0,0,1,0,0,0,0,0,1,0,0,0,0,0,1,0,0,0,0,0,1,0,0,0,0,0,0,1,0,0,1,0,0
179,2,-0.3637131127598576,1.4462519348278047,0.0,0.0,-1.0,0.0,1.5,0.0,0.75,0.39473684210526316,1.4741819963608576,1.8422747575632559,0.0,0.8422747575632559,0.0,0.0,0.4,2.114047287899861,0.0,0.0,-0.32744239765657424,2.4334828101644246,0.5,0.0,1.6713811268939516,0.0,0.0,0.967921959413816,1.0,0.0,0.0,0.0,-2.0,0.0,2.0,1.5,0.0,0.0,0.5,1.0,1.0,2.888185654008439,0.0,0.0,0.0,0.0,0.22418808858595582,0.0,0.0,0.0,0.0,0.0,0.0,0.0,7,2009,新屋,預售屋(估價時未完工),501837,13.126032637428713,0,0,0,1,0,0,0,0,0,0,0,0,0,0,0,0,1,0,0,0,0,0,0,1,0,0,0,1,0,0,0,0,0,0,0,0,0,0,0,0,0,0,0,0,0,1,0,0,0,0,0,0,0,0,0,0,1,0,0,0,0,0,0,0,1,0,0,0,0,0,0,0,1,0,0,0,0,0,1,0,0,0,0,0,0,1,0,0,0,0,0,0,1,0,0,0,0,1,0,0,0,0,0,0,0,0,0,0,0,0,0,0,1,0,0,0,0,0,0,0,0,0,0,0,0,0,0,0,0,1,0,0,0,1,0,0,0,0,0,0,1,0,0,0,0,0,1,0,0,0,0,0,0,1,0,0,1,0,0
180,3,-0.5300358319518109,-0.2743694711187289,0.0,0.0,0.0,0.0,-0.5,1.0,-1.0208333333333333,0.3157894736842105,0.0,1.0,0.0,-1.0,0.0,0.0,-0.6,-0.5340751043115438,0.0,0.0,0.5811474798274509,-0.053811659192825115,-0.5,0.0,-0.2700192759268346,0.0,0.0,-0.9131538605195295,0.0,0.0,-1.0,0.0,-1.0,0.0,0.0,-0.5,0.0,-1.0,-0.5,-1.0,0.0,-0.006329113924050633,-0.3466451177569989,0.0,-1.1943176378757763,0.0,-0.7117967261714493,7.920955300440635,0.0,0.0,0.0,0.0,0.0,0.0,7,2007,一般保證契約,一般交易,100000,11.51293546492023,0,0,1,0,0,0,0,0,0,0,0,0,0,0,0,1,0,0,0,0,0,0,0,1,0,1,0,0,0,0,0,0,0,0,0,0,0,0,0,0,0,0,0,0,0,0,0,0,1,0,0,0,0,0,0,0,1,0,0,0,0,0,0,0,1,0,0,0,0,0,0,0,1,0,0,0,0,0,1,0,0,0,0,0,0,0,0,1,0,0,0,0,1,0,0,0,0,0,0,0,1,0,0,0,0,0,0,0,0,0,0,0,0,0,0,0,1,0,0,0,0,0,0,0,0,0,0,0,1,0,0,0,0,0,1,0,0,0,0,0,1,0,0,0,0,0,1,0,0,0,0,1,0,0,0,0,1,0,0
181,4,0.17054485960394422,-3.137131418182791,0.0,0.0,0.0,0.0,0.0,0.0,0.5833333333333334,0.15789473684210525,1.3068986674902843,1.0,0.0,0.0,0.0,0.0,0.4,0.07232267037552156,0.0,0.0,-0.30878660736209895,-0.4763328350772297,0.5,0.0,-0.7627008751590975,1.009028359369115,0.0,0.07973368071170597,0.0,0.0,0.0,1.0,0.0,0.0,1.0,-0.5,0.0,0.0,0.25,-1.0,0.0,-0.1751054852320675,0.0,0.0,0.0,0.0,-0.7117967261714493,0.0,0.0,0.0,0.0,0.0,0.0,0.0,6,2007,一般保證契約,一般交易,177000,12.083910661257521,0,0,0,0,0,0,0,0,0,1,0,0,0,0,0,0,0,0,1,0,0,0,0,1,0,1,0,0,0,0,0,0,0,0,0,0,0,0,0,0,0,0,0,0,0,0,0,0,0,0,1,0,0,0,0,0,1,0,0,0,0,0,0,0,1,0,0,0,0,0,0,0,0,1,0,0,0,0,0,0,0,1,0,0,0,0,0,1,0,0,0,0,1,0,0,0,0,0,0,0,0,0,0,0,0,0,0,0,0,1,0,0,0,0,0,0,0,0,0,0,0,0,0,0,0,1,0,0,0,0,1,0,0,1,0,0,0,0,0,0,1,0,0,0,0,0,1,0,0,0,0,1,0,0,0,0,1,0,0
182,3,-0.8846900034520899,-0.5360362341724774,0.0,0.0,0.0,0.0,0.5,1.0,-1.0833333333333333,-1.1578947368421053,0.0,0.0,0.0,-2.24080411332851,0.0,0.0,-0.4,-0.04450625869262865,0.0,0.0,-0.06611780686660854,-0.4025909317389138,0.0,0.0,-0.42541079744364046,1.0516860393950478,0.0,0.46173403900625287,0.0,0.0,-1.0,1.0,1.0,0.0,0.0,1.5,0.0,0.0,0.5,-1.0,-1.0,-1.120253164556962,-0.3466451177569989,0.0,0.0,0.0,-0.7117967261714493,4.969939052451074,0.0,0.0,0.0,0.0,0.0,0.0,7,2006,一般保證契約,一般交易,200100,12.206577518060588,0,0,0,0,0,0,0,1,0,0,0,0,0,0,0,0,1,0,0,0,0,0,0,1,0,1,0,0,0,0,1,0,0,0,0,0,0,0,0,0,0,0,0,0,0,0,0,0,0,0,0,0,0,0,0,0,1,0,0,0,0,0,0,0,1,0,0,0,0,0,0,0,1,0,0,0,0,0,0,0,0,1,0,0,0,0,0,1,0,0,0,0,1,0,0,0,0,0,0,0,0,0,0,0,1,0,0,0,0,0,0,0,0,0,0,0,0,0,0,0,1,0,0,0,0,0,0,0,1,0,0,0,0,0,0,0,1,0,0,0,1,0,0,0,0,0,1,0,0,0,0,1,0,0,0,0,1,0,0
183,3,-0.5300358319518109,-0.13370788367942096,0.0,0.0,0.0,0.0,-0.5,1.0,-0.3125,0.3157894736842105,0.8610539451068921,0.0,0.0,-6.515822458562748,-1.5409627556327752,-1.5747678672403655,-0.8,-0.5340751043115438,-0.7304631471189668,0.0,-3.1687229326517117,-1.9830592924763328,0.5,0.0,0.4559633368627066,0.0,0.0,-0.20972949910174626,0.0,0.0,-1.0,0.0,0.0,0.0,0.0,0.5,0.0,0.0,0.5,0.0,-1.0,-0.9683544303797469,0.0,0.0,0.0,0.9000182012644696,-0.7117967261714493,0.0,7.873203454932759,0.0,0.0,0.0,1.5409627556327752,0.0,6,2007,一般保證契約,一般交易,120000,11.695255355062795,0,0,0,1,0,0,0,0,0,0,0,0,0,0,0,0,1,0,0,0,0,0,0,1,0,1,0,0,0,0,0,0,0,0,0,0,0,0,0,0,0,1,0,0,0,0,0,0,0,0,0,0,0,0,0,0,0,0,0,0,1,0,0,0,1,0,0,0,0,0,0,0,1,0,0,0,0,0,1,0,0,0,0,0,0,1,0,0,0,0,0,0,1,0,0,0,0,0,0,0,1,0,0,0,0,0,0,0,0,0,0,0,0,0,0,0,1,0,0,0,0,0,0,0,0,0,0,0,0,0,1,0,0,1,0,0,0,0,0,0,1,0,0,0,0,0,1,0,0,0,0,0,0,1,0,0,1,0,0
184,3,-0.3637131127598576,0.40922850228888535,0.0,0.0,0.0,0.0,0.5,0.0,0.6458333333333334,0.23684210526315788,0.0,0.0,0.0,0.0,0.0,0.0,-0.6,-0.5340751043115438,0.0,0.0,0.8871301574639114,0.7314399601395117,0.5,0.0,0.49326203998751206,0.997366356257112,0.0,0.8001362975078098,0.0,0.0,0.0,1.0,0.0,0.0,1.0,0.0,-0.6199342747198131,-1.0,-0.5,-1.0,0.0,0.010548523206751054,0.0,0.0,-1.1943176378757763,1.1476524376136505,0.6864997375425003,0.0,0.0,0.0,0.0,0.0,0.0,0.0,6,2008,一般保證契約,一般交易,200000,12.206077645517674,1,0,0,0,0,0,0,0,0,0,0,0,0,0,0,1,0,0,0,0,0,0,0,1,0,1,0,0,0,0,0,0,0,0,0,0,0,0,0,0,0,0,0,0,0,0,0,0,1,0,0,0,0,0,0,0,1,0,0,0,0,0,0,0,1,0,0,0,0,0,0,0,1,0,0,0,1,0,0,0,0,0,0,0,0,0,0,1,0,0,0,0,1,0,0,0,0,1,0,0,0,0,0,0,0,0,0,0,0,0,0,0,1,0,0,0,0,0,0,0,0,0,0,0,0,0,0,0,1,0,0,0,0,1,0,0,0,0,0,0,1,0,0,0,0,0,1,0,0,0,0,1,0,0,0,0,1,0,0
186,3,0.8929485771758422,2.1598045515920337,0.0,0.0,-2.338124978532008,0.0,2.0,4.0,-1.6666666666666667,-0.02631578947368421,0.0,1.0,0.2793713480100486,-1.0,0.0,1.0,-0.6,-0.5340751043115438,0.0,0.0,0.6995022920637851,0.22321873442949677,0.5,0.0,0.7439813702580143,1.1853817141603105,10.616842895097365,2.1577535576639852,0.0,0.0,0.0,1.0,1.0,0.0,2.0,3.0,0.0,1.0,0.25,-1.0,1.0,1.5126582278481013,0.5146787824253323,0.0,0.0,0.0,0.7196869085677747,0.0,0.0,9.776483168029046,0.0,0.0,1.8203341036428238,0.0,6,2006,一般保證契約,一般交易,475000,13.07107218827772,0,0,0,0,0,0,1,0,0,0,0,0,0,0,0,1,0,0,0,0,0,0,0,1,0,1,0,0,0,0,0,0,0,0,0,0,0,0,0,0,0,0,0,0,0,0,0,0,1,0,0,0,0,0,0,0,0,0,0,0,1,0,0,0,1,0,0,0,0,0,0,0,1,0,0,0,0,0,0,1,0,0,0,0,0,0,0,1,0,0,0,0,0,0,0,1,0,0,0,0,1,0,0,0,0,0,0,0,0,0,0,0,0,0,0,0,1,0,0,0,0,0,0,0,0,0,0,0,1,0,0,0,0,0,0,0,1,0,0,0,1,0,0,0,0,0,1,0,0,0,0,1,0,0,0,0,1,0,0
187,0,0.04944338438861053,0.08258322817469554,0.0,0.0,-1.0,0.0,0.5,0.0,0.375,-0.07894736842105263,0.0,0.0,0.0,0.0,0.0,1.7473143510832982,0.4,0.3157162726008345,0.0,0.0,0.14657306227720496,0.3846537120079721,0.5,0.0,0.2372990868076685,0.0,0.0,-0.4215992570685993,1.0,0.0,0.0,0.0,0.0,0.0,1.0,0.0,0.0,-1.0,-0.5,-1.0,0.0,0.06540084388185655,0.0,0.0,0.0,1.0,0.0,0.0,0.0,0.0,0.0,0.0,1.8203341036428238,0.0,6,2009,一般保證契約,一般交易,173000,12.06105265381003,0,0,0,0,0,0,0,0,0,0,0,0,1,0,0,0,1,0,0,0,0,0,0,1,0,0,0,1,0,0,0,0,0,0,0,0,0,0,0,0,0,0,0,0,0,0,1,0,0,0,0,0,0,0,0,0,1,0,0,0,0,0,0,0,1,0,0,0,0,0,0,0,1,0,0,0,0,0,0,0,0,0,1,0,0,0,0,1,0,0,0,0,1,0,0,0,0,0,0,0,0,0,0,0,0,0,0,0,1,0,0,0,0,0,0,0,0,0,0,0,0,0,0,0,1,0,0,0,1,0,0,0,0,1,0,0,0,0,0,0,1,0,0,0,0,0,1,0,0,0,0,0,0,1,0,0,1,0,0
188,0,-0.5300358319518109,0.1890414660777926,0.0,0.0,0.0,0.0,-0.5,2.0,-1.1666666666666667,-0.18421052631578946,0.0,0.0,0.0,-2.24080411332851,0.0,0.0,-0.6,-0.5340751043115438,0.0,0.0,0.25621094378186865,-0.6676631788739412,0.5,0.0,-0.6582340368106286,0.9920236771160099,7.397497957722461,0.267152617087611,0.0,0.0,0.0,1.0,0.0,0.0,0.0,1.0,-0.3846268403045294,-1.0,-0.5,-1.0,-1.0,-1.2721518987341771,-0.3466451177569989,-0.3466451177569989,-1.1943176378757763,0.0,-0.7117967261714493,0.0,7.338607270038528,0.0,0.0,0.0,1.5409627556327752,0.0,8,2009,一般保證契約,一般交易,135000,11.813037464800539,1,0,0,0,0,0,0,0,0,0,0,0,0,0,0,0,1,0,0,0,0,0,0,1,0,1,0,0,0,0,0,0,0,0,0,0,0,0,0,0,0,0,0,0,0,0,0,0,1,0,0,0,0,0,0,0,1,0,0,0,0,0,0,0,1,0,0,0,0,0,0,0,1,0,0,0,1,0,0,0,0,0,0,0,0,0,0,1,0,0,0,0,1,0,0,0,0,0,0,0,0,0,0,0,0,0,0,0,1,0,0,0,0,0,0,0,0,0,0,0,0,0,0,0,1,0,0,0,1,0,0,0,0,0,1,0,0,0,0,0,1,0,0,0,0,0,1,0,0,0,0,1,0,0,0,0,1,0,0
189,3,-0.3097441784624688,-0.7098677413824683,0.0,0.0,0.0,0.0,-0.5,0.0,0.14583333333333334,-0.39473684210526316,1.148468835121295,0.0,0.0,0.0,0.0,1.7473143510832982,0.4,0.9763560500695411,0.0,0.0,-3.1687229326517117,0.18136522172396613,-0.5,0.0,0.25023607637317163,0.0,0.0,-0.4090642549026167,2.0,0.0,-2.0,2.0,-1.0,0.4638544907568095,0.0,0.0,0.0,1.0,0.25,-1.0,0.0,0.1962025316455696,0.0,0.0,0.0,0.9089310139773353,-0.7117967261714493,0.0,0.0,0.0,0.0,0.0,0.0,0.0,6,2009,一般保證契約,兩筆相連物件分配,153337,11.940399914116648,0,0,0,0,0,0,0,0,0,0,0,0,0,0,1,0,1,0,0,0,0,1,0,0,0,1,0,0,0,0,0,0,0,0,0,0,0,0,0,0,0,0,0,0,0,0,0,0,0,0,0,0,0,1,0,0,0,0,0,0,0,0,1,0,1,0,0,0,0,0,0,0,0,0,0,1,0,0,0,0,0,0,0,1,0,0,0,1,0,0,0,0,1,0,0,0,0,0,0,1,0,0,0,0,0,0,0,0,0,0,0,0,0,0,0,1,0,0,0,0,0,0,0,0,0,0,0,0,0,1,0,0,0,0,1,0,0,0,0,0,1,0,0,0,0,0,1,0,0,0,0,1,0,0,0,0,1,0,0
190,0,-1.7829158340324498,-1.473999467776893,0.0,0.0,0.0,0.0,1.0,0.0,0.6041666666666666,0.21052631578947367,0.0,1.0,0.0,0.8422747575632559,0.0,1.7473143510832982,0.4,1.0695410292072323,0.0,0.0,-0.06787741093503648,1.1918285999003488,0.5,0.0,0.8568035002595007,0.0,0.0,0.1786554718338163,1.0,0.0,-1.0,1.0,-3.0,0.0,2.0,-0.5,0.0,0.0,0.5,1.0,0.0,0.8459915611814346,0.0,0.0,0.0,0.0,0.44423404373352443,0.0,0.0,8.355622538951035,0.0,0.0,0.0,0.0,8,2008,一般保證契約,一般交易,286000,12.563750586299374,0,0,0,0,0,1,0,0,0,0,0,0,0,0,0,0,1,0,0,0,0,0,0,1,0,1,0,0,0,0,0,0,0,0,0,0,0,0,0,0,0,0,0,0,0,1,0,0,0,0,0,0,0,0,0,0,1,0,0,0,0,0,0,0,1,0,0,0,0,0,0,0,0,0,1,0,0,0,1,0,0,0,0,0,0,0,0,1,0,0,0,0,1,0,0,0,0,0,0,0,0,0,1,0,0,0,0,0,0,0,0,0,0,0,0,0,0,0,1,0,0,0,0,0,0,0,0,0,1,0,0,0,0,1,0,0,0,0,0,0,1,0,0,0,0,0,1,0,0,0,0,0,0,1,0,0,1,0,0
191,3,0.0,0.22489559120523436,0.0,0.0,0.0,-0.4638544907568095,1.0,3.0,-0.8333333333333334,0.0,0.0,1.0,0.0,0.0,0.2793713480100486,0.0,-0.2,-0.12100139082058414,0.0,0.0,0.11671970406292045,-0.2830094668659691,-0.5,0.0,0.7911762792206177,1.1190777761533004,0.0,1.452487418924464,0.0,0.0,0.0,1.0,0.0,0.0,1.0,2.0,-0.8993056227298617,1.0,0.25,-1.0,0.0,-0.1751054852320675,0.0,0.0,0.0,0.0,0.28820327382855077,0.0,0.0,0.0,0.0,0.0,0.0,0.0,12,2007,一般保證契約,一般交易,315000,12.660331092405906,0,0,0,0,0,0,0,1,0,0,0,0,0,0,0,0,1,0,0,0,0,1,0,0,0,1,0,0,0,0,1,0,0,0,0,0,0,0,0,0,0,0,0,0,0,0,0,0,0,0,0,0,0,0,0,0,1,0,0,0,0,0,0,0,1,0,0,0,0,0,0,0,1,0,0,0,0,0,0,0,0,1,0,0,0,1,0,0,0,0,0,0,1,0,0,0,0,0,0,0,0,0,0,0,0,0,0,0,0,0,1,0,0,0,0,0,0,0,0,0,0,0,0,0,0,0,1,0,1,0,0,0,0,0,1,0,0,0,0,0,1,0,0,0,0,0,1,0,0,0,0,1,0,0,0,0,1,0,0
192,3,0.21801994391840682,-0.5704908071970939,0.0,0.0,-1.0,0.0,0.5,4.0,0.0,0.2631578947368421,0.951334938508714,0.0,0.0,-1.0,0.0,0.0,0.2,0.33657858136300417,0.0,0.0,-1.1011910555359472,-0.5381165919282511,0.0,0.0,-0.8861046711821587,1.0083929735037749,0.0,0.010669280558120723,1.0,0.0,-1.0,1.0,1.0,0.0,1.0,0.5,0.0,-1.0,-0.5,1.0,0.0,0.010548523206751054,0.0,0.0,0.0,0.0,0.04515002980664128,0.0,0.0,0.0,0.0,0.0,0.0,0.0,6,2007,一般保證契約,一般交易,184000,12.122696471358964,0,0,0,0,0,0,0,0,1,0,0,0,0,0,0,0,1,0,0,0,0,0,0,1,0,0,0,1,0,0,0,0,0,0,1,0,0,0,0,0,0,0,0,0,0,0,0,0,0,0,0,0,0,0,0,0,1,0,0,0,0,0,0,0,1,0,0,0,0,0,0,0,1,0,0,0,0,0,0,0,0,1,0,0,0,0,0,1,0,0,0,0,1,0,0,0,0,0,0,0,0,0,0,0,0,0,0,0,1,0,0,0,0,0,0,0,0,0,0,0,0,0,0,0,1,0,0,0,0,0,1,0,0,0,1,0,0,0,0,0,1,0,0,0,0,0,1,0,0,0,0,0,0,1,0,0,1,0,0
194,4,-3.412047956290646,-2.809272409690978,0.0,0.0,0.0,0.0,0.5,0.0,0.6666666666666666,0.2631578947368421,0.6973257995967101,1.0,0.0,0.0,0.0,0.0,-0.6,-0.5340751043115438,0.0,0.0,0.5829499996761087,-0.04982561036372696,0.5,0.0,-0.26552284582604324,1.0035814337182785,0.0,0.3394142567825216,0.0,0.0,0.0,0.0,0.0,0.0,1.0,0.5,-0.8993056227298617,-1.0,-0.5,-1.0,0.0,-0.4282700421940928,0.0,0.0,0.0,0.0,0.10653066162035559,0.0,0.0,0.0,0.0,0.0,0.0,0.0,5,2006,一般保證契約,一般交易,130000,11.775297421715827,0,0,0,0,0,0,0,0,0,1,0,0,0,0,0,1,0,0,0,0,0,0,0,1,0,1,0,0,0,0,0,0,0,0,0,0,0,0,0,0,0,1,0,0,0,0,0,0,0,0,0,0,0,0,0,0,1,0,0,0,0,0,0,0,1,0,0,0,0,0,0,0,0,1,0,0,0,0,0,0,0,1,0,0,0,0,0,1,0,0,0,0,1,0,0,0,0,1,0,0,0,0,0,0,0,0,0,0,0,0,0,0,1,0,0,0,0,0,0,0,0,0,0,0,0,0,0,0,0,1,0,0,0,1,0,0,0,0,0,0,1,0,0,0,0,0,1,0,0,0,0,1,0,0,0,0,1,0,0
195,3,-0.5300358319518109,-0.6592774576192604,0.0,0.0,-1.0,0.0,-0.5,2.0,0.0,-0.5789473684210527,0.0,0.0,0.0,-1.0,0.0,1.7473143510832982,0.2,0.008344923504867872,0.0,0.0,-0.009866981517508531,-0.2610861983059293,-0.5,0.0,-0.5154786426099094,0.0,0.0,-1.1509861380717596,0.0,0.0,-1.0,0.0,0.0,0.0,0.0,-0.5,0.0,-1.0,-0.5,-1.0,-1.0,-0.5464135021097046,0.0,0.0,0.0,0.0,-0.7117967261714493,0.0,0.0,0.0,0.0,0.0,0.0,0.0,5,2008,一般保證契約,一般交易,127000,11.751950239425476,0,0,0,1,0,0,0,0,0,0,0,0,0,0,0,0,1,0,0,0,0,0,0,1,0,1,0,0,0,0,0,0,0,0,0,0,1,0,0,0,0,0,0,0,0,0,0,0,0,0,0,0,0,0,0,0,1,0,0,0,0,0,0,0,1,0,0,0,0,0,0,0,1,0,0,0,0,0,1,0,0,0,0,0,0,1,0,0,0,0,0,0,1,0,0,0,0,0,0,0,0,0,0,0,0,0,0,0,1,0,0,0,0,0,0,0,0,0,0,0,0,0,0,0,1,0,0,0,1,0,0,0,0,0,1,0,0,0,0,0,1,0,0,0,0,0,1,0,0,0,0,1,0,0,0,0,1,0,0
196,0,-3.412047956290646,-2.9992596070912056,0.0,0.0,0.0,0.0,0.0,1.0,0.08333333333333333,-0.47368421052631576,0.0,0.0,0.0,0.0,0.0,0.0,0.2,0.25312934631432543,0.0,0.0,-0.3834317217838903,-0.279023418036871,-0.5,0.0,-0.5378813797287475,0.9549267382390823,0.0,-0.024549705422330825,0.0,0.0,0.0,1.0,0.0,0.0,0.0,0.5,0.0,0.0,0.25,-1.0,0.0,-0.1751054852320675,0.0,0.0,0.0,0.8262757939296899,-0.7117967261714493,0.0,0.0,0.0,0.0,0.0,0.0,0.0,7,2009,一般保證契約,一般交易,148500,11.908346971208951,0,0,0,0,0,0,0,0,0,1,0,0,0,0,0,0,1,0,0,0,0,0,0,1,0,0,1,0,0,0,0,1,0,0,0,0,0,0,0,0,0,0,0,0,0,0,0,0,0,0,0,0,0,0,0,0,1,0,0,0,0,0,0,0,1,0,0,0,0,0,0,0,0,1,0,0,0,0,0,0,0,1,0,0,0,0,0,1,0,0,0,0,1,0,0,0,0,0,0,1,0,0,0,0,0,0,0,0,0,0,0,1,0,0,0,0,0,0,0,0,0,0,0,0,0,0,0,0,1,0,0,0,0,0,1,0,0,0,0,0,1,0,0,0,0,0,1,0,0,0,0,0,0,1,0,0,1,0,0
198,2,3.41133126592388,2.432013898885821,0.0,0.0,0.0,0.0,1.0,-1.0,-1.125,-0.10526315789473684,0.0,1.0,0.2793713480100486,-1.0,0.0,0.0,0.4,0.9068150208623088,0.4638544907568095,7.920955300440635,-0.8819683399824537,0.7274539113104136,0.0,0.0,0.4898924797894922,1.1563319337702875,9.666395816900367,1.7814923404494636,1.0,0.7304631471189668,0.0,0.0,1.0,0.0,1.0,1.0,0.0,0.0,0.75,-1.0,0.0,1.3227848101265822,0.0,0.0,0.0,0.0,-0.13049406945601977,10.52498134404369,0.0,0.0,10.332449655591146,2.0556415380581075,1.8203341036428238,0.0,3,2006,一般保證契約,異常交易(如法拍),235000,12.367345048436391,0,0,0,0,0,0,1,0,0,0,0,0,0,0,0,0,1,0,0,0,0,0,0,1,0,0,0,0,1,0,0,0,0,0,1,0,0,0,0,0,0,0,0,0,0,0,0,0,0,0,0,0,0,0,0,0,0,0,0,0,1,0,0,0,1,0,0,0,0,0,0,0,1,0,0,0,0,0,0,0,0,1,0,0,0,0,0,1,0,0,0,0,1,0,0,0,0,0,0,0,0,0,0,0,1,0,0,0,0,0,0,0,0,0,0,0,0,0,0,0,1,0,0,0,0,0,0,0,1,0,0,0,0,1,0,0,0,0,0,0,1,0,0,0,0,0,1,0,0,0,0,1,0,0,0,0,1,0,0
200,1,0.28823999813735185,-0.002175471906374041,0.0,0.0,0.0,0.0,1.0,0.0,0.6666666666666666,0.2894736842105263,1.1339299120222528,1.0,0.0,0.8422747575632559,0.0,1.7473143510832982,0.4,0.9791376912378303,0.0,0.0,0.21149196330079706,1.430991529646238,0.5,0.0,1.0282661904727295,0.0,0.0,0.34479035061111324,1.0,0.0,0.0,0.0,0.0,0.0,2.0,0.5,0.0,0.0,0.5,1.0,1.0,1.580168776371308,0.0,0.0,0.0,0.0,-0.009844209913153592,0.0,0.0,7.74977760519119,0.0,0.0,0.0,0.0,1,2009,一般保證契約,一般交易,274900,12.524166311833152,0,0,0,1,0,0,0,0,0,0,0,0,0,0,0,0,1,0,0,0,0,0,0,1,0,1,0,0,0,0,0,0,0,1,0,0,0,0,0,0,0,0,0,0,0,0,0,0,0,0,0,0,0,0,0,0,1,0,0,0,0,0,0,0,1,0,0,0,0,0,0,0,1,0,0,0,0,0,1,0,0,0,0,0,0,1,0,0,0,0,0,0,1,0,0,0,0,1,0,0,0,0,0,0,0,0,0,0,0,0,0,0,1,0,0,0,0,0,0,0,0,0,0,0,0,0,0,0,0,0,1,0,0,1,0,0,0,0,0,0,1,0,0,0,0,0,1,0,0,0,0,0,0,1,0,0,1,0,0
201,4,0.469964168048189,-0.26742561438842744,0.0,0.0,0.0,0.0,-1.0,0.0,0.6458333333333334,0.2631578947368421,0.0,0.0,0.0,0.0,0.0,0.0,-0.6,-0.5340751043115438,0.0,0.0,0.7107109805095968,0.25112107623318386,0.5,0.0,0.053180063522810225,0.0,0.0,-0.5999972022774644,0.0,0.0,0.0,0.0,-1.0,0.0,0.0,-0.5,0.0,-1.0,-0.5,0.0,0.0,-0.1751054852320675,0.0,0.0,0.0,0.9342437985003795,0.24365563892796488,0.0,0.0,0.0,0.0,0.0,0.0,0.0,3,2010,一般保證契約,一般交易,140000,11.849404844423074,0,0,0,1,0,0,0,0,0,0,0,0,0,0,0,1,0,0,0,0,0,0,0,1,0,0,0,0,1,0,0,0,0,0,0,0,0,0,0,0,0,1,0,0,0,0,0,0,0,0,0,0,0,0,0,0,1,0,0,0,0,0,0,0,1,0,0,0,0,0,0,0,1,0,0,0,0,0,1,0,0,0,0,0,0,0,0,1,0,0,0,0,1,0,0,0,0,1,0,0,0,0,0,0,0,0,0,0,0,0,0,0,1,0,0,0,0,0,0,0,0,0,0,0,0,0,0,0,1,0,0,0,0,1,0,0,0,0,0,0,1,0,0,0,0,0,1,0,0,0,0,0,0,1,0,0,1,0,0
202,2,0.24155735878839998,0.12399964270798951,0.0,0.0,0.0,0.0,0.0,1.0,0.10416666666666667,-0.4473684210526316,0.0,0.0,0.0,-1.0,0.0,0.0,0.2,0.3574408901251738,0.4638544907568095,8.856575964639738,-0.416769680801945,0.40059790732436473,-0.5,0.0,0.34975374651734326,0.0,0.0,-0.3126388690356372,0.0,0.7304631471189668,0.0,0.0,0.0,0.0,0.0,0.0,0.0,1.0,0.0,-1.0,0.0,-0.035864978902953586,0.0,0.0,0.0,1.0994127973850691,0.32416757654742284,0.0,0.0,0.0,0.0,0.0,1.5409627556327752,0.0,2,2008,一般保證契約,一般交易,171500,12.052344376474922,0,0,0,1,0,0,0,0,0,0,0,0,0,0,0,0,1,0,0,0,0,0,0,1,0,1,0,0,0,0,0,0,0,0,0,0,0,0,0,0,0,0,0,0,0,0,1,0,0,0,0,0,0,0,0,0,1,0,0,0,0,0,0,0,1,0,0,0,0,0,0,0,1,0,0,0,0,0,1,0,0,0,0,0,0,0,0,1,0,0,0,0,1,0,0,0,0,0,0,1,0,0,0,0,0,0,0,0,0,0,0,0,0,0,0,1,0,0,0,0,0,0,0,0,0,0,0,0,1,0,0,0,0,0,1,0,0,0,0,0,1,0,0,0,0,0,1,0,0,0,0,1,0,0,0,0,1,0,0
203,0,-1.1398722399119068,-0.7155499772837376,0.0,0.0,0.0,0.0,0.0,1.0,-1.0,-1.1578947368421053,0.0,0.0,0.2793713480100486,-2.24080411332851,0.0,0.0,-0.4,0.3240611961057024,0.0,0.0,-3.1687229326517117,-0.7533632286995515,0.0,0.0,-0.513001695515077,0.8868514379969256,0.0,-0.25983192043088255,0.0,0.0,0.0,0.0,-1.0,0.0,0.0,0.0,-0.18059459163956637,-1.0,-0.5,-1.0,-1.0,-0.35232067510548526,0.0,0.0,0.0,0.0,-0.7117967261714493,7.120635667155019,0.0,0.0,0.0,0.0,0.0,0.0,5,2006,法院或遺產拍賣,一般交易,112000,11.626263078808801,1,0,0,0,0,0,0,0,0,0,0,0,0,0,0,0,1,0,0,0,0,0,0,1,0,0,0,0,1,0,0,0,0,0,0,0,0,0,0,0,0,0,0,0,0,0,0,0,1,0,0,0,0,0,0,0,0,0,0,0,1,0,0,0,1,0,0,0,0,0,0,0,1,0,0,0,1,0,0,0,0,0,0,0,0,0,0,1,0,0,0,0,1,0,0,0,0,0,0,0,0,0,0,0,0,0,0,0,0,1,0,0,0,0,0,0,0,0,0,0,0,0,0,0,0,1,0,0,1,0,0,0,0,0,0,0,1,0,0,0,1,0,0,0,0,0,1,0,0,0,0,0,0,1,0,0,1,0,0
205,2,-1.1398722399119068,-2.1718128534688597,0.0,0.7304631471189668,0.0,0.0,-0.5,2.0,-0.5208333333333334,-1.1578947368421053,0.0,0.0,0.0,-1.0,0.0,0.0,-0.4,-0.10013908205841446,0.0,0.0,-0.12605915232776202,-0.5480817140009965,-0.5,0.0,-0.9005272297819747,0.9402735429660217,0.0,-0.30404860409423523,0.0,0.0,-1.0,1.0,-1.0,0.0,0.0,-0.5,0.0,-1.0,-0.5,-1.0,-1.0,-1.018987341772152,0.0,0.0,0.0,0.0,0.06951502783946585,0.0,0.0,0.0,0.0,0.0,0.7304631471189668,0.0,4,2009,一般保證契約,一般交易,110000,11.608244735642321,1,0,0,0,0,0,0,0,0,0,0,0,0,0,0,1,0,0,0,0,0,0,0,1,0,1,0,0,0,0,0,0,0,0,0,0,0,0,0,0,0,0,0,0,0,0,0,0,1,0,0,0,0,0,0,0,1,0,0,0,0,0,0,0,1,0,0,0,0,0,0,0,1,0,0,0,1,0,0,0,0,0,0,0,0,0,0,1,0,0,0,0,1,0,0,0,0,0,0,0,0,0,0,0,0,0,0,1,0,0,0,0,0,0,0,0,0,0,0,0,0,0,0,1,0,0,0,0,1,0,0,0,0,0,1,0,0,0,0,0,1,0,0,0,0,0,1,0,0,0,0,1,0,0,0,0,1,0,0
206,0,1.2410897270203258,0.4964231002461232,0.0,0.0,0.0,0.0,0.5,0.0,0.375,-0.10526315789473684,0.0,0.0,0.0,0.0,0.0,0.0,-0.6,-0.5340751043115438,0.0,0.0,0.9281912542218927,0.8550074738415545,0.5,0.0,0.6247170735715445,0.0,0.0,-0.0462193992865994,0.0,0.0,0.0,0.0,0.0,0.0,0.0,-0.5,0.0,-1.0,-0.5,0.0,0.0,0.07805907172995781,0.0,0.0,0.0,0.0,0.06159175694887233,0.0,10.312501443831783,0.0,0.0,0.0,0.0,0.0,5,2009,一般保證契約,一般交易,180500,12.103491596905931,0,0,0,1,0,0,0,0,0,0,0,0,0,0,0,0,1,0,0,0,0,0,0,1,0,0,0,0,1,0,0,0,0,0,0,1,0,0,0,0,0,0,0,0,0,0,0,0,0,0,0,0,0,0,0,0,1,0,0,0,0,0,0,0,1,0,0,0,0,0,0,0,1,0,0,0,0,0,1,0,0,0,0,0,0,0,0,1,0,0,0,0,1,0,0,0,0,0,0,0,0,0,0,0,0,0,0,0,1,0,0,0,0,0,0,0,0,0,0,0,0,0,0,0,1,0,0,0,1,0,0,0,0,1,0,0,0,0,0,0,1,0,0,0,0,0,1,0,0,0,0,0,0,1,0,0,1,0,0
207,3,-1.8614282606963264,0.8425031312822014,0.0,0.0,-1.0,0.0,-0.5,0.0,-0.20833333333333334,-0.8421052631578947,0.0,0.0,0.2793713480100486,-1.0,0.0,0.0,-0.6,-0.5340751043115438,0.0,0.0,0.7257341360366533,0.28898854010961633,-0.5,0.0,1.004608546736278,0.0,0.0,0.3218678141139656,0.0,0.0,-1.0,1.0,0.0,0.0,0.0,1.0,-0.3846268403045294,0.0,0.25,0.0,-1.0,-0.5590717299578059,0.0,0.0,0.0,0.0,0.027838329044302983,0.0,0.0,0.0,0.0,0.0,0.0,0.0,3,2007,一般保證契約,一般交易,143900,11.87688084212164,0,0,0,1,0,0,0,0,0,0,0,0,0,0,0,0,1,0,0,0,0,0,0,1,0,0,0,1,0,0,0,0,0,0,0,0,0,0,0,0,0,0,0,0,0,0,0,1,0,0,0,0,0,0,0,0,0,0,0,1,0,0,0,0,1,0,0,0,0,0,0,0,1,0,0,0,0,0,1,0,0,0,0,0,0,0,0,1,0,0,0,0,1,0,0,0,0,0,0,0,0,0,0,0,0,0,0,0,1,0,0,0,0,0,0,0,0,0,0,0,0,0,0,0,1,0,0,0,1,0,0,0,0,0,1,0,0,0,0,0,1,0,0,0,0,0,1,0,0,0,0,0,0,1,0,0,1,0,0
208,2,0.21801994391840682,0.6232271437256194,0.0,0.0,-1.0,0.0,-1.0,0.0,-0.25,-0.8947368421052632,0.0,0.0,0.0,-1.0,0.0,0.0,0.2,0.048678720445062586,0.8104996085138084,9.072418929401415,-0.19026246491011256,0.20926756352765322,-0.5,0.0,0.011126760795589196,0.0,0.0,-0.6407437946823981,1.0,0.0,-1.0,0.0,0.0,0.0,0.0,0.0,0.0,0.0,-0.25,0.0,-1.0,-0.7151898734177216,0.0,0.0,0.0,1.220286922458084,-0.7117967261714493,0.0,0.0,0.0,0.0,0.0,1.1943176378757763,0.0,4,2008,一般保證契約,一般交易,141000,11.856522261533737,0,0,0,1,0,0,0,0,0,0,0,0,0,0,0,0,1,0,0,0,0,0,0,1,0,1,0,0,0,0,0,0,0,0,1,0,0,0,0,0,0,0,0,0,0,0,0,0,0,0,0,0,0,0,0,0,1,0,0,0,0,0,0,0,1,0,0,0,0,0,0,0,1,0,0,0,0,0,1,0,0,0,0,0,0,0,0,1,0,0,0,0,1,0,0,0,0,0,0,0,1,0,0,0,0,0,0,0,0,0,0,0,0,0,0,0,1,0,0,0,0,0,0,0,0,0,0,0,1,0,0,0,0,1,0,0,0,0,0,0,1,0,0,0,0,0,1,0,0,0,0,0,0,1,0,0,1,0,0
210,2,0.24155735878839998,-0.34756398276860506,0.0,0.0,0.0,0.0,0.0,2.0,-0.16666666666666666,-0.7894736842105263,1.1316391858916468,0.0,0.0,0.0,0.0,0.0,-0.2,0.5605006954102921,0.0,0.0,-0.34410170553918673,0.1933233682112606,0.5,0.0,-0.005073036145849226,0.0,0.0,-0.6564402199381536,1.0,0.0,-1.0,0.0,0.0,0.0,0.0,0.0,0.0,-1.0,-0.5,0.0,0.0,0.0949367088607595,0.0,0.2793713480100486,0.0,0.0,-0.7117967261714493,0.0,0.0,0.0,0.0,0.0,1.5409627556327752,0.0,7,2008,一般保證契約,一般交易,145000,11.884495917930655,0,0,0,1,0,0,0,0,0,0,0,0,0,0,0,0,1,0,0,0,0,0,0,1,0,1,0,0,0,0,0,0,0,0,1,0,0,0,0,0,0,0,0,0,0,0,0,0,0,0,0,0,0,0,0,0,1,0,0,0,0,0,0,0,1,0,0,0,0,0,0,0,1,0,0,0,0,0,1,0,0,0,0,0,0,1,0,0,0,0,0,0,1,0,0,0,0,0,0,0,0,0,0,0,0,0,0,0,1,0,0,0,0,0,0,0,0,0,0,0,0,0,0,0,1,0,0,0,0,1,0,0,0,0,1,0,0,0,0,0,1,0,0,0,0,0,1,0,0,0,0,0,0,1,0,0,1,0,0
211,0,-0.15196723459603825,-1.1994773014010371,0.0,0.0,0.0,0.0,-0.5,1.0,-0.9791666666666666,-1.1578947368421053,0.0,0.0,0.0,-1.0,0.0,0.0,-0.2,0.1168289290681502,0.0,0.0,-0.14887849353915222,-0.2610861983059293,-0.5,-0.7304631471189668,-0.5154786426099094,0.0,0.0,-1.1509861380717596,1.0,0.0,-1.0,0.0,-1.0,0.0,0.0,-0.5,0.0,-1.0,-0.5,-2.0,-2.0,-2.0316455696202533,-1.5409627556327752,-1.5409627556327752,0.0,0.0,-0.7117967261714493,6.574446614595114,0.0,0.0,0.0,0.0,0.0,0.0,4,2008,一般保證契約,一般交易,98000,11.49273296168228,0,0,1,0,0,0,0,0,0,0,0,0,0,0,0,0,1,0,0,0,0,0,0,1,0,1,0,0,0,0,0,0,0,0,0,0,0,0,0,0,0,1,0,0,0,0,0,0,0,0,0,0,0,0,0,0,1,0,0,0,0,0,0,0,1,0,0,0,0,0,0,0,1,0,0,0,0,0,1,0,0,0,0,0,0,0,0,1,0,0,0,0,1,0,0,0,0,0,0,0,0,0,0,0,1,0,0,0,0,0,0,0,0,0,0,0,0,0,0,0,1,0,0,0,0,0,0,0,1,0,0,0,0,0,1,0,0,0,0,0,1,0,0,0,0,1,0,0,0,0,1,0,0,0,0,0,1,0,0
212,3,0.6013158959809177,0.19129602236821153,0.0,0.0,0.0,0.0,0.0,0.0,0.7708333333333334,0.39473684210526316,0.0,0.0,0.0,0.0,0.0,1.0,0.4,-0.48400556328233657,0.0,0.0,0.7536251915394078,0.43248629795715,0.5,0.0,0.22801963178468693,0.0,0.0,-0.43059037422327157,0.0,0.0,0.0,0.0,0.0,0.0,1.0,0.0,0.0,-1.0,-0.5,0.0,0.0,-0.09071729957805907,0.0,0.0,0.0,0.8615537516526842,-0.05261205992788781,0.0,0.0,0.0,0.0,0.0,0.0,0.0,3,2010,一般保證契約,一般交易,186000,12.133507329024972,0,0,0,1,0,0,0,0,0,0,0,0,0,0,0,0,1,0,0,0,0,0,0,1,0,0,0,0,1,0,0,0,0,0,0,0,0,0,0,0,0,1,0,0,0,0,0,0,0,0,0,0,0,0,0,0,1,0,0,0,0,0,0,0,1,0,0,0,0,0,0,0,1,0,0,0,0,0,1,0,0,0,0,0,0,0,0,1,0,0,0,0,1,0,0,0,0,1,0,0,0,0,0,0,0,0,0,0,0,0,0,0,1,0,0,0,0,0,0,0,0,0,0,0,0,0,0,0,1,0,0,0,0,1,0,0,0,0,0,0,1,0,0,0,0,0,1,0,0,0,0,0,0,1,0,0,1,0,0
213,2,0.09830646769700241,-0.24246978009248882,0.0,0.0,0.0,0.0,0.5,0.0,0.7708333333333334,0.39473684210526316,0.0,0.0,0.0,0.0,0.0,0.0,0.4,0.6091794158553546,0.0,0.0,-1.2451873445563495,-0.18933731938216244,0.5,0.0,-0.3523351412089723,1.0568350486705023,0.0,0.5252958732707808,1.0,0.0,0.0,1.0,0.0,0.0,1.0,0.5,0.0,0.0,0.25,0.0,0.0,0.6856540084388185,0.0,0.0,0.0,1.0,0.40920128863975913,0.0,0.0,0.0,0.0,0.0,0.0,0.0,7,2009,新屋,預售屋(估價時未完工),252678,12.439875187430008,0,0,0,0,0,0,0,0,1,0,0,0,0,0,0,0,0,0,1,0,0,0,0,1,0,1,0,0,0,0,0,0,0,0,0,0,0,0,0,0,0,0,0,0,0,0,0,0,0,0,1,0,0,0,0,0,1,0,0,0,0,0,0,0,1,0,0,0,0,0,0,0,1,0,0,0,0,0,0,0,0,1,0,0,0,0,0,1,0,0,0,0,1,0,0,0,0,1,0,0,0,0,0,0,0,0,0,0,0,0,0,0,1,0,0,0,0,0,0,0,0,0,0,0,0,0,0,0,1,0,0,0,0,1,0,0,0,0,0,0,1,0,0,0,0,0,1,0,0,0,0,0,0,1,0,0,1,0,0
214,2,-1.630543492870708,0.823657674101952,0.0,0.0,-2.338124978532008,0.0,-0.5,0.0,0.4791666666666667,0.02631578947368421,0.0,0.0,0.0,0.0,0.0,0.0,0.2,0.4617524339360223,0.0,0.0,-0.42201612047342746,-0.009965122072745391,0.5,0.0,-0.2209862651055885,0.0,0.0,-0.8656444385062435,0.0,0.7304631471189668,-1.0,0.0,0.0,0.0,0.0,-0.5,0.0,-1.0,-0.5,-1.0,0.0,0.3987341772151899,0.0,0.0,0.0,1.0817237493984635,-0.7117967261714493,0.0,0.0,0.0,0.0,0.0,0.0,0.0,7,2006,一般保證契約,一般交易,156000,11.957617696467539,0,0,0,1,0,0,0,0,0,0,0,0,0,0,0,0,1,0,0,0,0,0,0,1,0,0,0,1,0,0,0,0,0,0,0,0,1,0,0,0,0,0,0,0,0,0,0,0,0,0,0,0,0,0,0,0,1,0,0,0,0,0,0,0,1,0,0,0,0,0,0,0,1,0,0,0,0,0,1,0,0,0,0,0,0,0,0,1,0,0,0,0,1,0,0,0,0,1,0,0,0,0,0,0,0,0,0,0,0,0,0,0,1,0,0,0,0,0,0,0,0,0,0,0,0,0,0,0,1,0,0,0,0,1,0,0,0,0,0,0,1,0,0,0,0,0,1,0,0,0,0,0,0,1,0,0,1,0,0
215,1,0.0,0.2974112141641588,0.0,0.0,-1.0,0.0,0.0,2.0,0.10416666666666667,-0.4473684210526316,0.9795139355180912,0.0,0.0,0.0,0.0,0.0,0.4,-0.008344923504867872,0.0,0.0,-0.32980278722234047,-0.6098654708520179,0.5,0.0,-0.9918939181696442,0.991686349349938,0.0,-0.12509914131895777,0.0,0.0,-1.0,1.0,0.0,0.0,0.0,0.0,0.0,-1.0,-0.5,1.0,-1.0,-0.770042194092827,0.0,0.0,0.0,0.0,0.07725337927507323,0.0,0.0,0.0,0.0,0.0,1.5409627556327752,10.00715768738887,3,2010,一般保證契約,一般交易,161750,11.993813394724253,0,0,0,0,0,0,0,0,1,0,0,0,0,0,0,0,1,0,0,0,0,0,0,1,0,0,1,0,0,0,0,0,0,0,0,0,1,0,0,0,0,0,0,0,0,0,0,0,0,0,0,0,0,0,0,0,1,0,0,0,0,0,0,0,1,0,0,0,0,0,0,0,1,0,0,0,0,0,0,0,0,1,0,0,0,0,0,1,0,0,0,0,1,0,0,0,0,0,0,0,0,0,0,0,0,0,0,0,1,0,0,0,0,0,0,0,0,0,0,0,0,0,0,0,1,0,0,0,0,0,1,0,0,0,1,0,0,0,0,0,1,0,0,0,0,0,1,0,0,0,0,0,0,1,1,0,0,0,0
216,2,0.09830646769700241,0.0975465172588822,0.0,0.0,-1.0,0.0,-0.5,1.0,-0.3125,0.05263157894736842,0.755319383582278,0.0,0.0,-1.0,0.0,0.0,0.0,-0.03337969401947149,0.0,0.0,0.3167243597661001,0.14947683109118087,-0.5,0.0,0.2722682988868309,0.0,0.0,-0.3877166333766201,0.0,0.7304631471189668,-1.0,0.0,-1.0,0.0,1.0,0.0,-0.18059459163956637,0.0,0.0,-1.0,-1.0,-0.14556962025316456,0.0,0.0,0.0,0.0,-0.7117967261714493,0.0,0.0,0.0,0.0,0.0,1.5409627556327752,0.0,5,2006,一般保證契約,一般交易,134450,11.808955099378537,0,0,0,1,0,0,0,0,0,0,0,0,0,0,0,0,1,0,0,0,0,0,0,1,0,1,0,0,0,0,0,0,0,0,1,0,0,0,0,0,0,0,0,0,0,0,0,0,0,0,0,0,0,0,0,0,1,0,0,0,0,0,0,0,1,0,0,0,0,0,0,0,1,0,0,0,0,0,1,0,0,0,0,0,0,0,0,1,0,0,0,0,1,0,0,0,0,0,0,0,0,0,0,0,0,0,0,0,1,0,0,0,0,0,0,0,0,0,0,0,0,0,0,0,1,0,0,0,0,0,1,0,0,0,1,0,0,0,0,0,1,0,0,0,0,0,1,0,0,0,0,0,0,1,0,0,1,0,0
217,3,-0.2564764364743176,-0.2931543883230165,0.0,0.0,0.0,0.0,0.5,0.0,0.6666666666666666,0.2631578947368421,1.138467291428513,1.0,0.0,0.0,0.0,1.0,0.4,0.7816411682892906,0.0,0.0,0.01621869256138196,0.8789237668161435,0.5,0.0,0.6150757350889151,0.0,0.0,-0.05556115519904068,1.0,0.0,0.0,0.0,0.0,0.0,1.0,1.0,0.0,-1.0,-0.5,-1.0,0.0,0.010548523206751054,0.0,0.0,0.0,0.9481256595244579,0.37740612789636735,0.0,0.0,0.0,0.0,0.0,0.0,0.0,4,2008,一般保證契約,一般交易,210000,12.25486757159303,0,0,0,1,0,0,0,0,0,0,0,0,0,0,0,0,1,0,0,0,0,0,0,1,0,1,0,0,0,0,0,0,0,0,0,0,1,0,0,0,0,0,0,0,0,0,0,0,0,0,0,0,0,0,0,0,1,0,0,0,0,0,0,0,1,0,0,0,0,0,0,0,1,0,0,0,0,0,1,0,0,0,0,0,0,0,0,1,0,0,0,0,1,0,0,0,0,1,0,0,0,0,0,0,0,0,0,0,0,0,0,0,1,0,0,0,0,0,0,0,0,0,0,0,0,0,0,0,0,0,1,0,0,1,0,0,0,0,0,0,1,0,0,0,0,0,1,0,0,0,0,0,0,1,0,0,1,0,0
218,2,-0.7034629278735134,0.07295431406082568,0.0,0.7304631471189668,0.0,0.0,-1.0,-1.0,-0.9791666666666666,-1.1578947368421053,0.0,0.0,0.0,-1.0,0.0,0.0,-0.6,-0.5340751043115438,0.0,0.0,0.2881454863413409,-0.6158445440956651,-1.0,-0.7304631471189668,-0.6529930676152986,0.9208729752560391,0.0,-0.22965500509544476,0.0,0.0,-1.0,0.0,0.0,0.0,0.0,1.0,0.0,-1.0,-0.5,-1.0,-1.0,-1.1455696202531647,0.0,0.0,0.0,0.0,0.5683900516267871,5.684506656824125,0.0,0.0,0.0,0.0,0.0,0.0,9,2006,一般保證契約,親友交易,107000,11.580593459194764,0,0,0,0,0,0,0,1,0,0,0,0,0,0,0,1,0,0,0,0,0,0,0,1,0,1,0,0,0,0,0,0,0,0,0,0,0,0,0,0,0,0,0,0,0,0,0,0,1,0,0,0,0,0,0,0,1,0,0,0,0,0,0,0,1,0,0,0,0,0,0,0,1,0,0,0,0,0,0,0,0,1,0,0,0,0,0,1,0,0,0,0,1,0,0,0,0,0,0,0,0,0,0,0,0,0,0,0,0,1,0,0,0,0,0,0,0,0,0,0,0,0,0,0,0,1,0,0,1,0,0,0,0,0,1,0,0,0,0,0,1,0,0,0,0,0,1,0,0,0,0,1,0,0,0,0,1,0,0
220,1,-1.630543492870708,-2.4690938863413057,0.0,0.0,0.0,0.0,0.5,0.0,0.6875,0.3157894736842105,0.45954061173876937,1.0,0.0,0.0,0.0,1.7473143510832982,0.4,-0.5118219749652295,0.0,0.0,0.7956026770491237,0.5042351768809168,0.5,0.0,0.29411959200359544,0.0,0.0,-0.3665443192797964,0.0,0.0,0.0,0.0,-1.0,0.0,1.0,-0.5,0.0,-1.0,-0.5,1.0,0.0,-0.18354430379746836,0.0,0.0,0.0,0.8813864550964214,-0.7117967261714493,0.0,0.0,0.0,0.0,0.0,0.0,0.0,3,2006,新屋,預售屋(估價時未完工),167240,12.027191164883384,0,0,0,0,0,1,0,0,0,0,0,0,0,0,0,0,1,0,0,0,0,0,0,1,0,1,0,0,0,0,0,0,0,0,0,0,0,0,0,0,1,0,0,0,0,0,0,0,0,0,0,0,0,0,0,0,1,0,0,0,0,0,0,0,1,0,0,0,0,0,0,0,0,0,1,0,0,0,1,0,0,0,0,0,0,0,0,1,0,0,0,0,1,0,0,0,0,1,0,0,0,0,0,0,0,0,0,0,0,0,0,0,1,0,0,0,0,0,0,0,0,0,0,0,0,0,0,0,0,0,1,0,0,1,0,0,0,0,0,0,1,0,0,0,0,0,1,0,0,0,0,0,0,1,0,0,1,0,0
222,4,-0.2564764364743176,-0.3980598449190366,0.0,0.0,-1.0,0.0,0.0,0.0,0.625,0.21052631578947367,0.0,1.0,0.0,0.0,0.0,0.0,-0.6,-0.5340751043115438,0.0,0.0,0.6183537822829314,0.029895366218236172,0.5,0.0,-0.17720723925243442,1.1358097019880196,0.0,1.0030621233925656,0.0,0.0,0.0,1.0,1.0,0.0,1.0,1.0,0.0,0.0,0.25,0.0,0.0,-0.3860759493670886,0.0,0.0,0.0,0.9089310139773353,0.14618791727533317,0.0,0.0,0.0,0.0,0.0,0.0,0.0,12,2009,低利合約,一般交易,200000,12.206077645517674,0,0,0,0,0,0,0,0,1,0,0,0,0,0,0,0,1,0,0,0,0,0,0,1,0,1,0,0,0,0,0,0,0,0,0,1,0,0,0,0,0,0,0,0,0,0,0,0,0,0,0,0,0,0,0,0,1,0,0,0,0,0,0,0,1,0,0,0,0,0,0,0,1,0,0,0,0,0,0,0,0,1,0,0,0,0,0,1,0,0,0,0,1,0,0,0,0,1,0,0,0,0,0,0,0,0,0,0,0,0,0,0,1,0,0,0,0,0,0,0,0,0,0,0,0,0,0,0,1,0,0,0,0,1,0,0,0,0,0,0,1,0,0,0,0,0,1,1,0,0,0,0,0,0,0,0,1,0,0
223,1,0.6866853341578308,0.4194207615547087,0.0,0.0,0.0,0.0,0.0,1.0,0.0625,-0.5,0.0,0.0,0.0,0.0,0.0,0.0,0.2,0.23087621696801114,0.0,0.0,-0.7819215437894041,-0.5620328849028401,-0.5,0.0,-0.6503767015860299,1.0042277358775895,0.0,0.11945143338911485,1.0,0.0,0.0,1.0,0.0,0.0,0.0,0.0,0.0,0.0,0.25,0.0,0.0,-0.20042194092827004,0.0,0.0,0.0,1.0617009937783537,0.6367835496843564,0.0,0.0,0.0,0.0,0.0,1.5409627556327752,0.0,2,2006,一般保證契約,一般交易,179900,12.100161978566867,0,0,0,0,0,0,0,0,1,0,0,0,0,0,0,0,1,0,0,0,0,0,0,1,0,1,0,0,0,0,0,0,0,0,0,0,0,0,0,0,0,0,0,0,0,0,0,0,0,0,0,0,1,0,0,0,0,0,1,0,0,0,0,0,1,0,0,0,0,0,0,0,1,0,0,0,0,0,0,0,0,1,0,0,0,0,0,1,0,0,0,0,1,0,0,0,0,1,0,0,0,0,0,0,0,0,0,0,0,0,0,0,1,0,0,0,0,0,0,0,0,0,0,0,0,0,0,0,1,0,0,0,0,0,1,0,0,0,0,0,1,0,0,0,0,0,1,0,0,0,0,0,0,1,0,0,1,0,0
224,2,0.0,0.20926656998960744,0.0,0.0,0.0,0.0,-1.0,1.0,-0.020833333333333332,-0.6052631578947368,0.0,0.0,0.0,-1.0,0.0,0.0,0.2,0.19471488178025034,0.4638544907568095,7.873203454932759,-0.7942671240185731,-0.2610861983059293,0.0,0.0,-0.5154786426099094,0.0,0.0,-1.1509861380717596,0.0,0.0,-1.0,0.0,-1.0,0.0,0.0,-1.0,0.0,-1.0,-0.5,-1.0,0.0,0.3987341772151899,0.0,0.0,0.0,1.071191251074227,-0.7117967261714493,0.0,0.0,0.0,0.0,0.0,0.0,0.0,3,2009,一般保證契約,異常交易(如法拍),97000,11.48247656671073,0,0,0,1,0,0,0,0,0,0,0,0,0,0,0,0,1,0,0,0,0,0,0,1,0,0,1,0,0,0,0,0,0,0,1,0,0,0,0,0,0,0,0,0,0,0,0,0,0,0,0,0,0,0,0,0,1,0,0,0,0,0,0,0,1,0,0,0,0,0,0,0,1,0,0,0,0,0,1,0,0,0,0,0,0,0,0,1,0,0,0,0,1,0,0,0,0,0,0,0,0,0,0,0,0,0,0,0,1,0,0,0,0,0,0,0,0,0,0,0,0,0,0,0,1,0,0,0,1,0,0,0,0,0,1,0,0,0,0,0,1,0,0,0,0,0,1,0,0,0,0,1,0,0,0,0,1,0,0
225,4,1.387326425198947,0.8063187534585111,0.0,0.0,0.0,0.0,2.0,0.0,0.6458333333333334,0.23684210526315788,1.5487255024007738,1.8422747575632559,0.0,0.8422747575632559,0.0,2.3495966477454164,0.4,-0.4561891515994437,0.0,0.0,1.4037779288991923,2.784255107125062,0.5,0.0,1.841078323381067,0.0,0.0,1.1323462031497216,0.0,0.0,0.0,0.0,0.0,0.0,2.0,1.0,0.0,0.0,0.75,1.0,1.0,2.0527426160337554,0.0,0.0,0.0,1.1115161031022867,0.3999325156326103,0.0,0.0,0.0,0.0,0.0,0.0,0.0,6,2009,一般保證契約,一般交易,386250,12.864242696187505,0,0,0,1,0,0,0,0,0,0,0,0,0,0,0,0,1,0,0,0,0,0,0,1,0,1,0,0,0,0,0,0,0,1,0,0,0,0,0,0,0,0,0,0,0,0,0,0,0,0,0,0,0,0,0,0,1,0,0,0,0,0,0,0,1,0,0,0,0,0,0,0,1,0,0,0,0,0,1,0,0,0,0,0,0,1,0,0,0,0,0,0,1,0,0,0,0,1,0,0,0,0,0,0,0,0,0,0,0,0,0,0,1,0,0,0,0,0,0,0,0,0,0,0,0,0,0,0,0,0,1,0,0,1,0,0,0,0,0,0,1,0,0,0,0,0,1,0,0,0,0,0,0,1,0,0,1,0,0
226,4,-3.7943801407173003,-3.5571411798186787,0.0,0.0,0.0,0.0,-0.5,0.0,-0.020833333333333332,-0.6052631578947368,0.9590928400187009,0.0,0.0,-1.0,0.0,0.0,-0.6,-0.5340751043115438,0.0,0.0,0.21800852075655988,-0.7274539113104136,-0.5,0.0,-1.175878341807391,0.9810215688568611,0.0,-0.2733570580597317,0.0,0.0,0.0,1.0,0.0,0.0,0.0,0.0,0.0,-1.0,-0.5,-1.0,-1.0,-0.8502109704641351,0.0,0.0,0.0,0.0,-0.7117967261714493,0.0,0.0,0.0,0.0,0.0,0.0,0.0,5,2009,法院或遺產拍賣,異常交易(如法拍),112000,11.626263078808801,0,0,0,0,0,0,0,0,0,1,0,0,0,0,0,1,0,0,0,0,0,0,0,1,0,1,0,0,0,0,0,0,0,0,0,0,0,0,1,0,0,0,0,0,0,0,0,0,0,0,0,0,0,0,0,0,1,0,0,0,0,0,0,0,1,0,0,0,0,0,0,0,0,1,0,0,0,0,0,0,0,1,0,0,0,0,0,1,0,0,0,0,1,0,0,0,0,0,0,0,0,0,0,0,0,0,0,0,1,0,0,0,0,0,0,0,0,0,0,0,0,0,0,0,1,0,0,0,0,0,1,0,0,0,1,0,0,0,0,0,1,0,0,0,0,0,1,0,0,0,0,1,0,0,0,0,1,0,0
227,3,0.5579814411897118,0.08328645765994903,0.0,0.0,-1.0,0.0,0.5,0.0,0.4791666666666667,0.02631578947368421,1.1645381903841328,1.0,0.0,0.0,0.0,0.0,0.4,0.2517385257301808,0.0,0.0,0.22834428870316506,0.4145490782262083,0.5,0.0,0.23173530826237085,1.1457440583991274,0.0,1.2589153129898636,0.0,0.0,0.0,1.0,1.0,0.0,1.0,1.5,0.0,0.0,0.25,0.0,1.0,1.010548523206751,0.0,0.0,0.0,1.0817237493984635,0.42710626050754663,0.0,0.0,0.0,0.0,0.0,0.0,0.0,6,2007,一般保證契約,異常交易(如法拍),290000,12.577639650232573,0,0,0,0,0,0,0,0,1,0,0,0,0,0,0,0,1,0,0,0,0,0,0,1,0,1,0,0,0,0,0,0,1,0,0,0,0,0,0,0,0,0,0,0,0,0,0,0,0,0,0,0,0,0,0,0,1,0,0,0,0,0,0,0,1,0,0,0,0,0,0,0,1,0,0,0,0,0,0,0,0,1,0,0,0,0,0,1,0,0,0,0,1,0,0,0,0,1,0,0,0,0,0,0,0,0,0,0,0,0,0,0,1,0,0,0,0,0,0,0,0,0,0,0,0,0,0,0,0,0,1,0,0,1,0,0,0,0,0,0,1,0,0,0,0,0,1,0,0,0,0,0,0,1,0,0,1,0,0
228,4,-3.7943801407173003,-3.365288031129573,0.0,0.0,0.0,0.0,0.0,1.0,-0.041666666666666664,-0.631578947368421,0.9289773709912613,0.0,0.0,-1.0,0.0,0.0,-0.2,-0.08762169680111266,0.0,0.0,-0.786015252002033,-1.020428500249128,-0.5,0.0,-1.7074915753994082,0.914678268869283,0.0,-0.8720698800510897,0.0,0.0,-1.0,1.0,-1.0,0.0,0.0,-0.5,0.0,-1.0,-0.5,-1.0,-1.0,-0.8502109704641351,0.0,0.0,0.0,0.0,-0.7117967261714493,0.0,0.0,0.0,0.0,0.0,0.0,0.0,9,2008,一般保證契約,一般交易,106000,11.571203807011969,0,0,0,0,0,0,0,0,0,1,0,0,0,0,0,1,0,0,0,0,0,0,0,1,0,1,0,0,0,0,0,0,0,0,0,0,0,0,1,0,0,0,0,0,0,0,0,0,0,0,0,0,0,0,0,0,1,0,0,0,0,0,0,0,1,0,0,0,0,0,0,0,0,1,0,0,0,0,0,0,0,1,0,0,0,0,0,1,0,0,0,0,1,0,0,0,0,0,0,0,0,0,0,0,0,0,0,0,1,0,0,0,0,0,0,0,0,0,0,0,0,0,0,0,1,0,0,0,0,0,1,0,0,0,1,0,0,0,0,0,1,0,0,0,0,0,1,0,0,0,0,1,0,0,0,0,1,0,0
229,3,0.0,-0.27410206690804306,0.0,0.0,0.0,0.0,-0.5,0.0,-0.10416666666666667,-0.7105263157894737,0.0,0.0,0.0,-1.0,0.0,0.0,0.2,0.6369958275382476,0.0,0.0,-1.3087523326545045,-0.1654210264075735,-0.5,0.0,-0.3992397604519068,0.0,0.0,-1.0383591136589678,0.0,0.0,-1.0,0.0,0.0,0.0,0.0,-0.5,0.0,0.0,0.0,-1.0,-1.0,-0.6139240506329114,0.0,0.0,0.0,0.0,-0.7117967261714493,0.0,0.0,0.0,0.0,0.0,1.5409627556327752,0.0,5,2010,一般保證契約,一般交易,125000,11.736077016252437,0,0,0,1,0,0,0,0,0,0,0,0,0,0,0,0,1,0,0,0,0,0,0,1,0,0,1,0,0,0,0,0,0,0,0,0,0,0,0,0,0,0,0,0,0,0,0,1,0,0,0,0,0,0,0,0,0,0,0,0,0,0,1,0,1,0,0,0,0,0,0,0,1,0,0,0,0,0,1,0,0,0,0,0,0,0,0,1,0,0,0,0,1,0,0,0,0,0,0,0,0,0,0,0,0,0,0,0,1,0,0,0,0,0,0,0,0,0,0,0,0,0,0,0,1,0,0,0,1,0,0,0,0,0,1,0,0,0,0,0,1,0,0,0,0,0,1,0,0,0,0,1,0,0,0,0,1,0,0
230,3,-1.630543492870708,-2.360345429908148,0.0,0.0,0.0,0.0,0.5,0.0,0.6875,0.3157894736842105,0.45954061173876937,1.0,0.0,0.0,0.0,1.7473143510832982,0.4,-0.5118219749652295,0.0,0.0,0.8837500342034439,0.7533632286995515,0.5,0.0,0.8002179698208888,0.0,0.0,0.12382820749848435,0.0,0.0,0.0,0.0,-1.0,0.0,1.0,0.5,0.0,0.0,0.25,1.0,0.0,-0.21729957805907174,0.0,0.0,0.0,0.9557953004482737,-0.07642330536929036,0.0,0.0,0.0,0.0,0.0,0.0,0.0,5,2009,一般保證契約,一般交易,192500,12.167856627501678,0,0,0,0,0,1,0,0,0,0,0,0,0,0,0,0,1,0,0,0,0,0,0,1,0,1,0,0,0,0,0,0,0,0,0,0,0,0,0,0,1,0,0,0,0,0,0,0,0,0,0,0,0,0,0,0,1,0,0,0,0,0,0,0,1,0,0,0,0,0,0,0,0,0,1,0,0,0,1,0,0,0,0,0,0,0,0,1,0,0,0,0,1,0,0,0,0,1,0,0,0,0,0,0,0,0,0,0,0,0,0,0,1,0,0,0,0,0,0,0,0,0,0,0,0,0,0,0,0,0,1,0,0,1,0,0,0,0,0,0,1,0,0,0,0,0,1,0,0,0,0,0,0,1,0,0,1,0,0
231,0,0.14660387181266663,-0.21094444239049306,0.0,0.0,0.0,0.0,0.0,1.0,-0.2708333333333333,-0.9210526315789473,1.0823638875326178,0.0,0.0,-1.0,0.0,0.0,-0.6,-0.5340751043115438,0.0,0.0,0.7672997397677376,0.3966118584952666,-0.5,0.0,0.1943421154603773,0.0,0.0,-0.4632214386554331,1.0,0.0,-1.0,0.0,0.0,0.0,0.0,0.0,0.0,-1.0,-0.5,0.0,-1.0,-0.7151898734177216,0.0,0.0,0.0,0.0,-0.7117967261714493,7.020909424392294,0.0,0.0,0.0,0.0,0.0,0.0,4,2010,一般保證契約,一般交易,148000,11.904974309480181,0,0,0,1,0,0,0,0,0,0,0,0,0,0,0,0,1,0,0,0,0,0,0,1,0,1,0,0,0,0,0,0,0,0,1,0,0,0,0,0,0,0,0,0,0,0,0,0,0,0,0,0,0,0,0,0,1,0,0,0,0,0,0,0,1,0,0,0,0,0,0,0,1,0,0,0,0,0,1,0,0,0,0,0,0,1,0,0,0,0,0,0,1,0,0,0,0,0,0,0,0,0,0,0,0,0,0,0,0,1,0,0,0,0,0,0,0,0,0,0,0,0,0,0,0,1,0,0,0,0,1,0,0,0,1,0,0,0,0,0,1,0,0,0,0,0,1,0,0,0,0,0,0,1,0,0,1,0,0
233,2,-3.7943801407173003,-3.5571411798186787,0.0,0.0,0.0,0.0,0.0,0.0,0.0,-0.5789473684210527,1.1717973981551686,0.0,0.0,-1.0,0.0,0.0,-0.6,-0.5340751043115438,0.0,0.0,0.0048964776737230225,-1.020428500249128,-0.5,0.0,-1.7074915753994082,0.914678268869283,0.0,-0.8720698800510897,0.0,0.0,-1.0,1.0,-1.0,0.0,0.0,-0.5,0.0,0.0,-0.25,-1.0,-1.0,-0.8164556962025317,0.0,0.0,0.0,0.0,-0.7117967261714493,0.0,0.0,0.0,0.0,0.0,0.0,0.0,6,2006,一般保證契約,一般交易,94500,11.456365695436427,0,0,0,0,0,0,0,0,0,1,0,0,0,0,0,1,0,0,0,0,0,0,0,1,0,1,0,0,0,0,0,0,0,0,0,0,0,0,1,0,0,0,0,0,0,0,0,0,0,0,0,0,0,0,0,0,1,0,0,0,0,0,0,0,1,0,0,0,0,0,0,0,0,1,0,0,0,0,0,0,0,1,0,0,0,0,0,1,0,0,0,0,1,0,0,0,0,0,0,0,0,0,0,0,0,0,0,0,1,0,0,0,0,0,0,0,0,0,0,0,0,0,0,0,1,0,0,0,0,0,1,0,0,0,1,0,0,0,0,0,1,0,0,0,0,0,1,0,0,0,0,0,0,1,0,0,1,0,0
235,3,-0.2564764364743176,-0.459547576018287,0.0,0.0,0.0,0.0,0.0,0.0,0.625,0.21052631578947367,0.0,1.0,0.0,0.0,0.0,0.0,0.4,0.33518776077885953,0.0,0.0,-0.5314250744872542,-0.26905829596412556,0.5,0.0,-0.5254108351567215,1.1015950305967608,0.0,0.6577610894550293,1.0,0.0,0.0,1.0,1.0,0.0,1.0,1.0,0.0,1.0,0.25,1.0,0.0,-0.1751054852320675,0.0,0.0,0.0,1.156137046565607,0.1584510203308132,0.0,0.0,0.0,0.0,0.0,0.0,0.0,5,2010,一般保證契約,一般交易,216500,12.285350445351659,0,0,0,0,0,0,0,0,1,0,0,0,0,0,0,0,1,0,0,0,0,0,0,1,0,1,0,0,0,0,0,0,0,0,0,1,0,0,0,0,0,0,0,0,0,0,0,0,0,0,0,0,0,0,0,0,1,0,0,0,0,0,0,0,1,0,0,0,0,0,0,0,1,0,0,0,0,0,0,0,0,1,0,0,0,0,0,1,0,0,0,0,1,0,0,0,0,1,0,0,0,0,0,0,0,0,0,0,0,0,0,0,1,0,0,0,0,0,0,0,0,0,0,0,0,0,0,0,1,0,0,0,0,1,0,0,0,0,0,0,1,0,0,0,0,0,1,1,0,0,0,0,0,0,0,0,1,0,0
236,3,-3.7943801407173003,-3.5571411798186787,0.0,0.0,0.0,0.0,0.0,-2.0,-0.020833333333333332,-0.6052631578947368,1.400365529714394,0.0,0.0,-1.0,0.0,0.0,0.2,-0.03616133518776078,0.0,0.0,-0.9549809392906987,-1.020428500249128,-0.5,0.0,-1.7074915753994082,0.914678268869283,0.0,-0.8720698800510897,0.0,0.0,-1.0,1.0,-1.0,0.0,0.0,-0.5,0.0,-1.0,-0.5,-1.0,-1.0,-0.9177215189873418,0.0,0.0,0.0,0.0,-0.7117967261714493,0.0,0.0,0.0,0.0,0.0,0.0,0.0,8,2008,一般保證契約,一般交易,89500,11.402005077384885,0,0,0,0,0,0,0,0,0,1,0,0,0,0,0,1,0,0,0,0,0,0,0,1,0,1,0,0,0,0,0,0,0,0,0,0,0,0,1,0,0,0,0,0,0,0,0,0,0,0,0,0,0,0,0,0,1,0,0,0,0,0,0,0,1,0,0,0,0,0,0,0,0,0,1,0,0,0,0,0,0,1,0,0,0,0,0,1,0,0,0,0,1,0,0,0,0,0,0,0,0,0,0,0,0,0,0,0,1,0,0,0,0,0,0,0,0,0,0,0,0,0,0,0,1,0,0,0,0,0,1,0,0,0,1,0,0,0,0,0,1,0,0,0,0,0,1,0,0,0,0,1,0,0,0,0,1,0,0
237,2,-0.2564764364743176,-0.20755127027964468,0.0,0.0,0.0,0.0,0.5,0.0,0.6666666666666666,0.2631578947368421,0.8610539451068921,1.0,0.0,0.0,0.0,1.7473143510832982,0.4,-0.5006954102920723,0.0,0.0,0.9058663724654401,0.8350772296960638,0.5,0.0,0.5794288520553232,0.0,0.0,-0.09010039276850554,0.0,0.0,0.0,0.0,0.0,0.0,1.0,0.0,0.0,-1.0,-0.5,0.0,0.0,0.052742616033755275,0.0,0.0,0.0,0.9342437985003795,0.3999325156326103,0.0,0.0,0.0,0.0,0.0,0.0,0.0,5,2010,一般保證契約,一般交易,185500,12.130815551850676,0,0,0,1,0,0,0,0,0,0,0,0,0,0,0,0,1,0,0,0,0,0,0,1,0,0,1,0,0,0,0,0,0,0,0,0,1,0,0,0,0,0,0,0,0,0,0,0,0,0,0,0,0,0,0,0,1,0,0,0,0,0,0,0,1,0,0,0,0,0,0,0,1,0,0,0,0,0,1,0,0,0,0,0,0,0,0,1,0,0,0,0,1,0,0,0,0,1,0,0,0,0,0,0,0,0,0,0,0,0,0,0,1,0,0,0,0,0,0,0,0,0,0,0,0,0,0,0,0,0,1,0,0,1,0,0,0,0,0,0,1,0,0,0,0,0,1,0,0,0,0,0,0,1,0,0,1,0,0
239,4,1.0121258590460687,0.5323538480995457,0.0,0.0,0.0,0.0,1.0,0.0,0.7291666666666666,0.34210526315789475,1.124676328433815,1.8422747575632559,0.0,0.8422747575632559,0.0,0.0,-0.6,-0.5340751043115438,0.0,0.0,1.0909966684765278,1.3931240657698056,0.5,0.0,1.00181206640912,0.0,0.0,0.3191582280251334,0.0,0.0,0.0,0.0,0.0,0.0,1.0,0.5,0.0,-1.0,-0.5,1.0,1.0,1.419831223628692,0.0,0.0,0.0,1.0,0.6705484948721427,0.0,0.0,0.0,0.0,0.0,0.0,0.0,12,2007,新屋,預售屋(估價時未完工),318000,12.669809806411457,0,0,0,1,0,0,0,0,0,0,0,0,0,0,0,0,1,0,0,0,0,0,0,1,0,1,0,0,0,0,0,0,0,1,0,0,0,0,0,0,0,0,0,0,0,0,0,0,0,0,0,0,0,0,0,0,1,0,0,0,0,0,0,0,1,0,0,0,0,0,0,0,1,0,0,0,0,0,1,0,0,0,0,0,0,1,0,0,0,0,0,0,1,0,0,0,0,1,0,0,0,0,0,0,0,0,0,0,0,0,0,0,1,0,0,0,0,0,0,0,0,0,0,0,0,0,0,0,0,0,1,0,0,1,0,0,0,0,0,0,1,0,0,0,0,0,1,0,0,0,0,0,0,1,0,0,1,0,0
242,0,-1.8614282606963264,-1.9647415187956339,0.0,0.0,0.0,0.0,-0.5,4.0,-0.5625,0.07894736842105263,0.0,0.0,0.2793713480100486,-1.0,0.0,0.0,0.2,-0.07649513212795549,0.0,0.0,-0.22732889250169075,-0.6158445440956651,0.0,0.0,-0.510527178411909,0.0,0.0,-1.146188529313365,0.0,0.0,-1.0,0.0,-1.0,0.0,1.0,-1.0,0.0,-1.0,-0.5,-2.0,-2.0,-2.0316455696202533,-1.5409627556327752,-1.5409627556327752,0.0,0.7279438021182927,0.12026819188344327,0.0,0.0,0.0,0.0,0.0,0.0,0.0,8,2007,一般保證契約,一般交易,110500,11.612779849672751,0,0,1,0,0,0,0,0,0,0,0,0,0,0,0,1,0,0,0,0,0,0,0,1,0,1,0,0,0,0,0,0,0,0,0,0,0,0,0,0,0,0,0,0,0,0,0,0,1,0,0,0,0,0,0,0,1,0,0,0,0,0,0,0,1,0,0,0,0,0,0,0,1,0,0,0,0,0,1,0,0,0,0,0,0,0,0,1,0,0,0,0,1,0,0,0,0,1,0,0,0,0,0,0,0,0,0,0,0,0,0,0,1,0,0,0,0,0,0,0,0,0,0,0,0,0,0,0,1,0,0,0,0,0,1,0,0,0,0,0,1,0,0,0,0,0,1,0,0,0,1,0,0,0,0,0,1,0,0
243,0,-0.3637131127598576,-1.4413963587207628,0.0,0.0,0.0,0.0,-0.5,-1.0,-1.5,-1.1578947368421053,0.0,0.0,0.0,-1.0,0.0,0.0,-0.6,-0.5340751043115438,0.0,0.0,0.0933252144820992,-0.9068261086198306,0.0,-0.7304631471189668,-0.45427225406437943,0.9349310993143092,0.0,-0.049329643340806986,0.0,0.0,-1.0,0.0,0.0,0.0,0.0,0.0,0.0,-1.0,-0.5,-1.0,-1.0,-0.5464135021097046,-0.3466451177569989,0.0,0.0,0.0,-0.7117967261714493,6.1484608313417315,0.0,0.0,0.0,0.0,0.0,0.0,4,2006,一般保證契約,一般交易,79000,11.277215789596893,1,0,0,0,0,0,0,0,0,0,0,0,0,0,0,1,0,0,0,0,0,0,0,1,0,0,0,0,1,0,0,0,0,0,0,0,0,0,0,0,0,0,0,0,0,0,0,0,1,0,0,0,0,0,0,0,1,0,0,0,0,0,0,0,1,0,0,0,0,0,0,0,1,0,0,0,1,0,0,0,0,0,0,0,0,0,0,1,0,0,0,0,1,0,0,0,0,0,0,0,1,0,0,0,0,0,0,0,0,0,0,0,0,0,0,0,1,0,0,0,0,0,0,0,0,0,0,0,1,0,0,0,0,0,0,0,1,0,0,0,1,0,0,0,0,1,0,0,0,0,0,0,0,1,0,0,1,0,0
244,4,0.24155735878839998,0.26731663783784043,0.0,0.0,0.0,0.0,0.0,1.0,0.16666666666666666,-0.3684210526315789,0.0,0.0,0.0,0.0,0.0,0.0,-0.6,-0.5340751043115438,0.0,0.0,0.21279880526480754,-0.7354260089686099,-0.5,0.0,-1.1888741052499496,0.9510436193865841,0.0,-0.4215992570685993,0.0,0.0,-1.0,1.0,0.0,0.0,0.0,0.0,0.0,0.0,0.25,0.0,-1.0,-0.8164556962025317,0.0,0.0,0.0,0.0,0.009549770389255476,0.0,0.0,0.0,0.0,0.0,0.0,0.0,4,2009,一般保證契約,一般交易,120000,11.695255355062795,0,0,0,0,0,0,0,0,0,1,0,0,0,0,0,0,1,0,0,0,0,0,0,1,0,0,0,0,1,0,0,0,0,0,0,0,0,0,0,0,0,0,0,0,0,0,0,0,0,0,0,0,0,1,0,0,1,0,0,0,0,0,0,0,1,0,0,0,0,0,0,0,0,0,1,0,0,0,0,0,0,1,0,0,0,0,0,1,0,0,0,0,1,0,0,0,0,0,0,1,0,0,0,0,0,0,0,0,0,0,0,0,0,0,0,1,0,0,0,0,0,0,0,0,0,0,0,0,1,0,0,0,0,0,1,0,0,0,0,0,1,0,0,0,0,0,1,0,0,0,0,0,0,1,0,0,1,0,0
246,4,0.469964168048189,0.18678506831606595,0.0,0.0,0.0,0.0,0.5,0.0,0.3333333333333333,-0.15789473684210525,0.8713561237420991,0.0,0.0,0.0,0.0,1.7473143510832982,0.4,0.7579972183588317,0.0,0.0,0.533134255547344,1.6940707523667164,0.0,0.0,1.2403797739675269,0.0,0.0,0.5503129890177708,0.0,0.7304631471189668,0.0,0.0,0.0,0.0,0.0,0.0,0.0,0.0,0.25,1.0,0.0,0.5168776371308017,0.0,0.0,0.0,1.044787565240532,0.09944701964073181,0.0,0.0,0.0,0.0,0.0,0.0,0.0,6,2006,一般保證契約,一般交易,241500,12.394628892852941,0,0,0,1,0,0,0,0,0,0,0,0,0,0,0,0,1,0,0,0,0,0,0,1,0,1,0,0,0,0,0,0,0,0,0,0,0,0,0,0,0,0,0,0,0,0,0,0,0,0,0,0,1,0,0,0,1,0,0,0,0,0,0,0,1,0,0,0,0,0,0,0,1,0,0,0,0,0,1,0,0,0,0,0,0,0,0,1,0,0,0,0,1,0,0,0,0,0,0,0,1,0,0,0,0,0,0,0,0,0,0,0,0,0,0,0,1,0,0,0,0,0,0,0,0,0,0,0,0,0,1,0,0,0,1,0,0,0,0,0,1,0,0,0,0,0,1,0,0,0,0,0,0,1,0,0,1,0,0
247,4,-0.05003889786863668,-0.11297514194780925,0.0,0.7304631471189668,0.0,0.0,0.0,3.0,-1.2916666666666667,-1.1578947368421053,0.0,0.0,-0.3466451177569989,-2.24080411332851,0.0,0.0,-0.6,-0.5340751043115438,0.0,0.0,0.6270183922526554,0.04982561036372696,0.0,-0.7304631471189668,-0.40872533460493593,1.082534075288416,0.0,0.619172322147556,0.0,0.0,0.0,0.0,1.0,0.4638544907568095,-1.0,1.5,0.0,-1.0,-0.5,-1.0,-1.0,-0.1751054852320675,-0.8104996085138084,-0.8104996085138084,0.0,0.0,0.22418808858595582,6.88118732376381,0.0,0.0,0.0,0.0,0.0,0.0,4,2006,一般保證契約,一般交易,137000,11.827743504053695,0,0,0,0,0,0,0,0,0,0,1,0,0,0,0,1,0,0,0,0,0,0,0,1,0,1,0,0,0,0,0,0,0,0,0,0,0,0,0,0,0,0,0,0,0,0,0,0,1,0,0,0,0,0,0,0,1,0,0,0,0,0,0,0,1,0,0,0,0,0,0,1,0,0,0,0,0,0,0,0,0,1,0,0,0,0,0,1,0,0,0,0,1,0,0,0,0,0,0,0,0,0,0,0,0,0,0,1,0,0,0,0,0,0,0,0,0,0,0,0,0,0,0,1,0,0,0,0,1,0,0,0,0,0,0,1,0,0,0,0,1,0,0,1,0,0,0,0,0,0,0,1,0,0,0,0,1,0,0
249,3,0.09830646769700241,0.38642201283359795,0.0,0.0,0.0,0.0,0.5,0.0,0.6458333333333334,0.23684210526315788,0.8688128972633469,1.0,0.0,0.0,0.0,0.0,-0.6,-0.5340751043115438,0.0,0.0,0.45861957391818964,-0.3089187842551071,0.5,0.0,-0.5756681511542274,1.0310037166871802,0.0,0.2836840007553831,0.0,0.0,0.0,1.0,0.0,0.0,1.0,1.0,0.0,-1.0,-0.5,0.0,0.0,0.07805907172995781,0.0,0.0,0.0,0.9576843843402714,0.26213018994900694,0.0,0.0,0.0,0.0,0.0,0.0,0.0,9,2007,一般保證契約,一般交易,180000,12.100717685412471,0,0,0,0,0,0,0,0,1,0,0,0,0,0,0,0,1,0,0,0,0,0,0,1,0,1,0,0,0,0,0,0,0,0,0,0,1,0,0,0,0,0,0,0,0,0,0,0,0,0,0,0,0,0,0,0,1,0,0,0,0,0,0,0,1,0,0,0,0,0,0,0,1,0,0,0,0,0,0,0,0,1,0,0,0,0,0,1,0,0,0,0,1,0,0,0,0,1,0,0,0,0,0,0,0,0,0,0,0,0,0,0,1,0,0,0,0,0,0,0,0,0,0,0,0,0,0,0,0,0,1,0,0,1,0,0,0,0,0,0,1,0,0,0,0,0,1,0,0,0,0,0,0,1,0,0,1,0,0
250,1,0.469964168048189,8.097260757033693,0.0,0.0,-2.338124978532008,-1.1943176378757763,0.0,2.0,-0.2916666666666667,0.3157894736842105,1.3181529102877774,1.0,0.0,0.0,0.0,2.3495966477454164,-0.2,0.43532684283727396,0.0,0.0,0.3592165733792255,0.8948679621325362,0.0,0.0,0.6279232811770229,0.9906719165682797,0.0,0.8697928251860441,0.0,0.7304631471189668,0.0,0.0,1.0,0.0,1.0,0.5,0.0,1.0,0.25,1.0,0.0,-0.39029535864978904,0.0,0.0,0.0,0.0,0.37740612789636735,0.0,0.0,0.0,0.0,0.0,0.0,10.272201962485878,6,2007,一般保證契約,一般交易,277000,12.531776395271262,1,0,0,0,0,0,0,0,0,0,0,0,0,0,0,0,1,0,0,0,1,0,0,0,0,0,0,1,0,0,0,0,0,0,0,0,0,0,0,0,0,0,0,0,1,0,0,0,0,0,0,0,0,0,0,0,1,0,0,0,0,0,0,0,1,0,0,0,0,0,0,0,1,0,0,0,1,0,0,0,0,0,0,0,0,0,0,1,0,0,0,0,1,0,0,0,0,0,0,0,1,0,0,0,0,0,0,0,0,0,0,0,0,0,0,0,0,0,0,0,0,0,0,0,1,0,0,1,0,0,0,0,0,0,1,0,0,0,0,0,1,0,0,0,0,0,1,0,0,0,0,0,0,1,1,0,0,0,0
251,4,-0.8233670642427064,-1.2983720124252545,0.0,0.0,-1.0,0.0,-1.5,-3.0,-0.6666666666666666,-0.7368421052631579,0.0,0.0,-0.8104996085138084,-1.0,0.0,0.0,-0.6,-0.5340751043115438,0.0,0.0,0.3376251921341799,-0.5321375186846039,0.5,0.0,0.39728381048605566,0.0,0.0,-0.2665856932345382,0.0,0.0,-1.0,0.0,0.0,0.0,-1.0,0.0,-0.6199342747198131,-1.0,-0.5,-2.0,-2.0,-2.0316455696202533,-1.5409627556327752,-1.5409627556327752,0.0,1.128918212520735,-0.7117967261714493,0.0,0.0,0.0,0.0,0.0,1.1943176378757763,10.00715768738887,5,2010,一般保證契約,一般交易,76500,11.245059091624615,0,0,1,0,0,0,0,0,0,0,0,0,0,0,0,0,1,0,0,0,0,0,0,1,0,1,0,0,0,0,0,0,0,0,0,0,0,0,0,1,0,0,0,0,0,0,0,0,0,0,0,0,0,0,0,0,1,0,0,0,0,0,0,0,1,0,0,0,0,0,0,0,1,0,0,0,0,0,1,0,0,0,0,0,0,0,0,1,0,0,0,0,1,0,0,0,0,0,0,0,1,0,0,0,0,0,0,0,0,0,0,0,0,0,0,1,0,0,0,0,0,0,0,0,0,0,0,0,1,0,0,0,0,0,1,0,0,0,0,0,1,0,0,0,0,0,1,0,0,0,1,0,0,0,1,0,0,0,0
252,4,-1.5565538176877765,-1.5488614895251838,0.0,0.0,-1.0,-0.4638544907568095,1.0,0.0,0.7083333333333334,0.34210526315789475,1.3243419442068156,1.0,0.0,0.0,0.0,2.3495966477454164,0.4,1.6536856745479833,0.0,0.0,-3.1687229326517117,1.1519681116093672,0.5,0.0,0.9035719451497773,0.0,0.0,0.2239706941296189,1.0,0.7304631471189668,0.0,0.0,-1.0,0.0,1.0,-0.5,0.0,0.0,0.5,1.0,0.0,0.23839662447257384,0.0,0.0,0.0,0.9154527046866661,-0.7117967261714493,0.0,0.0,7.525112644917749,0.0,0.0,0.0,0.0,12,2007,一般保證契約,親友交易,235000,12.367345048436391,0,0,0,0,0,1,0,0,0,0,0,0,0,0,0,1,0,0,0,0,0,0,1,0,0,1,0,0,0,0,1,0,0,0,0,0,0,0,0,0,0,0,0,0,0,0,0,0,0,0,0,0,0,0,0,0,1,0,0,0,0,0,0,0,1,0,0,0,0,0,0,0,0,0,1,0,0,0,1,0,0,0,0,0,0,1,0,0,0,0,0,0,1,0,0,0,0,1,0,0,0,0,0,0,0,0,0,0,0,0,0,0,1,0,0,0,0,0,0,0,0,0,0,0,0,0,0,0,0,1,0,0,0,1,0,0,0,0,0,0,1,0,0,0,0,0,1,0,0,0,0,0,0,1,0,0,1,0,0
253,3,-0.2564764364743176,-0.3158716671356036,0.0,0.0,-1.0,0.0,0.0,0.0,0.6666666666666666,0.2631578947368421,0.0,1.0,0.0,0.0,0.0,0.0,-0.6,-0.5340751043115438,0.0,0.0,0.4149490803546808,-0.3926258096661684,0.5,0.0,-0.6846052715535297,1.0350870192464519,0.0,0.244951747087486,0.0,0.0,0.0,1.0,0.0,0.0,1.0,0.0,0.0,-1.0,-0.5,0.0,0.0,0.16244725738396623,0.0,0.0,0.0,0.9461791750777374,0.139889170134574,0.0,0.0,0.0,0.0,0.0,0.0,0.0,12,2008,一般保證契約,一般交易,173000,12.06105265381003,0,0,0,0,0,0,0,0,1,0,0,0,0,0,0,0,1,0,0,0,0,0,0,1,0,1,0,0,0,0,0,0,0,0,0,0,0,0,0,0,0,0,0,0,0,0,0,0,0,0,0,0,0,1,0,0,1,0,0,0,0,0,0,0,1,0,0,0,0,0,0,0,1,0,0,0,0,0,0,0,0,1,0,0,0,0,0,1,0,0,0,0,1,0,0,0,0,1,0,0,0,0,0,0,0,0,0,0,0,0,0,0,1,0,0,0,0,0,0,0,0,0,0,0,0,0,0,0,1,0,0,0,0,1,0,0,0,0,0,0,1,0,0,0,0,0,1,0,0,0,0,0,0,1,0,0,1,0,0
254,0,0.6866853341578308,-0.06108511615275991,0.0,0.0,0.0,0.0,0.0,2.0,-0.16666666666666666,-0.07894736842105263,0.8861891607291794,0.0,0.0,0.0,0.0,2.3495966477454164,-0.4,-0.15855354659248957,1.3251783909391408,10.652825783009021,-0.04698222338828219,0.611858495266567,0.5,0.0,0.3902952934576761,0.0,0.0,-0.2733570580597317,0.0,0.7304631471189668,0.0,0.0,0.0,0.0,1.0,0.5,-0.18059459163956637,-1.0,-0.5,0.0,-1.0,-0.7278481012658228,0.0,0.0,0.0,1.200447466381656,-0.7117967261714493,0.0,0.0,0.0,0.0,0.0,1.5409627556327752,0.0,10,2007,現金保證契約,一般交易,158000,11.970356641102999,0,0,0,0,0,0,0,0,0,0,0,0,1,0,0,0,1,0,0,0,0,0,0,1,0,1,0,0,0,0,0,0,0,0,1,0,0,0,0,0,0,0,0,0,0,0,0,0,0,0,0,0,0,0,0,0,1,0,0,0,0,0,0,0,1,0,0,0,0,0,0,0,1,0,0,0,0,0,0,0,0,0,1,0,0,1,0,0,0,0,0,0,1,0,0,0,0,0,0,0,0,0,0,0,0,0,0,0,1,0,0,0,0,0,0,0,0,0,0,0,0,0,0,0,1,0,0,0,0,0,1,0,0,0,1,0,0,0,0,0,1,0,0,0,0,0,1,0,0,0,0,0,0,1,0,0,1,0,0
255,0,0.0,-0.30665332785834487,0.0,0.0,0.0,0.0,-0.5,1.0,-0.3125,-0.9736842105263158,0.0,0.0,0.2793713480100486,-1.0,0.0,0.0,-0.2,0.7482614742698191,0.0,0.0,-0.15661529213210013,0.635774788241156,-0.5,0.0,0.4112064783433743,0.0,0.0,-0.2530956404781296,1.0,0.0,-1.0,0.0,0.0,0.0,0.0,-0.5,0.0,-1.0,-0.5,0.0,-1.0,-0.7911392405063291,0.0,0.0,0.0,1.1138870419987459,-0.7117967261714493,0.0,0.0,0.0,0.0,0.0,0.0,0.0,6,2010,一般保證契約,一般交易,145000,11.884495917930655,0,0,0,1,0,0,0,0,0,0,0,0,0,0,0,0,1,0,0,0,0,0,0,1,0,1,0,0,0,0,0,0,0,0,1,0,0,0,0,0,0,0,0,0,0,0,0,0,0,0,0,0,0,0,0,0,1,0,0,0,0,0,0,0,1,0,0,0,0,0,0,0,1,0,0,0,0,0,1,0,0,0,0,0,0,0,0,1,0,0,0,0,1,0,0,0,0,0,0,0,0,0,0,0,0,0,0,0,0,1,0,0,0,0,0,0,0,0,0,0,0,0,0,0,0,1,0,0,1,0,0,0,0,0,1,0,0,0,0,0,1,0,0,0,0,0,1,0,0,0,0,0,0,1,0,0,1,0,0
256,0,-0.20389035669044683,-0.21669649564090257,0.0,0.0,-1.0,0.0,0.5,0.0,0.5625,0.13157894736842105,1.1768943166800108,1.0,0.0,0.0,0.0,0.0,-0.6,-0.5340751043115438,0.0,0.0,0.5874425309152956,-0.039860488290981565,0.5,0.0,-0.18808250531119386,1.141728105014415,0.0,1.0283466405262858,0.0,0.0,0.0,1.0,1.0,0.0,1.0,1.0,0.0,0.0,0.25,1.0,0.0,-0.22151898734177214,0.0,0.0,0.0,1.0374820403803926,-0.7117967261714493,0.0,0.0,0.0,0.0,0.0,0.0,0.0,2,2006,一般保證契約,一般交易,230000,12.345838935721968,0,0,0,0,0,0,0,0,1,0,0,0,0,0,0,0,1,0,0,0,0,0,0,1,0,1,0,0,0,0,0,0,0,0,0,1,0,0,0,0,0,0,0,0,0,0,0,0,0,0,0,0,0,0,0,0,1,0,0,0,0,0,0,0,1,0,0,0,0,0,0,0,1,0,0,0,0,0,0,0,0,1,0,0,0,0,0,1,0,0,0,0,1,0,0,0,0,1,0,0,0,0,0,0,0,0,0,0,0,0,0,0,1,0,0,0,0,0,0,0,0,0,0,0,0,0,0,0,0,0,1,0,0,1,0,0,0,0,0,0,1,0,0,0,0,0,1,1,0,0,0,0,0,0,0,0,1,0,0
257,1,-0.3097441784624688,-0.20286007991546232,0.0,0.0,-1.0,0.0,0.0,0.0,0.6458333333333334,0.23684210526315788,0.0,1.0,0.0,0.0,0.0,0.0,-0.2,0.16550764951321278,0.0,0.0,-0.21895721881562705,-0.2610861983059293,0.5,0.0,-0.5154786426099094,1.0413886544229691,0.0,0.3648561901933243,0.0,0.0,0.0,1.0,0.0,0.0,1.0,0.5,0.0,-1.0,-0.5,0.0,0.0,0.8080168776371308,0.0,0.0,0.0,1.071191251074227,0.2036034778236525,0.0,0.0,0.0,0.0,0.0,0.0,0.0,5,2008,一般保證契約,一般交易,207500,12.242891437918386,0,0,0,0,0,0,0,0,1,0,0,0,0,0,0,0,0,0,1,0,0,0,0,1,0,1,0,0,0,0,0,0,0,0,0,0,0,0,0,0,0,0,0,0,0,0,0,0,0,0,1,0,0,0,0,0,1,0,0,0,0,0,0,0,1,0,0,0,0,0,0,0,1,0,0,0,0,0,0,0,0,1,0,0,0,0,0,1,0,0,0,0,1,0,0,0,0,1,0,0,0,0,0,0,0,0,0,0,0,0,0,0,1,0,0,0,0,0,0,0,0,0,0,0,0,0,0,0,1,0,0,0,0,1,0,0,0,0,0,0,1,0,0,0,0,0,1,0,0,0,0,0,0,1,0,0,1,0,0
258,2,-0.10068914480903793,-0.1968776468354919,0.0,0.0,0.0,0.0,0.5,0.0,0.7083333333333334,0.3157894736842105,1.0248235295832058,1.0,0.0,0.0,0.0,0.0,0.4,1.321279554937413,0.0,0.0,-0.4326070423259084,1.2137518684603887,0.5,0.0,0.8729694463865659,0.0,0.0,0.1943190981119317,1.0,0.0,0.0,1.0,0.0,0.0,1.0,1.0,0.0,0.0,0.5,0.0,0.0,0.7531645569620253,0.0,0.0,0.0,0.9154527046866661,0.4152607168405549,0.0,0.0,0.0,0.0,0.0,0.0,0.0,3,2009,一般保證契約,異常交易(如法拍),220000,12.301387370778713,0,0,0,1,0,0,0,0,0,0,0,0,0,0,0,0,1,0,0,0,0,0,0,1,0,1,0,0,0,0,0,0,0,0,0,0,1,0,0,0,0,0,0,0,0,0,0,0,0,0,0,0,0,0,0,0,1,0,0,0,0,0,0,0,1,0,0,0,0,0,0,0,1,0,0,0,0,0,1,0,0,0,0,0,0,0,0,1,0,0,0,0,1,0,0,0,0,1,0,0,0,0,0,0,0,0,0,0,0,0,0,0,1,0,0,0,0,0,0,0,0,0,0,0,0,0,0,0,0,1,0,0,0,1,0,0,0,0,0,0,1,0,0,0,0,0,1,0,0,0,0,0,0,1,0,0,1,0,0
259,1,0.469964168048189,0.6120018671167141,0.0,0.0,0.0,0.0,0.5,0.0,0.6041666666666666,0.18421052631578946,1.0120335907862201,1.0,0.0,0.0,0.0,0.0,0.4,-0.031988873435326845,0.0,0.0,0.18093360530459898,-0.0637767812655705,0.5,0.0,-0.28129495976965824,1.0312973173220097,0.0,0.44884221003397706,0.0,0.0,0.0,1.0,0.0,0.0,1.0,0.5,0.0,0.0,0.25,0.0,0.0,0.34810126582278483,0.0,0.0,0.0,0.0,0.37072152355335625,0.0,8.558042564184516,0.0,0.0,0.0,0.0,0.0,5,2008,一般保證契約,一般交易,231500,12.352339472153524,0,0,0,0,0,0,0,0,1,0,0,0,0,0,0,0,1,0,0,0,0,0,0,1,0,1,0,0,0,0,0,0,0,0,0,0,1,0,0,0,0,0,0,0,0,0,0,0,0,0,0,0,0,0,0,0,1,0,0,0,0,0,0,0,1,0,0,0,0,0,0,0,1,0,0,0,0,0,0,0,0,1,0,0,0,0,0,1,0,0,0,0,1,0,0,0,0,1,0,0,0,0,0,0,0,0,0,0,0,0,0,0,1,0,0,0,0,0,0,0,0,0,0,0,0,0,0,0,0,0,1,0,0,1,0,0,0,0,0,0,1,0,0,0,0,0,1,0,0,0,0,0,0,1,0,0,1,0,0
261,2,1.9599686345319214,1.707251194400344,0.0,0.0,0.0,0.0,0.0,0.0,-0.20833333333333334,-0.8421052631578947,1.2638738819801338,0.0,0.0,-1.0,0.0,2.3495966477454164,-0.2,0.40055632823365783,1.3251783909391408,11.109186247385459,-3.1687229326517117,0.7314399601395117,-0.5,0.0,0.5267285003566867,0.0,0.0,-0.14116320141851466,1.0,0.0,-1.0,0.0,0.0,0.0,0.0,0.0,0.0,0.0,0.25,-1.0,0.0,1.6983122362869199,0.0,0.0,0.0,0.0,-0.7117967261714493,8.622253717854797,0.0,0.0,0.0,0.0,1.1943176378757763,0.0,5,2009,一般保證契約,一般交易,176000,12.07824495582233,0,0,0,0,0,0,0,0,0,0,0,0,1,0,0,0,1,0,0,0,0,0,0,1,0,0,0,0,1,0,0,0,0,0,1,0,0,0,0,0,0,0,0,0,0,0,0,0,0,0,0,0,0,0,0,0,0,0,0,0,1,0,0,0,1,0,0,0,0,0,0,0,1,0,0,0,0,0,0,0,0,0,1,0,0,0,0,1,0,0,0,0,1,0,0,0,0,0,0,0,1,0,0,0,0,0,0,0,0,0,0,0,0,0,0,0,1,0,0,0,0,0,0,0,0,0,0,0,0,0,1,0,0,0,1,0,0,0,0,0,1,0,0,0,0,0,1,0,0,0,0,0,0,1,0,0,1,0,0
263,1,0.8116279582901716,-0.28750506934113335,0.0,0.0,-1.0,0.0,0.0,2.0,0.10416666666666667,0.02631578947368421,0.678267651725217,0.0,0.0,0.0,0.2793713480100486,1.7473143510832982,0.2,0.16968011126564672,0.0,0.0,-3.1687229326517117,-0.9745889387144993,-0.5,0.0,0.22801963178468693,0.0,0.0,-0.43059037422327157,1.0,0.0,-1.0,0.0,0.0,0.0,0.0,0.0,0.0,0.0,0.25,-1.0,0.0,0.04430379746835443,0.0,0.0,0.0,1.160304721896943,-0.1967152804840087,0.0,0.0,0.0,0.0,0.0,1.1943176378757763,0.0,7,2006,一般保證契約,一般交易,151000,11.92504173829169,0,0,0,0,0,0,0,0,0,0,0,0,1,0,0,0,1,0,0,0,0,0,0,1,0,0,0,0,1,0,0,0,0,0,0,0,0,0,0,0,0,0,0,0,0,0,0,1,0,0,0,0,0,0,0,0,1,0,0,0,0,0,0,0,1,0,0,0,0,0,0,0,1,0,0,0,0,0,0,0,0,0,1,0,0,0,0,1,0,0,0,0,1,0,0,0,0,0,0,0,0,0,0,0,0,0,0,0,1,0,0,0,0,0,0,1,0,0,0,0,0,0,0,0,0,0,0,0,0,0,1,0,0,0,1,0,0,0,0,0,1,0,0,0,0,0,1,0,0,0,0,0,0,1,0,0,1,0,0
264,4,-1.1398722399119068,-1.239499567994502,0.0,0.0,0.0,0.0,-0.5,2.0,-0.8958333333333334,0.18421052631578946,0.0,0.0,0.0,-1.0,0.0,0.0,-0.4,-0.2086230876216968,1.3251783909391408,11.116894218049001,-3.1687229326517117,-0.1375186846038864,-0.5,0.0,-0.3663160574053344,0.0,9.653900778953009,-0.2497340295650776,1.0,0.0,-1.0,0.0,0.0,0.0,0.0,0.0,0.0,-1.0,-0.5,-1.0,0.0,0.010548523206751054,0.0,0.0,0.0,0.0,-0.7117967261714493,0.0,0.0,0.0,0.0,0.0,0.0,0.0,4,2010,一般保證契約,一般交易,130000,11.775297421715827,1,0,0,0,0,0,0,0,0,0,0,0,0,0,0,1,0,0,0,0,0,0,0,1,0,0,0,0,1,0,0,0,0,0,0,0,0,0,0,0,0,0,0,0,0,0,0,0,1,0,0,0,0,0,0,0,1,0,0,0,0,0,0,0,1,0,0,0,0,0,0,0,1,0,0,0,1,0,0,0,0,0,0,0,0,0,0,1,0,0,0,0,1,0,0,0,0,0,0,0,1,0,0,0,0,0,0,0,0,0,0,0,0,0,0,0,1,0,0,0,0,0,0,0,0,0,0,0,1,0,0,0,0,0,0,0,1,0,0,0,1,0,0,0,0,0,1,0,0,0,0,1,0,0,0,0,1,0,0
265,3,-2.751897978537715,-1.3456790963031628,0.0,0.7304631471189668,-4.4453611970759175,0.0,-0.5,0.0,-0.9791666666666666,0.2631578947368421,0.0,0.0,0.0,-2.24080411332851,0.0,0.0,-0.6,-0.5340751043115438,0.0,0.0,0.28086833064781724,-0.6278026905829597,0.0,-0.7304631471189668,-0.7764175324967041,0.0,0.0,-1.4038169480031462,0.0,0.0,-1.0,0.0,-1.0,0.0,0.0,-1.0,0.0,-1.0,-0.5,-1.0,0.0,0.0949367088607595,0.0,0.0,-1.1943176378757763,0.0,-0.7117967261714493,0.0,0.0,0.0,0.0,0.0,0.0,0.0,6,2008,一般保證契約,一般交易,73000,11.19822841866684,0,0,1,0,0,0,0,0,0,0,0,0,0,0,0,1,0,0,0,0,0,1,0,0,0,1,0,0,0,0,0,0,0,0,0,0,0,0,0,0,0,0,0,0,0,0,0,0,1,0,0,0,0,0,0,0,0,0,0,0,1,0,0,0,1,0,0,0,0,0,0,0,1,0,0,0,0,0,1,0,0,0,0,0,0,0,0,1,0,0,0,0,1,0,0,0,0,0,0,0,1,0,0,0,0,0,0,0,0,0,0,0,0,0,0,0,1,0,0,0,0,0,0,0,0,0,0,0,1,0,0,0,0,0,0,0,1,0,0,0,1,0,0,1,0,0,0,0,0,0,0,1,0,0,0,0,1,0,0
266,0,0.3800798242425943,0.5442960117160683,0.0,0.0,-1.0,0.0,0.0,1.0,0.1875,-0.34210526315789475,1.0688657786037146,0.0,0.2793713480100486,0.0,0.0,0.0,0.4,0.28372739916550765,0.4638544907568095,8.39538258223558,0.18631847352892014,0.8510214250124564,-0.5,0.0,0.5924455120014701,0.0,0.0,-0.07748819579697128,0.0,0.0,0.0,0.0,0.0,0.0,1.0,0.5,0.0,0.0,0.25,1.0,0.0,0.3987341772151899,0.0,0.0,0.0,1.1433328745421403,-0.7117967261714493,0.0,0.0,0.0,0.0,0.0,1.8203341036428238,0.0,6,2008,一般保證契約,一般交易,175500,12.075400019877522,0,0,0,1,0,0,0,0,0,0,0,0,0,0,0,0,1,0,0,0,0,0,0,1,0,1,0,0,0,0,0,0,0,0,0,0,0,0,0,0,0,0,0,0,0,0,0,0,0,0,0,0,1,0,0,0,1,0,0,0,0,0,0,0,1,0,0,0,0,0,0,0,1,0,0,0,0,0,1,0,0,0,0,0,0,0,0,1,0,0,0,0,1,0,0,0,0,0,0,0,0,0,0,0,0,0,0,0,0,1,0,0,0,0,0,0,0,0,0,0,0,0,0,0,0,1,0,0,0,0,1,0,0,0,1,0,0,0,0,0,1,0,0,0,0,0,1,0,0,0,0,0,0,1,0,0,1,0,0
267,4,0.0,0.3632162253777785,0.0,0.0,-1.0,0.0,0.0,0.0,0.5208333333333334,0.07894736842105263,0.0,0.0,0.0,0.0,0.0,1.7473143510832982,0.4,0.45897079276773295,0.0,0.0,-1.1730147369753516,-0.3846537120079721,0.0,0.0,-0.6740232956991135,0.9937042402359763,0.0,0.05890358648513256,1.0,0.0,0.0,1.0,0.0,0.0,0.0,1.0,0.0,0.0,0.25,1.0,0.0,-0.2890295358649789,0.0,0.0,0.0,0.8484691621658651,0.2923750990621071,0.0,0.0,0.0,0.0,0.0,0.0,0.0,6,2006,一般保證契約,一般交易,185000,12.128116509451258,0,0,0,0,0,0,0,0,1,0,0,0,0,0,0,0,1,0,0,0,0,0,1,0,0,0,1,0,0,0,0,0,0,0,0,1,0,0,0,0,0,0,0,0,0,0,0,0,0,0,0,0,0,0,0,0,1,0,0,0,0,0,0,0,1,0,0,0,0,0,0,0,1,0,0,0,0,0,0,0,0,1,0,0,0,0,0,1,0,0,0,0,1,0,0,0,0,1,0,0,0,0,0,0,0,0,0,0,0,0,0,0,1,0,0,0,0,0,0,0,0,0,0,0,0,0,0,0,1,0,0,0,0,1,0,0,0,0,0,0,1,0,0,0,0,0,1,0,0,0,0,0,0,1,0,0,1,0,0
268,0,-0.5300358319518109,-0.30665332785834487,0.0,0.0,0.0,-0.4638544907568095,-0.5,3.0,-0.6875,0.07894736842105263,0.0,0.0,0.0,-1.0,0.0,0.0,-0.4,-0.008344923504867872,0.0,0.0,-0.2594480747135802,-0.5480817140009965,0.5,0.0,-0.08761665053846247,0.997366356257112,9.835883259370169,0.9225546058243291,0.0,0.0,0.0,1.0,1.0,0.0,1.0,1.0,0.0,0.0,0.5,-1.0,-1.0,-1.018987341772152,0.0,0.0,0.0,1.1277845744160684,-0.03050025401873223,0.0,0.0,0.0,0.0,0.0,0.0,0.0,7,2008,一般保證契約,一般交易,179500,12.097936057925594,0,0,0,0,0,0,1,0,0,0,0,0,0,0,0,0,1,0,0,0,0,1,0,0,0,1,0,0,0,0,0,0,0,0,0,0,0,1,0,0,0,0,0,0,0,0,0,0,0,0,0,0,0,0,0,0,1,0,0,0,0,0,0,0,1,0,0,0,0,0,0,0,1,0,0,0,0,0,0,1,0,0,0,0,0,0,0,1,0,0,0,0,1,0,0,0,0,0,0,0,1,0,0,0,0,0,0,0,0,0,0,0,0,0,0,0,1,0,0,0,0,0,0,0,0,0,0,0,1,0,0,0,0,1,0,0,0,0,0,0,1,0,0,0,0,0,1,0,0,0,0,1,0,0,0,0,1,0,0
269,1,0.04944338438861053,-0.7473459837449306,0.0,0.0,0.0,0.0,-0.5,1.0,-0.6666666666666666,-1.0263157894736843,0.0,0.0,0.0,-1.0,0.0,0.0,0.2,0.02642559109874826,0.8104996085138084,7.104296691279632,-0.6033863495813122,-0.5082212257100149,0.5,0.0,-0.7382005500609876,0.0,0.0,-1.366787470999746,0.0,0.0,-1.0,0.0,-1.0,0.0,0.0,-1.0,0.0,0.0,0.5,1.0,-1.0,1.8670886075949367,0.5146787824253323,0.5146787824253323,0.0,0.0,-0.02000336422115729,0.0,0.0,0.0,0.0,0.0,0.0,0.0,2,2008,一般保證契約,一般交易,120500,11.699413330633599,0,0,1,0,0,0,0,0,0,0,0,0,0,0,0,1,0,0,0,0,0,0,0,1,0,1,0,0,0,1,0,0,0,0,0,0,0,0,0,0,0,0,0,0,0,0,0,0,0,0,0,0,0,0,0,0,1,0,0,0,0,0,0,0,1,0,0,0,0,0,0,0,1,0,0,0,0,0,1,0,0,0,0,0,0,0,0,1,0,0,0,0,1,0,0,0,0,1,0,0,0,0,0,0,0,0,0,0,0,0,0,0,1,0,0,0,0,0,0,0,0,0,0,0,0,0,0,0,1,0,0,0,0,0,1,0,0,0,0,0,1,0,0,0,0,0,1,0,0,0,0,1,0,0,0,0,1,0,0
270,2,-0.23009937662782295,-0.4406949710094426,0.0,0.0,-1.0,0.0,0.0,2.0,0.08333333333333333,-0.47368421052631576,1.0152774687527286,0.0,0.2793713480100486,-1.0,0.2793713480100486,0.0,0.0,0.5104311543810849,0.0,0.0,-0.15661529213210013,0.2949676133532636,-0.5,0.0,0.03723928180255823,0.0,0.0,-0.6154426606183782,1.0,0.0,-1.0,1.0,0.0,0.0,0.0,0.0,0.0,0.0,0.0,0.0,-1.0,0.0949367088607595,0.0,0.2793713480100486,0.0,1.2332243676128514,0.027838329044302983,0.0,0.0,0.0,0.0,0.0,1.8203341036428238,0.0,5,2007,一般保證契約,一般交易,148000,11.904974309480181,0,0,0,1,0,0,0,0,0,0,0,0,0,0,0,0,1,0,0,0,0,0,0,1,0,0,0,0,1,0,0,0,0,0,0,0,0,0,0,0,0,1,0,0,0,0,0,0,0,0,0,0,0,0,0,0,1,0,0,0,0,0,0,0,1,0,0,0,0,0,0,0,1,0,0,0,0,0,1,0,0,0,0,0,0,1,0,0,0,0,0,0,1,0,0,0,0,0,0,0,0,0,0,0,0,0,0,0,1,0,0,0,0,0,0,0,0,0,0,0,0,0,0,0,1,0,0,0,0,0,1,0,0,0,1,0,0,0,0,0,1,0,0,0,0,0,1,0,0,0,0,0,0,1,0,0,1,0,0
273,2,0.9727639507245631,0.4787927006541288,0.0,0.0,-1.0,0.0,1.0,2.0,0.5625,0.34210526315789475,1.2207058269303055,1.0,0.0,0.0,0.0,0.0,0.4,0.19471488178025034,0.0,0.0,0.21540718309502901,0.3129048330842053,0.5,0.0,0.13724243915219178,1.102976620845182,0.0,1.0062350902432817,0.0,0.0,0.0,1.0,1.0,0.0,1.0,1.5,0.0,0.0,0.5,1.0,1.0,0.79957805907173,0.0,0.0,0.0,0.9342437985003795,0.2088620393823371,0.0,0.0,0.0,0.0,0.0,0.0,0.0,4,2010,一般保證契約,一般交易,290000,12.577639650232573,0,0,0,0,0,0,0,0,1,0,0,0,0,0,0,0,1,0,0,0,0,0,0,1,0,0,0,1,0,0,0,0,1,0,0,0,0,0,0,0,0,0,0,0,0,0,0,0,0,0,0,0,0,0,0,0,1,0,0,0,0,0,0,0,1,0,0,0,0,0,0,0,1,0,0,0,0,0,0,0,0,1,0,0,0,0,0,1,0,0,0,0,1,0,0,0,0,1,0,0,0,0,0,0,0,0,0,0,0,0,0,0,1,0,0,0,0,0,0,0,0,0,0,0,0,0,0,0,0,0,1,0,0,1,0,0,0,0,0,0,1,0,0,0,0,0,1,0,0,0,0,0,0,1,0,0,1,0,0
274,4,0.469964168048189,0.0,0.0,0.0,0.0,0.0,0.0,1.0,-0.2916666666666667,-0.15789473684210525,1.0294960705671563,0.0,0.0,-1.0,0.0,0.0,-0.2,0.3282336578581363,0.4638544907568095,10.82666301420213,-3.1687229326517117,0.48829098156452416,0.0,0.0,0.9136981348495747,0.0,0.0,0.23378223561517272,1.0,0.0,0.0,0.0,0.0,0.0,0.0,0.0,-0.18059459163956637,0.0,0.5,0.0,-1.0,-0.6054852320675106,0.0,0.0,0.0,1.1571835402428965,-0.7117967261714493,0.0,0.0,0.0,0.0,0.0,1.5409627556327752,0.0,4,2009,一般保證契約,一般交易,139000,11.842236406331555,0,0,0,1,0,0,0,0,0,0,0,0,0,0,0,0,1,0,0,0,0,0,0,1,0,1,0,0,0,0,0,0,0,0,1,0,0,0,0,0,0,0,0,0,0,0,0,0,0,0,0,0,0,0,0,0,0,0,0,0,0,0,1,0,1,0,0,0,0,0,0,0,1,0,0,0,0,0,1,0,0,0,0,0,0,1,0,0,0,0,0,0,1,0,0,0,0,0,0,0,1,0,0,0,0,0,0,0,0,0,0,0,0,0,0,0,1,0,0,0,0,0,0,0,0,0,0,1,0,0,0,0,0,0,1,0,0,0,0,0,1,0,0,0,0,0,1,0,0,0,0,0,0,1,0,0,1,0,0
277,3,2.235902192117012,-0.09940802109652362,0.0,0.0,-1.0,0.0,0.5,0.0,0.6458333333333334,0.23684210526315788,0.0,1.0,0.0,0.8422747575632559,0.0,0.0,-0.6,-0.5340751043115438,0.0,0.0,1.0131934811837486,1.1260587942202291,0.5,0.0,0.8077301019074586,0.0,0.0,0.13110691723999898,0.0,0.0,0.0,0.0,0.0,0.0,1.0,0.5,0.0,-1.0,-0.5,1.0,0.0,0.3860759493670886,0.0,0.0,0.0,0.8615537516526842,0.5203684393175357,0.0,0.0,0.0,0.0,0.0,0.0,0.0,4,2010,一般保證契約,一般交易,201000,12.211065162153215,0,0,0,1,0,0,0,0,0,0,0,0,0,0,0,0,1,0,0,0,0,0,0,1,0,1,0,0,0,0,0,0,0,0,0,0,0,0,0,0,0,0,0,0,0,0,1,0,0,0,0,0,0,0,0,0,1,0,0,0,0,0,0,0,1,0,0,0,0,0,0,0,1,0,0,0,0,0,1,0,0,0,0,0,0,0,0,1,0,0,0,0,1,0,0,0,0,1,0,0,0,0,0,0,0,0,0,0,0,0,0,0,1,0,0,0,0,0,0,0,0,0,0,0,0,0,0,0,1,0,0,0,0,1,0,0,0,0,0,0,1,0,0,0,0,0,1,0,0,0,0,0,0,1,0,0,1,0,0
279,3,1.5288579846359944,0.9782599479755029,0.0,0.0,0.0,0.0,1.5,0.0,0.7083333333333334,0.34210526315789475,1.1898192890347887,1.8422747575632559,0.0,0.8422747575632559,0.0,2.3495966477454164,-0.6,-0.5340751043115438,0.0,0.0,1.3082054397851484,2.244145490782262,0.5,0.0,1.5436446893315185,0.0,0.0,0.8441546398675764,0.0,0.0,0.0,1.0,0.0,0.0,2.0,1.0,0.0,0.0,0.75,1.0,1.0,1.0569620253164558,0.0,0.0,0.0,0.9175968066731367,0.37740612789636735,0.0,0.0,7.368227644721959,0.0,0.0,0.0,0.0,5,2007,新屋,預售屋(估價時未完工),415298,12.936754021718041,0,0,0,1,0,0,0,0,0,0,0,0,0,0,0,0,1,0,0,0,0,0,0,1,0,1,0,0,0,0,0,0,0,1,0,0,0,0,0,0,0,0,0,0,0,0,0,0,0,0,0,0,0,0,0,0,1,0,0,0,0,0,0,0,1,0,0,0,0,0,0,0,1,0,0,0,0,0,1,0,0,0,0,0,0,0,0,1,0,0,0,0,1,0,0,0,0,0,0,0,0,0,1,0,0,0,0,0,0,0,0,0,0,0,0,0,0,0,1,0,0,0,0,0,0,0,0,0,0,0,1,0,0,1,0,0,0,0,0,0,1,0,0,0,0,0,1,0,0,0,0,0,0,1,0,0,1,0,0
280,1,0.6013158959809177,0.09614716820969758,0.0,0.0,0.0,0.0,0.5,0.0,0.10416666666666667,-0.4473684210526316,1.1738448249020597,0.0,0.0,0.0,0.0,0.0,0.0,0.011126564673157162,0.0,0.0,0.38254496375209707,0.32884902840059793,0.5,0.0,0.12180491481499528,1.0419547513794152,0.0,0.7310280564223232,0.0,0.0,0.0,1.0,1.0,0.0,0.0,1.0,0.0,0.0,0.25,1.0,0.0,0.09915611814345991,0.0,0.0,0.0,1.156137046565607,0.43576269630229925,0.0,0.0,0.0,0.0,0.0,0.0,0.0,3,2008,一般保證契約,一般交易,192000,12.165255859329688,0,0,0,0,0,0,0,0,1,0,0,0,0,0,0,0,1,0,0,0,0,0,0,1,0,1,0,0,0,0,0,0,0,0,0,0,0,0,0,0,0,0,0,0,1,0,0,0,0,0,0,0,0,0,0,0,1,0,0,0,0,0,0,0,1,0,0,0,0,0,0,0,1,0,0,0,0,0,0,0,0,1,0,0,0,1,0,0,0,0,0,0,1,0,0,0,0,0,0,1,0,0,0,0,0,0,0,0,0,0,0,0,0,0,0,1,0,0,0,0,0,0,0,0,0,0,0,0,0,0,1,0,0,0,1,0,0,0,0,0,1,0,0,0,0,0,1,0,0,0,0,0,0,1,0,0,1,0,0
281,2,0.5579814411897118,0.3801122407977791,0.0,0.0,0.0,0.0,0.5,1.0,0.3541666666666667,-0.13157894736842105,1.2134538457021296,1.0,0.0,0.0,0.0,1.7473143510832982,0.4,0.05146036161335188,0.0,0.0,-0.16834693902358971,-0.3746885899352267,0.0,0.0,0.1583225648850095,1.0247674737262376,0.0,0.6839815453119945,0.0,0.0,0.0,1.0,0.0,0.0,1.0,0.5,0.0,0.0,0.25,1.0,0.0,0.39451476793248946,0.0,0.0,0.0,0.0,0.3279585592787707,0.0,8.059125775508377,0.0,0.0,0.0,0.0,0.0,1,2007,一般保證契約,一般交易,228500,12.339295865674435,0,0,0,0,0,0,0,0,1,0,0,0,0,0,0,0,1,0,0,0,0,0,0,1,0,1,0,0,0,0,0,0,0,0,0,0,0,0,0,0,0,0,0,0,0,0,0,0,0,0,0,0,0,1,0,0,1,0,0,0,0,0,0,0,1,0,0,0,0,0,0,0,1,0,0,0,0,0,0,0,0,1,0,0,0,0,0,1,0,0,0,0,1,0,0,0,0,0,0,1,0,0,0,0,0,0,0,0,0,0,0,0,0,0,0,1,0,0,0,0,0,0,0,0,0,0,0,0,0,0,1,0,0,0,1,0,0,0,0,0,1,0,0,0,0,0,1,0,0,0,0,0,0,1,0,0,1,0,0
282,3,-0.5300358319518109,-0.6530991973084603,0.0,1.1943176378757763,0.0,0.0,0.0,0.0,0.7083333333333334,0.3157894736842105,0.7699241791732345,1.0,0.0,0.0,0.0,0.0,0.4,0.7246175243393602,0.0,0.0,-0.22732889250169075,0.5321375186846039,0.0,0.0,0.3193883607935966,0.0,0.0,-0.3420607197599372,0.0,0.0,0.0,0.0,-1.0,0.0,1.0,-0.5,0.0,-1.0,-0.5,1.0,0.0,0.3818565400843882,0.0,0.0,0.0,0.0,0.44423404373352443,0.0,0.0,0.0,0.0,0.0,0.0,0.0,5,2006,新屋,預售屋(估價時未完工),185000,12.128116509451258,0,0,0,1,0,0,0,0,0,0,0,0,0,0,0,0,0,0,1,0,0,0,0,1,0,1,0,0,0,0,0,0,0,0,0,0,0,0,0,0,0,0,0,0,0,0,0,0,0,0,1,0,0,0,0,0,1,0,0,0,0,0,0,0,1,0,0,0,0,0,0,0,1,0,0,0,0,0,1,0,0,0,0,0,0,0,0,1,0,0,0,0,1,0,0,0,0,1,0,0,0,0,0,0,0,0,0,0,0,0,0,0,1,0,0,0,0,0,0,0,0,0,0,0,0,0,0,0,0,1,0,0,0,1,0,0,0,0,0,0,1,0,0,0,0,0,1,0,0,0,0,0,0,1,0,0,1,0,0
283,4,-2.3699496433131446,-1.4150369493311965,0.0,0.0,0.0,0.0,0.5,0.0,0.7291666666666666,0.3684210526315789,1.00210694028093,1.0,0.0,0.0,0.0,0.0,0.4,0.7232267037552156,0.0,0.0,-0.12231140496047112,0.635774788241156,0.5,0.0,0.4112064783433743,0.0,0.0,-0.2530956404781296,1.0,0.0,0.0,0.0,-1.0,0.0,1.0,0.0,0.0,0.0,0.5,0.0,0.0,0.609704641350211,0.0,0.0,0.0,1.0065488707711276,0.23405321594603573,0.0,0.0,0.0,0.0,0.0,0.0,0.0,4,2009,低頭期低利合約,一般交易,207500,12.242891437918386,0,0,0,0,0,1,0,0,0,0,0,0,0,0,0,0,1,0,0,0,0,0,0,1,0,1,0,0,0,0,0,0,0,1,0,0,0,0,0,0,0,0,0,0,0,0,0,0,0,0,0,0,0,0,0,0,1,0,0,0,0,0,0,0,1,0,0,0,0,0,0,0,0,1,0,0,0,0,1,0,0,0,0,0,0,0,0,1,0,0,0,0,1,0,0,0,0,1,0,0,0,0,0,0,0,0,0,0,0,0,0,0,1,0,0,0,0,0,0,0,0,0,0,0,0,0,0,0,0,1,0,0,0,1,0,0,0,0,0,0,1,0,0,0,0,0,1,0,0,0,0,0,0,1,0,0,1,0,0
284,0,0.19434965866058562,0.002897934402932348,0.0,0.0,0.0,0.0,1.0,0.0,0.75,0.39473684210526316,0.7838262134527147,1.0,0.0,0.0,0.0,0.0,-0.6,-0.5340751043115438,0.0,0.0,0.9564196794822892,0.942700548081714,0.5,0.0,0.6661064570433665,0.0,0.0,-0.006116096362756222,0.0,0.0,0.0,0.0,0.0,0.0,1.0,0.0,0.0,0.0,0.5,1.0,1.0,1.7573839662447257,0.0,0.0,0.0,1.063073056323814,0.5203684393175357,0.0,0.0,0.0,0.0,0.0,0.0,0.0,12,2009,新屋,預售屋(估價時未完工),244600,12.407383590534293,0,0,0,1,0,0,0,0,0,0,0,0,0,0,0,0,1,0,0,0,0,0,0,1,0,1,0,0,0,0,0,0,0,0,0,0,0,0,0,0,0,0,0,0,0,0,0,0,0,0,1,0,0,0,0,0,0,0,0,0,0,0,1,0,1,0,0,0,0,0,0,0,1,0,0,0,0,0,1,0,0,0,0,0,0,0,0,1,0,0,0,0,1,0,0,0,0,1,0,0,0,0,0,0,0,0,0,0,0,0,0,0,1,0,0,0,0,0,0,0,0,0,0,0,0,0,0,0,0,1,0,0,0,1,0,0,0,0,0,0,1,0,0,0,0,0,1,0,0,0,0,0,0,1,0,0,1,0,0
285,3,-1.1398722399119068,-0.41379180141016875,0.0,0.0,0.0,0.0,0.0,0.0,0.4166666666666667,-0.05263157894736842,0.0,1.0,0.0,0.0,0.0,0.0,0.4,0.06397774687065369,0.0,0.0,0.7296522378577531,1.1559541604384653,0.0,0.0,0.8301444298043594,0.0,0.0,0.15282477109727435,1.0,0.0,0.0,0.0,-1.0,0.0,1.0,-0.5,0.0,-1.0,-0.5,0.0,0.0,0.20042194092827004,0.0,0.0,0.0,0.0,-0.7117967261714493,5.42678077191518,0.0,0.0,0.0,0.0,0.0,0.0,7,2007,一般保證契約,一般交易,179200,12.09626335986454,0,0,0,0,0,1,0,0,0,0,0,0,0,0,0,0,1,0,0,0,0,0,0,1,0,1,0,0,0,0,0,0,0,0,0,0,0,0,0,0,0,0,0,0,0,0,0,0,0,0,0,0,0,1,0,0,1,0,0,0,0,0,0,0,1,0,0,0,0,0,0,0,0,0,1,0,0,0,1,0,0,0,0,0,0,0,0,1,0,0,0,0,1,0,0,0,0,0,0,1,0,0,0,0,0,0,0,0,0,0,0,0,0,1,0,0,0,0,0,0,0,0,0,0,0,0,0,0,1,0,0,0,0,1,0,0,0,0,0,0,1,0,0,0,0,0,1,0,0,0,0,0,0,1,0,0,1,0,0
286,0,-2.280291190407216,-1.7785841696721147,0.0,1.1943176378757763,-1.0,0.0,0.5,0.0,0.7083333333333334,0.34210526315789475,0.0,1.0,0.0,0.0,0.0,0.0,-0.6,-0.5340751043115438,0.0,0.0,0.21149196330079706,-0.737419033383159,0.5,0.0,-1.1921340546748225,0.9640271803185302,0.0,-0.3630324248929313,0.0,0.0,0.0,1.0,-1.0,0.0,1.0,-0.5,0.0,-1.0,-0.5,0.0,0.0,0.1962025316455696,0.0,0.0,0.0,0.0,0.19284669263052878,0.0,0.0,0.0,0.0,0.0,0.0,0.0,6,2007,新屋,預售屋(估價時未完工),164700,12.011886987792716,0,0,0,0,0,0,0,0,0,1,0,0,0,0,0,0,0,0,1,0,0,0,0,1,0,1,0,0,0,0,0,0,0,0,0,0,0,0,0,0,0,0,0,0,0,0,0,0,0,0,1,0,0,0,0,0,1,0,0,0,0,0,0,0,1,0,0,0,0,0,0,0,0,0,1,0,0,0,0,0,0,1,0,0,0,0,0,1,0,0,0,0,1,0,0,0,0,0,0,0,0,0,0,0,0,0,0,0,0,1,0,0,0,0,0,0,0,0,0,0,0,0,0,0,0,1,0,0,1,0,0,0,0,1,0,0,0,0,0,0,1,0,0,0,0,0,1,0,0,0,0,1,0,0,0,0,1,0,0
287,2,0.33441012313611507,0.04457616882327798,0.0,0.0,-1.0,0.0,0.0,2.0,-0.20833333333333334,-0.34210526315789475,0.0,0.0,0.0,-1.0,0.0,0.0,-0.2,0.3004172461752434,0.0,0.0,-0.32744239765657424,-0.1654210264075735,-0.5,0.0,-0.01933074589194719,0.9728357383140084,0.0,0.372841114007254,0.0,0.0,-1.0,1.0,0.0,0.0,1.0,0.5,0.0,0.0,0.5,0.0,0.0,-0.1751054852320675,0.0,0.0,0.0,0.0,-0.7117967261714493,0.0,0.0,7.15298821355506,0.0,0.0,1.8203341036428238,0.0,6,2006,一般保證契約,一般交易,159000,11.976665770490767,1,0,0,0,0,0,0,0,0,0,0,0,0,0,0,0,1,0,0,0,0,1,0,0,0,1,0,0,0,0,0,0,0,0,1,0,0,0,0,0,0,0,0,0,0,0,0,0,0,0,0,0,0,0,0,0,1,0,0,0,0,0,0,0,1,0,0,0,0,0,0,0,1,0,0,0,1,0,0,0,0,0,0,0,0,0,0,1,0,0,0,0,1,0,0,0,0,0,0,0,1,0,0,0,0,0,0,0,0,0,0,0,0,0,0,0,1,0,0,0,0,0,0,0,0,0,0,0,1,0,0,0,0,0,1,0,0,0,0,0,1,0,0,0,0,0,1,0,0,0,0,0,0,1,0,0,1,0,0
288,1,0.21801994391840682,-0.3821419792718811,0.0,0.0,-1.0,0.0,-1.0,-1.0,-0.020833333333333332,-0.6052631578947368,0.0,0.0,0.0,-1.0,0.0,0.0,0.0,0.3198887343532684,0.0,0.0,-0.5048826580372826,-0.2730443447932237,-0.5,0.0,-0.530391647389691,0.0,0.0,-1.1654357552929357,0.0,0.0,-1.0,0.0,0.0,0.0,0.0,-0.5,0.0,-1.0,-0.5,-2.0,-2.0,-2.0316455696202533,-1.5409627556327752,-1.5409627556327752,0.0,0.0,-0.7117967261714493,0.0,0.0,0.0,0.0,0.0,0.0,0.0,6,2006,一般保證契約,一般交易,88000,11.385103457032141,0,0,0,1,0,0,0,0,0,0,0,0,0,0,0,0,1,0,0,0,0,0,0,1,0,0,0,0,1,0,0,0,0,0,1,0,0,0,0,0,0,0,0,0,0,0,0,0,0,0,0,0,0,0,0,0,1,0,0,0,0,0,0,0,1,0,0,0,0,0,0,0,1,0,0,0,0,0,1,0,0,0,0,0,0,0,0,1,0,0,0,0,1,0,0,0,0,0,0,0,0,0,0,0,0,0,0,0,1,0,0,0,0,0,0,0,0,0,0,0,0,0,0,0,1,0,0,0,1,0,0,0,0,0,1,0,0,0,0,0,1,0,0,0,0,0,1,0,0,0,1,0,0,0,0,0,1,0,0
289,3,0.0247951663920471,0.0524095122004634,0.0,0.0,-1.0,0.0,-0.5,0.0,-0.10416666666666667,-0.7105263157894737,0.5916417114538758,0.0,0.2793713480100486,-1.0,0.0,0.0,0.0,0.0917941585535466,0.0,0.0,-0.08207766829418334,-0.22521175884404585,-0.5,0.0,-0.42780341269960065,0.0,0.0,-1.0660352156593864,0.0,0.0,-1.0,0.0,0.0,0.0,0.0,-0.5,0.0,-1.0,-0.5,-1.0,-1.0,-0.8502109704641351,0.0,0.0,0.0,0.0,-0.7117967261714493,0.0,0.0,0.0,0.0,0.0,1.5409627556327752,0.0,2,2010,一般保證契約,一般交易,122000,11.711784520403112,0,0,0,1,0,0,0,0,0,0,0,0,0,0,0,0,1,0,0,0,0,0,0,1,0,1,0,0,0,0,0,0,0,0,0,0,0,0,0,0,0,0,0,0,0,0,0,1,0,0,0,0,0,0,0,0,1,0,0,0,0,0,0,0,1,0,0,0,0,0,0,0,1,0,0,0,0,0,1,0,0,0,0,0,0,0,0,1,0,0,0,0,1,0,0,0,0,0,0,0,0,0,0,0,0,0,0,0,0,1,0,0,0,0,0,0,0,0,0,0,0,0,0,0,0,1,0,0,0,0,1,0,0,0,1,0,0,0,0,0,1,0,0,0,0,0,1,0,0,0,0,1,0,0,0,0,1,0,0
291,1,1.9599686345319214,1.1699753436427025,0.0,0.0,0.0,0.0,1.0,0.0,0.7083333333333334,0.3157894736842105,0.0,1.0,0.0,0.0,0.0,1.7473143510832982,-0.6,-0.5340751043115438,0.0,0.0,0.676718927364487,0.16741405082212257,0.5,0.0,-0.03161394918288854,1.034507235869912,0.0,0.6082212209283697,0.0,0.0,0.0,1.0,0.0,0.0,1.0,1.0,0.0,0.0,0.5,0.0,0.0,0.8586497890295358,0.2793713480100486,0.0,0.0,0.0,0.17607078341471197,0.0,0.0,0.0,0.0,0.0,0.0,0.0,7,2006,新屋,預售屋(估價時未完工),233230,12.359784657728284,0,0,0,0,0,0,0,0,1,0,0,0,0,0,0,0,1,0,0,0,0,0,0,1,0,1,0,0,0,0,0,0,0,0,0,0,1,0,0,0,0,0,0,0,0,0,0,0,0,0,0,0,0,0,0,0,1,0,0,0,0,0,0,0,1,0,0,0,0,0,0,0,1,0,0,0,0,0,0,0,0,1,0,0,0,0,0,1,0,0,0,0,1,0,0,0,0,1,0,0,0,0,0,0,0,0,0,0,0,0,0,0,1,0,0,0,0,0,0,0,0,0,0,0,0,0,0,0,1,0,0,0,0,1,0,0,0,0,0,0,1,0,0,0,0,0,1,0,0,0,0,0,0,1,0,0,1,0,0
292,2,-0.8233670642427064,-1.1679868641754942,0.0,0.7304631471189668,0.0,0.0,-0.5,1.0,-1.25,0.15789473684210525,0.0,0.0,-0.3466451177569989,-1.0,-0.3466451177569989,0.0,-0.2,-0.24200278164116829,0.0,0.0,0.1367258874211363,-0.4285002491280518,0.5,-0.7304631471189668,-0.3430569280284727,1.016543765463514,0.0,0.34881542690940964,1.0,0.0,0.0,0.0,3.0,0.0,-1.0,1.5,0.0,-1.0,-0.5,-2.0,-2.0,-2.0316455696202533,-1.5409627556327752,-1.5409627556327752,-1.1943176378757763,0.0,0.5924314728903635,0.0,0.0,0.0,0.0,0.0,0.0,0.0,3,2008,一般保證契約,一般交易,135900,11.819681958463892,0,0,0,0,0,0,0,0,0,0,1,0,0,0,0,0,1,0,0,0,0,1,0,0,0,1,0,0,0,0,0,0,0,0,0,0,0,1,0,0,0,0,0,0,0,0,0,0,0,0,0,0,0,0,0,0,1,0,0,0,0,0,0,0,1,0,0,0,0,0,0,1,0,0,0,0,0,0,0,0,0,1,0,0,0,0,0,1,0,0,0,0,1,0,0,0,0,1,0,0,0,0,0,0,0,0,0,0,0,0,0,0,1,0,0,0,0,0,0,0,0,0,0,0,0,0,0,0,1,0,0,0,0,1,0,0,0,0,0,0,1,0,0,0,0,0,1,0,0,0,1,0,0,0,0,0,1,0,0
293,2,-0.5300358319518109,0.4056837314120931,0.0,0.0,0.0,0.0,-0.5,-1.0,-0.4791666666666667,0.3684210526315789,0.0,0.0,0.0,-1.0,0.0,0.0,-0.4,-0.12795549374130738,0.0,0.0,-0.0065657916655041185,-0.45241654210264076,0.0,0.0,0.10627639181453996,0.9418963492778036,0.0,0.34881542690940964,0.0,0.0,-1.0,1.0,0.0,0.0,0.0,1.0,-0.3846268403045294,0.0,0.5,-1.0,-1.0,-0.8459915611814346,0.0,0.0,0.0,0.0,-0.7117967261714493,0.0,0.0,7.620056264664791,0.0,0.0,0.0,0.0,1,2009,一般保證契約,一般交易,131000,11.782960235741939,1,0,0,0,0,0,0,0,0,0,0,0,0,0,0,0,1,0,0,0,0,0,0,1,0,1,0,0,0,0,0,0,0,0,0,0,0,0,0,0,0,1,0,0,0,0,0,0,0,0,0,0,0,0,0,0,1,0,0,0,0,0,0,0,1,0,0,0,0,0,0,0,1,0,0,0,1,0,0,0,0,0,0,0,0,0,0,1,0,0,0,0,1,0,0,0,0,0,0,0,1,0,0,0,0,0,0,0,0,0,0,0,0,0,0,0,1,0,0,0,0,0,0,0,0,0,0,0,1,0,0,0,0,0,1,0,0,0,0,0,1,0,0,0,0,0,1,0,0,0,0,0,0,1,0,0,1,0,0
294,0,0.469964168048189,1.332890596463141,0.0,0.0,-1.0,0.0,0.5,2.0,0.10416666666666667,0.0,0.6113913510270012,0.0,0.0,-1.0,0.0,0.0,0.2,0.5716272600834492,0.0,0.0,-3.1687229326517117,-0.39860488290981566,-1.0,0.0,0.6661064570433665,1.0211417869345352,0.0,0.9988259468624958,1.0,0.0,0.0,1.0,0.0,0.0,1.0,1.5,0.0,0.0,0.25,1.0,0.0,0.24261603375527427,0.0,0.0,0.0,0.0,0.704908914792732,0.0,0.0,0.0,0.0,0.0,0.0,0.0,3,2006,一般保證契約,一般交易,235000,12.367345048436391,0,0,0,0,0,0,0,0,1,0,0,0,0,0,0,0,1,0,0,0,0,0,0,1,0,0,0,0,1,0,0,0,0,0,0,0,0,0,0,0,0,0,0,0,0,0,0,0,0,0,0,0,1,0,0,0,0,1,0,0,0,0,0,0,1,0,0,0,0,0,0,0,1,0,0,0,0,0,0,0,0,1,0,0,0,0,0,1,0,0,0,0,1,0,0,0,0,0,0,1,0,0,0,0,0,0,0,0,0,0,0,0,0,0,0,1,0,0,0,0,0,0,0,0,0,0,0,0,0,0,1,0,0,0,1,0,0,0,0,0,1,0,0,0,0,0,1,0,0,0,0,0,0,1,0,0,1,0,0
295,4,0.469964168048189,0.0,0.0,0.0,0.0,0.0,0.0,0.0,-0.3958333333333333,-1.0789473684210527,1.1054035361855081,0.0,0.0,-1.0,0.0,0.0,0.4,1.2531293463143254,0.0,0.0,-0.9249328070394681,0.8390632785251619,-0.5,0.0,0.9309717947611316,0.0,0.0,0.250519156002214,1.0,0.0,-1.0,0.0,0.0,0.0,0.0,0.5,0.0,1.0,0.5,1.0,0.0,-0.2679324894514768,0.0,0.0,0.0,0.8861506900649464,-0.7117967261714493,0.0,0.0,0.0,0.0,0.0,0.0,0.0,10,2009,一般保證契約,一般交易,167000,12.025755079404917,0,0,0,1,0,0,0,0,0,0,0,0,0,0,0,0,1,0,0,0,0,0,0,1,0,1,0,0,0,0,0,0,0,0,1,0,0,0,0,0,0,0,0,0,0,0,0,0,0,0,0,0,0,0,0,0,1,0,0,0,0,0,0,0,1,0,0,0,0,0,0,0,1,0,0,0,0,0,1,0,0,0,0,0,0,1,0,0,0,0,0,0,1,0,0,0,0,0,0,0,0,0,0,0,0,0,0,0,1,0,0,0,0,0,0,0,0,0,0,0,0,0,0,0,1,0,0,0,0,1,0,0,0,0,1,0,0,0,0,0,1,0,0,0,0,0,1,0,0,0,0,0,0,1,0,0,1,0,0
296,1,-2.1071483821054002,-0.4350084327717653,0.0,0.0,-1.0,0.0,0.0,1.0,0.25,-0.2631578947368421,0.0,0.0,0.0,-1.0,0.0,1.7473143510832982,0.4,0.6050069541029207,0.0,0.0,-0.7005051571124806,0.015944195316392625,-0.5,0.0,-0.19244547966185116,0.0,0.0,-0.837990492776082,1.0,0.0,-1.0,0.0,0.0,0.0,0.0,0.0,0.0,-1.0,-0.5,-1.0,0.0,0.44936708860759494,0.0,0.0,0.0,0.9089310139773353,-0.7117967261714493,0.0,0.0,0.0,0.0,0.0,1.8203341036428238,0.0,3,2006,一般保證契約,一般交易,142500,11.86710429621008,0,0,0,0,0,0,0,0,0,0,0,0,1,0,0,0,1,0,0,0,0,0,0,1,0,0,0,1,0,0,0,0,0,0,0,0,0,0,0,0,0,0,0,0,0,0,1,0,0,0,0,0,0,0,0,0,1,0,0,0,0,0,0,0,1,0,0,0,0,0,0,0,1,0,0,0,0,0,0,0,0,0,1,0,0,0,0,1,0,0,0,0,1,0,0,0,0,0,0,0,0,0,0,0,0,0,0,0,1,0,0,0,0,0,0,0,0,0,0,0,0,0,0,0,1,0,0,0,1,0,0,0,0,0,1,0,0,0,0,0,1,0,0,0,0,0,1,0,0,0,0,1,0,0,0,0,1,0,0
297,0,0.24155735878839998,0.8491146080619082,0.0,0.0,0.0,0.0,-0.5,0.0,-0.4583333333333333,-1.1578947368421053,0.0,0.0,0.0,-1.0,0.0,0.0,0.0,0.05006954102920723,0.0,0.0,0.01621869256138196,-0.16940707523667164,-0.5,0.0,-0.4039781223116704,0.9724742796275001,0.0,0.12819781474179776,0.0,0.0,-1.0,1.0,1.0,0.0,0.0,0.0,0.0,-1.0,-0.5,-1.0,-1.0,-0.8417721518987342,0.0,0.0,0.0,1.1571835402428965,-0.7117967261714493,0.0,0.0,0.0,0.0,0.0,1.5409627556327752,0.0,6,2007,一般保證契約,一般交易,152000,11.931642378754141,1,0,0,0,0,0,0,0,0,0,0,0,0,0,0,1,0,0,0,0,0,0,0,1,0,1,0,0,0,1,0,0,0,0,0,0,0,0,0,0,0,0,0,0,0,0,0,0,0,0,0,0,0,0,0,0,1,0,0,0,0,0,0,0,1,0,0,0,0,0,0,0,1,0,0,0,1,0,0,0,0,0,0,0,0,0,0,1,0,0,0,0,1,0,0,0,0,0,0,0,1,0,0,0,0,0,0,0,0,0,0,0,0,0,0,0,1,0,0,0,0,0,0,0,0,0,0,0,1,0,0,0,0,0,1,0,0,0,0,0,1,0,0,0,0,1,0,0,0,0,0,0,0,1,0,0,1,0,0
299,0,0.8929485771758422,0.46575232828592733,0.0,0.0,0.0,0.0,0.0,1.0,-0.08333333333333333,-0.6842105263157895,1.235658755382728,1.0,0.0,-1.0,0.0,0.0,0.2,0.0,0.8104996085138084,7.812235750158614,-0.8681645880622723,-0.5839561534628799,0.0,0.0,-0.11078305317465059,0.9913486140527524,0.0,0.38477460178093037,0.0,0.7304631471189668,-1.0,2.0,0.0,0.0,0.0,0.5,0.0,0.0,0.5,-1.0,0.0,0.24261603375527427,0.0,0.0,0.0,1.0817237493984635,-0.7117967261714493,0.0,0.0,0.0,0.0,0.0,0.0,0.0,6,2007,一般保證契約,一般交易,175000,12.07254696717504,0,0,0,0,0,0,0,0,1,0,0,0,0,0,0,0,1,0,0,0,0,0,0,1,0,1,0,0,0,0,0,0,0,0,0,0,0,0,0,0,0,0,0,0,0,0,0,0,0,0,0,0,1,0,0,0,1,0,0,0,0,0,0,0,1,0,0,0,0,0,0,0,1,0,0,0,0,0,0,0,0,1,0,0,0,0,1,0,0,0,0,0,1,0,0,0,0,0,0,0,0,0,0,0,0,0,0,0,1,0,0,0,0,0,0,0,0,0,0,1,0,0,0,0,0,0,0,0,0,0,1,0,0,0,1,0,0,0,0,0,1,0,0,0,0,0,1,0,0,0,0,0,0,1,0,0,1,0,0
300,3,0.469964168048189,0.9004155278840859,0.0,0.0,0.0,0.0,0.0,3.0,-0.4583333333333333,0.2631578947368421,0.0,0.0,0.2793713480100486,-1.0,0.0,0.0,-0.6,-0.5340751043115438,0.0,0.0,0.6873585951628025,0.1933233682112606,0.5,0.0,0.11405210107947973,0.0,0.0,-0.5410166242413449,0.0,0.7304631471189668,-1.0,0.0,0.0,0.0,1.0,0.0,0.0,0.0,0.5,-1.0,-1.0,-0.7658227848101266,0.0,0.0,0.0,0.0,0.07725337927507323,0.0,0.0,0.0,0.0,0.0,1.8203341036428238,0.0,8,2009,一般保證契約,親友交易,158500,11.973516181427835,0,0,0,1,0,0,0,0,0,0,0,0,0,0,0,0,1,0,0,0,0,0,0,1,0,1,0,0,0,0,1,0,0,0,0,0,0,0,0,0,0,0,0,0,0,0,0,0,0,0,0,0,0,0,0,0,1,0,0,0,0,0,0,0,1,0,0,0,0,0,0,0,1,0,0,0,0,0,1,0,0,0,0,0,0,0,0,1,0,0,0,0,1,0,0,0,0,0,0,0,0,0,0,0,0,0,0,0,1,0,0,0,0,0,0,0,0,0,0,0,0,0,0,0,1,0,0,0,1,0,0,0,0,0,1,0,0,0,0,0,1,0,0,0,0,0,1,0,0,0,0,0,0,1,0,0,1,0,0
301,4,0.8929485771758422,1.1921085562741203,0.0,0.0,0.0,0.0,-0.5,0.0,-0.3958333333333333,-1.0789473684210527,0.723656712850075,0.0,0.0,-1.0,0.0,1.0,0.0,0.6356050069541029,0.0,0.0,-0.29960649230136155,0.3388141504733433,-0.5,0.0,0.44912594518896237,0.0,0.0,-0.21635443444749275,1.0,0.0,-1.0,0.0,-1.0,0.0,0.0,-0.5,0.0,1.0,0.5,-1.0,-1.0,-0.44936708860759494,0.0,0.0,0.0,0.0,-0.7117967261714493,0.0,0.0,0.0,0.0,0.0,0.0,0.0,6,2006,一般保證契約,一般交易,157000,11.964007453736912,0,0,0,0,0,0,0,0,0,0,1,0,0,0,0,0,1,0,0,0,0,0,0,1,0,0,0,0,1,0,1,0,0,0,0,0,0,0,0,0,0,0,0,0,0,0,0,0,0,0,0,0,0,0,0,0,1,0,0,0,0,0,0,0,1,0,0,0,0,0,0,1,0,0,0,0,0,0,1,0,0,0,0,0,0,1,0,0,0,0,0,0,1,0,0,0,0,0,0,0,0,0,0,0,0,0,0,0,0,1,0,0,0,0,0,0,0,0,0,0,0,0,0,0,0,1,0,0,0,0,1,0,0,0,1,0,0,0,0,0,1,0,0,0,0,0,1,0,0,0,0,0,0,1,0,0,1,0,0
302,0,-0.20389035669044683,1.2666659897393369,0.0,0.0,-4.4453611970759175,0.0,1.0,0.0,0.5416666666666666,0.13157894736842105,0.0,1.0,0.0,0.0,0.0,0.0,0.4,-0.14325452016689846,0.0,0.0,0.3592165733792255,0.06576980568011959,0.5,0.0,0.224298744191992,1.1327028176021094,0.0,1.1923741082782158,0.0,0.0,0.0,1.0,1.0,0.0,1.0,1.5,0.0,0.0,0.25,1.0,0.0,0.8502109704641351,0.0,0.0,0.0,1.0603233663617886,0.17029580177297618,0.0,0.0,0.0,0.0,0.0,0.0,0.0,5,2007,一般保證契約,一般交易,267000,12.495007682693725,0,0,0,0,0,0,0,0,1,0,0,0,0,0,0,0,1,0,0,0,0,0,0,1,0,1,0,0,0,0,0,0,0,0,0,0,1,0,0,0,0,0,0,0,0,0,0,0,0,0,0,0,0,0,0,0,1,0,0,0,0,0,0,0,1,0,0,0,0,0,0,0,1,0,0,0,0,0,0,0,0,1,0,0,0,0,0,1,0,0,0,0,1,0,0,0,0,1,0,0,0,0,0,0,0,0,0,0,0,0,0,0,1,0,0,0,0,0,0,0,0,0,0,0,0,0,0,0,1,0,0,0,0,1,0,0,0,0,0,0,1,0,0,0,0,0,1,1,0,0,0,0,0,0,0,0,1,0,0
303,1,1.8962895808585503,0.8480435077229784,0.0,0.0,-1.0,0.0,0.5,0.0,0.6041666666666666,0.21052631578947367,0.9740707828713777,1.0,0.0,0.0,0.0,0.0,-0.6,-0.5340751043115438,0.0,0.0,1.0017060011720174,1.0881913303437967,0.5,0.0,0.7790743004496015,0.0,0.0,0.10334152935563175,0.0,0.0,0.0,0.0,0.0,0.0,1.0,0.0,0.0,0.0,0.25,0.0,1.0,1.5253164556962024,0.0,0.0,0.0,1.3082413937762856,0.3164690756662983,0.0,0.0,0.0,0.0,0.0,0.0,0.0,1,2006,一般保證契約,一般交易,205000,12.230770136157428,0,0,0,1,0,0,0,0,0,0,0,0,0,0,0,0,1,0,0,0,0,0,0,1,0,0,0,0,1,0,0,0,0,0,0,0,1,0,0,0,0,0,0,0,0,0,0,0,0,0,0,0,0,0,0,0,1,0,0,0,0,0,0,0,1,0,0,0,0,0,0,0,1,0,0,0,0,0,1,0,0,0,0,0,0,0,0,1,0,0,0,0,1,0,0,0,0,1,0,0,0,0,0,0,0,0,0,0,0,0,0,0,1,0,0,0,0,0,0,0,0,0,0,0,0,0,0,0,0,0,1,0,0,1,0,0,0,0,0,0,1,0,0,0,0,0,1,0,0,0,0,0,0,1,0,0,1,0,0
304,1,0.0,0.04790214314096722,0.0,0.0,0.0,0.0,-0.5,2.0,0.0,-0.5789473684210527,0.0,0.0,0.0,-1.0,0.0,0.0,0.2,0.7093184979137691,0.0,0.0,-3.1687229326517117,-0.2012954658694569,-0.5,0.0,-0.44220669054566614,0.0,0.0,-1.0799909445469715,1.0,0.0,-1.0,0.0,0.0,0.0,0.0,-0.5,0.0,-1.0,-0.5,-1.0,0.0,0.2974683544303797,0.0,0.0,0.0,1.1209047617737151,-0.7117967261714493,0.0,0.0,0.0,0.0,0.0,1.1943176378757763,0.0,7,2006,一般保證契約,異常交易(如法拍),149900,11.917730355182513,0,0,0,1,0,0,0,0,0,0,0,0,0,0,0,0,1,0,0,0,0,0,0,1,0,0,0,0,1,0,0,0,0,0,0,0,1,0,0,0,0,0,0,0,0,0,0,0,0,0,0,0,0,0,0,0,1,0,0,0,0,0,0,0,1,0,0,0,0,0,0,0,1,0,0,0,0,0,1,0,0,0,0,0,0,0,0,1,0,0,0,0,1,0,0,0,0,1,0,0,0,0,0,0,0,0,0,0,0,0,0,0,1,0,0,0,0,0,0,0,0,0,0,0,0,0,0,0,1,0,0,0,0,1,0,0,0,0,0,0,1,0,0,0,0,0,1,0,0,0,0,0,0,1,0,0,1,0,0
305,2,0.7703835941214926,1.5832697434985776,0.0,0.0,0.0,0.0,0.5,4.0,-1.9166666666666667,0.21052631578947367,0.0,0.0,0.0,-1.0,0.0,0.0,-0.6,-0.5340751043115438,0.0,0.0,0.9576856285316727,0.9466865969108121,0.5,0.0,0.9751046746144478,1.2341016538731353,0.0,2.0746226499596117,0.0,0.0,1.0,0.0,0.0,0.0,1.0,2.0,0.0,0.0,0.75,-1.0,1.0,1.639240506329114,0.0,0.0,0.0,1.1705161333142504,-0.7117967261714493,0.0,0.0,0.0,0.0,0.0,0.0,0.0,5,2008,一般保證契約,一般交易,295000,12.59473402514672,0,0,0,0,0,0,1,0,0,0,0,0,0,0,0,1,0,0,0,0,0,0,0,1,0,1,0,0,0,0,0,0,0,0,0,0,0,0,0,0,0,0,0,0,0,0,0,0,1,0,0,0,0,0,0,0,1,0,0,0,0,0,0,0,1,0,0,0,0,0,0,0,1,0,0,0,0,0,0,1,0,0,0,0,0,0,0,1,0,0,0,0,1,0,0,0,0,0,0,0,0,0,1,0,0,0,0,0,0,0,0,0,0,0,0,0,0,0,1,0,0,0,0,0,0,0,0,0,1,0,0,0,0,0,0,0,1,0,0,0,1,0,0,0,0,0,1,0,0,0,0,0,0,1,0,0,1,0,0
306,2,0.469964168048189,0.18362301153725583,0.0,0.0,0.0,0.0,1.0,0.0,0.6666666666666666,0.2894736842105263,1.1151726037401906,1.0,0.0,0.0,0.0,0.0,0.4,1.502086230876217,0.0,0.0,0.08738479626480068,2.0029895366218238,0.5,0.0,1.400286897356281,0.0,0.0,0.7052513638139414,1.0,0.0,0.0,0.0,0.0,0.0,1.0,1.0,0.0,-1.0,-0.5,1.0,1.0,1.7151898734177216,0.0,0.0,0.0,1.0,-0.7117967261714493,0.0,0.0,0.0,0.0,0.0,0.0,0.0,7,2007,一般保證契約,一般交易,305900,12.631016799175821,0,0,0,1,0,0,0,0,0,0,0,0,0,0,0,0,1,0,0,0,0,0,0,1,0,1,0,0,0,0,0,0,0,0,0,0,1,0,0,0,0,0,0,0,0,0,0,0,0,0,0,0,0,0,0,0,1,0,0,0,0,0,0,0,1,0,0,0,0,0,0,0,1,0,0,0,0,0,1,0,0,0,0,0,0,0,0,1,0,0,0,0,1,0,0,0,0,0,0,0,0,0,1,0,0,0,0,0,0,0,0,0,0,0,0,0,0,0,1,0,0,0,0,0,0,0,0,0,0,1,0,0,0,1,0,0,0,0,0,0,1,0,0,0,0,0,1,0,0,0,0,0,0,1,0,0,1,0,0
308,4,-0.5300358319518109,-0.43984121250572833,0.0,0.7304631471189668,-1.0,0.0,0.0,2.0,-1.0833333333333333,-1.1578947368421053,0.0,0.0,-0.3466451177569989,-1.0,0.0,0.0,-0.6,-0.5340751043115438,0.0,0.0,-0.31109682216036255,-1.3472845042351769,-0.5,0.0,-0.12350702468031884,0.8471366285899025,0.0,-0.10277334592211149,0.0,0.0,-1.0,0.0,0.0,0.0,-1.0,0.0,0.0,-1.0,-0.5,-2.0,-2.0,-2.0316455696202533,-1.5409627556327752,-1.5409627556327752,-1.1943176378757763,0.0,0.5062413857753625,0.0,0.0,0.0,0.0,0.0,1.5409627556327752,0.0,3,2008,一般保證契約,一般交易,89500,11.402005077384885,1,0,0,0,0,0,0,0,0,0,0,0,0,0,0,1,0,0,0,0,0,0,0,1,0,1,0,0,0,1,0,0,0,0,0,0,0,0,0,0,0,0,0,0,0,0,0,0,0,0,0,0,0,0,0,0,0,0,0,0,1,0,0,0,1,0,0,0,0,0,0,0,1,0,0,0,1,0,0,0,0,0,0,0,0,0,0,1,0,0,0,0,1,0,0,0,0,0,0,0,0,0,0,0,0,0,0,0,0,1,0,0,0,0,0,0,0,0,0,0,0,0,0,0,0,1,0,0,1,0,0,0,0,0,1,0,0,0,0,0,1,0,0,0,0,1,0,0,0,0,1,0,0,0,0,0,1,0,0
309,4,-0.23009937662782295,0.59390948626774,0.0,0.0,-1.0,0.0,-1.0,0.0,-0.6666666666666666,-1.1578947368421053,0.0,0.0,0.0,-1.0,0.0,0.0,0.0,-0.16968011126564672,0.0,0.0,0.17687499280250218,-0.2670652715495765,0.5,0.0,-0.5229241159267597,0.0,0.0,-1.1582002603125587,0.0,0.0,-1.0,0.0,-2.0,0.0,0.0,-1.0,0.0,-1.0,-0.5,-1.0,0.0,0.24261603375527427,0.0,0.0,0.0,0.9830321772029128,-0.7117967261714493,0.0,0.0,0.0,0.0,0.0,0.0,0.0,3,2009,一般保證契約,一般交易,82500,11.320565693461432,0,0,1,0,0,0,0,0,0,0,0,0,0,0,0,0,1,0,0,0,0,0,0,1,0,1,0,0,0,0,0,0,0,0,0,0,0,0,0,0,0,1,0,0,0,0,0,0,0,0,0,0,0,0,0,0,1,0,0,0,0,0,0,0,1,0,0,0,0,0,0,0,1,0,0,0,0,0,1,0,0,0,0,0,0,0,0,1,0,0,0,0,1,0,0,0,0,1,0,0,0,0,0,0,0,0,0,0,0,0,0,0,1,0,0,0,0,0,0,0,0,0,0,0,0,0,0,0,1,0,0,0,0,0,1,0,0,0,0,0,1,0,0,0,0,0,1,0,0,0,0,1,0,0,0,0,1,0,0
312,1,-1.1398722399119068,-0.41717508839471784,0.0,0.0,0.0,0.0,0.0,1.0,-0.5,0.21052631578947367,0.0,0.0,0.2793713480100486,-1.0,0.0,0.0,0.2,0.41168289290681503,0.0,0.0,-0.37591917124526764,-0.0458395615346288,0.5,0.0,-0.2610342810716754,0.0,0.0,-0.9044480538555831,1.0,0.0,-1.0,0.0,-1.0,0.0,0.0,-0.5,0.0,0.0,0.5,-1.0,-1.0,-1.018987341772152,0.0,0.0,0.0,0.0,-0.7117967261714493,0.0,0.0,0.0,0.0,0.0,0.0,0.0,5,2009,一般保證契約,一般交易,132000,11.790564777297387,0,0,0,1,0,0,0,0,0,0,0,0,0,0,0,0,1,0,0,0,0,0,0,1,0,1,0,0,0,0,0,0,0,0,1,0,0,0,0,0,0,0,0,0,0,0,0,0,0,0,0,0,0,0,0,0,1,0,0,0,0,0,0,0,1,0,0,0,0,0,0,0,1,0,0,0,0,0,1,0,0,0,0,0,0,0,0,1,0,0,0,0,1,0,0,0,0,1,0,0,0,0,0,0,0,0,0,0,0,0,0,0,1,0,0,0,0,0,0,0,0,0,0,0,0,0,0,0,1,0,0,0,0,0,1,0,0,0,0,0,1,0,0,0,0,0,1,0,0,0,0,1,0,0,0,0,1,0,0
313,3,-0.2564764364743176,-0.4742079758703001,0.0,0.0,0.0,0.0,-0.5,2.0,-0.6875,-1.1578947368421053,0.0,0.0,0.0,0.0,0.0,1.0,-0.2,0.17107093184979139,0.0,0.0,-0.39101062393377456,-0.4025909317389138,-0.5,0.0,-0.6978962488615342,0.818913682801279,0.0,-0.6057782461651997,1.0,0.0,-1.0,0.0,0.0,0.0,0.0,-0.5,0.0,0.0,0.5,-1.0,0.0,-0.30168776371308015,0.0,0.0,0.0,0.0,-0.7117967261714493,0.0,0.0,8.789225410028124,0.0,0.0,1.5409627556327752,0.0,5,2006,一般保證契約,一般交易,119900,11.694421681264394,0,0,0,0,0,0,0,0,0,0,1,0,0,0,0,1,0,0,0,0,0,0,0,1,0,1,0,0,0,0,0,0,0,0,0,0,0,0,0,0,0,0,0,0,0,0,0,0,1,0,0,0,0,0,0,0,0,0,0,0,1,0,0,0,1,0,0,0,0,0,0,1,0,0,0,0,1,0,0,0,0,0,0,0,0,0,0,1,0,0,0,0,1,0,0,0,0,0,0,0,0,0,0,0,0,0,0,0,0,1,0,0,0,0,0,0,0,0,0,0,0,0,0,0,0,1,0,0,1,0,0,0,0,0,1,0,0,0,0,0,1,0,0,0,0,0,1,0,0,0,0,1,0,0,0,0,1,0,0
314,1,2.8214931507635126,9.192419666666602,0.0,0.0,-4.4453611970759175,-1.1943176378757763,0.5,0.0,-0.14583333333333334,-0.7631578947368421,0.0,0.0,0.0,0.0,0.0,2.3495966477454164,0.2,1.1849791376912377,0.8104996085138084,11.574819345696639,-1.2301549832475145,2.2740408570004984,-0.5,0.0,1.4436918593980754,0.0,0.0,0.7473076158077662,2.0,0.0,0.0,0.0,0.0,0.0,0.0,1.0,0.0,1.0,0.5,0.0,0.0,0.13291139240506328,0.0,0.0,0.0,0.0,-0.7117967261714493,0.0,0.0,0.0,0.0,0.0,0.0,0.0,6,2009,一般保證契約,一般交易,375000,12.834683971615659,0,0,0,1,0,0,0,0,0,0,0,0,0,0,0,0,1,0,0,0,1,0,0,0,0,1,0,0,0,0,0,0,0,0,0,0,0,0,0,0,0,0,0,1,0,0,0,0,0,0,0,0,0,0,0,0,1,0,0,0,0,0,0,0,1,0,0,0,0,0,0,0,1,0,0,0,0,0,1,0,0,0,0,0,0,1,0,0,0,0,0,0,1,0,0,0,0,0,0,0,0,0,0,0,0,0,0,0,0,0,1,0,0,0,0,0,0,0,0,0,0,0,0,0,0,0,1,0,1,0,0,0,0,0,1,0,0,0,0,1,0,0,0,0,0,0,1,0,0,0,0,0,0,1,0,0,1,0,0
315,2,-0.5300358319518109,0.0,0.0,0.7304631471189668,0.0,0.0,0.5,2.0,-0.9791666666666666,-0.10526315789473684,0.0,0.0,0.0,-1.0,0.2793713480100486,0.0,-0.4,-0.5118219749652295,0.0,0.0,0.31906874047352096,-0.5321375186846039,0.5,0.0,-0.5960559176645213,1.0253672990635947,0.0,0.24634467982645636,0.0,0.7304631471189668,-1.0,1.0,0.0,0.0,2.0,0.0,0.0,0.0,0.5,-1.0,0.0,0.2721518987341772,-0.3466451177569989,0.0,0.0,0.0,-0.7117967261714493,8.453929696886426,0.0,0.0,0.0,0.0,0.0,0.0,8,2006,一般保證契約,一般交易,178000,12.08954444723597,0,0,0,0,0,0,0,1,0,0,0,0,0,0,0,1,0,0,0,0,0,0,0,1,0,1,0,0,0,0,0,0,0,0,0,0,0,0,0,0,0,0,0,0,0,0,0,0,1,0,0,0,0,0,0,0,1,0,0,0,0,0,0,0,1,0,0,0,0,0,0,0,1,0,0,0,0,0,0,0,0,1,0,0,0,0,0,1,0,0,0,0,1,0,0,0,0,0,0,0,1,0,0,0,0,0,0,0,0,0,0,0,0,0,0,0,1,0,0,0,0,0,0,0,0,0,0,0,1,0,0,0,0,0,0,0,1,0,0,0,1,0,0,0,0,0,1,0,0,0,0,1,0,0,0,0,1,0,0
316,2,0.04944338438861053,-0.4756496512549243,0.0,0.0,-1.0,0.0,0.5,0.0,0.6666666666666666,0.2894736842105263,0.0,1.0,0.0,0.0,0.0,0.0,0.4,0.05702364394993046,0.0,0.0,-0.3784160603593929,-0.5560538116591929,0.5,0.0,-0.9121266162683805,0.9960402076424765,0.0,-0.06180742854926893,1.0,0.0,0.0,1.0,0.0,0.0,1.0,0.0,0.0,0.0,0.5,1.0,0.0,-0.2088607594936709,0.0,0.0,0.0,0.8615537516526842,0.17607078341471197,0.0,0.0,0.0,0.0,0.0,0.0,0.0,7,2009,一般保證契約,一般交易,188500,12.146858590895919,0,0,0,0,0,0,0,0,1,0,0,0,0,0,0,0,1,0,0,0,0,0,0,1,0,1,0,0,0,0,0,0,0,0,0,1,0,0,0,0,0,0,0,0,0,0,0,0,0,0,0,0,0,0,0,0,1,0,0,0,0,0,0,0,1,0,0,0,0,0,0,0,1,0,0,0,0,0,0,0,0,1,0,0,0,0,0,1,0,0,0,0,1,0,0,0,0,1,0,0,0,0,0,0,0,0,0,0,0,0,0,0,1,0,0,0,0,0,0,0,0,0,0,0,0,0,0,0,1,0,0,0,0,1,0,0,0,0,0,0,1,0,0,0,0,0,1,0,0,0,0,0,0,1,0,0,1,0,0
318,1,0.24155735878839998,-0.14897946196371506,0.0,0.0,0.0,0.0,1.0,0.0,0.7083333333333334,0.3157894736842105,0.0,1.0,0.0,0.0,0.0,1.7473143510832982,-0.6,-0.5340751043115438,0.0,0.0,0.6840963601166986,0.18535127055306427,0.5,0.0,-0.01321076171268808,1.0433651526081105,0.0,0.6565633204316198,0.0,0.0,0.0,1.0,0.0,0.0,1.0,1.0,0.0,0.0,0.5,0.0,1.0,2.2932489451476794,0.0,0.0,0.0,1.0603233663617886,0.14618791727533317,0.0,0.0,0.0,0.0,0.0,0.0,0.0,12,2007,一般保證契約,一般交易,270000,12.506180941677357,0,0,0,0,0,0,0,0,1,0,0,0,0,0,0,0,0,0,1,0,0,0,0,1,0,1,0,0,0,0,0,0,0,0,0,0,0,0,0,0,0,0,0,0,0,0,0,0,0,0,1,0,0,0,0,0,1,0,0,0,0,0,0,0,1,0,0,0,0,0,0,0,1,0,0,0,0,0,0,0,0,1,0,0,0,0,0,1,0,0,0,0,1,0,0,0,0,1,0,0,0,0,0,0,0,0,0,0,0,0,0,0,1,0,0,0,0,0,0,0,0,0,0,0,0,0,0,0,1,0,0,0,0,1,0,0,0,0,0,0,1,0,0,0,0,0,1,0,0,0,0,0,0,1,0,0,1,0,0
319,0,0.8929485771758422,0.0715423647485903,0.0,0.0,0.0,-0.4638544907568095,0.5,0.0,0.4375,-0.02631578947368421,1.1270126110400929,1.0,0.0,0.0,0.0,2.3495966477454164,0.4,0.8386648122392212,0.0,0.0,-0.2210427374494082,0.7015445939212755,0.5,0.0,0.5100470668925146,1.1392929990547433,0.0,1.3782796187702042,1.0,0.0,0.0,1.0,1.0,0.0,1.0,1.5,0.0,0.0,0.25,0.0,1.0,0.7362869198312236,0.0,0.0,0.0,1.2068775278254245,0.22418808858595582,7.397497957722461,0.0,0.0,0.0,0.0,0.0,0.0,4,2009,一般保證契約,一般交易,260000,12.468440756144114,0,0,0,0,0,0,0,0,1,0,0,0,0,0,0,0,1,0,0,0,1,0,0,0,0,1,0,0,0,0,0,0,1,0,0,0,0,0,0,0,0,0,0,0,0,0,0,0,0,0,0,0,0,0,0,0,1,0,0,0,0,0,0,0,1,0,0,0,0,0,0,0,1,0,0,0,0,0,0,0,0,1,0,0,0,0,0,1,0,0,0,0,1,0,0,0,0,0,0,0,0,0,0,0,0,0,0,0,1,0,0,0,0,0,0,0,0,0,0,0,0,0,0,0,1,0,0,0,0,0,1,0,0,1,0,0,0,0,0,0,1,0,0,0,0,0,1,0,0,0,0,0,0,1,0,0,1,0,0
320,1,0.469964168048189,0.9205091619691598,0.0,0.0,0.0,0.0,0.5,0.0,0.16666666666666666,-0.3684210526315789,1.08891923870144,0.0,0.0,0.0,0.0,1.7473143510832982,0.4,0.9068150208623088,0.0,0.0,-0.2726309136457218,0.7513702042850025,-0.5,0.0,0.6724186916787394,0.0,0.0,0.0,1.0,0.0,0.0,0.0,0.0,0.0,0.0,0.0,0.0,1.0,0.25,-1.0,0.0,0.44936708860759494,0.0,0.0,0.0,1.093198903931312,0.1584510203308132,0.0,0.0,0.0,0.0,0.0,0.0,0.0,6,2009,一般保證契約,一般交易,187500,12.141539457711714,0,0,0,0,0,0,0,0,0,0,0,0,1,0,0,0,1,0,0,0,0,0,0,1,0,1,0,0,0,0,0,0,0,0,0,0,0,0,0,0,0,0,0,0,0,0,0,0,0,0,0,0,1,0,0,0,1,0,0,0,0,0,0,0,1,0,0,0,0,0,0,0,1,0,0,0,0,0,0,0,0,0,1,0,0,0,0,1,0,0,0,0,1,0,0,0,0,0,0,1,0,0,0,0,0,0,0,0,0,0,0,0,0,0,0,1,0,0,0,0,0,0,0,0,0,0,0,0,0,0,1,0,0,0,1,0,0,0,0,0,1,0,0,0,0,0,1,0,0,0,0,0,0,1,0,0,1,0,0
321,4,1.6660019178998677,1.2717656737713532,0.0,0.0,0.0,0.0,1.5,0.0,0.7083333333333334,0.3157894736842105,1.2399442503414109,0.0,0.0,0.8422747575632559,0.2793713480100486,1.7473143510832982,-0.6,-0.5340751043115438,0.0,0.0,0.8080250754876768,0.5062282012954659,0.5,0.0,0.29593246717401517,1.1538160840470875,0.0,1.3315031473758696,0.0,0.0,1.0,1.0,1.0,0.0,1.0,1.5,0.0,-1.0,-0.5,0.0,1.0,1.5126582278481013,0.0,0.0,0.0,1.1018674496009326,0.5295236374843488,0.0,0.0,0.0,0.0,0.0,0.0,0.0,9,2006,新屋,預售屋(估價時未完工),342643,12.74444728628135,0,0,0,0,0,0,0,0,1,0,0,0,0,0,0,0,1,0,0,0,0,0,0,1,0,0,0,0,1,0,0,0,0,1,0,0,0,0,0,0,0,0,0,0,0,0,0,0,0,0,0,0,0,0,0,0,1,0,0,0,0,0,0,0,1,0,0,0,0,0,0,0,1,0,0,0,0,0,0,0,0,1,0,0,0,0,0,1,0,0,0,0,1,0,0,0,0,1,0,0,0,0,0,0,0,0,0,0,0,0,0,0,1,0,0,0,0,0,0,0,0,0,0,0,0,0,0,0,0,1,0,0,0,1,0,0,0,0,0,0,1,0,0,0,0,0,1,0,0,0,0,0,0,1,0,0,1,0,0
322,3,1.2410897270203258,0.5460829895092897,0.0,0.0,-1.0,0.0,1.0,0.0,0.6666666666666666,0.2631578947368421,1.2549762903782364,1.0,0.0,0.8422747575632559,0.0,1.7473143510832982,0.4,0.8150208623087621,0.0,0.0,-0.7697664526427576,0.28101644245142005,0.5,0.0,0.08281040671121409,1.1508874243732066,0.0,1.2081706203322382,1.0,0.0,0.0,1.0,1.0,0.0,1.0,2.0,0.0,0.0,0.5,1.0,1.0,1.6476793248945147,0.0,0.0,0.0,1.0254514761129863,0.5295236374843488,0.0,0.0,0.0,0.0,0.0,0.0,0.0,6,2007,一般保證契約,一般交易,354000,12.777055016970678,0,0,0,0,0,0,0,0,1,0,0,0,0,0,0,0,1,0,0,0,0,0,0,1,0,1,0,0,0,0,0,0,0,1,0,0,0,0,0,0,0,0,0,0,0,0,0,0,0,0,0,0,0,0,0,0,1,0,0,0,0,0,0,0,1,0,0,0,0,0,0,0,1,0,0,0,0,0,0,0,0,1,0,0,0,0,0,1,0,0,0,0,1,0,0,0,0,1,0,0,0,0,0,0,0,0,0,0,0,0,0,0,1,0,0,0,0,0,0,0,0,0,0,0,0,0,0,0,0,0,1,0,0,1,0,0,0,0,0,0,1,0,0,0,0,0,1,1,0,0,0,0,0,0,0,0,1,0,0
324,2,-1.2063193728418797,-1.1183313744846295,0.0,0.0,0.0,0.0,-1.5,3.0,-0.3541666666666667,0.2894736842105263,0.0,0.0,0.2793713480100486,-1.0,0.0,0.0,0.2,-0.1780250347705146,0.0,0.0,0.5236366588955885,0.3328350772296961,0.5,0.0,0.13531768548383516,0.0,0.0,-0.5204118192965932,1.0,0.0,-1.0,0.0,0.0,0.0,0.0,0.0,0.0,-1.0,-0.5,-1.0,-1.0,-1.1033755274261603,-0.3466451177569989,0.0,0.0,0.9538950326100597,0.37740612789636735,0.0,0.0,0.0,0.0,0.0,0.0,0.0,7,2006,一般保證契約,一般交易,126175,11.745433036677353,0,0,0,1,0,0,0,0,0,0,0,0,0,0,0,1,0,0,0,0,0,0,0,1,0,1,0,0,0,0,0,0,0,0,0,0,0,0,0,0,0,0,0,0,0,0,0,0,1,0,0,0,0,0,0,0,1,0,0,0,0,0,0,0,1,0,0,0,0,0,0,0,1,0,0,0,0,0,1,0,0,0,0,0,0,0,0,1,0,0,0,0,1,0,0,0,0,1,0,0,0,0,0,0,0,0,0,0,0,0,0,0,1,0,0,0,0,0,0,0,0,0,0,0,0,0,0,0,1,0,0,0,0,0,1,0,0,0,0,0,1,0,0,0,0,0,1,0,0,0,0,0,0,1,0,0,1,0,0
326,0,-1.1398722399119068,-1.4413963587207628,0.0,0.0,0.0,0.0,-0.5,1.0,-0.6458333333333334,-1.1578947368421053,0.0,0.0,0.0,-1.0,0.0,1.7473143510832982,0.0,-0.37273991655076494,0.0,0.0,0.18362982218275845,-0.5480817140009965,-1.5,-0.7304631471189668,-0.6713848038972041,0.0,0.0,-1.302047871524604,0.0,0.0,-1.0,0.0,-1.0,0.0,0.0,-0.5,0.0,-1.0,-0.5,-1.0,0.0,-0.5126582278481012,0.0,0.0,0.0,0.0,-0.7117967261714493,8.54874312625216,0.0,0.0,0.0,0.0,0.0,0.0,12,2007,一般保證契約,一般交易,87000,11.373674891823535,0,1,0,0,0,0,0,0,0,0,0,0,0,0,0,1,0,0,0,0,0,0,0,1,0,1,0,0,0,1,0,0,0,0,0,0,0,0,0,0,0,0,0,0,0,0,0,0,0,0,0,0,0,0,0,0,0,0,0,1,0,0,0,0,1,0,0,0,0,0,0,0,1,0,0,0,0,1,0,0,0,0,0,0,0,0,0,1,0,0,0,0,1,0,0,0,0,0,0,0,0,0,0,0,0,0,0,0,0,1,0,0,0,0,0,0,0,0,0,0,0,0,0,0,0,1,0,0,1,0,0,0,0,0,1,0,0,0,0,0,1,0,0,0,1,0,0,0,0,0,0,1,0,0,0,0,1,0,0
327,2,-2.5560015704817522,0.28567385445256904,0.0,0.0,-1.0,0.0,1.0,0.0,0.4375,-0.02631578947368421,0.0,1.0,0.0,0.0,0.0,2.3495966477454164,0.4,1.717663421418637,0.0,0.0,-1.094999958969664,1.4429496761335325,0.5,0.0,1.0365683399980727,0.0,0.0,0.3528345298040829,2.0,0.0,-1.0,1.0,-2.0,0.0,1.0,0.0,0.0,1.0,0.5,1.0,0.0,-0.035864978902953586,0.0,0.0,0.0,0.9132938545086076,0.027838329044302983,0.0,0.0,0.0,0.0,0.0,0.0,0.0,5,2008,一般分期合約,一般交易,324000,12.688501881189456,0,0,0,0,0,1,0,0,0,0,0,0,0,0,0,0,1,0,0,0,0,0,0,1,0,0,0,1,0,0,0,0,0,0,0,0,0,0,0,0,0,0,1,0,0,0,0,0,0,0,0,0,0,0,0,0,1,0,0,0,0,0,0,0,1,0,0,0,0,0,0,0,0,0,1,0,0,0,1,0,0,0,0,0,0,0,0,1,0,0,0,0,1,0,0,0,0,0,0,0,0,0,0,0,0,0,0,0,0,0,1,0,0,0,0,0,0,0,0,0,0,0,0,0,0,0,1,0,1,0,0,0,0,1,0,0,0,0,0,0,1,0,0,0,0,0,1,0,0,0,0,0,0,1,0,0,1,0,0
328,2,0.469964168048189,0.4452548584199396,0.0,0.0,0.0,0.0,0.0,0.0,-0.25,-0.8947368421052632,1.016887606327205,0.0,0.0,-1.0,0.0,0.0,-0.2,0.2517385257301808,0.0,0.0,0.43598187868472665,0.7732934728450424,-0.5,0.0,0.5283909994988534,0.0,0.0,-0.13955236063963883,0.0,0.0,-1.0,1.0,0.0,0.0,0.0,0.5,0.0,-1.0,-0.5,0.0,-1.0,-0.79957805907173,0.0,0.0,0.0,0.0,0.139889170134574,0.0,0.0,0.0,0.0,0.0,0.0,0.0,4,2006,一般保證契約,一般交易,145250,11.886218559372042,0,0,0,1,0,0,0,0,0,0,0,0,0,0,0,0,1,0,0,0,0,0,0,1,0,1,0,0,0,0,0,0,0,0,1,0,0,0,0,0,0,0,0,0,0,0,0,0,0,0,0,0,0,0,0,0,1,0,0,0,0,0,0,0,1,0,0,0,0,0,0,0,1,0,0,0,0,0,1,0,0,0,0,0,0,1,0,0,0,0,0,0,1,0,0,0,0,0,0,0,1,0,0,0,0,0,0,0,0,0,0,0,0,0,0,0,1,0,0,0,0,0,0,0,0,0,0,0,0,0,1,0,0,0,1,0,0,0,0,0,1,0,0,0,0,0,1,0,0,0,0,0,0,1,0,0,1,0,0
329,3,-1.010234332078765,0.5038877635295964,0.0,1.1943176378757763,-1.0,0.0,0.0,1.0,-1.1666666666666667,0.0,0.0,0.0,0.0,-1.0,0.0,0.0,-0.6,-0.5340751043115438,0.0,0.0,0.46268132314764443,-0.3009466865969108,0.0,-0.7304631471189668,0.629524970704498,0.9869204755744448,0.0,0.858674642559549,0.0,0.0,0.0,0.0,2.0,0.0,1.0,2.0,0.0,-1.0,-0.5,-1.0,0.0,-0.17088607594936708,0.0,0.0,0.0,0.0,0.22418808858595582,8.763534317352569,0.0,0.0,0.0,0.0,0.0,0.0,7,2009,一般保證契約,一般交易,214500,12.276069679344003,0,0,0,0,0,0,1,0,0,0,0,0,0,0,0,0,1,0,0,0,0,1,0,0,0,1,0,0,0,0,0,0,0,0,0,0,0,0,0,1,0,0,0,0,0,0,0,0,0,0,0,0,0,0,0,0,0,0,0,0,0,1,0,0,1,0,0,0,0,0,0,0,1,0,0,0,0,0,0,0,1,0,0,0,0,0,0,1,0,0,0,0,1,0,0,0,0,0,0,0,1,0,0,0,0,0,0,0,0,0,0,0,0,0,0,0,0,1,0,0,0,0,0,0,0,0,0,0,1,0,0,0,0,0,0,0,1,0,0,0,1,0,0,0,0,1,0,0,0,0,0,1,0,0,0,0,1,0,0
330,4,-0.5300358319518109,-0.9117780061202372,0.0,0.0,0.0,0.0,-0.5,0.0,-1.0833333333333333,-1.1578947368421053,0.0,0.0,0.0,-1.0,0.0,1.0,-0.6,-0.5340751043115438,0.0,0.0,0.17279909438809232,-0.7952167414050823,-0.5,-0.7304631471189668,-1.2886543679432731,0.9529920898096357,0.0,-0.46687285442783893,0.0,0.0,-1.0,0.0,0.0,0.0,0.0,0.0,0.0,-1.0,-0.5,-1.0,-1.0,-1.2341772151898733,-0.3466451177569989,-0.3466451177569989,-1.1943176378757763,0.0,-0.7117967261714493,7.293500021268774,0.0,0.0,0.0,0.0,1.1943176378757763,0.0,7,2009,一般保證契約,一般交易,78000,11.264476926102367,0,0,0,0,0,0,0,1,0,0,0,0,0,0,0,1,0,0,0,0,0,0,0,1,0,0,0,0,1,1,0,0,0,0,0,0,0,0,0,0,0,0,0,0,0,0,0,0,0,0,0,0,0,0,0,0,1,0,0,0,0,0,0,0,1,0,0,0,0,0,0,0,1,0,0,0,0,0,0,0,0,1,0,0,0,0,0,1,0,0,0,0,1,0,0,0,0,0,0,0,1,0,0,0,0,0,0,0,0,0,0,0,0,0,0,0,0,1,0,0,0,0,0,0,0,0,0,0,1,0,0,0,0,1,0,0,0,0,0,0,1,0,0,0,0,0,1,0,0,0,0,1,0,0,0,0,1,0,0
331,0,0.21801994391840682,0.2368922706075305,0.0,0.0,-1.0,0.0,-0.5,-1.0,-0.16666666666666666,-0.7894736842105263,0.8219638675560355,0.0,0.0,-1.0,0.0,0.0,0.4,-0.47844228094575797,0.8104996085138084,8.728897992374552,0.9281912542218927,1.4608868958644743,-0.5,0.0,1.0489755253304933,0.0,0.0,0.3648561901933243,0.0,0.7304631471189668,0.0,0.0,3.0,0.4638544907568095,0.0,2.0,0.0,-1.0,-0.5,-1.0,-1.0,-0.5464135021097046,0.0,0.0,0.0,0.9777649669238827,-0.7117967261714493,0.0,0.0,0.0,0.0,0.0,0.0,0.0,11,2007,一般保證契約,一般交易,119000,11.686887175419702,0,0,0,0,0,0,0,0,0,0,0,0,0,0,1,0,1,0,0,0,0,0,0,1,0,1,0,0,0,0,0,0,0,0,1,0,0,0,0,0,0,0,0,0,0,0,0,0,0,0,0,0,0,0,0,0,1,0,0,0,0,0,0,0,1,0,0,0,0,0,0,0,0,0,0,1,0,0,1,0,0,0,0,0,0,0,0,1,0,0,0,0,1,0,0,0,0,0,0,0,0,0,0,0,0,0,0,0,1,0,0,0,0,0,0,0,0,0,0,0,0,0,0,0,1,0,0,0,0,0,1,0,0,0,1,0,0,0,0,0,1,0,0,0,0,0,1,0,0,0,0,1,0,0,0,0,1,0,0
332,3,0.0,-0.36797992451272354,0.0,0.0,0.0,0.0,-0.5,1.0,-0.2916666666666667,-0.05263157894736842,0.0,0.0,0.0,-1.0,0.0,0.0,-0.2,0.6425591098748261,0.0,0.0,-0.6099516251479817,0.12157448928749377,-1.0,0.0,-0.07924348815575648,0.0,0.0,-0.7283059945751863,1.0,0.0,-1.0,0.0,0.0,0.0,0.0,0.0,0.0,-1.0,-0.5,0.0,-1.0,-0.7320675105485233,0.0,0.0,0.0,0.0,-0.7117967261714493,0.0,0.0,0.0,0.0,0.0,0.0,0.0,8,2007,一般保證契約,一般交易,139000,11.842236406331555,0,0,0,1,0,0,0,0,0,0,0,0,0,0,0,0,1,0,0,0,0,0,0,1,0,1,0,0,0,0,0,0,0,0,1,0,0,0,0,0,0,0,0,0,0,0,0,0,0,0,0,0,0,0,0,0,1,0,0,0,0,0,0,0,1,0,0,0,0,0,0,0,1,0,0,0,0,0,1,0,0,0,0,0,0,0,0,1,0,0,0,0,1,0,0,0,0,0,0,0,1,0,0,0,0,0,0,0,0,0,0,0,0,0,0,0,1,0,0,0,0,0,0,0,0,0,0,0,1,0,0,0,0,0,1,0,0,0,0,0,1,0,0,0,0,0,1,0,0,0,0,0,0,1,0,0,1,0,0
334,2,-0.5870231824252673,-0.36189397129491957,0.0,0.0,0.0,0.0,0.5,0.0,0.6666666666666666,0.2631578947368421,0.9666684299706765,1.0,0.0,0.0,0.0,1.7473143510832982,0.4,0.4673157162726008,0.0,0.0,0.22834428870316506,0.7234678624813154,0.5,0.0,0.48651870810411574,0.0,0.0,-0.1801235662257721,1.0,0.0,0.0,0.0,-1.0,0.0,1.0,0.0,0.0,0.0,0.5,0.0,0.0,0.010548523206751054,0.0,0.0,0.0,1.0374820403803926,0.027838329044302983,0.0,0.0,0.0,0.0,0.0,0.0,0.0,7,2008,一般保證契約,一般交易,207000,12.240478903153711,0,0,0,0,0,1,0,0,0,0,0,0,0,0,0,1,0,0,0,0,0,0,0,1,1,0,0,0,0,0,0,0,0,1,0,0,0,0,0,0,0,0,0,0,0,0,0,0,0,0,0,0,0,0,0,0,1,0,0,0,0,0,0,0,1,0,0,0,0,0,0,0,0,0,1,0,0,0,1,0,0,0,0,0,0,0,0,1,0,0,0,0,1,0,0,0,0,1,0,0,0,0,0,0,0,0,0,0,0,0,0,0,1,0,0,0,0,0,0,0,0,0,0,0,0,0,0,0,0,1,0,0,0,1,0,0,0,0,0,0,1,0,0,0,0,0,1,0,0,0,0,0,0,1,0,0,1,0,0
335,1,-0.5870231824252673,-0.13828030916172473,0.0,0.0,-1.0,0.0,0.0,0.0,0.5416666666666666,0.10526315789473684,0.0,0.0,0.0,0.0,0.0,2.3495966477454164,0.4,0.6175243393602226,0.0,0.0,-1.0078781583802932,-0.10363726955655207,0.0,0.0,-0.3269007607773357,0.9889729654085821,0.0,0.2421637157136325,1.0,0.0,0.0,1.0,0.0,0.0,0.0,0.5,0.0,1.0,0.25,1.0,0.0,-0.04008438818565401,0.0,0.0,0.0,0.8615537516526842,0.09221121669515434,0.0,0.0,0.0,0.0,0.0,0.0,0.0,7,2008,一般保證契約,一般交易,192000,12.165255859329688,0,0,0,0,0,0,0,0,1,0,0,0,0,0,0,0,1,0,0,0,0,0,0,1,0,1,0,0,0,0,0,0,0,0,0,1,0,0,0,0,0,0,0,0,0,0,0,0,0,0,0,0,0,0,0,0,1,0,0,0,0,0,0,0,1,0,0,0,0,0,0,0,1,0,0,0,0,0,0,0,0,1,0,0,0,0,0,1,0,0,0,0,1,0,0,0,0,1,0,0,0,0,0,0,0,0,0,0,0,0,0,0,1,0,0,0,0,0,0,0,0,0,0,0,0,0,0,0,1,0,0,0,0,1,0,0,0,0,0,0,1,0,0,0,0,0,1,0,0,0,0,0,0,1,0,0,1,0,0
336,0,0.6866853341578308,8.221213364025424,-0.7304631471189668,0.0,-1.0,-1.1943176378757763,-0.5,1.0,-0.14583333333333334,-0.7631578947368421,0.0,0.0,0.0,-1.0,0.0,2.3495966477454164,0.2,1.2030598052851182,1.089870956523857,7.440766394665013,-1.0767342614986386,1.0044843049327354,0.5,0.0,0.8948628185961288,0.6853189859830624,0.0,0.4410777477766499,2.0,0.0,0.0,0.0,0.0,0.0,0.0,0.5,0.0,1.0,0.5,1.0,0.0,0.20042194092827004,0.0,0.0,0.0,1.4280855155666388,-0.7117967261714493,0.0,0.0,0.0,0.0,0.0,0.0,11.147538247731708,8,2008,一般保證契約,一般交易,228950,12.34126328584159,0,0,0,0,0,0,0,0,0,0,1,0,0,0,0,0,1,0,0,0,0,0,1,0,0,0,0,0,1,0,0,0,0,0,0,0,0,0,0,0,0,0,0,1,0,0,0,0,0,0,0,0,0,0,0,0,1,0,0,0,0,0,0,0,1,0,0,0,0,0,0,1,0,0,0,0,1,0,0,0,0,0,0,0,0,0,0,1,0,0,0,0,1,0,0,0,0,0,0,1,0,0,0,0,0,0,0,0,0,0,0,0,0,0,0,1,0,0,0,0,0,0,0,0,0,0,0,0,1,0,0,0,0,0,1,0,0,0,0,0,1,0,0,0,0,0,1,0,0,0,0,0,0,1,1,0,0,0,0
337,0,0.7287389043336142,0.9278130272580286,0.0,0.0,-1.0,0.0,1.5,0.0,0.6875,0.3157894736842105,1.0548125035123372,1.0,0.0,0.8422747575632559,0.0,2.3495966477454164,0.4,1.2030598052851182,0.0,0.0,0.2723091126779741,1.8475336322869955,0.5,0.0,1.3039175018477278,0.0,0.0,0.6118764271397026,1.0,0.0,0.0,0.0,0.0,0.0,1.0,1.0,0.0,0.0,0.5,1.0,1.0,0.820675105485232,0.0,0.0,0.0,1.0161348417391396,0.17607078341471197,0.0,0.0,0.0,0.0,0.0,0.0,0.0,7,2007,一般保證契約,一般交易,377426,12.841132451487937,0,0,0,1,0,0,0,0,0,0,0,0,0,0,0,0,1,0,0,0,0,0,1,0,0,0,0,0,1,0,0,0,0,0,0,0,0,0,0,0,0,0,0,0,0,1,0,0,0,0,0,0,0,0,0,0,1,0,0,0,0,0,0,0,1,0,0,0,0,0,0,0,1,0,0,0,0,0,1,0,0,0,0,0,0,1,0,0,0,0,0,0,1,0,0,0,0,1,0,0,0,0,0,0,0,0,0,0,0,0,0,0,1,0,0,0,0,0,0,0,0,0,0,0,0,0,0,0,0,1,0,0,0,1,0,0,0,0,0,0,1,0,0,0,0,0,1,0,0,0,0,0,0,1,0,0,1,0,0
338,4,0.0,-0.1147388263228722,0.0,0.0,0.0,0.0,0.5,0.0,0.625,0.23684210526315788,0.8980288747809471,1.0,0.0,0.0,0.0,1.7473143510832982,0.4,0.5924895688456189,0.0,0.0,0.335324680408472,1.0782262082710514,0.5,0.0,0.7714834354244225,0.0,0.0,0.09598653312173026,1.0,0.0,0.0,0.0,0.0,0.0,1.0,0.5,0.0,-1.0,-0.5,0.0,0.0,0.21308016877637131,0.0,0.0,0.0,1.0374820403803926,0.28820327382855077,0.0,0.0,0.0,0.0,0.0,0.0,0.0,12,2008,一般保證契約,一般交易,214000,12.273735966890268,0,0,0,1,0,0,0,0,0,0,0,0,0,0,0,0,1,0,0,0,0,0,0,1,0,1,0,0,0,0,0,0,0,0,0,0,1,0,0,0,0,0,0,0,0,0,0,0,0,0,0,0,0,0,0,0,1,0,0,0,0,0,0,0,1,0,0,0,0,0,0,0,1,0,0,0,0,0,1,0,0,0,0,0,0,0,0,1,0,0,0,0,1,0,0,0,0,1,0,0,0,0,0,0,0,0,0,0,0,0,0,0,1,0,0,0,0,0,0,0,0,0,0,0,0,0,0,0,0,0,1,0,0,1,0,0,0,0,0,0,1,0,0,0,0,0,1,0,0,0,0,0,0,1,0,0,1,0,0
339,1,0.9330406239737735,0.925728089944337,0.0,0.0,0.0,0.0,0.5,2.0,0.25,0.10526315789473684,0.0,1.0,0.0,0.0,0.0,1.0,0.2,-0.23783031988873435,0.0,0.0,0.6052192757771817,0.42451420029895365,0.5,0.0,0.8977689027096218,0.0,0.0,0.21834796797773234,1.0,0.0,0.0,0.0,0.0,0.0,1.0,1.0,0.0,-1.0,-0.5,0.0,0.0,-0.1751054852320675,0.0,0.0,0.0,0.8813864550964214,0.139889170134574,0.0,0.0,0.0,0.0,0.0,0.0,9.715841640087827,5,2006,一般保證契約,一般交易,202500,12.218500103788143,0,0,0,1,0,0,0,0,0,0,0,0,0,0,0,0,1,0,0,0,0,0,0,1,0,0,0,0,1,0,0,0,0,0,0,0,0,0,0,0,0,0,0,0,0,0,0,0,0,0,0,0,1,0,0,0,1,0,0,0,0,0,0,0,1,0,0,0,0,0,0,0,1,0,0,0,0,0,1,0,0,0,0,0,0,0,0,1,0,0,0,0,1,0,0,0,0,0,0,0,1,0,0,0,0,0,0,0,0,0,0,0,0,0,0,0,1,0,0,0,0,0,0,0,0,0,0,0,1,0,0,0,0,0,1,0,0,0,0,0,1,0,0,0,0,0,1,0,0,0,0,0,0,1,1,0,0,0,0
341,2,0.6866853341578308,0.9337122032881886,0.0,0.0,0.0,0.0,1.0,0.0,0.625,0.21052631578947367,0.0,1.0,0.0,0.0,0.0,0.0,-0.6,-0.5340751043115438,0.0,0.0,0.5802450337486554,-0.05580468360737419,0.5,0.0,-0.2143718068404768,1.0554888646169007,0.0,0.5947771297595562,0.0,0.0,0.0,1.0,1.0,0.0,1.0,1.5,0.0,-1.0,-0.5,1.0,0.0,-0.21308016877637131,0.0,0.0,0.0,0.9402674386943467,-0.7117967261714493,0.0,0.0,0.0,0.0,0.0,0.0,0.0,4,2010,一般保證契約,一般交易,202900,12.220473454337986,0,0,0,0,0,0,0,0,1,0,0,0,0,0,0,0,1,0,0,0,0,0,0,1,0,1,0,0,0,0,0,0,0,0,0,0,0,0,0,0,0,0,0,1,0,0,0,0,0,0,0,0,0,0,0,0,1,0,0,0,0,0,0,0,1,0,0,0,0,0,0,0,1,0,0,0,0,0,0,0,0,1,0,0,0,0,0,1,0,0,0,0,1,0,0,0,0,1,0,0,0,0,0,0,0,0,0,0,0,0,0,0,1,0,0,0,0,0,0,0,0,0,0,0,0,0,0,0,1,0,0,0,0,1,0,0,0,0,0,0,1,0,0,0,0,0,1,0,0,0,0,0,0,1,0,0,1,0,0
342,4,-0.5300358319518109,-0.30665332785834487,0.0,0.0,0.0,0.0,-1.0,-1.0,-0.4583333333333333,-1.1578947368421053,0.0,-1.24080411332851,-0.3466451177569989,-1.0,-0.3466451177569989,0.0,-0.6,-0.5340751043115438,0.0,0.0,0.3295497781050602,-0.5460886895864474,0.0,0.0,-0.573131283904369,0.0,0.0,-1.2068473552306342,0.0,0.0,-1.0,0.0,-1.0,0.0,0.0,-1.0,0.0,-1.0,-0.5,-1.0,-1.0,-0.7911392405063291,0.0,0.0,-1.1943176378757763,1.1138870419987459,-0.7117967261714493,4.137710644618417,0.0,0.0,0.0,0.0,0.0,0.0,9,2009,一般保證契約,一般交易,82000,11.314486721293981,0,0,0,1,0,0,0,0,0,0,0,0,0,0,0,0,0,0,0,1,0,0,0,1,0,1,0,0,0,0,0,0,0,0,0,0,0,0,0,0,0,0,0,0,0,0,0,0,0,0,0,0,0,1,0,0,0,0,0,0,0,0,1,0,1,0,0,0,0,0,0,0,1,0,0,0,0,0,1,0,0,0,0,0,0,0,0,1,0,0,0,0,1,0,0,0,0,0,0,0,1,0,0,0,0,0,0,0,0,0,0,0,0,0,0,0,0,0,0,0,0,0,0,1,0,0,0,0,1,0,0,0,0,0,1,0,0,0,0,0,1,0,0,0,0,0,1,0,0,0,0,0,1,0,0,0,1,0,0
343,1,0.21801994391840682,-0.26795911930283883,0.0,0.0,0.0,0.0,-1.5,-1.0,-0.4791666666666667,-1.1578947368421053,1.2134538457021296,0.0,0.0,-6.515822458562748,-1.5409627556327752,-1.5747678672403655,-0.8,-0.5340751043115438,-0.7304631471189668,0.0,-3.1687229326517117,-1.9830592924763328,-1.0,-0.7304631471189668,-0.11289938297361748,0.0,0.0,-0.7609161093398232,0.0,0.0,0.0,0.0,-1.0,0.4638544907568095,0.0,0.0,0.0,-1.0,-0.5,-1.0,0.0,-0.3438818565400844,0.0,0.0,0.0,0.0,-0.7117967261714493,0.0,0.0,0.0,0.0,0.0,0.0,0.0,5,2006,一般保證契約,一般交易,87500,11.37940550085183,0,0,0,0,0,0,0,0,0,0,0,0,0,0,1,0,1,0,0,0,0,0,0,1,0,1,0,0,0,0,0,0,0,0,1,0,0,0,0,0,0,0,0,0,0,0,0,0,0,0,0,0,0,0,0,0,1,0,0,0,0,0,0,0,1,0,0,0,0,0,0,0,0,0,0,1,0,0,1,0,0,0,0,0,0,0,0,1,0,0,0,0,1,0,0,0,0,0,0,0,0,0,0,0,1,0,0,0,0,0,0,0,0,0,0,0,0,0,0,0,1,0,0,0,0,0,0,0,0,0,1,0,1,0,0,0,0,0,1,0,0,0,0,0,0,1,0,0,0,0,0,1,0,0,0,0,1,0,0
344,2,-0.3637131127598576,-0.18779935218663366,0.0,0.0,-1.0,0.0,1.5,0.0,0.6875,0.2894736842105263,1.4070575123824915,1.8422747575632559,0.0,0.8422747575632559,0.0,0.0,0.4,-0.4951321279554937,0.0,0.0,1.0694801883671676,1.373193821624315,0.5,0.0,0.9877874496846818,0.0,0.0,0.3055693942297751,0.0,0.0,0.0,0.0,-1.0,0.0,2.0,0.0,0.0,0.0,0.75,0.0,0.0,0.34810126582278483,0.0,0.0,0.0,1.3265484168640445,0.2797157727113956,0.0,0.0,0.0,0.0,0.0,0.0,0.0,7,2008,一般保證契約,一般交易,266000,12.491255347155265,0,0,0,0,0,1,0,0,0,0,0,0,0,0,0,0,1,0,0,0,0,0,0,1,0,1,0,0,0,0,0,0,0,1,0,0,0,0,0,0,0,0,0,0,0,0,0,0,0,0,0,0,0,0,0,0,1,0,0,0,0,0,0,0,1,0,0,0,0,0,0,0,0,0,1,0,0,0,1,0,0,0,0,0,0,1,0,0,0,0,0,0,1,0,0,0,0,0,0,0,0,0,0,0,0,0,0,0,0,1,0,0,0,0,0,0,0,0,0,0,0,0,0,0,0,1,0,0,0,0,1,0,0,1,0,0,0,0,0,0,1,0,0,0,0,0,1,0,0,0,0,0,0,1,0,0,1,0,0
346,3,-0.2564764364743176,-0.9005514758572287,0.0,0.0,0.0,0.0,0.0,0.0,-0.6875,-1.1578947368421053,0.0,0.0,0.0,-1.0,0.0,0.0,-0.6,-0.5340751043115438,0.0,0.0,0.5847493664805232,-0.0458395615346288,0.0,0.0,-0.2610342810716754,0.9564646475356612,0.0,0.15570719593581603,0.0,0.0,-1.0,0.0,0.0,0.0,-1.0,0.0,0.0,0.0,0.5,-1.0,-1.0,-0.7151898734177216,0.0,0.0,0.0,0.0,-0.7117967261714493,0.0,0.0,0.0,0.0,0.0,0.0,0.0,10,2006,一般保證契約,一般交易,140200,11.850832386224807,1,0,0,0,0,0,0,0,0,0,0,0,0,0,0,0,1,0,0,0,0,0,0,1,0,1,0,0,0,0,0,0,0,0,0,0,0,0,0,1,0,0,0,0,0,0,0,0,0,0,0,0,0,0,0,0,0,0,1,0,0,0,0,0,1,0,0,0,0,0,0,0,1,0,0,0,1,0,0,0,0,0,0,0,0,0,0,1,0,0,0,0,1,0,0,0,0,0,0,0,0,0,0,0,0,0,0,0,0,1,0,0,0,0,0,0,0,0,0,0,0,0,0,0,0,1,0,0,1,0,0,0,0,0,0,0,1,0,0,0,1,0,0,0,0,0,1,0,0,0,0,1,0,0,0,0,1,0,0
347,3,0.21801994391840682,0.6766134449067525,0.0,0.0,-1.0,0.0,0.0,3.0,-0.25,0.10526315789473684,0.0,0.0,0.2793713480100486,-1.0,0.0,1.0,0.0,0.15855354659248957,0.0,0.0,-0.03331199248431899,-0.0737419033383159,-0.5,0.0,-0.29262046493584043,0.0,0.0,-0.9350527692066875,0.0,0.0,-1.0,0.0,-1.0,0.0,0.0,-0.5,0.0,-1.0,-0.5,0.0,-1.0,-0.7616033755274262,0.0,0.0,0.0,0.0,-0.7117967261714493,0.0,0.0,0.0,0.0,0.0,0.0,21.677435084678006,4,2007,一般保證契約,一般交易,151500,11.928347504569842,0,0,0,1,0,0,0,0,0,0,0,0,0,0,0,0,1,0,0,0,0,0,0,1,0,0,0,1,0,0,0,0,0,0,1,0,0,0,0,0,0,0,0,0,0,0,0,0,0,0,0,0,0,0,0,0,1,0,0,0,0,0,0,0,1,0,0,0,0,0,0,0,1,0,0,0,0,0,1,0,0,0,0,0,0,1,0,0,0,0,0,0,1,0,0,0,0,0,0,0,0,0,0,0,0,0,0,0,0,1,0,0,0,0,0,0,0,0,0,0,0,0,0,0,0,1,0,0,1,0,0,0,0,0,1,0,0,0,0,0,1,0,0,0,0,0,1,0,0,0,0,0,0,1,0,0,0,1,0
348,3,0.21801994391840682,1.4719107813734271,0.0,0.0,-1.0,0.0,0.0,0.0,-0.25,-0.8947368421052632,0.5847080549361326,0.0,0.0,-1.0,0.0,0.0,0.0,1.2322670375521558,0.0,0.0,-0.6165700110975723,0.9626307922272048,0.5,0.0,0.6818597791355262,0.0,0.0,0.009147727229804845,1.0,0.0,0.0,0.0,0.0,0.0,0.0,0.0,0.0,1.0,0.5,-1.0,0.0,0.06962025316455696,0.0,0.0,0.0,0.0,0.10653066162035559,0.0,0.0,0.0,0.0,0.0,0.0,0.0,12,2009,一般保證契約,一般交易,157500,11.967187086434018,0,0,0,1,0,0,0,0,0,0,0,0,0,0,0,0,1,0,0,0,0,0,0,1,0,1,0,0,0,0,0,0,0,0,1,0,0,0,0,0,0,0,0,0,0,0,0,0,0,0,0,0,0,0,0,0,1,0,0,0,0,0,0,0,1,0,0,0,0,0,0,0,1,0,0,0,0,0,1,0,0,0,0,0,0,0,0,1,0,0,0,0,1,0,0,0,0,0,0,0,1,0,0,0,0,0,0,0,0,0,0,0,0,0,0,0,1,0,0,0,0,0,0,0,0,0,0,0,0,0,1,0,0,0,1,0,0,0,0,0,1,0,0,0,0,1,0,0,0,0,0,0,0,1,0,0,1,0,0
349,2,-2.1927252561687918,-2.865660561686404,0.0,0.0,0.0,0.0,0.5,0.0,0.6458333333333334,0.2631578947368421,0.8813236641011549,1.0,0.0,0.0,0.0,0.0,0.4,0.26286509040333794,0.0,0.0,-0.6751113072106908,-0.46038863976083705,0.5,0.0,-0.7764175324967041,1.0408214438106314,0.0,0.22537453842881294,1.0,0.0,0.0,1.0,-1.0,0.0,1.0,0.0,0.0,-1.0,-0.5,0.0,0.0,-0.03164556962025317,0.0,0.0,0.0,0.0,0.0,0.0,0.0,0.0,0.0,0.0,0.0,0.0,10,2008,一般保證契約,一般交易,154000,11.944714374881176,0,0,0,0,0,0,0,0,0,1,0,0,0,0,0,0,1,0,0,0,0,0,0,1,0,1,0,0,0,0,0,0,0,1,0,0,0,0,0,0,0,0,0,0,0,0,0,0,0,0,0,0,0,0,0,0,1,0,0,0,0,0,0,0,1,0,0,0,0,0,0,0,0,1,0,0,0,0,0,0,0,1,0,0,0,0,0,1,0,0,0,0,1,0,0,0,0,1,0,0,0,0,0,0,0,0,0,0,0,0,0,0,0,0,0,0,0,1,0,0,0,0,0,0,0,0,0,0,0,1,0,0,0,1,0,0,0,0,0,0,1,0,0,0,0,0,1,1,0,0,0,0,0,0,0,0,1,0,0
350,1,-0.7629679606273453,1.855104037392639,0.0,0.0,-2.338124978532008,0.0,1.5,0.0,0.6875,0.3157894736842105,1.52779772812489,1.8422747575632559,0.0,0.8422747575632559,0.0,0.0,0.4,1.426981919332406,0.0,0.0,-0.07140681776484704,1.7000498256103638,0.5,0.0,1.209368096312035,1.045886642653871,0.0,1.4533917959660663,1.0,0.0,0.0,1.0,1.0,0.0,2.0,2.0,0.0,1.0,0.75,1.0,1.0,0.9472573839662447,0.0,0.0,0.0,0.0,-0.7117967261714493,0.0,0.0,0.0,0.0,0.0,0.0,0.0,4,2006,新屋,預售屋(估價時未完工),437154,12.988043102265232,0,0,0,0,0,0,0,0,1,0,0,0,0,0,0,0,1,0,0,0,0,0,0,1,0,1,0,0,0,0,0,0,0,1,0,0,0,0,0,0,0,0,0,0,0,0,0,0,0,0,0,0,0,0,0,0,1,0,0,0,0,0,0,0,1,0,0,0,0,0,0,0,1,0,0,0,0,0,0,0,0,1,0,0,0,1,0,0,0,0,0,0,1,0,0,0,0,0,0,0,0,0,1,0,0,0,0,0,0,0,0,0,0,0,0,0,0,0,1,0,0,0,0,0,0,0,0,0,0,0,1,0,0,1,0,0,0,0,0,0,1,0,0,0,0,0,1,0,0,0,0,0,0,1,0,0,1,0,0
353,3,-0.5300358319518109,-0.12762331147906025,0.0,0.0,0.0,0.0,-0.5,1.0,-0.6458333333333334,-1.1578947368421053,0.0,0.0,0.0,-1.0,-0.3466451177569989,1.0,-0.4,-0.20584144645340752,0.8104996085138084,9.590598420556384,-3.1687229326517117,-0.7553562531141006,-0.5,-0.7304631471189668,-1.2216745122160741,0.9106184269634291,0.0,-0.6193187527140736,0.0,0.7304631471189668,-1.0,0.0,0.0,0.0,0.0,-0.5,0.0,-1.0,-0.5,-1.0,-1.0,-1.1877637130801688,0.0,-0.3466451177569989,0.0,0.6842336616220108,-0.7117967261714493,0.0,0.0,0.0,0.0,0.0,0.0,0.0,3,2008,低頭期低利合約,一般交易,95000,11.461642696843066,1,0,0,0,0,0,0,0,0,0,0,0,0,0,0,0,1,0,0,0,0,0,0,1,0,1,0,0,0,0,0,0,0,0,0,0,0,0,0,0,0,1,0,0,0,0,0,0,0,0,0,0,0,0,0,0,0,0,0,0,1,0,0,0,1,0,0,0,0,0,0,0,1,0,0,0,1,0,0,0,0,0,0,0,0,0,0,1,0,0,0,0,1,0,0,0,0,1,0,0,0,0,0,0,0,0,0,0,0,0,0,0,1,0,0,0,0,0,0,0,0,0,0,0,0,0,0,0,1,0,0,0,0,0,1,0,0,0,0,0,1,0,0,0,0,0,1,0,0,0,0,1,0,0,0,0,1,0,0
356,4,1.4586597021802525,0.3720993683333288,0.0,0.0,-2.338124978532008,0.0,0.0,0.0,0.4791666666666667,0.02631578947368421,0.0,1.0,0.2793713480100486,0.0,0.2793713480100486,0.0,0.2,-0.06954102920723226,1.089870956523857,10.487444346097531,-0.3041844706508579,0.408570004982561,0.5,0.0,0.20561557921250928,0.0,0.0,-0.45229827203806827,1.0,0.0,0.0,0.0,0.0,0.0,1.0,0.0,0.0,-1.0,-0.5,0.0,0.0,0.16666666666666666,0.0,0.0,0.0,0.0,-0.009844209913153592,0.0,0.0,0.0,0.0,0.0,0.0,0.0,8,2007,一般保證契約,一般交易,177500,12.086731521684555,0,0,0,1,0,0,0,0,0,0,0,0,0,0,0,0,1,0,0,0,0,0,0,1,0,1,0,0,0,0,0,0,0,0,0,0,1,0,0,0,0,0,0,0,0,0,0,0,0,0,0,0,0,0,0,0,1,0,0,0,0,0,0,0,1,0,0,0,0,0,0,0,1,0,0,0,0,0,1,0,0,0,0,0,0,0,0,1,0,0,0,0,1,0,0,0,0,1,0,0,0,0,0,0,0,0,0,0,0,0,0,0,1,0,0,0,0,0,0,0,0,0,0,0,0,0,0,0,1,0,0,0,0,1,0,0,0,0,0,0,1,0,0,0,0,0,1,0,0,0,0,0,0,1,0,0,1,0,0
357,1,-0.2564764364743176,-0.08640723080073605,0.0,0.0,-1.0,0.0,0.0,1.0,0.4166666666666667,-0.05263157894736842,0.8813236641011549,0.0,0.0,0.0,0.0,0.0,0.4,0.24478442280945759,0.0,0.0,0.17551828856006704,0.32486297957149973,0.0,0.0,0.14300828616923278,0.0,0.0,-0.5129601864602937,1.0,0.0,0.0,0.0,0.0,0.0,1.0,0.0,0.0,-1.0,-0.5,0.0,0.0,-0.3438818565400844,0.0,0.0,0.0,0.9089310139773353,-0.009844209913153592,0.0,0.0,0.0,0.0,0.0,0.0,0.0,7,2009,一般保證契約,一般交易,173000,12.06105265381003,0,0,0,1,0,0,0,0,0,0,0,0,0,0,0,0,1,0,0,0,0,0,0,1,0,1,0,0,0,0,0,0,0,0,0,1,0,0,0,0,0,0,0,0,0,0,0,0,0,0,0,0,0,0,0,0,1,0,0,0,0,0,0,0,1,0,0,0,0,0,0,0,1,0,0,0,0,0,1,0,0,0,0,0,0,0,0,1,0,0,0,0,1,0,0,0,0,0,0,0,0,0,0,0,0,0,0,0,1,0,0,0,0,0,0,0,0,0,0,0,0,0,0,0,1,0,0,0,0,0,1,0,0,1,0,0,0,0,0,0,1,0,0,0,0,0,1,0,0,0,0,0,0,1,0,0,1,0,0
358,0,-1.5565538176877765,-1.7916561516906175,0.0,0.0,0.0,0.0,-0.5,0.0,0.08333333333333333,-0.47368421052631576,0.0,0.0,0.0,0.0,0.0,0.0,0.2,0.6815020862308763,0.0,0.0,-0.4379524184645659,0.2929745889387145,-0.5,0.0,0.09456957535839294,0.0,0.0,-0.5598937749784713,1.0,0.0,-1.0,1.0,0.0,0.0,0.0,0.0,0.0,0.0,-0.25,1.0,0.0,0.1962025316455696,0.0,0.0,0.0,1.3527900617565543,0.34993965557361234,0.0,0.0,0.0,0.0,0.0,1.5409627556327752,0.0,8,2007,一般保證契約,一般交易,134000,11.80560254159177,0,0,0,0,0,1,0,0,0,0,0,0,0,0,0,1,0,0,0,0,0,0,0,1,0,1,0,0,0,0,0,0,0,0,0,0,0,0,0,0,0,0,0,0,0,0,0,0,0,1,0,0,0,0,0,0,1,0,0,0,0,0,0,0,1,0,0,0,0,0,0,0,0,0,1,0,0,0,1,0,0,0,0,0,0,0,0,1,0,0,0,0,1,0,0,0,0,0,0,0,0,0,1,0,0,0,0,0,0,0,0,0,0,0,0,0,0,0,1,0,0,0,0,0,0,0,0,0,1,0,0,0,0,1,0,0,0,0,0,0,1,0,0,0,0,0,1,0,0,0,0,0,0,1,0,0,1,0,0
360,1,0.3800798242425943,0.5285616091658227,0.0,0.0,-1.0,0.0,1.0,0.0,0.5416666666666666,0.10526315789473684,1.3564096387333207,1.0,0.0,0.0,0.0,1.7473143510832982,0.4,0.7955493741307371,0.0,0.0,-0.9298591049187642,0.18136522172396613,0.5,0.0,-0.017289156234130597,1.0339262793305681,0.0,0.614310539425032,1.0,0.0,0.0,1.0,0.0,0.0,1.0,0.5,0.0,0.0,0.25,0.0,0.0,0.46624472573839665,0.0,0.0,0.0,1.0603233663617886,0.2923750990621071,0.0,0.0,9.551935879863963,0.0,0.0,0.0,0.0,6,2006,一般保證契約,一般交易,280000,12.54254845357358,0,0,0,0,0,0,0,0,1,0,0,0,0,0,0,0,1,0,0,0,0,0,0,1,0,0,0,1,0,0,0,0,1,0,0,0,0,0,0,0,0,0,0,0,0,0,0,0,0,0,0,0,0,0,0,0,1,0,0,0,0,0,0,0,1,0,0,0,0,0,0,0,1,0,0,0,0,0,0,0,0,1,0,0,0,0,0,1,0,0,0,0,1,0,0,0,0,1,0,0,0,0,0,0,0,0,0,0,0,0,0,0,1,0,0,0,0,0,0,0,0,0,0,0,0,0,0,0,0,0,1,0,0,1,0,0,0,0,0,0,1,0,0,0,0,0,1,0,0,0,0,0,0,1,0,0,1,0,0
361,0,0.04944338438861053,-0.5502386319713983,0.0,0.0,-1.0,0.0,0.0,1.0,0.125,-0.42105263157894735,0.0,0.0,0.0,0.0,0.0,1.7473143510832982,0.4,0.541029207232267,0.0,0.0,-1.0078781583802932,-0.21325361235675136,0.5,0.0,-0.3992397604519068,0.0,0.0,-1.0383591136589678,1.0,0.0,-1.0,0.0,-1.0,0.0,0.0,-0.5,0.0,0.0,0.25,0.0,0.0,-0.04852320675105485,0.0,0.0,0.0,0.0,-0.7117967261714493,0.0,0.0,8.013883697367243,0.0,0.0,1.5409627556327752,0.0,6,2007,一般保證契約,一般交易,156000,11.957617696467539,0,0,0,0,0,0,0,0,0,0,0,0,0,1,0,0,1,0,0,0,0,0,0,1,0,0,0,1,0,0,0,0,0,0,0,0,0,0,0,0,0,0,0,0,0,0,1,0,0,0,0,0,0,0,0,0,1,0,0,0,0,0,0,0,1,0,0,0,0,0,0,0,1,0,0,0,0,0,0,0,0,0,0,1,0,0,0,1,0,0,0,0,1,0,0,0,0,1,0,0,0,0,0,0,0,0,0,0,0,0,0,0,1,0,0,0,0,0,0,0,0,0,0,0,0,0,0,0,1,0,0,0,0,0,1,0,0,0,0,0,1,0,0,0,0,0,1,0,0,0,0,0,0,1,0,0,1,0,0
363,4,-0.3097441784624688,-0.6221200041361401,0.0,0.0,0.0,0.0,0.5,0.0,0.6458333333333334,0.23684210526315788,1.3370916085231812,1.0,0.0,-6.515822458562748,-1.5409627556327752,-1.5747678672403655,-0.8,-0.5340751043115438,-0.7304631471189668,0.0,-3.1687229326517117,-1.9830592924763328,0.5,0.0,-1.6592828833098692,1.1689832480651712,0.0,0.6118764271397026,0.0,0.0,1.0,0.0,1.0,0.0,1.0,0.5,0.0,0.0,0.75,0.0,0.0,0.8037974683544303,0.0,0.0,0.0,0.0,-0.7117967261714493,7.836797333082112,0.0,0.0,0.0,0.0,0.0,0.0,7,2009,低頭期合約,一般交易,198500,12.198549416880068,0,0,0,0,0,0,0,0,0,0,0,0,0,1,0,0,1,0,0,0,0,0,0,1,0,0,0,0,1,0,0,0,0,0,0,0,0,0,0,0,0,1,0,0,0,0,0,0,0,0,0,0,0,0,0,0,1,0,0,0,0,0,0,0,1,0,0,0,0,0,0,0,1,0,0,0,0,0,0,0,0,0,0,1,0,0,0,1,0,0,0,0,1,0,0,0,0,0,0,0,0,0,0,0,0,0,0,0,1,0,0,0,0,0,0,0,0,0,0,0,0,0,0,0,1,0,0,0,0,0,1,0,1,0,0,0,0,0,0,0,1,0,0,0,0,0,1,1,0,0,0,0,0,0,0,0,1,0,0
365,0,0.469964168048189,1.640306448438727,0.0,0.0,-1.0,0.0,0.0,0.0,0.08333333333333333,-0.47368421052631576,0.9138838108751953,0.0,0.0,0.0,0.0,1.0,0.4,0.4561891515994437,0.0,0.0,-1.2010132330721592,-0.3966118584952666,-0.5,0.0,-0.7059050218978434,1.0177771943547953,0.0,0.1513823925496785,1.0,0.0,0.0,1.0,0.0,0.0,0.0,0.0,0.0,0.0,0.25,1.0,0.0,0.35654008438818563,0.0,0.0,0.0,1.1745206266411508,0.4182557020021774,0.0,0.0,0.0,0.0,0.0,0.0,0.0,7,2006,一般保證契約,一般交易,190000,12.154784614286667,0,0,0,0,0,0,0,0,1,0,0,0,0,0,0,0,1,0,0,0,0,0,0,1,0,0,1,0,0,0,0,0,0,0,0,0,0,0,0,0,0,0,0,0,0,0,0,0,0,0,0,0,1,0,0,0,1,0,0,0,0,0,0,0,1,0,0,0,0,0,0,0,1,0,0,0,0,0,0,0,0,1,0,0,0,0,0,1,0,0,0,0,1,0,0,0,0,0,0,0,0,0,0,0,0,0,0,0,1,0,0,0,0,0,0,0,0,0,0,0,0,0,0,0,1,0,0,0,0,0,1,0,0,1,0,0,0,0,0,0,1,0,0,0,0,0,1,0,0,0,0,0,0,1,0,0,1,0,0
367,4,0.21801994391840682,-0.024269927745667205,0.0,0.0,-1.0,0.0,0.0,0.0,-0.1875,-0.8157894736842105,1.116374755109541,0.0,0.0,0.0,0.0,0.0,0.0,0.3129346314325452,0.0,0.0,0.4010365045924667,0.7952167414050823,0.0,0.0,0.5466114203516451,0.0,0.0,-0.12189809774497944,1.0,0.0,-1.0,1.0,0.0,0.0,0.0,0.0,0.0,1.0,0.5,0.0,0.0,0.1371308016877637,0.0,0.0,0.0,0.0,0.2965005237762466,0.0,0.0,7.932756020284821,0.0,0.0,0.0,0.0,7,2009,一般保證契約,一般交易,159000,11.976665770490767,0,0,0,1,0,0,0,0,0,0,0,0,0,0,0,0,1,0,0,0,0,0,0,1,0,1,0,0,0,0,0,0,0,0,1,0,0,0,0,0,0,0,0,0,0,0,0,0,0,0,0,0,0,0,0,0,1,0,0,0,0,0,0,0,1,0,0,0,0,0,0,0,1,0,0,0,0,0,1,0,0,0,0,0,0,0,0,1,0,0,0,0,1,0,0,0,0,0,0,1,0,0,0,0,0,0,0,0,0,0,0,0,0,0,0,1,0,0,0,0,0,0,0,0,0,0,0,0,0,0,1,0,0,0,1,0,0,0,0,0,1,0,0,0,0,0,1,0,0,0,0,0,0,1,0,0,1,0,0
369,0,0.3800798242425943,-0.4742079758703001,0.0,0.0,0.0,0.0,-0.5,1.0,-0.375,-1.0526315789473684,1.0548125035123372,0.0,0.0,-1.0,0.0,0.0,-0.4,0.21696801112656466,0.0,0.0,0.3376251921341799,0.5440956651718983,0.0,0.0,0.3301450084628356,0.0,0.0,-0.331638310346223,0.0,0.0,-1.0,0.0,-1.0,0.0,0.0,0.5,0.0,0.0,0.5,1.0,-1.0,-1.0021097046413503,0.0,0.0,0.0,0.0,0.37740612789636735,0.0,0.0,0.0,0.0,0.0,0.0,0.0,3,2010,一般保證契約,一般交易,132000,11.790564777297387,0,0,0,1,0,0,0,0,0,0,0,0,0,0,0,0,1,0,0,0,0,0,0,1,0,1,0,0,0,0,0,0,0,0,1,0,0,0,0,0,0,0,0,0,0,0,0,0,0,0,0,0,0,0,0,0,1,0,0,0,0,0,0,0,1,0,0,0,0,0,0,0,1,0,0,0,0,0,1,0,0,0,0,0,0,0,0,1,0,0,0,0,1,0,0,0,0,0,0,0,0,0,0,0,0,0,0,0,1,0,0,0,0,0,0,0,0,0,0,0,0,0,0,0,1,0,0,0,0,0,1,0,0,1,0,0,0,0,0,0,1,0,0,0,0,0,1,0,0,0,0,0,0,1,0,0,1,0,0
370,4,0.21801994391840682,0.05501565460161698,0.0,0.0,-1.0,0.0,-0.5,2.0,-0.2708333333333333,0.3157894736842105,0.0,0.0,0.2793713480100486,-1.0,0.0,0.0,0.2,-0.4339360222531293,0.8104996085138084,8.67610089137118,0.34335308737067044,0.13552566018933732,0.5,0.0,0.3639248779311768,0.0,0.0,-0.2989080731601813,1.0,0.0,-1.0,0.0,0.0,0.0,1.0,0.5,0.0,0.0,0.5,1.0,0.0,0.3987341772151899,0.0,0.0,0.0,1.2281037102008607,-0.1160367882271943,0.0,0.0,7.8971902791299975,0.0,0.0,0.0,0.0,3,2010,一般保證契約,一般交易,162000,11.995357787034976,0,0,0,1,0,0,0,0,0,0,0,0,0,0,0,0,1,0,0,0,0,0,0,1,0,0,0,0,1,0,0,0,0,0,1,0,0,0,0,0,0,0,0,0,0,0,0,0,0,0,0,0,0,0,0,0,1,0,0,0,0,0,0,0,1,0,0,0,0,0,0,0,1,0,0,0,0,0,1,0,0,0,0,0,0,0,0,1,0,0,0,0,1,0,0,0,0,0,0,0,1,0,0,0,0,0,0,0,0,0,0,0,0,0,0,0,1,0,0,0,0,0,0,0,0,0,0,0,1,0,0,0,0,0,1,0,0,0,0,0,1,0,0,0,0,0,1,0,0,0,0,1,0,0,0,0,1,0,0
371,0,-0.2564764364743176,-0.38325592094903266,0.0,0.0,-1.0,0.0,0.0,0.0,0.5833333333333334,0.15789473684210525,0.0,0.0,0.0,0.0,0.0,0.0,-0.6,-0.5340751043115438,0.0,0.0,0.5675268496092295,-0.08370702541106129,0.5,0.0,-0.3039962730459287,0.9943736498431532,0.0,0.27818479733697105,0.0,0.0,0.0,1.0,0.0,0.0,0.0,0.5,0.0,0.0,0.25,0.0,0.0,-0.09071729957805907,0.0,0.0,0.0,0.8615537516526842,0.10653066162035559,0.0,0.0,0.0,0.0,0.0,0.0,0.0,1,2006,一般保證契約,一般交易,172400,12.057578437658945,0,0,0,0,0,0,0,0,1,0,0,0,0,0,0,0,1,0,0,0,0,0,0,1,0,1,0,0,0,0,0,0,0,0,0,1,0,0,0,0,0,0,0,0,0,0,0,0,0,0,0,0,0,0,0,0,1,0,0,0,0,0,0,0,1,0,0,0,0,0,0,0,1,0,0,0,0,0,0,0,0,1,0,0,0,0,0,1,0,0,0,0,1,0,0,0,0,1,0,0,0,0,0,0,0,0,0,0,0,0,0,0,1,0,0,0,0,0,0,0,0,0,0,0,0,0,0,0,1,0,0,0,0,1,0,0,0,0,0,0,1,0,0,0,0,0,1,0,0,0,0,0,0,1,0,0,1,0,0
373,0,-1.1398722399119068,-0.6608243077965325,0.0,0.0,0.0,0.0,0.0,0.0,0.25,-0.2631578947368421,0.0,0.0,0.0,0.0,0.0,0.0,0.2,0.33240611961057026,0.4638544907568095,7.037818197297461,-3.1687229326517117,-0.5002491280518186,-0.5,0.0,-0.8096510686106401,0.0,0.0,-1.4360178278958127,1.0,0.0,-1.0,0.0,-1.0,0.0,0.0,-1.0,0.0,-1.0,-0.5,-1.0,-1.0,-0.9177215189873418,0.0,0.0,0.0,1.218527077732728,-0.7117967261714493,0.0,0.0,6.448232316019434,0.0,0.0,1.5409627556327752,0.0,2,2010,一般保證契約,一般交易,125000,11.736077016252437,0,0,0,0,0,1,0,0,0,0,0,0,0,0,0,0,1,0,0,0,0,0,0,1,0,1,0,0,0,0,0,0,0,0,0,0,0,0,0,0,0,0,0,0,0,0,0,0,0,0,0,0,0,1,0,0,1,0,0,0,0,0,0,0,1,0,0,0,0,0,0,0,0,0,1,0,0,0,1,0,0,0,0,0,0,0,0,1,0,0,0,0,1,0,0,0,0,0,0,1,0,0,0,0,0,0,0,0,0,0,0,0,0,0,0,1,0,0,0,0,0,0,0,0,0,0,0,0,1,0,0,0,0,0,1,0,0,0,0,0,1,0,0,0,0,0,1,0,0,0,0,0,0,1,0,0,1,0,0
374,2,0.42526075804806646,0.23910818833882982,0.0,0.0,0.0,0.0,-0.5,1.0,-0.3958333333333333,-1.0789473684210527,0.0,0.0,0.0,-1.0,0.0,0.0,0.0,0.061196105702364396,0.4638544907568095,7.873203454932759,-3.1687229326517117,-0.7713004484304933,-0.5,0.0,0.4198716283986451,0.0,0.0,-0.2446997401675183,1.0,0.0,-1.0,0.0,0.0,0.0,0.0,-0.5,-0.3846268403045294,-1.0,-0.5,-1.0,-1.0,-0.8924050632911392,0.0,0.0,0.0,0.7585809044888595,-0.7117967261714493,0.0,0.0,0.0,0.0,0.0,1.1943176378757763,0.0,11,2009,一般保證契約,一般交易,123000,11.719947764402807,0,0,0,1,0,0,0,0,0,0,0,0,0,0,0,0,1,0,0,0,0,0,0,1,0,1,0,0,0,0,0,0,0,0,1,0,0,0,0,0,0,0,0,0,0,0,0,0,0,0,0,0,0,0,0,0,1,0,0,0,0,0,0,0,1,0,0,0,0,0,0,0,1,0,0,0,0,0,1,0,0,0,0,0,0,0,0,1,0,0,0,0,1,0,0,0,0,0,0,0,0,0,0,0,0,0,0,0,0,1,0,0,0,0,0,0,0,0,0,0,0,0,0,0,0,1,0,0,1,0,0,0,0,1,0,0,0,0,0,0,1,0,0,0,0,0,1,0,0,0,0,0,0,1,0,0,1,0,0
376,3,-0.23009937662782295,0.09964420489593563,0.0,0.0,-1.0,-1.1943176378757763,-2.5,-4.0,-1.0416666666666667,-1.1578947368421053,0.0,-1.24080411332851,-0.3466451177569989,-2.24080411332851,-0.8104996085138084,2.3495966477454164,0.0,-0.04728789986091794,0.0,0.0,-0.2792973048731317,-0.6218236173393124,0.0,-0.7304631471189668,-0.41824645495332474,0.0,0.0,-1.0567752185446626,1.0,0.0,-2.0,1.0,-2.0,0.0,-1.0,-1.0,-0.8993056227298617,-1.0,-0.5,-2.0,-2.0,-2.0316455696202533,-1.5409627556327752,-1.5409627556327752,0.0,0.0,-0.7117967261714493,0.0,0.0,0.0,0.0,0.0,0.0,0.0,3,2009,一般保證契約,一般交易,61000,11.0186455364637,0,0,1,0,0,0,0,0,0,0,0,0,0,0,0,0,1,0,0,0,1,0,0,0,0,1,0,0,0,0,0,0,0,0,0,0,0,0,0,0,0,1,0,0,0,0,0,0,0,0,0,0,0,0,0,0,1,0,0,0,0,0,0,0,1,0,0,0,0,0,0,0,1,0,0,0,0,0,1,0,0,0,0,0,0,0,0,1,0,0,0,0,1,0,0,0,0,0,0,0,1,0,0,0,0,0,0,0,0,0,0,0,0,0,0,0,1,0,0,0,0,0,0,0,0,0,0,0,1,0,0,0,0,0,0,0,1,0,0,0,1,0,0,0,0,1,0,0,0,0,1,0,0,0,0,0,1,0,0
377,2,-0.7034629278735134,-0.18857629478438814,0.0,0.0,-1.0,0.0,-0.5,0.0,0.5,0.05263157894736842,0.0,1.0,0.0,0.0,0.0,1.7473143510832982,0.4,-0.11961057023643949,0.0,0.0,0.13954978949443736,-0.2491280518186348,0.5,0.0,-0.39451021319192436,0.0,0.0,-1.0337765262766545,0.0,0.0,-1.0,0.0,-1.0,0.0,0.0,-0.5,0.0,-1.0,-0.5,-1.0,0.0,0.3987341772151899,0.0,0.0,0.0,0.0,-0.7117967261714493,0.0,0.0,0.0,0.0,0.0,0.0,0.0,7,2006,一般保證契約,一般交易,148000,11.904974309480181,0,0,0,0,0,0,0,0,0,0,0,0,0,1,0,0,1,0,0,0,0,0,0,1,0,0,0,1,0,0,0,0,0,0,0,0,1,0,0,0,0,0,0,0,0,0,0,0,0,0,0,0,0,0,0,0,1,0,0,0,0,0,0,0,1,0,0,0,0,0,0,0,1,0,0,0,0,0,0,0,0,0,0,1,0,0,0,1,0,0,0,0,1,0,0,0,0,1,0,0,0,0,0,0,0,0,0,0,0,0,0,0,1,0,0,0,0,0,0,0,0,0,0,0,0,0,0,0,1,0,0,0,0,1,0,0,0,0,0,0,1,0,0,0,0,0,1,0,0,0,0,1,0,0,0,0,1,0,0
378,4,1.3512215274983093,0.34962544622647546,0.0,0.0,-1.0,0.0,1.0,0.0,0.6666666666666666,0.2894736842105263,0.0,1.0,0.0,0.0,0.0,0.0,-0.6,-0.5340751043115438,0.0,0.0,1.0251578767566554,1.1659192825112108,0.5,0.0,0.8375755809638188,1.0475554992389746,0.0,1.2062008231051913,0.0,0.0,1.0,0.0,1.0,0.0,1.0,1.0,0.0,0.0,0.5,0.0,0.0,0.5421940928270043,0.0,0.0,0.0,0.9847691462778858,0.6471914850516566,0.0,0.0,0.0,0.0,0.0,0.0,0.0,12,2007,一般保證契約,一般交易,340000,12.73670383776449,0,0,0,0,0,0,0,0,1,0,0,0,0,0,0,0,0,0,1,0,0,0,0,1,0,0,0,0,1,0,0,0,0,0,0,0,0,0,0,0,0,0,0,0,0,0,0,0,0,0,1,0,0,0,0,0,1,0,0,0,0,0,0,0,1,0,0,0,0,0,0,0,1,0,0,0,0,0,0,0,0,1,0,0,0,0,0,1,0,0,0,0,1,0,0,0,0,0,0,0,0,0,1,0,0,0,0,0,0,0,0,0,0,0,0,0,0,0,1,0,0,0,0,0,0,0,0,0,1,0,0,0,0,1,0,0,0,0,0,0,1,0,0,0,0,0,1,0,0,0,0,0,0,1,0,0,1,0,0
379,3,0.8116279582901716,0.4025522623755978,0.0,0.0,0.0,0.0,1.5,-3.0,0.7916666666666666,0.42105263157894735,1.2224967243092049,1.0,0.0,0.8422747575632559,0.0,1.7473143510832982,0.4,1.4756606397774688,0.0,0.0,-0.12044334110450436,1.7159940209267563,0.5,0.0,1.2197431443188702,0.0,0.0,0.5303175954963701,1.0,0.0,-1.0,1.0,-2.0,0.0,2.0,1.0,0.0,0.0,0.75,1.0,1.0,1.4873417721518987,0.0,0.0,0.0,0.8931620037714428,-0.7117967261714493,0.0,0.0,0.0,0.0,0.0,0.0,0.0,6,2010,新屋,預售屋(估價時未完工),394432,12.885204569609956,0,0,0,1,0,0,0,0,0,0,0,0,0,0,0,0,1,0,0,0,0,0,0,1,0,0,0,0,1,0,0,0,0,0,0,0,0,0,0,0,0,0,0,0,0,1,0,0,0,0,0,0,0,0,0,0,1,0,0,0,0,0,0,0,1,0,0,0,0,0,0,0,1,0,0,0,0,0,1,0,0,0,0,0,0,1,0,0,0,0,0,0,1,0,0,0,0,1,0,0,0,0,0,0,0,0,0,0,0,0,0,0,1,0,0,0,0,0,0,0,0,0,0,0,0,0,0,0,0,1,0,0,0,1,0,0,0,0,0,0,1,0,0,0,0,0,1,0,0,0,0,0,0,1,0,0,1,0,0
380,1,-0.5300358319518109,-0.38269889183556527,0.0,0.0,-1.0,0.0,0.0,0.0,0.5833333333333334,0.15789473684210525,0.45954061173876937,0.0,0.0,0.0,0.0,0.0,-0.6,-0.5340751043115438,0.0,0.0,0.5936993216854299,-0.025909317389138018,0.5,0.0,-0.1837268975609094,1.0205329948500061,0.0,0.45916054387166044,0.0,0.0,0.0,1.0,0.0,0.0,0.0,0.5,0.0,0.0,0.25,1.0,0.0,-0.07805907172995781,0.0,0.0,0.0,0.8615537516526842,0.2388863118622446,0.0,0.0,0.0,0.0,0.0,0.0,0.0,6,2009,一般保證契約,一般交易,179000,12.095146671399466,0,0,0,0,0,0,0,0,1,0,0,0,0,0,0,0,1,0,0,0,0,0,0,1,0,1,0,0,0,0,0,0,0,0,0,1,0,0,0,0,0,0,0,0,0,0,0,0,0,0,0,0,0,0,0,0,0,0,1,0,0,0,0,0,1,0,0,0,0,0,0,0,1,0,0,0,0,0,0,0,0,1,0,0,0,0,0,1,0,0,0,0,1,0,0,0,0,1,0,0,0,0,0,0,0,0,0,0,0,0,0,0,1,0,0,0,0,0,0,0,0,0,0,0,0,0,0,0,0,0,1,0,0,1,0,0,0,0,0,0,1,0,0,0,0,0,1,0,0,0,0,0,0,1,0,0,1,0,0
381,0,-1.1398722399119068,-1.4413963587207628,0.0,1.1943176378757763,0.0,0.0,-0.5,1.0,-1.0,-1.1578947368421053,0.0,0.0,0.0,-1.0,0.0,0.0,-0.4,-0.23087621696801114,0.0,0.0,0.42552072785996053,0.06178375685102142,-0.5,0.0,-0.14271092894356843,0.9785557337166719,0.0,0.3150887490164577,0.0,0.0,0.0,0.0,0.0,0.0,1.0,0.0,0.0,0.0,0.5,-1.0,-1.0,-0.7320675105485233,0.0,0.0,0.0,0.0,-0.7117967261714493,8.530047046365183,0.0,0.0,0.0,0.0,0.0,0.0,5,2010,一般保證契約,一般交易,127000,11.751950239425476,1,0,0,0,0,0,0,0,0,0,0,0,0,0,0,0,1,0,0,0,0,0,0,1,0,1,0,0,0,0,0,0,0,0,0,0,0,1,0,0,0,0,0,0,0,0,0,0,0,0,0,0,0,0,0,0,1,0,0,0,0,0,0,0,1,0,0,0,0,0,0,0,1,0,0,0,1,0,0,0,0,0,0,0,0,0,0,1,0,0,0,0,1,0,0,0,0,0,0,0,0,0,0,0,0,0,0,0,0,0,1,0,0,0,0,0,1,0,0,0,0,0,0,0,0,0,0,0,1,0,0,0,0,0,0,0,1,0,0,0,1,0,0,0,0,0,1,0,0,0,0,1,0,0,0,0,1,0,0
382,1,-0.5300358319518109,-0.6530991973084603,0.0,1.1943176378757763,0.0,0.0,0.5,0.0,0.7083333333333334,0.3157894736842105,0.0,1.0,0.0,0.0,0.2793713480100486,0.0,-0.6,-0.5340751043115438,0.0,0.0,0.8395227577428205,0.5939212755356253,0.5,0.0,0.38854531521743757,0.0,0.0,-0.2750526597235303,1.0,0.0,0.0,0.0,-1.0,0.0,1.0,-0.5,0.0,0.0,0.5,0.0,0.0,0.3818565400843882,0.0,0.0,0.0,1.071191251074227,0.4470181647893804,0.0,0.0,0.0,0.0,0.0,0.0,0.0,8,2006,新屋,預售屋(估價時未完工),187750,12.142871895843887,0,0,0,1,0,0,0,0,0,0,0,0,0,0,0,0,0,0,1,0,0,0,0,1,0,1,0,0,0,0,0,0,0,0,0,0,0,0,0,0,0,0,0,0,0,0,0,0,0,0,1,0,0,0,0,0,1,0,0,0,0,0,0,0,1,0,0,0,0,0,0,0,1,0,0,0,0,0,1,0,0,0,0,0,0,0,0,1,0,0,0,0,1,0,0,0,0,1,0,0,0,0,0,0,0,0,0,0,0,0,0,0,1,0,0,0,0,0,0,0,0,0,0,0,0,0,0,0,1,0,0,0,0,1,0,0,0,0,0,0,1,0,0,0,0,0,1,0,0,0,0,0,0,1,0,0,1,0,0
384,0,-0.5300358319518109,-0.14897946196371506,0.0,0.0,0.0,0.0,0.0,-2.0,-0.9166666666666666,-1.1578947368421053,0.0,0.0,0.0,-2.24080411332851,-0.3466451177569989,0.0,-0.6,-0.5340751043115438,0.0,0.0,0.3999582242240707,-0.4205281514698555,-0.5,-0.7304631471189668,-0.7220003309158421,0.0,0.0,-1.3510906366592994,0.0,0.0,-1.0,0.0,-1.0,0.0,0.0,-0.5,0.0,-1.0,-0.5,-1.0,0.0,-0.5126582278481012,-0.3466451177569989,-0.3466451177569989,-1.1943176378757763,0.0,-0.7117967261714493,6.469749997220179,0.0,0.0,0.0,0.0,0.0,0.0,10,2009,一般保證契約,一般交易,76000,11.23850177707664,0,1,0,0,0,0,0,0,0,0,0,0,0,0,0,0,0,0,0,1,0,0,0,1,0,0,0,0,1,0,0,0,0,0,0,0,0,0,0,0,0,0,0,0,0,0,0,0,0,0,0,0,0,1,0,0,1,0,0,0,0,0,0,0,1,0,0,0,0,0,0,0,1,0,0,0,0,1,0,0,0,0,0,0,0,0,0,1,0,0,0,0,1,0,0,0,0,0,0,0,1,0,0,0,0,0,0,0,0,0,0,0,0,0,0,0,1,0,0,0,0,0,0,0,0,0,0,0,1,0,0,0,0,0,0,0,1,0,0,0,1,0,0,0,0,1,0,0,0,0,0,1,0,0,0,0,1,0,0
385,0,0.469964168048189,4.523464173863519,0.0,0.0,-2.338124978532008,-0.4638544907568095,0.0,0.0,0.4166666666666667,-0.05263157894736842,0.0,1.0,0.0,0.0,0.0,1.7473143510832982,0.4,0.8358831710709318,0.0,0.0,0.17143659250129706,1.1659192825112108,0.5,0.0,-0.03161394918288854,1.0442080971407948,0.0,0.6493657784698857,1.0,0.0,0.0,1.0,0.0,0.0,1.0,1.5,0.0,1.0,0.0,1.0,0.0,0.08227848101265822,0.0,0.0,0.0,1.071191251074227,0.6753950349475678,0.0,0.0,0.0,0.0,0.0,0.0,0.0,6,2007,一般保證契約,一般交易,240000,12.388398368982115,0,0,0,0,0,0,0,0,1,0,0,0,0,0,0,0,1,0,0,0,1,0,0,0,0,0,0,0,1,0,0,0,0,0,0,0,0,0,0,0,0,0,0,0,1,0,0,0,0,0,0,0,0,0,0,0,0,0,0,0,0,0,1,0,1,0,0,0,0,0,0,0,1,0,0,0,0,0,0,0,0,1,0,0,0,0,0,1,0,0,0,0,1,0,0,0,0,0,0,0,0,0,0,0,0,0,0,0,1,0,0,0,0,0,0,0,0,0,0,0,0,0,0,0,1,0,0,0,1,0,0,0,0,1,0,0,0,0,0,0,1,0,0,0,0,0,1,0,0,0,0,0,0,1,0,0,1,0,0
386,1,-1.630543492870708,-2.360345429908148,0.0,0.0,0.0,0.0,1.0,0.0,0.6666666666666666,0.2894736842105263,0.45954061173876937,1.0,0.0,0.0,0.0,0.0,0.4,-0.5006954102920723,0.0,0.0,0.7956026770491237,0.5201793721973094,0.5,0.0,0.3319335783813793,0.0,0.0,-0.3299053161523698,0.0,0.0,0.0,0.0,-1.0,0.0,1.0,0.0,0.0,0.0,0.25,1.0,0.0,-0.21729957805907174,0.0,0.0,0.0,0.9614295666225744,-0.07642330536929036,0.0,0.0,7.397497957722461,0.0,0.0,0.0,0.0,4,2010,一般保證契約,一般交易,192000,12.165255859329688,0,0,0,0,0,1,0,0,0,0,0,0,0,0,0,0,1,0,0,0,0,0,0,1,0,1,0,0,0,0,0,0,0,0,0,0,0,0,0,0,1,0,0,0,0,0,0,0,0,0,0,0,0,0,0,0,1,0,0,0,0,0,0,0,1,0,0,0,0,0,0,0,0,0,1,0,0,0,1,0,0,0,0,0,0,0,0,1,0,0,0,0,1,0,0,0,0,1,0,0,0,0,0,0,0,0,0,0,0,0,0,0,1,0,0,0,0,0,0,0,0,0,0,0,0,0,0,0,0,0,1,0,0,1,0,0,0,0,0,0,1,0,0,0,0,0,1,0,0,0,0,0,0,1,0,0,1,0,0
387,2,-0.6448236533478237,-0.3039480869587658,0.0,0.0,0.0,0.0,-0.5,-2.0,-1.2916666666666667,0.05263157894736842,0.0,0.0,-0.3466451177569989,-1.0,0.0,0.0,-0.6,-0.5340751043115438,0.0,0.0,0.2537104612500553,-0.6716492277030394,-0.5,0.0,-1.0868189730514006,0.9243493060084125,0.0,-0.4815307488154592,0.0,0.0,-1.0,0.0,2.0,0.0,0.0,1.0,0.0,-1.0,-0.5,-2.0,-2.0,-2.0316455696202533,-1.5409627556327752,-1.5409627556327752,-1.1943176378757763,0.0,0.5226763900052885,0.0,0.0,0.0,0.0,0.0,0.0,0.0,5,2006,一般保證契約,購買相鄰土地,81000,11.302216779257382,1,0,0,0,0,0,0,0,0,0,0,0,0,0,0,0,1,0,0,0,0,0,0,1,0,0,1,0,0,0,0,0,0,0,0,0,0,0,0,0,0,1,0,0,0,0,0,0,0,0,0,0,0,0,0,0,0,0,0,0,0,0,1,0,1,0,0,0,0,0,0,0,1,0,0,0,1,0,0,0,0,0,0,0,0,0,0,0,0,1,0,0,1,0,0,0,0,0,0,0,1,0,0,0,0,0,0,0,0,0,0,0,1,0,0,0,0,0,0,0,0,0,0,0,0,0,0,0,1,0,0,0,0,1,0,0,0,0,0,0,1,0,0,0,0,0,1,0,0,0,1,0,0,0,0,0,1,0,0
388,1,0.09830646769700241,-0.6530991973084603,0.0,0.0,0.0,0.0,0.0,1.0,0.08333333333333333,-0.47368421052631576,1.1258464090392857,0.0,0.0,-1.0,0.0,1.7473143510832982,0.2,0.3435326842837274,0.0,0.0,-0.12231140496047112,0.0916791230692576,0.5,0.0,0.061114255255000416,0.0,0.0,-0.5923095474297305,1.0,0.0,-1.0,0.0,0.0,0.0,0.0,0.0,0.0,0.0,0.0,-1.0,-1.0,-0.5464135021097046,0.0,0.0,0.0,1.1644243125262708,-0.7117967261714493,0.0,0.0,0.0,0.0,0.0,1.1943176378757763,0.0,10,2009,一般保證契約,異常交易(如法拍),125000,11.736077016252437,0,0,0,0,0,0,0,0,0,0,0,0,1,0,0,0,1,0,0,0,0,0,0,1,0,1,0,0,0,0,0,0,0,0,0,0,0,0,0,0,0,1,0,0,0,0,0,0,0,0,0,0,0,0,0,0,1,0,0,0,0,0,0,0,1,0,0,0,0,0,0,0,1,0,0,0,0,0,0,0,0,0,1,0,0,1,0,0,0,0,0,0,1,0,0,0,0,0,0,0,0,0,0,0,0,0,0,0,0,1,0,0,0,0,0,0,0,0,0,0,0,0,0,0,0,1,0,0,0,0,1,0,0,0,1,0,0,0,0,0,1,0,0,0,0,0,1,0,0,0,0,1,0,0,0,0,1,0,0
389,3,1.0121258590460687,-0.05318930503776924,0.0,0.0,-1.0,0.0,0.5,0.0,0.5625,0.15789473684210525,0.9247379992196153,1.0,0.0,0.0,0.0,0.0,-0.6,-0.5340751043115438,0.0,0.0,0.9564196794822892,0.942700548081714,0.5,0.0,0.6834301274506783,0.0,0.0,0.010669280558120723,0.0,0.0,0.0,0.0,0.0,0.0,1.0,0.0,0.0,-1.0,-0.5,0.0,0.0,0.4029535864978903,0.0,0.0,0.0,0.9089310139773353,-0.02000336422115729,0.0,0.0,0.0,0.0,0.0,0.0,0.0,7,2008,一般保證契約,一般交易,191000,12.160033942617156,0,0,0,1,0,0,0,0,0,0,0,0,0,0,0,0,1,0,0,0,0,0,0,1,0,0,0,1,0,0,0,0,0,0,0,0,1,0,0,0,0,0,0,0,0,0,0,0,0,0,0,0,0,0,0,0,1,0,0,0,0,0,0,0,1,0,0,0,0,0,0,0,1,0,0,0,0,0,1,0,0,0,0,0,0,0,0,1,0,0,0,0,1,0,0,0,0,1,0,0,0,0,0,0,0,0,0,0,0,0,0,0,1,0,0,0,0,0,0,0,0,0,0,0,0,0,0,0,0,0,1,0,0,1,0,0,0,0,0,0,1,0,0,0,0,0,1,0,0,0,0,0,0,1,0,0,1,0,0
390,2,1.1281128366448911,0.6195547852461031,0.0,0.0,0.0,0.0,2.0,0.0,0.7291666666666666,0.3684210526315789,1.145166194861114,1.8422747575632559,0.0,0.8422747575632559,0.0,1.7473143510832982,0.4,1.2461752433936022,0.0,0.0,-0.13739662490975454,1.3692077727952168,0.5,0.0,1.0681669107564502,0.9506522476805211,0.0,1.0710250485367543,1.0,0.0,0.0,1.0,0.0,0.0,2.0,1.5,0.0,0.0,0.75,1.0,1.0,1.5379746835443038,0.0,0.0,0.0,1.0433391061070056,0.48155187691047613,0.0,0.0,0.0,0.0,0.0,0.0,0.0,8,2008,新屋,預售屋(估價時未完工),426000,12.962196972666593,0,0,0,0,0,0,0,0,1,0,0,0,0,0,0,0,1,0,0,0,0,0,0,1,0,1,0,0,0,0,0,0,0,1,0,0,0,0,0,0,0,0,0,0,0,0,0,0,0,0,0,0,0,0,0,0,1,0,0,0,0,0,0,0,1,0,0,0,0,0,0,0,1,0,0,0,0,0,0,0,0,1,0,0,0,0,0,1,0,0,0,0,1,0,0,0,0,1,0,0,0,0,0,0,0,0,0,0,0,0,0,0,1,0,0,0,0,0,0,0,0,0,0,0,0,0,0,0,0,1,0,0,0,1,0,0,0,0,0,0,1,0,0,0,0,0,1,1,0,0,0,0,0,0,0,0,1,0,0
391,4,-1.1398722399119068,-0.3053003654720035,0.0,0.7304631471189668,0.0,0.0,-0.5,3.0,-1.5,-1.1578947368421053,0.0,0.0,0.0,-1.0,0.2793713480100486,0.0,-0.2,-0.19888734353268428,1.089870956523857,9.660155071392573,-0.5496021286479514,-0.2670652715495765,0.5,0.0,-0.285819156466404,0.8666853132846872,0.0,-0.1654454011466047,1.0,0.0,-1.0,0.0,1.0,0.0,0.0,0.5,0.0,-1.0,-0.5,-1.0,-1.0,-0.41139240506329117,0.0,0.0,0.0,0.0,0.47123880939868457,6.88118732376381,0.0,0.0,0.0,0.0,1.5409627556327752,0.0,4,2008,一般保證契約,一般交易,119000,11.686887175419702,1,0,0,0,0,0,0,0,0,0,0,0,0,0,0,0,1,0,0,0,0,0,0,1,0,1,0,0,0,0,0,0,0,0,0,0,0,0,0,0,0,1,0,0,0,0,0,0,0,0,0,0,0,0,0,0,1,0,0,0,0,0,0,0,1,0,0,0,0,0,0,0,1,0,0,0,1,0,0,0,0,0,0,0,0,0,0,1,0,0,0,0,1,0,0,0,0,0,0,0,0,0,0,0,0,0,0,0,0,1,0,0,0,0,0,0,0,0,0,0,0,0,0,0,0,1,0,0,1,0,0,0,0,0,0,0,1,0,0,0,1,0,0,0,0,0,1,0,0,0,0,1,0,0,0,0,1,0,0
392,1,0.04944338438861053,0.5678330354802532,0.0,0.0,-1.0,0.0,0.0,0.0,0.6041666666666666,0.21052631578947367,0.0,0.0,0.0,0.8422747575632559,0.0,0.0,0.2,0.42559109874826145,0.0,0.0,-1.0133788001157535,-0.38066766317887396,0.5,0.0,-0.668749100072606,1.114469961970405,0.0,0.6589583394151441,1.0,0.0,0.0,1.0,0.0,0.0,1.0,0.5,0.0,0.0,0.25,1.0,0.0,0.33122362869198313,0.0,0.0,0.0,0.9197263780054459,0.6077326368495324,0.0,0.0,0.0,0.0,0.0,0.0,0.0,6,2009,一般保證契約,一般交易,215000,12.278397958261774,0,0,0,0,0,0,0,0,1,0,0,0,0,0,0,0,1,0,0,0,0,0,0,1,0,0,0,1,0,0,0,0,0,0,0,0,0,0,0,0,0,0,0,0,0,0,1,0,0,0,0,0,0,0,0,0,1,0,0,0,0,0,0,0,1,0,0,0,0,0,0,0,1,0,0,0,0,0,0,0,0,1,0,0,0,0,0,1,0,0,0,0,1,0,0,0,0,1,0,0,0,0,0,0,0,0,0,0,0,0,0,0,1,0,0,0,0,0,0,0,0,0,0,0,0,0,0,0,1,0,0,0,0,1,0,0,0,0,0,0,1,0,0,0,0,0,1,1,0,0,0,0,0,0,0,0,1,0,0
393,4,0.21801994391840682,-0.3232148228608022,0.0,0.0,-1.0,0.0,-0.5,2.0,-0.2708333333333333,-0.9210526315789473,0.0,0.0,0.0,-6.515822458562748,-1.5409627556327752,-1.5747678672403655,-0.8,-0.5340751043115438,-0.7304631471189668,0.0,-3.1687229326517117,-1.9830592924763328,-0.5,0.0,-0.4712612060621816,0.0,0.0,-1.108142657361384,0.0,0.0,-1.0,0.0,0.0,0.0,0.0,-0.5,0.0,-1.0,-0.5,0.0,-1.0,-0.7911392405063291,0.0,0.0,0.0,0.0,-0.7117967261714493,0.0,0.0,0.0,0.0,0.0,1.5409627556327752,12.645908720595072,7,2007,一般保證契約,一般交易,106500,11.575909653758895,0,0,0,1,0,0,0,0,0,0,0,0,0,0,0,0,1,0,0,0,0,0,0,1,0,1,0,0,0,0,0,0,0,0,1,0,0,0,0,0,0,0,0,0,0,0,0,0,0,0,0,0,0,0,0,0,1,0,0,0,0,0,0,0,1,0,0,0,0,0,0,0,1,0,0,0,0,0,1,0,0,0,0,0,0,0,0,1,0,0,0,0,1,0,0,0,0,0,0,0,0,0,0,0,0,0,0,0,0,1,0,0,0,0,0,0,0,0,0,0,0,0,0,0,0,1,0,0,1,0,0,0,1,0,0,0,0,0,0,0,1,0,0,0,0,0,1,0,0,0,0,0,0,1,1,0,0,0,0
394,1,-1.010234332078765,-0.578275698849238,0.0,0.0,0.0,0.0,-1.0,0.0,-0.6458333333333334,-1.1578947368421053,0.0,0.0,0.0,-1.0,0.0,0.0,-0.2,-0.16411682892906815,0.0,0.0,0.0662927208213615,-0.4125560538116592,-0.5,0.0,-0.7112585594630038,0.0,0.0,-1.340682641217542,0.0,0.0,-1.0,0.0,-1.0,0.0,0.0,-1.0,0.0,1.0,0.25,-2.0,-2.0,-2.0316455696202533,-1.5409627556327752,-1.5409627556327752,0.0,0.0,-0.7117967261714493,0.0,0.0,0.0,0.0,0.0,1.1943176378757763,0.0,4,2006,一般保證契約,異常交易(如法拍),100000,11.51293546492023,0,0,1,0,0,0,0,0,0,0,0,0,0,0,0,0,1,0,0,0,0,0,0,1,0,0,0,0,1,0,0,0,0,0,0,0,0,0,0,1,0,0,0,0,0,0,0,0,0,0,0,0,0,0,0,0,0,0,0,0,0,0,1,0,1,0,0,0,0,0,0,0,1,0,0,0,0,0,1,0,0,0,0,0,0,0,0,1,0,0,0,0,1,0,0,0,0,0,0,0,0,1,0,0,0,0,0,0,0,0,0,0,0,0,0,0,0,1,0,0,0,0,0,0,0,0,0,0,1,0,0,0,0,0,1,0,0,0,0,0,1,0,0,0,0,1,0,0,0,0,1,0,0,0,0,0,1,0,0
396,0,-0.10068914480903793,-0.007016072618791064,0.0,0.0,0.0,0.0,-0.5,1.0,-0.3333333333333333,-1.0,0.0,0.0,0.0,-1.0,0.0,1.7473143510832982,0.0,0.4937413073713491,0.0,0.0,-0.13171008638049045,0.2969606377678127,-0.5,0.0,0.09847763934521607,0.0,0.0,-0.5561071451530709,1.0,0.0,-1.0,0.0,0.0,0.0,0.0,0.0,0.0,-1.0,-0.5,-1.0,-1.0,0.4831223628691983,0.0,0.0,0.0,0.6645946048792334,-0.7117967261714493,0.0,0.0,0.0,0.0,0.0,0.0,0.0,6,2010,一般保證契約,一般交易,129000,11.767575435251748,0,0,0,1,0,0,0,0,0,0,0,0,0,0,0,0,1,0,0,0,0,0,0,1,0,1,0,0,0,0,0,0,0,0,0,0,0,0,0,0,0,1,0,0,0,0,0,0,0,0,0,0,0,0,0,0,1,0,0,0,0,0,0,0,1,0,0,0,0,0,0,0,1,0,0,0,0,0,1,0,0,0,0,0,0,0,0,1,0,0,0,0,1,0,0,0,0,0,0,0,1,0,0,0,0,0,0,0,0,0,0,0,0,0,0,0,1,0,0,0,0,0,0,0,0,0,0,0,1,0,0,0,0,0,1,0,0,0,0,0,1,0,0,0,0,0,1,0,0,0,0,0,0,1,0,0,1,0,0
397,3,-0.5300358319518109,-0.6530991973084603,0.0,0.0,0.0,0.0,-0.5,0.0,0.0,-0.5789473684210527,0.0,0.0,0.0,-1.0,0.0,1.7473143510832982,-0.2,0.5465924895688457,0.0,0.0,-0.9969967216445228,-0.2012954658694569,-0.5,0.0,-0.44220669054566614,0.0,0.0,-1.0799909445469715,0.0,0.0,-1.0,0.0,-1.0,0.0,0.0,0.0,0.0,-1.0,-0.5,0.0,0.0,0.5,0.0,0.0,0.0,1.0698515776455224,-0.7117967261714493,0.0,0.0,0.0,0.0,0.0,0.0,0.0,9,2009,一般保證契約,一般交易,123000,11.719947764402807,0,0,0,1,0,0,0,0,0,0,0,0,0,0,0,0,1,0,0,0,1,0,0,0,0,1,0,0,0,0,0,0,0,0,0,0,1,0,0,0,0,0,0,0,0,0,0,0,0,0,0,0,0,0,0,0,1,0,0,0,0,0,0,0,1,0,0,0,0,0,0,0,1,0,0,0,0,0,1,0,0,0,0,0,0,1,0,0,0,0,0,0,1,0,0,0,0,0,0,0,0,0,0,0,0,0,0,0,0,1,0,0,0,0,0,0,0,0,0,0,0,0,0,0,0,1,0,0,1,0,0,0,0,0,1,0,0,0,0,0,1,0,0,0,0,0,1,0,0,0,0,1,0,0,0,0,1,0,0
398,0,-0.05003889786863668,-0.5354461263517198,0.0,0.0,0.0,0.0,-0.5,0.0,-0.20833333333333334,-0.8421052631578947,1.1624368777845624,0.0,0.0,-1.0,0.0,0.0,0.2,0.21696801112656466,0.0,0.0,-0.29960649230136155,-0.2610861983059293,-0.5,0.0,-0.48591452511732397,1.0611014916659751,0.0,0.47456523378707743,0.0,0.0,0.0,0.0,1.0,0.0,0.0,1.0,0.0,0.0,0.25,0.0,-1.0,-0.9177215189873418,0.0,0.0,0.0,0.0,0.5600608209116564,0.0,0.0,0.0,0.0,0.0,0.0,0.0,7,2007,一般保證契約,一般交易,169500,12.040614105490253,0,0,0,0,0,0,0,0,1,0,0,0,0,0,0,0,1,0,0,0,0,0,0,1,0,1,0,0,0,0,0,0,0,0,1,0,0,0,0,0,0,0,0,0,0,0,0,0,0,0,0,0,0,0,0,0,0,0,0,0,0,1,0,0,1,0,0,0,0,0,0,0,1,0,0,0,0,0,0,0,0,1,0,0,0,0,0,1,0,0,0,0,1,0,0,0,0,1,0,0,0,0,0,0,0,0,0,0,0,0,0,0,1,0,0,0,0,0,0,0,0,0,0,0,0,0,0,0,0,0,1,0,0,0,1,0,0,0,0,0,1,0,0,0,0,0,1,0,0,0,0,0,0,1,0,0,1,0,0
400,3,-0.2564764364743176,-0.3821419792718811,0.0,0.0,0.0,0.0,0.5,0.0,0.7083333333333334,0.34210526315789475,0.8662483881904485,1.0,0.0,0.0,0.0,0.0,0.4,0.5952712100139083,0.0,0.0,-0.4063726775267849,0.1933233682112606,0.5,0.0,0.03523984795988742,0.883345293923431,0.0,0.11652958973791883,1.0,0.0,0.0,0.0,-1.0,0.0,1.0,0.5,0.0,-1.0,-0.5,1.0,0.0,-0.18354430379746836,0.0,0.0,0.0,0.0,0.5600608209116564,0.0,0.0,0.0,0.0,0.0,0.0,0.0,10,2009,一般保證契約,一般交易,241000,12.392556361841777,0,0,0,0,0,0,0,0,1,0,0,0,0,0,0,0,0,0,1,0,0,0,0,1,0,1,0,0,0,0,0,0,0,0,0,0,0,0,0,0,0,0,0,0,0,0,0,0,0,0,1,0,0,0,0,0,1,0,0,0,0,0,0,0,1,0,0,0,0,0,0,0,1,0,0,0,0,0,0,0,0,1,0,0,0,0,0,1,0,0,0,0,1,0,0,0,0,0,0,0,0,0,1,0,0,0,0,0,0,0,0,0,0,0,0,0,0,0,1,0,0,0,0,0,0,0,0,0,0,1,0,0,0,1,0,0,0,0,0,0,1,0,0,0,0,0,1,0,0,0,0,0,0,1,0,0,1,0,0
401,0,-2.023464785282327,1.0645281690895234,0.0,0.0,-2.338124978532008,0.0,1.0,0.0,0.5,0.05263157894736842,0.0,1.0,0.0,0.0,0.0,0.0,0.4,0.5591098748261474,0.0,0.0,-0.009866981517508531,0.5281514698555058,0.5,0.0,0.36569100506015584,0.0,0.0,-0.2971968243974718,1.0,0.0,-1.0,1.0,-2.0,0.0,2.0,-1.0,0.0,1.0,0.5,1.0,0.0,0.07805907172995781,0.0,0.0,0.0,0.9089310139773353,0.027838329044302983,0.0,0.0,8.355622538951035,0.0,0.0,0.0,0.0,12,2008,一般保證契約,一般交易,245500,12.411056299528171,0,0,0,0,0,1,0,0,0,0,0,0,0,0,0,0,1,0,0,0,0,0,0,1,0,1,0,0,0,0,0,0,0,0,0,0,0,0,0,0,0,0,1,0,0,0,0,0,0,0,0,0,0,0,0,0,1,0,0,0,0,0,0,0,1,0,0,0,0,0,0,0,0,0,1,0,0,0,1,0,0,0,0,0,0,0,0,1,0,0,0,0,1,0,0,0,0,0,0,0,0,0,0,0,0,0,0,0,0,0,1,0,0,0,0,0,0,0,0,0,0,0,0,0,0,0,1,0,1,0,0,0,0,1,0,0,0,0,0,0,1,0,0,0,0,0,1,0,0,0,0,0,0,1,0,0,1,0,0
402,2,-0.2564764364743176,-0.2091168183298588,0.0,0.0,-1.0,0.0,0.5,0.0,0.6875,0.2894736842105263,0.0,1.0,0.0,0.0,0.0,1.7473143510832982,0.4,-0.5006954102920723,0.0,0.0,0.8345732673809316,0.6278026905829597,0.5,0.0,0.40425417133096925,0.0,0.0,-0.25983192043088255,0.0,0.0,0.0,0.0,0.0,0.0,1.0,0.0,0.0,0.0,0.5,1.0,0.0,-0.3438818565400844,0.0,0.0,0.0,0.0,-0.7117967261714493,0.0,0.0,0.0,0.0,0.0,0.0,0.0,7,2006,新屋,預售屋(估價時未完工),164990,12.013646205940514,0,0,0,1,0,0,0,0,0,0,0,0,0,0,0,0,1,0,0,0,0,0,0,1,0,1,0,0,0,0,0,0,0,0,0,0,1,0,0,0,0,0,0,0,0,0,0,0,0,0,0,0,0,0,0,0,1,0,0,0,0,0,0,0,1,0,0,0,0,0,0,0,1,0,0,0,0,0,1,0,0,0,0,0,0,0,0,1,0,0,0,0,1,0,0,0,0,1,0,0,0,0,0,0,0,0,0,0,0,0,0,0,1,0,0,0,0,0,0,0,0,0,0,0,0,0,0,0,1,0,0,0,0,1,0,0,0,0,0,0,1,0,0,0,0,0,1,0,0,0,0,0,0,1,0,0,1,0,0
403,4,-0.5300358319518109,0.14126529129932547,0.0,0.0,0.0,0.0,-0.5,3.0,-0.6666666666666666,0.07894736842105263,0.0,0.0,0.0,-1.0,0.0,0.0,-0.6,-0.5340751043115438,0.0,0.0,0.27108020568405655,-0.6437468858993523,0.5,0.0,-1.0434897183004757,0.0,0.0,-1.6625904756908274,0.0,0.0,-1.0,0.0,-1.0,0.0,0.0,-1.0,0.0,-1.0,-0.5,-1.0,-1.0,-1.018987341772152,0.0,0.0,-1.1943176378757763,1.0,-0.7117967261714493,0.0,0.0,0.0,0.0,0.0,1.8203341036428238,0.0,8,2008,一般保證契約,一般交易,108000,11.58989576532275,0,0,1,0,0,0,0,0,0,0,0,0,0,0,0,0,1,0,0,0,0,0,0,1,0,1,0,0,0,0,0,0,0,0,0,0,0,0,0,0,0,0,0,0,0,0,0,1,0,0,0,0,0,0,0,0,1,0,0,0,0,0,0,0,1,0,0,0,0,0,0,0,1,0,0,0,0,0,1,0,0,0,0,0,0,0,0,1,0,0,0,0,1,0,0,0,0,0,0,0,1,0,0,0,0,0,0,0,0,0,0,0,0,0,0,0,1,0,0,0,0,0,0,0,0,0,0,0,1,0,0,0,0,1,0,0,0,0,0,0,1,0,0,0,0,0,1,0,0,0,0,1,0,0,0,0,1,0,0
404,2,1.0121258590460687,0.5442960117160683,0.0,0.0,0.0,0.0,1.0,0.0,0.5416666666666666,0.10526315789473684,1.4254348469481708,1.0,0.0,0.0,0.0,0.0,-0.6,-0.5340751043115438,0.0,0.0,0.7265189223251094,0.2909815645241654,0.0,0.0,0.13916578900577536,1.1011330782389621,0.0,0.9988259468624958,0.0,0.0,0.0,1.0,1.0,0.0,1.0,2.0,0.0,0.0,0.25,1.0,0.0,-0.25949367088607594,0.0,0.0,0.0,0.9576843843402714,0.4525287052819286,0.0,0.0,0.0,0.0,0.0,0.0,0.0,7,2006,一般保證契約,異常交易(如法拍),258000,12.460718739865236,0,0,0,0,0,0,0,0,1,0,0,0,0,0,0,0,1,0,0,0,0,0,0,1,0,0,0,0,1,0,0,0,1,0,0,0,0,0,0,0,0,0,0,0,0,0,0,0,0,0,0,0,0,0,0,0,1,0,0,0,0,0,0,0,1,0,0,0,0,0,0,0,1,0,0,0,0,0,0,0,0,1,0,0,0,1,0,0,0,0,0,0,1,0,0,0,0,1,0,0,0,0,0,0,0,0,0,0,0,0,0,0,1,0,0,0,0,0,0,0,0,0,0,0,0,0,0,0,0,0,1,0,0,1,0,0,0,0,0,0,1,0,0,0,0,0,1,1,0,0,0,0,0,0,0,0,1,0,0
405,0,-0.2564764364743176,0.178646738255965,0.0,0.0,-1.0,0.0,0.0,0.0,0.4791666666666667,0.05263157894736842,0.0,0.0,0.0,0.0,0.0,0.0,-0.6,-0.5340751043115438,0.0,0.0,0.423415319095289,-0.37668161434977576,0.0,0.0,-0.663486030762866,1.012184047350791,0.0,0.14849529862902497,0.0,0.0,0.0,1.0,0.0,0.0,0.0,0.5,0.0,0.0,0.25,1.0,0.0,-0.4578059071729958,0.0,0.0,0.0,0.0,0.10653066162035559,0.0,0.0,0.0,0.0,0.0,0.0,0.0,5,2007,一般保證契約,一般交易,168000,12.031725210748633,0,0,0,0,0,0,0,0,1,0,0,0,0,0,0,0,1,0,0,0,0,0,0,1,0,1,0,0,0,0,0,0,0,0,0,1,0,0,0,0,0,0,0,0,0,0,0,0,0,0,0,0,0,0,0,0,1,0,0,0,0,0,0,0,1,0,0,0,0,0,0,0,1,0,0,0,0,0,0,0,0,1,0,0,0,0,0,1,0,0,0,0,1,0,0,0,0,0,0,0,0,0,0,0,0,0,0,0,0,1,0,0,0,0,0,0,0,0,0,0,0,0,0,0,0,1,0,0,1,0,0,0,0,1,0,0,0,0,0,0,1,0,0,0,0,0,1,1,0,0,0,0,0,0,0,0,1,0,0
406,0,0.0247951663920471,0.09287924464038856,0.0,0.0,-1.0,0.0,-1.0,-1.0,0.08333333333333333,-0.02631578947368421,0.0,0.0,0.0,-1.0,0.0,0.0,0.0,1.0180806675938805,0.0,0.0,-0.7737973787546488,0.5700049825610364,0.5,0.0,0.8963162416170399,0.0,0.0,0.21694044501037152,1.0,0.0,0.0,0.0,0.0,0.0,0.0,1.0,-0.18059459163956637,0.0,0.25,-1.0,0.0,0.035864978902953586,0.0,0.0,0.0,0.9089310139773353,0.30461656634883394,0.0,0.0,0.0,0.0,0.0,1.1943176378757763,0.0,6,2009,一般保證契約,一般交易,150000,11.918397239722838,0,0,0,1,0,0,0,0,0,0,0,0,0,0,0,0,1,0,0,0,0,0,0,1,0,0,0,0,1,0,0,0,0,0,0,0,0,0,0,0,0,0,0,0,0,0,0,1,0,0,0,0,0,0,0,0,0,0,0,0,0,0,1,0,1,0,0,0,0,0,0,0,1,0,0,0,0,0,1,0,0,0,0,0,0,0,0,1,0,0,0,0,1,0,0,0,0,0,0,1,0,0,0,0,0,0,0,0,0,0,0,0,0,0,0,1,0,0,0,0,0,0,0,0,0,0,0,0,1,0,0,0,0,0,1,0,0,0,0,0,1,0,0,0,0,0,1,0,0,0,0,0,0,1,0,0,1,0,0
407,2,-1.0745234809577138,0.20478487158481823,0.0,0.0,0.0,0.0,0.0,0.0,-0.75,-1.1578947368421053,0.0,0.0,0.0,-1.0,0.0,0.0,-0.6,-0.5340751043115438,0.0,0.0,0.6643062624165399,0.1375186846038864,0.5,0.0,0.14108773727109764,0.0,10.13202628925976,0.2435580926546445,0.0,0.0,-1.0,0.0,0.0,0.0,0.0,0.0,-1.2459507404868606,-1.0,-0.5,-1.0,-1.0,-1.018987341772152,0.0,0.0,0.0,0.0,-0.7117967261714493,0.0,0.0,0.0,0.0,0.0,0.0,0.0,3,2008,一般保證契約,一般交易,115000,11.652696102959753,1,0,0,0,0,0,0,0,0,0,0,0,0,0,0,0,1,0,0,0,0,0,0,1,0,1,0,0,0,0,0,0,0,0,0,0,0,1,0,0,0,0,0,0,0,0,0,0,0,0,0,0,0,0,0,0,1,0,0,0,0,0,0,0,1,0,0,0,0,0,0,0,1,0,0,0,1,0,0,0,0,0,0,0,0,0,0,1,0,0,0,0,1,0,0,0,0,0,0,0,0,0,0,0,0,0,0,0,0,1,0,0,0,0,0,0,0,0,0,0,0,0,0,0,0,1,0,0,1,0,0,0,0,0,0,0,1,0,0,0,1,0,0,0,0,1,0,0,0,0,0,1,0,0,0,0,1,0,0
408,4,-0.3637131127598576,1.1643758425532784,0.0,0.0,0.0,0.0,0.0,2.0,-1.1875,-0.47368421052631576,0.0,0.0,0.0,0.0,0.0,0.0,-0.6,-0.5340751043115438,0.0,0.0,0.45861957391818964,-0.3089187842551071,0.5,0.0,-0.5756681511542274,1.034507235869912,0.0,0.3001146606586452,0.0,0.0,0.0,0.0,1.0,0.0,0.0,1.0,0.0,-1.0,-0.5,-1.0,-1.0,-0.7320675105485233,0.0,0.0,0.0,0.0,-0.7117967261714493,7.620056264664791,0.0,0.0,0.0,0.0,0.0,0.0,3,2008,一般保證契約,一般交易,177000,12.083910661257521,0,0,0,0,0,0,0,1,0,0,0,0,0,0,0,0,1,0,0,0,0,0,0,1,0,1,0,0,0,0,1,0,0,0,0,0,0,0,0,0,0,0,0,0,0,0,0,0,0,0,0,0,0,0,0,0,1,0,0,0,0,0,0,0,1,0,0,0,0,0,0,0,1,0,0,0,0,0,0,0,0,1,0,0,0,0,0,1,0,0,0,0,1,0,0,0,0,0,0,0,1,0,0,0,0,0,0,0,0,0,0,0,0,0,0,1,0,0,0,0,0,0,0,0,0,0,0,0,1,0,0,0,0,0,0,0,1,0,0,0,1,0,0,0,0,0,1,0,0,0,0,0,0,1,0,0,1,0,0
409,1,1.5979598566156663,0.9272919337903156,0.0,0.0,0.0,0.0,0.5,0.0,0.7083333333333334,0.3157894736842105,1.2224967243092049,1.0,0.0,0.8422747575632559,0.2793713480100486,0.0,-0.6,-0.5340751043115438,0.0,0.0,0.6634734788963733,0.13552566018933732,0.5,0.0,-0.04808209991083634,1.1018257393530173,0.0,0.9006910096001103,0.0,0.0,0.0,1.0,0.0,0.0,1.0,1.5,0.0,0.0,0.5,0.0,1.0,1.9641350210970465,0.0,0.0,0.0,1.0374820403803926,0.23405321594603573,0.0,0.0,0.0,0.0,0.0,0.0,0.0,8,2007,新屋,預售屋(估價時未完工),280000,12.54254845357358,0,0,0,0,0,0,0,0,1,0,0,0,0,0,0,0,1,0,0,0,0,0,0,1,0,0,0,0,1,0,0,0,0,1,0,0,0,0,0,0,0,0,0,0,0,0,0,0,0,0,0,0,0,0,0,0,1,0,0,0,0,0,0,0,1,0,0,0,0,0,0,0,1,0,0,0,0,0,0,0,0,1,0,0,0,0,0,1,0,0,0,0,1,0,0,0,0,1,0,0,0,0,0,0,0,0,0,0,0,0,0,0,1,0,0,0,0,0,0,0,0,0,0,0,0,0,0,0,0,0,1,0,0,1,0,0,0,0,0,0,1,0,0,0,0,0,1,0,0,0,0,0,0,1,0,0,1,0,0
410,1,0.6866853341578308,0.2756361220897776,0.0,0.0,0.0,0.0,1.0,0.0,0.7291666666666666,0.3684210526315789,0.8662483881904485,1.0,0.0,0.8422747575632559,0.0,0.0,0.4,0.5632823365785814,0.0,0.0,-0.5019848967021205,0.07772795216741404,0.5,0.0,-0.09181337468455276,1.084496203199183,0.0,0.795582080532672,1.0,0.0,0.0,1.0,0.0,0.0,2.0,1.0,0.0,0.0,0.5,1.0,1.0,1.4957805907172996,0.0,0.0,0.0,0.0,0.3904380203072325,0.0,0.0,0.0,0.0,0.0,0.0,0.0,4,2008,新屋,預售屋(估價時未完工),339750,12.73596827534975,0,0,0,0,0,0,0,0,1,0,0,0,0,0,0,0,0,0,1,0,0,0,0,1,0,1,0,0,0,0,0,0,0,0,0,0,0,0,0,0,0,0,0,0,0,0,0,0,0,0,1,0,0,0,0,0,1,0,0,0,0,0,0,0,1,0,0,0,0,0,0,0,1,0,0,0,0,0,0,0,0,1,0,0,0,0,0,1,0,0,0,0,1,0,0,0,0,1,0,0,0,0,0,0,0,0,0,0,0,0,0,0,1,0,0,0,0,0,0,0,0,0,0,0,0,0,0,0,0,1,0,0,0,1,0,0,0,0,0,0,1,0,0,0,0,0,1,0,0,0,0,0,0,1,0,0,1,0,0
411,1,-0.10068914480903793,-0.007016072618791064,0.0,0.0,0.0,0.0,-0.5,-2.0,-0.2916666666666667,-0.9473684210526315,0.0,0.0,-0.3466451177569989,-1.0,-0.3466451177569989,0.0,-0.6,-0.5340751043115438,0.0,0.0,0.8274627234630927,0.560039860488291,-0.5,0.0,0.3444201581752113,0.0,0.0,-0.317806728303249,0.0,0.0,-1.0,0.0,0.0,0.0,0.0,-0.5,-0.6199342747198131,-1.0,-0.5,-1.0,-1.0,-0.5548523206751055,0.0,0.0,0.0,0.0,-0.7117967261714493,0.0,0.0,0.0,0.0,0.0,0.0,0.0,6,2009,法院或遺產拍賣,異常交易(如法拍),60000,11.002116507732017,0,0,0,1,0,0,0,0,0,0,0,0,0,0,0,0,1,0,0,0,0,0,0,1,0,1,0,0,0,0,0,0,0,0,0,0,0,0,0,0,0,1,0,0,0,0,0,0,0,0,0,0,0,0,0,0,1,0,0,0,0,0,0,0,1,0,0,0,0,0,0,0,1,0,0,0,0,0,1,0,0,0,0,0,0,0,0,1,0,0,0,0,1,0,0,0,1,0,0,0,0,0,0,0,0,0,0,0,0,0,0,1,0,0,0,0,0,0,0,0,0,0,0,0,0,0,0,0,1,0,0,0,0,0,1,0,0,0,0,0,1,0,0,0,0,1,0,0,0,0,0,0,0,1,0,0,1,0,0
413,1,0.17054485960394422,-1.70628365181067,0.0,0.0,-2.338124978532008,0.0,0.5,0.0,0.7708333333333334,0.39473684210526316,1.289372553180456,1.8422747575632559,0.0,0.8422747575632559,0.0,1.7473143510832982,0.4,0.2698191933240612,0.0,0.0,0.5101893710420831,0.9466865969108121,0.5,0.0,0.6818597791355262,0.0,0.0,0.009147727229804845,1.0,0.0,0.0,1.0,-1.0,0.0,1.0,0.5,0.0,0.0,0.5,1.0,0.0,0.010548523206751054,0.0,0.0,0.0,0.0,0.5062413857753625,0.0,0.0,0.0,0.0,0.0,0.0,0.0,6,2010,新屋,預售屋(估價時未完工),222000,12.310437165348775,0,0,0,1,0,0,0,0,0,0,0,0,0,0,0,0,0,0,1,0,0,0,0,1,0,1,0,0,0,0,0,0,0,0,0,0,0,0,0,0,0,0,0,0,0,0,0,0,0,0,1,0,0,0,0,0,1,0,0,0,0,0,0,0,1,0,0,0,0,0,0,0,1,0,0,0,0,0,1,0,0,0,0,0,0,0,0,1,0,0,0,0,1,0,0,0,0,0,0,0,0,0,0,0,0,0,0,0,0,1,0,0,0,0,0,0,0,0,0,0,0,0,0,0,0,1,0,0,0,1,0,0,0,1,0,0,0,0,0,0,1,0,0,0,0,0,1,0,0,0,0,0,0,1,0,0,1,0,0
415,2,-0.5870231824252673,0.36766132709422544,0.0,0.0,-2.338124978532008,0.0,0.5,0.0,0.4375,-0.02631578947368421,0.0,1.0,0.0,0.0,0.0,0.0,0.0,-0.46453407510431155,1.5292106396041039,10.42543572335745,0.030575923981438248,0.16940707523667164,0.5,0.0,-0.02956272714981939,1.0817949071538275,0.0,0.8171486733003274,0.0,0.7304631471189668,0.0,1.0,0.0,0.0,1.0,1.5,0.0,0.0,0.25,-1.0,1.0,0.8291139240506329,0.0,0.0,0.0,1.0433391061070056,0.5982341396542327,0.0,0.0,0.0,0.0,0.0,0.0,0.0,12,2008,一般保證契約,一般交易,228000,12.337105293891872,0,0,0,0,0,0,0,0,1,0,0,0,0,0,0,0,1,0,0,0,0,0,0,1,0,0,0,1,0,0,0,0,0,0,0,0,0,0,0,0,0,0,0,0,0,0,0,0,0,0,0,0,0,1,0,0,1,0,0,0,0,0,0,0,1,0,0,0,0,0,0,0,1,0,0,0,0,0,0,0,0,1,0,0,0,0,0,1,0,0,0,0,1,0,0,0,0,1,0,0,0,0,0,0,0,0,0,0,0,0,0,0,1,0,0,0,0,0,0,0,0,0,0,0,0,0,0,0,1,0,0,0,0,1,0,0,0,0,0,0,1,0,0,0,0,0,1,0,0,0,0,0,0,1,0,0,1,0,0
418,0,0.7287389043336142,2.0981444770803717,0.0,0.0,-1.0,0.0,0.0,1.0,-1.125,-1.1578947368421053,0.0,0.0,0.0,0.0,0.0,0.0,0.0,1.0347705146036161,0.0,0.0,-0.5107084700712644,0.7473841554559043,-0.5,-0.7304631471189668,0.5066983937001062,1.1351908537216147,0.0,1.3577913172298115,1.0,0.0,0.0,1.0,1.0,0.0,0.0,2.0,0.0,0.0,0.5,-1.0,1.0,1.6139240506329113,0.0,0.0,-1.1943176378757763,0.0,-0.7117967261714493,0.0,0.0,0.0,0.0,0.0,0.0,0.0,11,2007,一般保證契約,一般交易,239000,12.384223015005313,0,0,0,0,0,0,0,1,0,0,0,0,0,0,0,0,1,0,0,0,0,0,0,1,0,1,0,0,0,0,1,0,0,0,0,0,0,0,0,0,0,0,0,0,0,0,0,0,0,0,0,0,0,0,0,0,0,0,0,0,0,0,1,0,1,0,0,0,0,0,0,0,1,0,0,0,0,0,0,0,0,1,0,0,0,1,0,0,0,0,0,0,1,0,0,0,0,0,0,0,1,0,0,0,0,0,0,0,0,0,0,0,0,0,0,0,0,0,0,0,1,0,0,0,0,0,0,0,1,0,0,0,0,0,0,0,1,0,0,1,0,0,0,0,0,1,0,0,0,0,0,1,0,0,0,0,1,0,0
419,4,-0.5300358319518109,-0.3724148202323649,0.0,0.0,0.0,0.0,-0.5,1.0,-0.6666666666666666,-1.1578947368421053,0.0,0.0,0.0,-1.0,0.0,0.0,0.2,-0.10013908205841446,0.0,0.0,-0.060859221973964414,-0.4763328350772297,-1.0,-0.7304631471189668,-0.7985235178232089,0.8511678844164817,0.0,-0.5750968386635404,1.0,0.0,-1.0,1.0,0.0,0.0,0.0,0.5,0.0,-1.0,-0.5,-1.0,-1.0,-1.018987341772152,0.0,0.0,-0.4638544907568095,0.0,-0.7117967261714493,0.0,0.0,0.0,0.0,0.0,0.0,0.0,4,2007,一般保證契約,購買相鄰土地,126000,11.744045122410057,1,0,0,0,0,0,0,0,0,0,0,0,0,0,0,0,1,0,0,0,0,0,0,1,0,1,0,0,0,0,0,0,0,0,0,0,0,0,0,0,0,1,0,0,0,0,0,0,0,0,0,0,0,0,0,0,1,0,0,0,0,0,0,0,1,0,0,0,0,0,0,0,1,0,0,0,1,0,0,0,0,0,0,0,0,0,0,1,0,0,0,0,1,0,0,0,0,0,0,0,0,0,0,0,0,0,0,0,0,1,0,0,0,0,0,0,0,0,0,0,0,0,0,0,0,1,0,0,1,0,0,0,0,0,0,0,1,0,0,0,1,0,0,0,1,0,0,0,0,0,0,1,0,0,0,0,1,0,0
420,2,-0.2564764364743176,-0.2931543883230165,0.0,0.0,0.0,0.0,-0.5,1.0,-0.08333333333333333,-0.6842105263157895,0.0,0.0,0.0,-1.0,0.0,0.0,0.0,0.5438108484005564,0.0,0.0,-0.40379309377365347,0.12157448928749377,0.5,0.0,-0.07924348815575648,0.0,0.0,-0.7283059945751863,1.0,0.0,-1.0,0.0,0.0,0.0,0.0,0.0,0.0,0.0,0.0,-1.0,-1.0,-0.7489451476793249,0.0,0.0,0.0,0.0,0.3317118198678285,7.920955300440635,0.0,0.0,0.0,0.0,0.0,0.0,7,2010,一般保證契約,一般交易,142000,11.863589378812122,0,0,0,1,0,0,0,0,0,0,0,0,0,0,0,0,1,0,0,0,0,0,0,1,0,1,0,0,0,0,0,0,0,0,1,0,0,0,0,0,0,0,0,0,0,0,0,0,0,0,0,0,0,0,0,0,1,0,0,0,0,0,0,0,1,0,0,0,0,0,0,0,1,0,0,0,0,0,1,0,0,0,0,0,0,0,0,1,0,0,0,0,1,0,0,0,0,1,0,0,0,0,0,0,0,0,0,0,0,0,0,0,1,0,0,0,0,0,0,0,0,0,0,0,0,0,0,0,1,0,0,0,0,0,1,0,0,0,0,0,1,0,0,0,0,0,1,0,0,0,0,0,0,1,0,0,1,0,0
421,1,0.3800798242425943,-0.6966572057987354,0.0,0.0,0.0,0.0,0.5,0.0,0.5208333333333334,0.10526315789473684,1.0548125035123372,0.0,0.2793713480100486,0.0,0.2793713480100486,2.3495966477454164,0.4,1.2865090403337969,0.0,0.0,-1.690110860872639,0.6955655206776283,0.5,0.0,0.46278341478928714,0.0,0.0,-0.20312133951801922,2.0,0.0,0.0,0.0,-1.0,0.4638544907568095,0.0,1.0,0.0,-1.0,-0.5,1.0,2.0,1.2763713080168777,0.0,0.0,0.0,0.0,-0.7117967261714493,0.0,0.0,0.0,0.0,0.0,0.0,0.0,11,2008,一般保證契約,兩筆相連物件分配,206300,12.237091546357338,0,0,0,0,0,0,0,0,0,0,0,0,0,0,1,1,0,0,0,0,0,0,0,1,0,1,0,0,0,0,0,0,0,0,0,0,0,0,0,0,0,0,0,0,0,0,1,0,0,0,0,0,0,0,0,0,1,0,0,0,0,0,0,0,1,0,0,0,0,0,0,0,0,0,0,1,0,0,0,0,0,0,0,1,0,0,0,1,0,0,0,0,1,0,0,0,0,1,0,0,0,0,0,0,0,0,0,0,0,0,0,0,1,0,0,0,0,0,0,0,0,0,0,0,0,0,0,0,0,0,1,0,0,1,0,0,0,0,0,0,1,0,0,0,0,0,1,0,0,0,0,0,0,1,0,0,1,0,0
422,3,0.469964168048189,1.3292584744770888,0.0,0.0,-1.0,0.0,0.0,2.0,0.10416666666666667,0.15789473684210525,0.9268647786204319,1.0,0.0,0.0,0.0,0.0,0.2,1.1988873435326843,0.0,0.0,-0.22943422888910697,1.2097658196312904,0.0,0.0,0.8700372028711866,0.0,0.0,0.1914779673658362,0.0,0.7304631471189668,0.0,0.0,0.0,0.0,1.0,1.0,0.0,0.0,0.25,1.0,0.0,0.20042194092827004,0.0,0.0,0.0,1.1018674496009326,-0.7117967261714493,0.0,0.0,0.0,0.0,0.0,0.0,0.0,6,2009,一般保證契約,一般交易,215000,12.278397958261774,0,0,0,1,0,0,0,0,0,0,0,0,0,0,0,0,1,0,0,0,0,0,0,1,0,0,1,0,0,0,0,0,0,0,0,0,0,0,0,0,0,0,0,0,0,0,0,0,0,0,0,0,1,0,0,0,1,0,0,0,0,0,0,0,1,0,0,0,0,0,0,0,1,0,0,0,0,0,1,0,0,0,0,0,0,0,0,1,0,0,0,0,1,0,0,0,0,0,0,0,0,0,1,0,0,0,0,0,0,0,0,0,0,0,0,0,0,0,1,0,0,0,0,0,0,0,0,0,0,1,0,0,0,0,1,0,0,0,0,0,1,0,0,0,0,0,1,0,0,0,0,0,0,1,0,0,1,0,0
425,3,0.09830646769700241,-0.14897946196371506,0.0,0.0,0.0,0.0,0.0,0.0,-0.3333333333333333,-1.0,0.7905358876825718,0.0,0.0,0.0,0.0,0.0,-0.4,0.3226703755215577,0.0,0.0,0.15076227589160768,0.40059790732436473,0.0,0.0,0.19810527193107863,0.0,0.0,-0.45957521367609505,1.0,0.0,-1.0,0.0,-1.0,0.0,0.0,0.0,0.0,0.0,0.5,0.0,-1.0,-0.7784810126582279,0.0,0.0,0.0,0.0,0.13347293779491828,0.0,0.0,0.0,0.0,0.0,0.0,0.0,5,2008,一般保證契約,一般交易,139000,11.842236406331555,0,0,0,1,0,0,0,0,0,0,0,0,0,0,0,0,1,0,0,0,0,0,0,1,0,1,0,0,0,0,0,0,0,0,1,0,0,0,0,0,0,0,0,0,0,0,0,0,0,0,0,0,0,0,0,0,1,0,0,0,0,0,0,0,1,0,0,0,0,0,0,0,1,0,0,0,0,0,1,0,0,0,0,0,0,0,0,1,0,0,0,0,1,0,0,0,0,0,0,0,1,0,0,0,0,0,0,0,0,0,0,0,0,0,0,0,1,0,0,0,0,0,0,0,0,0,0,0,0,0,1,0,0,0,1,0,0,0,0,0,1,0,0,0,0,1,0,0,0,0,0,0,0,1,0,0,1,0,0
431,1,-3.7943801407173003,-3.5571411798186787,0.0,0.0,0.0,0.0,0.0,0.0,-0.020833333333333332,-0.6052631578947368,1.0978926348789493,0.0,0.0,-1.0,0.0,0.0,0.2,0.004172461752433936,0.0,0.0,-1.1200854409624605,-1.020428500249128,-0.5,0.0,-1.7074915753994082,0.914678268869283,0.0,-0.8720698800510897,0.0,0.0,-1.0,1.0,-1.0,0.0,0.0,-1.0,0.0,-1.0,-0.5,-1.0,-1.0,-0.9177215189873418,0.0,0.0,0.0,0.0,-0.7117967261714493,0.0,0.0,0.0,0.0,0.0,0.0,0.0,7,2008,法院或遺產拍賣,異常交易(如法拍),85400,11.355113089309977,0,0,0,0,0,0,0,0,0,1,0,0,0,0,0,1,0,0,0,0,0,0,0,1,0,1,0,0,0,0,0,0,0,0,0,0,0,0,1,0,0,0,0,0,0,0,0,0,0,0,0,0,0,0,0,0,1,0,0,0,0,0,0,0,1,0,0,0,0,0,0,0,0,1,0,0,0,0,0,0,0,1,0,0,0,0,0,1,0,0,0,0,1,0,0,0,0,0,0,0,0,0,0,0,0,0,0,0,1,0,0,0,0,0,0,0,0,0,0,0,0,0,0,0,1,0,0,0,0,0,1,0,0,0,1,0,0,0,0,0,1,0,0,0,0,0,1,0,0,0,0,1,0,0,0,0,1,0,0
432,4,-0.5300358319518109,-1.2063588096033446,0.0,0.0,-1.0,0.0,0.0,2.0,-1.0833333333333333,0.10526315789473684,0.0,0.0,0.0,-1.0,0.0,0.0,-0.6,-0.5340751043115438,0.0,0.0,0.5188544394446156,-0.18734429496761335,0.0,0.0,-0.01321076171268808,0.6083043311356203,0.0,-0.45593416345614507,0.0,0.0,-1.0,0.0,1.0,0.0,0.0,0.5,0.0,-1.0,-0.5,-2.0,-2.0,-2.0316455696202533,-1.5409627556327752,-1.5409627556327752,-1.1943176378757763,0.0,0.37740612789636735,0.0,0.0,0.0,0.0,0.0,1.5409627556327752,0.0,9,2008,低頭期合約,異常交易(如法拍),79900,11.288543647320601,1,0,0,0,0,0,0,0,0,0,0,0,0,0,0,1,0,0,0,0,0,1,0,0,0,1,0,0,0,0,0,0,0,0,0,0,0,0,0,0,0,0,0,0,0,0,0,0,1,0,0,0,0,0,0,0,0,0,0,0,0,0,1,0,1,0,0,0,0,0,0,0,1,0,0,0,1,0,0,0,0,0,0,0,0,0,0,1,0,0,0,0,1,0,0,0,0,0,0,0,0,0,0,0,0,0,0,0,0,1,0,0,0,0,0,0,0,0,0,0,0,0,0,0,0,1,0,0,1,0,0,0,0,0,0,0,1,0,0,0,1,0,0,0,0,0,1,0,0,0,1,0,0,0,0,0,1,0,0
435,0,-3.7943801407173003,-3.3450019859411007,0.0,0.0,0.0,0.0,-1.0,2.0,0.0,-0.5789473684210527,0.0,0.0,0.2793713480100486,0.0,0.0,1.7473143510832982,0.2,0.15438108484005564,0.0,0.0,-0.9055394861339341,-0.7274539113104136,0.0,0.0,-1.175878341807391,0.0,0.0,-1.7908654251300475,1.0,0.0,-1.0,0.0,-2.0,0.0,0.0,-1.5,0.0,-1.0,-0.5,-2.0,-2.0,-2.0316455696202533,-1.5409627556327752,-1.5409627556327752,0.0,0.8291415512150296,-0.7117967261714493,0.0,0.0,0.0,0.0,0.0,0.0,0.0,6,2008,一般保證契約,一般交易,81000,11.302216779257382,0,0,0,0,0,0,0,0,0,0,0,1,0,0,0,1,0,0,0,0,0,0,0,1,0,1,0,0,0,0,0,0,0,0,0,0,0,0,0,0,0,0,0,0,0,0,0,0,0,1,0,0,0,0,0,0,1,0,0,0,0,0,0,0,1,0,0,0,0,0,0,0,0,1,0,0,0,0,0,0,0,0,0,1,0,0,0,1,0,0,0,0,1,0,0,0,0,0,0,0,0,0,1,0,0,0,0,0,0,0,0,0,0,0,0,0,0,0,1,0,0,0,0,0,0,0,0,0,1,0,0,0,0,0,1,0,0,0,0,0,1,0,0,0,0,0,1,0,0,0,1,0,0,0,0,0,1,0,0
436,4,-1.630543492870708,0.24640817286182604,0.0,0.0,-2.338124978532008,0.0,0.5,1.0,0.5,0.05263157894736842,0.0,1.0,0.0,0.0,0.0,1.7473143510832982,0.4,0.0013908205841446453,1.3251783909391408,9.35034917822932,-1.3087523326545045,-0.3906327852516193,0.5,0.0,-0.6088829458322818,1.0327608260124983,0.0,0.274053020541298,1.0,0.0,0.0,1.0,0.0,0.0,1.0,0.0,0.0,0.0,0.25,0.0,0.0,0.2890295358649789,0.0,0.0,0.0,0.9830321772029128,0.22915446575410042,0.0,0.0,0.0,0.0,0.0,0.0,0.0,4,2009,低頭期低利合約,一般交易,212000,12.264346270624157,0,0,0,0,0,0,0,0,1,0,0,0,0,0,0,0,1,0,0,0,0,0,0,1,0,0,0,1,0,0,0,0,0,0,0,0,1,0,0,0,0,0,0,0,0,0,0,0,0,0,0,0,0,0,0,0,0,0,0,0,0,1,0,0,1,0,0,0,0,0,0,0,1,0,0,0,0,0,0,0,0,1,0,0,0,0,0,1,0,0,0,0,1,0,0,0,0,1,0,0,0,0,0,0,0,0,0,0,0,0,0,0,1,0,0,0,0,0,0,0,0,0,0,0,0,0,0,0,1,0,0,0,0,1,0,0,0,0,0,0,1,0,0,0,0,0,1,0,0,0,0,0,0,1,0,0,1,0,0
437,1,-1.8614282606963264,-1.7076899703118975,0.0,0.0,0.0,0.0,0.0,3.0,-1.0833333333333333,-1.1578947368421053,0.0,0.0,0.0,-2.24080411332851,0.0,0.0,-0.6,-0.5340751043115438,0.0,0.0,0.2411104341226842,-0.6915794718485302,-0.5,0.0,-0.860355494602962,0.8545731837458516,0.0,-0.6057782461651997,0.0,0.0,-1.0,0.0,-1.0,0.0,0.0,0.0,0.0,-1.0,-0.5,-1.0,0.0,-0.1751054852320675,0.0,0.0,0.0,0.0,-0.7117967261714493,0.0,0.0,0.0,0.0,0.0,0.0,0.0,10,2006,一般保證契約,一般交易,116000,11.661354090741,1,0,0,0,0,0,0,0,0,0,0,0,0,0,0,1,0,0,0,0,0,0,0,1,0,1,0,0,0,0,0,0,0,0,0,0,0,0,0,0,0,0,0,0,0,0,0,0,1,0,0,0,0,0,0,0,1,0,0,0,0,0,0,0,1,0,0,0,0,0,0,0,1,0,0,0,1,0,0,0,0,0,0,0,0,0,0,1,0,0,0,0,1,0,0,0,0,0,0,0,0,0,0,0,1,0,0,0,0,0,0,0,0,0,0,0,0,0,0,0,1,0,0,0,0,0,0,0,1,0,0,0,0,0,0,0,1,0,0,0,1,0,0,0,0,1,0,0,0,0,0,1,0,0,0,0,1,0,0
438,2,-1.1398722399119068,-1.0526421762248437,0.0,0.0,0.0,0.0,0.0,2.0,-0.9583333333333334,0.2631578947368421,0.0,1.0,0.0,-1.0,0.0,0.0,-0.6,-0.5340751043115438,0.0,0.0,0.502424545408486,-0.22122571001494767,0.0,0.0,-0.41824645495332474,0.0,0.0,-1.0567752185446626,0.0,0.0,-1.0,0.0,-1.0,0.0,0.0,-1.0,0.0,-1.0,-0.5,-1.0,-1.0,-1.2721518987341771,0.0,0.0,0.0,0.0,-0.7117967261714493,6.751853423240823,0.0,0.0,0.0,0.0,0.0,0.0,1,2009,一般保證契約,一般交易,119000,11.686887175419702,0,1,0,0,0,0,0,0,0,0,0,0,0,0,0,1,0,0,0,0,0,0,0,1,0,1,0,0,0,0,0,0,0,0,0,0,0,0,0,1,0,0,0,0,0,0,0,0,0,0,0,0,0,0,0,0,1,0,0,0,0,0,0,0,1,0,0,0,0,0,0,0,1,0,0,0,0,1,0,0,0,0,0,0,0,0,0,1,0,0,0,0,1,0,0,0,0,0,0,0,1,0,0,0,0,0,0,0,0,0,0,0,0,0,0,0,1,0,0,0,0,0,0,0,0,0,0,0,1,0,0,0,0,1,0,0,0,0,0,0,1,0,0,0,0,0,1,0,0,0,0,1,0,0,0,0,1,0,0
439,4,-1.8614282606963264,-1.7646222476734519,0.0,0.0,0.0,0.0,-0.5,1.0,-1.2291666666666667,0.21052631578947367,0.0,0.0,0.0,-1.0,0.0,0.0,-0.4,-0.02642559109874826,0.0,0.0,-1.268354001417101,-1.1061285500747384,-0.5,-0.7304631471189668,-0.9769243807348964,0.0,0.0,-1.5980935039386943,0.0,0.0,-1.0,0.0,-1.0,0.0,1.0,-1.0,0.0,0.0,0.5,-1.0,-1.0,-0.5464135021097046,0.2793713480100486,0.0,-0.4638544907568095,0.0,-0.7117967261714493,4.697012078927853,0.0,0.0,0.0,0.0,1.5409627556327752,0.0,3,2007,一般保證契約,一般交易,90350,11.411457364027745,0,0,1,0,0,0,0,0,0,0,0,0,0,0,0,0,1,0,0,0,0,0,0,1,0,1,0,0,0,0,1,0,0,0,0,0,0,0,0,0,0,0,0,0,0,0,0,0,0,0,0,0,0,0,0,0,1,0,0,0,0,0,0,0,1,0,0,0,0,0,0,0,1,0,0,0,0,0,1,0,0,0,0,0,0,0,0,1,0,0,0,0,1,0,0,0,0,0,0,0,0,1,0,0,0,0,0,0,0,0,0,0,0,0,0,0,0,0,0,0,1,0,0,0,0,0,0,0,1,0,0,0,0,1,0,0,0,0,0,0,1,0,0,0,0,0,1,0,0,0,0,1,0,0,0,0,1,0,0
440,3,-0.15196723459603825,0.5962504847556531,0.0,0.7304631471189668,0.0,0.0,0.0,3.0,-1.0833333333333333,0.15789473684210525,0.0,0.0,0.0,-1.0,-0.3466451177569989,1.0,-0.6,-0.5340751043115438,0.0,0.0,0.2857257912003581,-0.6198305929247633,0.0,0.0,-1.0069559449785093,0.9182357104926345,0.0,-0.45957521367609505,0.0,0.0,-1.0,0.0,0.0,0.0,1.0,0.5,0.0,-1.0,-0.5,-1.0,0.0,0.1962025316455696,0.0,0.0,0.0,0.0,0.14618791727533317,0.0,0.0,0.0,0.0,0.0,1.8203341036428238,11.507462835775467,8,2009,低利合約,一般交易,110000,11.608244735642321,1,0,0,0,0,0,0,0,0,0,0,0,0,0,0,0,1,0,0,0,0,0,0,1,0,0,0,0,1,0,0,0,0,0,0,0,0,0,0,0,0,1,0,0,0,0,0,0,0,0,0,0,0,0,0,0,1,0,0,0,0,0,0,0,1,0,0,0,0,0,0,0,1,0,0,0,1,0,0,0,0,0,0,0,0,0,0,1,0,0,0,0,1,0,0,0,0,0,0,0,1,0,0,0,0,0,0,0,0,0,0,0,0,0,0,0,1,0,0,0,0,0,0,0,0,0,0,0,1,0,0,0,0,0,0,0,1,0,0,0,1,0,0,0,0,0,1,0,0,0,0,1,0,0,1,0,0,0,0
441,1,1.4586597021802525,1.141063373493507,0.0,0.0,0.0,0.0,2.0,0.0,0.75,0.3684210526315789,1.0548125035123372,1.8422747575632559,0.0,0.8422747575632559,0.0,2.3495966477454164,0.4,1.9235048678720446,1.3251783909391408,10.463745203158789,0.40426436394368515,4.183358246138515,0.5,0.0,1.8514948372604711,0.0,0.0,1.1424390476541717,1.0,0.0,0.0,0.0,-1.0,0.0,2.0,2.0,0.0,1.0,0.5,1.0,1.0,0.8037974683544303,0.0,0.0,0.0,0.0,0.2797157727113956,0.0,0.0,7.74977760519119,0.0,0.0,0.0,0.0,4,2009,一般保證契約,一般交易,555000,13.22672519452875,0,0,0,1,0,0,0,0,0,0,0,0,0,0,0,0,1,0,0,0,0,0,0,1,0,1,0,0,0,0,0,0,0,1,0,0,0,0,0,0,0,0,0,0,0,0,0,0,0,0,0,0,0,0,0,0,1,0,0,0,0,0,0,0,1,0,0,0,0,0,0,0,1,0,0,0,0,0,1,0,0,0,0,0,0,1,0,0,0,0,0,0,1,0,0,0,0,1,0,0,0,0,0,0,0,0,0,0,0,0,0,0,1,0,0,0,0,0,0,0,0,0,0,0,0,0,0,0,0,1,0,0,0,1,0,0,0,0,0,0,1,0,0,0,0,0,1,0,0,0,0,0,0,1,0,0,1,0,0
442,1,0.9727639507245631,0.5478688378759452,0.0,0.0,0.0,0.0,-1.0,-1.0,-0.3541666666666667,-1.0263157894736843,1.1429472547572805,0.0,0.0,-1.0,0.0,0.0,0.2,-0.34909596662030595,0.0,0.0,0.8493538447996247,0.8868958644743398,-0.5,-0.7304631471189668,0.6215070865015265,0.0,0.0,-0.049329643340806986,0.0,0.0,0.0,0.0,1.0,0.4638544907568095,-1.0,1.0,0.0,-1.0,-0.5,-2.0,-2.0,-2.0316455696202533,-1.5409627556327752,-1.5409627556327752,0.0,0.0,-0.7117967261714493,0.0,0.0,0.0,0.0,0.0,0.0,0.0,9,2008,一般保證契約,一般交易,118000,11.678448377988165,0,0,0,0,0,0,0,0,0,0,0,0,0,0,1,0,1,0,0,0,0,0,0,1,0,1,0,0,0,0,0,0,0,0,0,0,0,0,0,0,0,1,0,0,0,0,0,0,0,0,0,0,0,0,0,0,1,0,0,0,0,0,0,0,1,0,0,0,0,0,0,0,0,0,0,1,0,0,1,0,0,0,0,0,0,0,0,1,0,0,0,0,1,0,0,0,0,1,0,0,0,0,0,0,0,0,0,0,0,0,0,0,1,0,0,0,0,0,0,0,0,0,0,0,0,0,0,0,0,0,1,0,0,0,1,0,0,0,0,0,1,0,0,0,1,0,0,0,0,0,1,0,0,0,0,0,1,0,0
443,0,-1.010234332078765,-0.9676140018005939,0.0,0.0,0.0,0.0,-0.5,2.0,-0.875,-0.05263157894736842,0.0,0.0,0.0,-1.0,0.0,0.0,-0.6,-0.5340751043115438,0.0,0.0,0.675895990177079,0.1654210264075735,-0.5,0.0,0.0670491919672783,0.8868514379969256,0.0,0.14993923536540293,0.0,0.0,0.0,0.0,0.0,0.0,0.0,1.0,0.0,0.0,0.5,-1.0,0.0,-0.5126582278481012,0.0,0.0,-0.4638544907568095,0.0,-0.7117967261714493,0.0,0.0,0.0,0.0,0.0,0.0,0.0,6,2008,一般保證契約,一般交易,162900,12.000897933306716,1,0,0,0,0,0,0,0,0,0,0,0,0,0,0,1,0,0,0,0,0,0,0,1,0,1,0,0,0,0,0,0,0,0,0,0,0,0,0,1,0,0,0,0,0,0,0,0,0,0,0,0,0,0,0,0,1,0,0,0,0,0,0,0,1,0,0,0,0,0,0,0,1,0,0,0,1,0,0,0,0,0,0,0,0,0,0,1,0,0,0,0,1,0,0,0,0,0,0,0,0,0,0,0,0,0,0,0,0,1,0,0,0,0,0,0,0,0,0,0,0,0,0,0,0,1,0,0,1,0,0,0,0,1,0,0,0,0,0,0,1,0,0,0,0,0,1,0,0,0,0,1,0,0,0,0,1,0,0
444,3,-0.9469680975410442,-1.9429260126193701,0.0,0.0,0.0,0.0,0.5,0.0,0.7083333333333334,0.34210526315789475,0.7838262134527147,1.0,0.0,0.8422747575632559,0.0,1.7473143510832982,-0.6,-0.5340751043115438,0.0,0.0,0.8145436077810254,0.5241654210264076,0.5,0.0,0.3121931063223814,0.0,0.0,-0.34903239813416875,0.0,0.0,0.0,0.0,-1.0,0.0,1.0,0.0,0.0,0.0,0.5,1.0,1.0,0.7025316455696202,0.0,0.0,0.0,0.9576843843402714,-0.13049406945601977,0.0,0.0,0.0,0.0,0.0,0.0,0.0,6,2007,新屋,預售屋(估價時未完工),172500,12.058158312538197,0,0,0,0,0,1,0,0,0,0,0,0,0,0,0,0,1,0,0,0,0,0,0,1,0,1,0,0,0,0,0,0,0,0,0,0,0,0,0,0,1,0,0,0,0,0,0,0,0,0,0,0,0,0,0,0,1,0,0,0,0,0,0,0,1,0,0,0,0,0,0,0,0,0,1,0,0,0,1,0,0,0,0,0,0,0,0,1,0,0,0,0,1,0,0,0,0,0,0,0,0,1,0,0,0,0,0,0,0,0,0,0,0,0,0,0,0,1,0,0,0,0,0,0,0,0,0,0,0,0,1,0,0,1,0,0,0,0,0,0,1,0,0,0,0,0,1,0,0,0,0,0,0,1,0,0,1,0,0
445,0,0.0,-0.21355748823613027,0.0,0.0,0.0,0.0,0.5,0.0,0.4583333333333333,0.02631578947368421,0.0,1.0,0.2793713480100486,0.0,0.0,0.0,0.4,0.3588317107093185,0.0,0.0,-0.4246515129049292,-0.15944195316392626,0.5,0.0,-0.3500124227963366,1.0712471579804617,0.0,0.5947771297595562,1.0,0.0,0.0,1.0,1.0,0.0,1.0,1.0,0.0,0.0,0.25,-1.0,0.0,0.04852320675105485,0.0,0.0,0.0,0.9576843843402714,0.4789982134945817,0.0,0.0,0.0,0.0,0.0,0.0,0.0,7,2008,一般保證契約,一般交易,210000,12.25486757159303,0,0,0,0,0,0,0,0,1,0,0,0,0,0,0,0,1,0,0,0,0,0,0,1,0,1,0,0,0,0,0,0,0,0,0,0,1,0,0,0,0,0,0,0,0,0,0,0,0,0,0,0,0,0,0,0,1,0,0,0,0,0,0,0,1,0,0,0,0,0,0,0,1,0,0,0,0,0,0,0,0,1,0,0,0,0,0,1,0,0,0,0,1,0,0,0,0,1,0,0,0,0,0,0,0,0,0,0,0,0,0,0,1,0,0,0,0,0,0,0,0,0,0,0,0,0,0,0,1,0,0,0,0,1,0,0,0,0,0,0,1,0,0,0,0,0,1,0,0,0,0,0,0,1,0,0,1,0,0
446,0,0.14660387181266663,0.06092949991631293,0.0,0.0,0.0,0.0,0.0,0.0,-0.3333333333333333,-1.0,0.0,0.0,0.0,-1.0,0.0,0.0,-0.6,-0.5340751043115438,0.0,0.0,0.935962586376794,0.8789237668161435,-1.0,0.0,0.994808575312224,0.0,0.0,0.3123723544163982,0.0,0.0,-1.0,0.0,0.0,0.0,0.0,0.5,0.0,0.0,0.5,-1.0,0.0,-0.006329113924050633,0.0,0.0,0.0,0.0,-0.7117967261714493,0.0,0.0,0.0,0.0,0.0,1.5409627556327752,0.0,11,2009,法院或遺產拍賣,一般交易,127500,11.755879486687116,0,0,0,1,0,0,0,0,0,0,0,0,0,0,0,0,1,0,0,0,0,0,0,1,0,0,0,0,1,0,0,0,0,0,0,0,0,0,0,0,0,1,0,0,0,0,0,0,0,0,0,0,0,0,0,0,1,0,0,0,0,0,0,0,1,0,0,0,0,0,0,0,1,0,0,0,0,0,1,0,0,0,0,0,0,1,0,0,0,0,0,0,1,0,0,0,0,0,0,0,1,0,0,0,0,0,0,0,0,0,0,0,0,0,0,0,1,0,0,0,0,0,0,0,0,0,0,0,1,0,0,0,0,0,1,0,0,0,0,0,1,0,0,0,0,0,1,0,0,0,0,0,0,1,0,0,1,0,0
447,3,2.4678632754409753,1.3075242844971038,0.0,0.0,-1.0,0.0,0.0,1.0,-0.125,0.21052631578947367,0.0,1.0,0.0,-1.0,0.0,0.0,0.2,-0.1905424200278164,0.8104996085138084,11.196706580510563,0.11816280883819769,1.0403587443946187,0.5,0.0,1.2608670995512634,0.0,0.0,0.5701637177570221,0.0,0.0,0.0,1.0,-1.0,0.0,1.0,0.0,-0.6199342747198131,0.0,0.5,1.0,0.0,0.40717299578059074,0.0,0.0,0.0,0.0,-0.7117967261714493,0.0,0.0,0.0,0.0,0.0,0.0,0.0,6,2010,一般保證契約,一般交易,190000,12.154784614286667,0,0,0,1,0,0,0,0,0,0,0,0,0,0,0,0,1,0,0,0,0,0,0,1,0,0,0,0,1,0,0,0,0,0,1,0,0,0,0,0,0,0,0,0,0,0,0,0,0,0,0,0,0,0,0,0,0,1,0,0,0,0,0,0,1,0,0,0,0,0,0,0,1,0,0,0,0,0,1,0,0,0,0,0,0,0,0,1,0,0,0,0,1,0,0,0,0,0,0,0,0,0,0,0,0,0,0,0,0,0,1,0,0,0,0,1,0,0,0,0,0,0,0,0,0,0,0,0,1,0,0,0,0,0,1,0,0,0,0,0,1,0,0,0,0,0,1,0,0,0,0,0,0,1,0,0,1,0,0
448,2,-0.2564764364743176,0.36469871195664033,0.0,0.0,-1.0,0.0,0.5,0.0,0.5416666666666666,0.13157894736842105,0.0,1.0,0.0,0.0,0.0,0.0,-0.6,-0.5340751043115438,0.0,0.0,0.5462840603435023,-0.12954658694569007,0.0,0.0,-0.2971647246151525,1.0595088852513934,0.0,0.5676902102909951,0.0,0.0,0.0,1.0,1.0,0.0,1.0,2.0,0.0,0.0,0.25,1.0,0.0,-0.21308016877637131,0.0,0.0,0.0,0.8319800683778314,-0.7117967261714493,0.0,0.0,0.0,0.0,0.0,0.0,0.0,7,2006,一般保證契約,一般交易,199900,12.20557752297723,0,0,0,0,0,0,0,0,1,0,0,0,0,0,0,0,1,0,0,0,0,0,0,1,0,0,0,0,1,0,0,0,0,0,0,1,0,0,0,0,0,0,0,0,0,0,0,0,0,0,0,0,0,0,0,0,1,0,0,0,0,0,0,0,1,0,0,0,0,0,0,0,1,0,0,0,0,0,0,0,0,1,0,0,0,0,0,1,0,0,0,0,1,0,0,0,0,1,0,0,0,0,0,0,0,0,0,0,0,0,0,0,1,0,0,0,0,0,0,0,0,0,0,0,0,0,0,0,1,0,0,0,0,1,0,0,0,0,0,0,1,0,0,0,0,0,1,0,0,0,0,0,0,1,0,0,1,0,0
449,0,-1.1398722399119068,-0.25306093909108107,0.0,0.0,0.0,0.0,0.0,1.0,-0.7291666666666666,-1.1578947368421053,0.0,0.0,0.0,-1.0,0.0,0.0,-0.6,-0.5340751043115438,0.0,0.0,0.3956333931440705,-0.4285002491280518,-0.5,0.0,-0.7327887284269321,0.9529920898096357,0.0,-0.15084908967276184,0.0,0.0,0.0,0.0,0.0,0.0,0.0,0.5,0.0,0.0,0.5,-1.0,-1.0,-1.1962025316455696,0.0,0.0,-1.1943176378757763,0.0,-0.7117967261714493,0.0,0.0,0.0,0.0,0.0,0.0,0.0,6,2006,一般保證契約,一般交易,119500,11.691080018519527,1,0,0,0,0,0,0,0,0,0,0,0,0,0,0,1,0,0,0,0,0,1,0,0,0,1,0,0,0,1,0,0,0,0,0,0,0,0,0,0,0,0,0,0,0,0,0,0,0,0,0,0,0,0,0,0,1,0,0,0,0,0,0,0,1,0,0,0,0,0,0,0,1,0,0,0,1,0,0,0,0,0,0,0,0,0,0,1,0,0,0,0,1,0,0,0,0,0,0,0,0,0,0,0,0,0,0,0,0,1,0,0,0,0,0,0,0,0,0,0,0,0,0,0,0,1,0,0,1,0,0,0,0,0,0,0,1,0,0,0,1,0,0,0,0,0,1,0,0,0,0,1,0,0,0,0,1,0,0
450,1,-1.1398722399119068,-1.0526421762248437,0.0,0.0,0.0,0.0,-1.5,2.0,-0.5,0.21052631578947367,0.0,0.0,0.2793713480100486,-1.0,0.0,0.0,0.2,-0.0737134909596662,0.0,0.0,-0.3134131816382253,-0.6895864474339811,0.5,0.0,-1.0221117140103388,0.914678268869283,0.0,-0.4833688952426377,0.0,0.0,-1.0,1.0,-1.0,0.0,0.0,0.0,0.0,-1.0,-0.5,-1.0,-1.0,-0.7320675105485233,0.0,0.0,0.0,0.0,0.5765571641788682,0.0,0.0,0.0,0.0,0.0,0.0,0.0,6,2007,一般保證契約,一般交易,120000,11.695255355062795,1,0,0,0,0,0,0,0,0,0,0,0,0,0,0,1,0,0,0,0,0,0,0,1,0,1,0,0,0,0,0,0,0,0,0,0,0,0,0,0,0,0,0,0,0,0,0,0,1,0,0,0,0,0,0,0,1,0,0,0,0,0,0,0,1,0,0,0,0,0,0,0,1,0,0,0,1,0,0,0,0,0,0,0,0,0,0,1,0,0,0,0,1,0,0,0,0,0,0,0,0,0,0,0,0,0,0,0,0,1,0,0,0,0,0,0,0,0,0,0,0,0,0,0,0,1,0,0,1,0,0,0,0,0,1,0,0,0,0,0,1,0,0,0,0,0,1,0,0,0,0,1,0,0,0,0,1,0,0
451,2,0.0,-1.1691182477204018,0.0,0.0,0.0,0.0,0.0,3.0,-0.875,0.2894736842105263,0.0,0.0,0.0,-1.0,0.0,0.0,-0.6,-0.5340751043115438,0.0,0.0,0.4307649581213653,-0.36273044344793226,0.5,0.0,-0.6451521754261792,0.0,0.0,-1.276630362061619,0.0,0.0,-1.0,0.0,-1.0,0.0,1.0,-0.5,0.0,-1.0,-0.5,-1.0,-1.0,-0.8924050632911392,-0.3466451177569989,-0.3466451177569989,-1.1943176378757763,0.0,0.42417810909312953,0.0,0.0,0.0,0.0,0.0,0.0,0.0,6,2006,一般保證契約,一般交易,110000,11.608244735642321,0,0,1,0,0,0,0,0,0,0,0,0,0,0,0,1,0,0,0,0,0,0,0,1,0,1,0,0,0,0,0,0,0,0,0,0,0,0,0,0,0,0,0,0,0,0,0,0,1,0,0,0,0,0,0,0,1,0,0,0,0,0,0,0,1,0,0,0,0,0,0,0,1,0,0,0,0,0,1,0,0,0,0,0,0,1,0,0,0,0,0,0,1,0,0,0,0,0,0,0,1,0,0,0,0,0,0,0,0,0,0,0,0,0,0,0,1,0,0,0,0,0,0,0,0,0,0,0,1,0,0,0,0,0,0,0,1,0,0,0,1,0,0,0,0,1,0,0,0,0,0,1,0,0,0,0,1,0,0
453,0,0.6866853341578308,-0.0727238300812389,0.0,0.0,-1.0,0.0,0.0,0.0,0.5,0.07894736842105263,0.6577771786040508,1.0,0.0,0.8422747575632559,0.0,0.0,0.2,0.49791376912378305,0.0,0.0,-0.9298591049187642,-0.24514200298953662,0.5,0.0,-0.4566922781054371,1.0425197394279477,0.0,0.4019197803735934,1.0,0.0,0.0,1.0,0.0,0.0,0.0,0.5,0.0,-1.0,-0.5,1.0,0.0,-0.2510548523206751,0.0,0.0,0.0,0.9576843843402714,0.44978295538994306,0.0,0.0,0.0,0.0,0.0,0.0,0.0,7,2007,一般保證契約,一般交易,204000,12.225880174775122,0,0,0,0,0,0,0,0,1,0,0,0,0,0,0,0,1,0,0,0,0,0,0,1,0,0,0,0,1,0,0,0,0,0,0,0,0,0,0,0,0,0,0,1,0,0,0,0,0,0,0,0,0,0,0,0,1,0,0,0,0,0,0,0,1,0,0,0,0,0,0,0,1,0,0,0,0,0,0,0,0,1,0,0,0,1,0,0,0,0,0,0,1,0,0,0,0,1,0,0,0,0,0,0,0,0,0,0,0,0,0,0,1,0,0,0,0,0,0,0,0,0,0,0,0,0,0,0,0,0,1,0,0,1,0,0,0,0,0,0,1,0,0,0,0,0,1,0,0,0,0,0,0,1,0,0,1,0,0
455,0,-0.3637131127598576,-0.07421321841180421,0.0,0.0,0.0,0.0,-0.5,0.0,0.08333333333333333,-0.47368421052631576,0.0,0.0,0.0,-1.0,0.0,0.0,0.2,1.6995827538247565,0.0,0.0,-0.9704637477963259,1.4608868958644743,-0.5,0.0,1.0489755253304933,0.0,0.0,0.3648561901933243,2.0,0.0,0.0,0.0,1.0,0.4638544907568095,0.0,1.0,0.0,-1.0,-0.5,-1.0,0.0,0.33122362869198313,0.0,0.0,0.0,0.0,-0.7117967261714493,0.0,0.0,0.0,0.0,0.0,0.0,0.0,7,2006,一般保證契約,親友交易,188000,12.144202560946876,0,0,0,0,0,0,0,0,0,0,0,0,0,0,1,0,1,0,0,0,0,0,0,1,0,1,0,0,0,0,0,0,0,0,0,0,0,0,0,0,0,0,0,0,0,0,1,0,0,0,0,0,0,0,0,0,1,0,0,0,0,0,0,0,1,0,0,0,0,0,0,0,0,0,0,1,0,0,1,0,0,0,0,0,0,0,0,1,0,0,0,0,1,0,0,0,0,0,0,1,0,0,0,0,0,0,0,0,0,0,0,0,0,0,0,1,0,0,0,0,0,0,0,0,0,0,0,0,1,0,0,0,0,0,1,0,0,0,0,0,1,0,0,0,0,0,1,0,0,0,0,1,0,0,0,0,1,0,0
456,1,0.469964168048189,0.0,0.0,0.0,0.0,0.0,0.5,1.0,0.020833333333333332,-0.5526315789473685,1.1946702927781176,0.0,0.0,-1.0,0.0,0.0,0.2,0.7399165507649513,0.0,0.0,-0.2950523979945559,0.4922770303936223,-1.0,0.0,0.2832163593742679,0.0,0.0,-0.37710875886080003,0.0,0.0,-1.0,1.0,0.0,0.0,0.0,0.0,0.0,0.0,0.25,-1.0,0.0,0.1962025316455696,0.0,0.0,0.0,0.0,-0.7117967261714493,0.0,0.0,0.0,0.0,0.0,0.0,0.0,9,2007,一般保證契約,一般交易,175500,12.075400019877522,0,0,0,1,0,0,0,0,0,0,0,0,0,0,0,0,1,0,0,0,0,0,0,1,0,1,0,0,0,0,0,0,0,0,0,0,0,0,0,0,0,0,0,0,0,0,0,0,0,0,0,0,1,0,0,0,1,0,0,0,0,0,0,0,1,0,0,0,0,0,0,0,1,0,0,0,0,0,1,0,0,0,0,0,0,1,0,0,0,0,0,0,1,0,0,0,0,0,0,0,0,0,0,0,0,0,0,0,1,0,0,0,0,0,0,0,0,0,0,0,0,0,0,0,1,0,0,0,0,0,1,0,0,0,1,0,0,0,0,0,1,0,0,0,0,0,1,0,0,0,0,0,0,1,0,0,1,0,0
457,3,-2.3699496433131446,-1.6287998143134863,0.0,0.7304631471189668,0.0,0.0,-0.5,0.0,-1.1666666666666667,-1.1578947368421053,0.0,0.0,0.0,-1.0,0.0,0.0,-0.6,-0.5340751043115438,0.0,0.0,0.21018334566452948,-0.739412057797708,-1.0,-0.7304631471189668,-1.1953984335578183,0.997366356257112,0.0,-0.20312133951801922,0.0,0.0,-1.0,0.0,1.0,0.0,0.0,0.5,0.0,-1.0,-0.5,-1.0,1.0,0.13291139240506328,-0.3466451177569989,-0.3466451177569989,0.0,0.0,-0.7117967261714493,6.574446614595114,0.0,0.0,0.0,0.0,0.0,0.0,5,2008,法院或遺產拍賣,異常交易(如法拍),98000,11.49273296168228,0,0,0,0,0,0,0,1,0,0,0,0,0,0,0,1,0,0,0,0,0,0,0,1,0,1,0,0,0,0,0,0,0,0,0,0,0,0,0,0,0,0,0,0,0,0,0,0,1,0,0,0,0,0,0,0,1,0,0,0,0,0,0,0,1,0,0,0,0,0,0,0,1,0,0,0,0,0,0,0,0,1,0,0,0,0,0,1,0,0,0,0,1,0,0,0,0,0,0,0,0,0,0,0,0,0,0,1,0,0,0,0,0,0,0,0,0,0,0,0,0,0,0,1,0,0,0,0,1,0,0,0,0,0,0,0,1,0,0,0,1,0,0,0,0,0,1,0,0,0,0,1,0,0,0,0,1,0,0
458,1,0.469964168048189,4.530232565777439,0.0,0.0,-1.0,-0.4638544907568095,-1.0,1.0,-0.375,0.0,0.0,0.0,0.0,0.0,0.0,2.3495966477454164,0.0,1.0180806675938805,0.0,0.0,-0.49335128671643363,0.7354260089686099,0.5,0.0,0.9581039505371509,0.0,0.0,0.27680824201392956,1.0,0.0,-1.0,0.0,-1.0,0.0,1.0,0.0,-0.18059459163956637,1.0,0.5,1.0,0.0,0.20042194092827004,0.0,0.0,0.0,1.0817237493984635,0.48911756216792573,0.0,0.0,0.0,0.0,0.0,0.0,0.0,3,2008,一般保證契約,一般交易,256000,12.45293662970407,0,0,0,1,0,0,0,0,0,0,0,0,0,0,0,0,1,0,0,0,1,0,0,0,0,0,0,1,0,0,0,0,0,0,0,0,0,0,0,0,0,0,0,0,1,0,0,0,0,0,0,0,0,0,0,0,1,0,0,0,0,0,0,0,1,0,0,0,0,0,0,0,1,0,0,0,0,0,1,0,0,0,0,0,0,0,0,0,1,0,0,0,0,1,0,0,0,0,0,1,0,0,0,0,0,0,0,0,0,0,0,0,0,0,0,1,0,0,0,0,0,0,0,0,0,0,0,0,1,0,0,0,0,0,1,0,0,0,0,0,1,0,0,0,0,0,1,0,0,0,0,0,0,1,0,0,1,0,0
459,2,-0.5300358319518109,-1.3996856784470615,0.0,0.7304631471189668,0.0,0.0,1.0,2.0,-0.9791666666666666,0.05263157894736842,0.0,0.0,0.2793713480100486,-1.0,0.0,0.0,-0.6,-0.5340751043115438,0.0,0.0,0.16184429094092045,-0.8111609367214748,-1.0,0.0,-0.593498368556785,1.0324687213213395,0.0,0.2809358010630027,0.0,0.0,-1.0,0.0,0.0,0.0,1.0,0.5,0.0,0.0,0.5,-1.0,-1.0,-1.0696202531645569,0.0,0.0,0.0,1.0374820403803926,0.2388863118622446,0.0,0.0,0.0,0.0,0.0,1.5409627556327752,0.0,6,2008,一般保證契約,一般交易,161000,11.989165855127435,0,0,0,0,0,0,0,1,0,0,0,0,0,0,0,1,0,0,0,0,0,0,0,1,0,1,0,0,0,0,0,0,0,0,0,0,0,0,0,0,0,0,0,0,0,0,0,0,1,0,0,0,0,0,0,0,1,0,0,0,0,0,0,0,1,0,0,0,0,0,0,0,1,0,0,0,0,0,0,0,0,1,0,0,0,1,0,0,0,0,0,0,1,0,0,0,0,0,0,0,0,0,0,0,1,0,0,0,0,0,0,0,0,0,0,0,0,1,0,0,0,0,0,0,0,0,0,0,1,0,0,0,0,1,0,0,0,0,0,0,1,0,0,0,0,0,1,0,0,0,0,1,0,0,0,0,1,0,0
460,1,-1.010234332078765,-0.7108139199015276,0.0,0.0,-1.0,0.0,-0.5,-1.0,-0.4583333333333333,-1.1578947368421053,0.9936004013777983,0.0,0.0,-1.0,0.0,0.0,-0.4,-0.2767732962447844,0.0,0.0,0.06933503967944352,-0.5700049825610364,-0.5,0.0,-0.24538581416613514,0.7425568238322101,0.0,-0.44685407294352425,1.0,0.0,-1.0,0.0,0.0,0.0,1.0,-0.5,0.0,0.0,0.25,-1.0,-1.0,-0.5464135021097046,0.0,0.0,0.0,0.0,-0.7117967261714493,8.585749373306383,0.0,0.0,0.0,0.0,0.0,0.0,7,2009,一般保證契約,一般交易,110000,11.608244735642321,1,0,0,0,0,0,0,0,0,0,0,0,0,0,0,0,1,0,0,0,0,1,0,0,0,0,0,0,1,0,0,0,0,0,0,0,0,0,0,1,0,0,0,0,0,0,0,0,0,0,0,0,0,0,0,0,1,0,0,0,0,0,0,0,1,0,0,0,0,0,0,0,1,0,0,0,1,0,0,0,0,0,0,0,0,0,0,1,0,0,0,0,1,0,0,0,0,0,0,0,0,0,0,0,0,0,0,0,0,1,0,0,0,0,0,0,0,0,0,0,0,0,0,0,0,1,0,1,0,0,0,0,0,0,1,0,0,0,0,0,1,0,0,0,0,0,1,0,0,0,0,1,0,0,0,0,1,0,0
461,2,0.24155735878839998,-0.4160468471127452,0.0,0.0,-1.0,0.0,1.0,0.0,0.7708333333333334,0.39473684210526316,0.8909793561807442,1.0,0.0,0.0,0.0,0.0,0.4,0.22253129346314326,0.0,0.0,-0.38595058723627285,-0.32486297957149973,0.5,0.0,-0.5960559176645213,1.102286623515298,0.0,0.6276598600287159,1.0,0.0,0.0,1.0,0.0,0.0,0.0,1.0,0.0,-1.0,-0.5,1.0,0.0,0.2974683544303797,0.0,0.0,0.0,0.0,0.5203684393175357,0.0,0.0,0.0,0.0,0.0,0.0,0.0,12,2009,新屋,預售屋(估價時未完工),263435,12.481565733211923,0,0,0,0,0,0,0,0,1,0,0,0,0,0,0,0,0,0,1,0,0,0,0,1,0,1,0,0,0,0,0,0,0,0,0,0,0,0,0,0,0,0,0,0,0,0,0,0,0,0,1,0,0,0,0,0,0,0,1,0,0,0,0,0,1,0,0,0,0,0,0,0,1,0,0,0,0,0,0,0,0,1,0,0,0,0,0,1,0,0,0,0,1,0,0,0,0,1,0,0,0,0,0,0,0,0,0,0,0,0,0,0,1,0,0,0,0,0,0,0,0,0,0,0,0,0,0,0,0,1,0,0,0,1,0,0,0,0,0,0,1,0,0,0,0,0,1,1,0,0,0,0,0,0,0,0,1,0,0
462,3,-0.5300358319518109,-0.6530991973084603,0.0,0.0,0.0,0.0,0.5,4.0,-0.75,0.34210526315789475,0.0,1.0,0.2793713480100486,0.0,0.2793713480100486,0.0,0.2,-0.04728789986091794,1.089870956523857,8.211557890737238,-3.1687229326517117,-0.866965620328849,0.5,0.0,-1.3610682233626266,0.9386409415350516,0.0,-0.5731914839278474,1.0,0.0,-1.0,0.0,0.0,0.0,1.0,0.0,0.0,-1.0,-0.5,0.0,0.0,0.3987341772151899,0.0,0.0,0.0,1.1209047617737151,-0.7117967261714493,0.0,0.0,0.0,0.0,0.0,1.5409627556327752,0.0,4,2009,一般保證契約,一般交易,155000,11.951186847493476,0,0,0,0,0,0,0,1,0,0,0,0,0,0,0,0,1,0,0,0,0,0,0,1,0,1,0,0,0,0,0,0,0,0,0,0,0,1,0,0,0,0,0,0,0,0,0,0,0,0,0,0,0,0,0,0,0,0,0,0,0,0,1,0,1,0,0,0,0,0,0,0,1,0,0,0,0,0,0,0,0,1,0,0,0,0,0,1,0,0,0,0,1,0,0,0,0,0,0,0,1,0,0,0,0,0,0,0,0,0,0,0,0,0,0,0,1,0,0,0,0,0,0,0,0,0,0,0,1,0,0,0,0,1,0,0,0,0,0,0,1,0,0,0,0,0,1,0,0,0,0,1,0,0,0,0,1,0,0
463,2,-0.5300358319518109,-0.3390575875504674,0.0,0.0,-1.0,0.0,-0.5,0.0,-0.14583333333333334,-0.7631578947368421,0.0,0.0,0.0,-1.0,0.0,0.0,-0.2,0.23504867872044508,1.089870956523857,9.110605958809188,-3.1687229326517117,-0.2610861983059293,0.0,0.0,-0.5154786426099094,0.0,0.0,-1.1509861380717596,0.0,0.0,-1.0,0.0,0.0,0.0,0.0,-0.5,0.0,0.0,-0.25,-1.0,-1.0,-0.5126582278481012,0.0,0.0,0.0,0.0,-0.7117967261714493,8.473163131119321,0.0,0.0,0.0,0.0,1.1943176378757763,0.0,12,2009,一般保證契約,一般交易,62383,11.04106411122238,0,0,0,1,0,0,0,0,0,0,0,0,0,0,0,0,1,0,0,0,0,0,0,1,0,1,0,0,0,0,0,0,0,0,0,0,0,0,0,0,0,0,0,0,0,0,0,1,0,0,0,0,0,0,0,0,1,0,0,0,0,0,0,0,1,0,0,0,0,0,0,0,1,0,0,0,0,0,1,0,0,0,0,0,0,0,0,1,0,0,0,0,1,0,0,0,0,0,0,0,0,0,0,0,0,0,0,0,0,1,0,0,0,0,0,0,0,0,0,0,0,0,0,0,0,1,0,0,1,0,0,0,0,0,1,0,0,0,0,0,1,0,0,0,0,0,1,0,0,0,0,1,0,0,0,0,1,0,0
464,0,0.19434965866058562,0.5239641764418599,0.0,0.0,-1.0,-0.4638544907568095,0.0,2.0,-0.7916666666666666,0.02631578947368421,0.0,0.0,0.0,-1.0,0.0,0.0,-0.4,-0.08066759388038942,0.0,0.0,-0.16246193864616698,-0.558046836073742,-1.0,0.0,-0.5529280251135444,1.025965866826586,0.0,0.27267435282508723,0.0,0.0,-1.0,1.0,0.0,0.0,0.0,0.0,0.0,0.0,0.5,-1.0,-1.0,-1.018987341772152,0.0,0.0,0.0,0.0,-0.7117967261714493,0.0,0.0,0.0,0.0,0.0,0.0,0.0,8,2008,一般保證契約,一般交易,188700,12.147919030759663,0,0,0,0,0,0,0,1,0,0,0,0,0,0,0,0,1,0,0,0,0,0,1,0,0,1,0,0,0,0,1,0,0,0,0,0,0,0,0,0,0,0,0,0,0,0,0,0,0,0,0,0,0,0,0,0,1,0,0,0,0,0,0,0,1,0,0,0,0,0,0,0,1,0,0,0,0,0,0,0,0,1,0,0,0,1,0,0,0,0,0,0,1,0,0,0,0,0,0,0,0,0,0,0,1,0,0,0,0,0,0,0,0,0,0,0,0,0,0,0,1,0,0,0,0,0,0,0,1,0,0,0,0,0,1,0,0,0,0,0,1,0,0,0,0,1,0,0,0,0,0,1,0,0,0,0,1,0,0
466,3,-1.630543492870708,-2.4292992019813693,0.0,0.0,0.0,0.0,0.5,0.0,0.6666666666666666,0.2631578947368421,0.48187107506098514,1.0,0.0,0.0,0.0,0.0,-0.6,-0.5340751043115438,0.0,0.0,0.8958694061613577,0.7573492775286498,0.5,0.0,0.5794288520553232,0.0,0.0,-0.09010039276850554,0.0,0.0,0.0,0.0,-1.0,0.0,1.0,0.0,0.0,0.0,0.25,1.0,0.0,-0.35232067510548526,0.0,0.0,0.0,0.9576843843402714,-0.07642330536929036,0.0,0.0,0.0,0.0,0.0,0.0,0.0,5,2006,一般保證契約,一般交易,178740,12.093693109638318,0,0,0,0,0,1,0,0,0,0,0,0,0,0,0,1,0,0,0,0,0,0,0,1,0,1,0,0,0,0,0,0,0,0,0,0,0,0,0,0,1,0,0,0,0,0,0,0,0,0,0,0,0,0,0,0,1,0,0,0,0,0,0,0,1,0,0,0,0,0,0,0,0,0,1,0,0,0,1,0,0,0,0,0,0,1,0,0,0,0,0,0,1,0,0,0,0,1,0,0,0,0,0,0,0,0,0,0,0,0,0,0,1,0,0,0,0,0,0,0,0,0,0,0,0,0,0,0,0,0,1,0,0,1,0,0,0,0,0,0,1,0,0,0,0,0,1,0,0,0,0,0,0,1,0,0,1,0,0
467,2,0.6866853341578308,0.23777885034043986,0.0,0.0,0.0,0.0,0.5,0.0,-0.041666666666666664,-0.631578947368421,0.0,0.0,0.2793713480100486,-1.0,0.2793713480100486,2.3495966477454164,0.4,0.5479833101529903,0.0,0.0,0.030575923981438248,0.5620328849028401,-0.5,0.0,0.3461992032385066,0.0,0.0,-0.3160829630015245,1.0,0.0,-1.0,0.0,-1.0,0.0,0.0,-0.5,0.0,0.0,-0.25,-1.0,0.0,0.1877637130801688,0.0,0.0,0.0,0.0,-0.7117967261714493,0.0,0.0,7.824546029563346,0.0,0.0,1.1943176378757763,0.0,4,2007,一般保證契約,一般交易,167000,12.025755079404917,0,0,0,1,0,0,0,0,0,0,0,0,0,0,0,0,1,0,0,0,0,0,0,1,0,1,0,0,0,0,0,0,0,0,1,0,0,0,0,0,0,0,0,0,0,0,0,0,0,0,0,0,0,0,0,0,1,0,0,0,0,0,0,0,1,0,0,0,0,0,0,0,1,0,0,0,0,0,1,0,0,0,0,0,0,0,0,0,1,0,0,0,0,1,0,0,0,0,0,1,0,0,0,0,0,0,0,0,0,0,0,0,0,0,0,1,0,0,0,0,0,0,0,0,0,0,0,0,1,0,0,0,0,0,1,0,0,0,0,0,1,0,0,0,0,0,1,0,0,0,0,0,0,1,0,0,1,0,0
468,3,0.42526075804806646,-0.02914995027430615,0.0,0.0,0.0,0.0,-0.5,2.0,-0.625,0.02631578947368421,1.0876180999574994,0.0,0.0,-1.0,0.0,0.0,-0.4,0.0027816411682892906,0.0,0.0,-0.2594480747135802,-0.5321375186846039,0.5,0.0,-0.4566922781054371,1.009028359369115,0.0,0.250519156002214,0.0,0.0,-1.0,1.0,0.0,0.0,1.0,0.5,0.0,1.0,0.5,-1.0,-1.0,-0.7151898734177216,0.0,0.0,0.0,1.0,-0.7117967261714493,0.0,0.0,0.0,0.0,0.0,0.0,0.0,6,2007,一般保證契約,一般交易,146500,11.89478753335453,0,0,0,0,0,0,0,1,0,0,0,0,0,0,0,0,1,0,0,0,0,0,0,1,0,1,0,0,0,0,0,0,0,0,1,0,0,0,0,0,0,0,0,0,0,0,0,0,0,0,0,0,0,0,0,0,0,0,0,0,1,0,0,0,1,0,0,0,0,0,0,0,1,0,0,0,0,0,0,0,0,1,0,0,0,0,0,1,0,0,0,0,1,0,0,0,0,0,0,0,0,0,0,0,0,0,0,0,0,1,0,0,0,0,0,0,0,0,0,0,0,0,0,0,0,1,0,0,0,1,0,0,0,0,1,0,0,0,0,0,1,0,0,0,0,0,1,0,0,0,0,0,0,1,0,0,1,0,0
469,2,1.2037547390811885,0.40964523940486075,0.0,0.0,-1.0,0.0,1.0,0.0,0.7083333333333334,0.3157894736842105,1.117572793239063,1.0,0.0,0.0,0.0,0.0,-0.6,-0.5340751043115438,0.0,0.0,1.0521951842634905,1.2575984055804683,0.5,0.0,0.9165845546688118,0.0,0.0,0.2365789665318112,0.0,0.0,0.0,0.0,0.0,0.0,1.0,0.5,0.0,0.0,0.5,0.0,1.0,1.6223628691983123,0.0,0.0,0.0,0.0,0.13347293779491828,0.0,0.0,0.0,0.0,0.0,0.0,0.0,5,2007,一般保證契約,一般交易,250000,12.429220196836383,0,0,0,1,0,0,0,0,0,0,0,0,0,0,0,0,1,0,0,0,0,0,0,1,0,1,0,0,0,0,0,0,0,1,0,0,0,0,0,0,0,0,0,0,0,0,0,0,0,0,0,0,0,0,0,0,1,0,0,0,0,0,0,0,1,0,0,0,0,0,0,0,1,0,0,0,0,0,1,0,0,0,0,0,0,0,0,1,0,0,0,0,1,0,0,0,0,1,0,0,0,0,0,0,0,0,0,0,0,0,0,0,1,0,0,0,0,0,0,0,0,0,0,0,0,0,0,0,0,1,0,0,0,1,0,0,0,0,0,0,1,0,0,0,0,0,1,0,0,0,0,0,0,1,0,0,1,0,0
470,0,0.28823999813735185,-0.07570342390357081,0.0,0.0,-1.0,0.0,0.0,0.0,0.4375,-0.02631578947368421,0.9138838108751953,1.0,0.0,0.0,0.0,0.0,0.4,0.0584144645340751,0.0,0.0,-0.1298225096364756,-0.32486297957149973,0.5,0.0,-0.5960559176645213,1.045328210068537,0.0,0.34075928155265717,0.0,0.0,0.0,1.0,0.0,0.0,1.0,0.5,0.0,-1.0,-0.5,0.0,0.0,0.10337552742616034,0.0,0.0,0.0,0.9576843843402714,0.2710282619567992,0.0,0.0,0.0,0.0,0.0,0.0,0.0,6,2008,一般保證契約,一般交易,187000,12.138869243416009,0,0,0,0,0,0,0,0,1,0,0,0,0,0,0,0,1,0,0,0,0,0,0,1,0,0,0,0,1,0,0,0,0,0,0,0,0,0,0,0,0,0,0,0,0,0,0,0,0,0,0,0,0,1,0,1,0,0,0,0,0,0,0,0,1,0,0,0,0,0,0,0,1,0,0,0,0,0,0,0,0,1,0,0,0,0,0,1,0,0,0,0,1,0,0,0,0,0,0,0,0,0,0,0,0,0,0,0,1,0,0,0,0,0,0,0,0,0,0,0,0,0,0,0,1,0,0,0,0,0,1,0,0,1,0,0,0,0,0,0,1,0,0,0,0,0,1,0,0,0,0,0,0,1,0,0,1,0,0
471,0,-0.9157076349691868,-0.7730660114253379,0.0,0.0,-1.0,0.0,1.0,0.0,0.2708333333333333,-0.23684210526315788,0.0,1.0,0.0,0.0,0.0,1.7473143510832982,0.4,-0.022253129346314324,1.089870956523857,12.447245361402718,-3.1687229326517117,0.9825610363726955,-0.5,0.0,0.7193015448759117,0.0,0.0,0.04542607562589792,1.0,0.0,-1.0,1.0,-2.0,0.0,1.0,-1.0,0.0,-1.0,-0.5,0.0,0.0,0.1962025316455696,0.0,0.0,0.0,0.0,0.19284669263052878,0.0,0.0,7.338607270038528,0.0,0.0,0.0,0.0,6,2010,一般保證契約,一般交易,212000,12.264346270624157,0,0,0,0,0,1,0,0,0,0,0,0,0,0,0,0,1,0,0,0,0,0,0,1,0,0,0,0,1,0,0,0,0,0,0,0,0,0,0,0,0,0,0,0,0,1,0,0,0,0,0,0,0,0,0,0,1,0,0,0,0,0,0,0,1,0,0,0,0,0,0,0,0,0,1,0,0,0,1,0,0,0,0,0,0,0,0,1,0,0,0,0,1,0,0,0,0,0,0,0,0,0,0,0,0,0,0,0,1,0,0,0,0,0,0,0,0,0,0,0,0,0,0,0,1,0,0,0,1,0,0,0,0,1,0,0,0,0,0,0,1,0,0,0,0,0,1,0,0,0,0,0,0,1,0,0,1,0,0
472,4,0.9727639507245631,0.5167531220029706,0.0,0.0,0.0,0.0,0.5,1.0,0.10416666666666667,-0.4473684210526316,0.0,0.0,0.0,0.0,0.0,0.0,-0.6,-0.5340751043115438,0.0,0.0,0.42552072785996053,-0.3726955655206776,-0.5,0.0,0.1314639577694772,1.0250675439510581,0.0,0.6685177113879964,0.0,0.0,0.0,1.0,0.0,0.0,0.0,1.0,0.0,0.0,0.5,0.0,0.0,0.22151898734177214,0.0,0.0,0.0,0.0,-0.7117967261714493,0.0,0.0,8.83151353694551,0.0,0.0,0.0,0.0,11,2007,一般保證契約,一般交易,190000,12.154784614286667,0,0,0,0,0,0,0,0,1,0,0,0,0,0,0,0,1,0,0,0,0,0,0,1,0,1,0,0,0,0,0,0,0,0,0,0,0,0,0,0,0,0,0,0,0,0,0,0,0,0,0,0,1,0,0,0,0,1,0,0,0,0,0,0,1,0,0,0,0,0,0,0,1,0,0,0,0,0,0,0,0,1,0,0,0,0,1,0,0,0,1,0,0,0,0,0,0,0,0,0,0,1,0,0,0,0,0,0,0,0,0,0,0,0,0,1,0,0,0,0,0,0,0,0,0,0,0,0,1,0,0,0,0,0,1,0,0,0,0,0,1,0,0,0,0,0,1,0,0,0,0,0,0,1,0,0,1,0,0
473,4,-2.280291190407216,-2.074193345900712,0.0,0.0,0.0,0.0,0.0,0.0,0.6875,0.2894736842105263,0.8097905954079107,0.0,0.0,0.0,0.0,2.3495966477454164,0.4,0.1043115438108484,0.0,0.0,-1.1730147369753516,-0.8928749377179871,0.5,0.0,-0.04601787971398502,0.0,0.0,-0.6961127960203805,1.0,0.0,-1.0,0.0,-1.0,0.0,0.0,-0.5,0.0,-1.0,-0.5,0.0,0.0,0.18354430379746836,0.0,0.0,0.0,0.0,0.009549770389255476,0.0,0.0,0.0,0.0,0.0,0.0,0.0,6,2008,一般保證契約,一般交易,148000,11.904974309480181,0,0,0,0,0,0,0,0,0,0,0,1,0,0,0,1,0,0,0,0,0,0,0,1,0,1,0,0,0,0,0,0,0,0,0,0,0,0,0,0,0,1,0,0,0,0,0,0,0,0,0,0,0,0,0,0,1,0,0,0,0,0,0,0,1,0,0,0,0,0,0,0,0,0,1,0,0,0,0,0,0,0,1,0,0,0,0,1,0,0,0,0,1,0,0,0,0,1,0,0,0,0,0,0,0,0,0,0,0,0,0,0,1,0,0,0,0,0,0,0,0,0,0,0,0,0,0,0,0,0,1,0,0,1,0,0,0,0,0,0,1,0,0,0,0,0,1,0,1,0,0,0,0,0,0,0,1,0,0
474,0,1.6321111498351177,1.0668470142724442,0.0,0.0,-1.0,0.0,1.0,0.0,0.7083333333333334,0.34210526315789475,1.1789130841358317,1.0,0.0,0.8422747575632559,0.0,2.3495966477454164,0.4,1.3435326842837274,0.0,0.0,0.21279880526480754,1.9551569506726458,0.5,0.0,1.3709800216046348,0.0,0.0,0.6768551322822527,1.0,0.0,0.0,0.0,-1.0,0.0,1.0,0.5,0.0,0.0,0.75,0.0,1.0,1.7995780590717299,0.0,0.0,0.0,1.1138870419987459,0.2388863118622446,0.0,0.0,0.0,0.0,0.0,0.0,0.0,7,2007,新屋,預售屋(估價時未完工),440000,12.994532278619134,0,0,0,1,0,0,0,0,0,0,0,0,0,0,0,0,1,0,0,0,0,0,0,1,0,1,0,0,0,0,0,0,0,1,0,0,0,0,0,0,0,0,0,0,0,0,0,0,0,0,0,0,0,0,0,0,1,0,0,0,0,0,0,0,1,0,0,0,0,0,0,0,1,0,0,0,0,0,1,0,0,0,0,0,0,0,0,1,0,0,0,0,1,0,0,0,0,1,0,0,0,0,0,0,0,0,0,0,0,0,0,0,1,0,0,0,0,0,0,0,0,0,0,0,0,0,0,0,0,0,1,0,0,1,0,0,0,0,0,0,1,0,0,0,0,0,1,0,0,0,0,0,0,1,0,0,1,0,0
475,1,-1.7829158340324498,-1.3063273403387676,0.0,0.0,0.0,0.0,1.0,0.0,0.5833333333333334,0.15789473684210525,0.0,1.0,0.0,0.0,0.0,1.7473143510832982,0.4,1.129346314325452,0.0,0.0,-0.361088155310516,0.9945191828599901,0.5,0.0,0.9424281587478535,0.0,0.0,0.26161953964716744,1.0,0.0,0.0,0.0,-1.0,0.0,2.0,0.0,0.0,-1.0,-0.5,0.0,0.0,0.07383966244725738,0.0,0.0,0.0,0.8511316791785893,0.1584510203308132,0.0,0.0,0.0,0.0,0.0,0.0,0.0,8,2007,一般保證契約,一般交易,251000,12.433212202169729,0,0,0,0,0,1,0,0,0,0,0,0,0,0,0,0,1,0,0,0,0,0,0,1,0,1,0,0,0,0,0,0,0,0,0,0,0,0,0,0,0,0,0,0,0,1,0,0,0,0,0,0,0,0,0,0,1,0,0,0,0,0,0,0,1,0,0,0,0,0,0,0,0,0,1,0,0,0,1,0,0,0,0,0,0,0,0,1,0,0,0,0,1,0,0,0,0,0,0,0,0,0,1,0,0,0,0,0,0,0,0,0,0,0,0,0,0,0,1,0,0,0,0,0,0,0,0,0,1,0,0,0,0,1,0,0,0,0,0,0,1,0,0,0,0,0,1,0,0,0,0,0,0,1,0,0,1,0,0
476,1,0.469964168048189,-0.28508757568883347,0.0,0.0,0.0,0.0,-0.5,1.0,-0.1875,-0.8157894736842105,0.0,0.0,0.0,-1.0,0.0,0.0,0.4,0.34214186369958277,0.0,0.0,-0.2638204224237761,-0.04982561036372696,-0.5,0.0,-0.26552284582604324,0.0,0.0,-0.9087971467131815,1.0,0.0,-1.0,0.0,-1.0,0.0,0.0,-0.5,0.0,-1.0,-0.5,-1.0,0.0,0.6012658227848101,0.0,0.0,0.0,0.0,-0.03050025401873223,0.0,0.0,8.013883697367243,0.0,0.0,0.0,0.0,7,2007,一般保證契約,一般交易,132500,11.794345471549745,0,0,0,1,0,0,0,0,0,0,0,0,0,0,0,0,1,0,0,0,0,0,0,1,0,0,0,0,1,0,0,0,0,0,0,0,0,0,0,0,0,0,0,0,0,0,0,1,0,0,0,0,0,0,0,0,1,0,0,0,0,0,0,0,1,0,0,0,0,0,0,0,1,0,0,0,0,0,1,0,0,0,0,0,0,1,0,0,0,0,0,0,1,0,0,0,0,0,0,0,0,0,0,0,0,0,0,0,1,0,0,0,0,0,0,0,0,0,0,0,0,0,0,0,1,0,0,0,1,0,0,0,0,0,1,0,0,0,0,0,1,0,0,0,0,0,1,0,0,0,0,1,0,0,0,0,1,0,0
477,2,0.24155735878839998,0.7427570229362742,0.0,0.0,0.0,-0.4638544907568095,0.0,0.0,0.5208333333333334,0.10526315789473684,1.0756812363252797,0.0,0.0,0.0,0.0,2.3495966477454164,0.4,0.8484005563282336,0.0,0.0,0.006522424431037433,0.9626307922272048,0.5,0.0,0.7053208420425324,0.0,0.0,0.03187979119774375,1.0,0.0,0.0,0.0,0.0,0.0,1.0,0.5,0.0,0.0,0.25,1.0,0.0,0.11181434599156118,0.0,0.0,0.0,0.950060361690953,0.09944701964073181,0.0,0.0,0.0,0.0,0.0,0.0,0.0,4,2008,一般保證契約,一般交易,208900,12.249615734512616,0,0,0,1,0,0,0,0,0,0,0,0,0,0,0,0,1,0,0,0,0,0,0,1,0,1,0,0,0,0,0,0,0,0,0,0,1,0,0,0,0,0,0,0,0,0,0,0,0,0,0,0,0,0,0,0,1,0,0,0,0,0,0,0,1,0,0,0,0,0,0,0,1,0,0,0,0,0,1,0,0,0,0,0,0,0,0,1,0,0,0,0,1,0,0,0,0,1,0,0,0,0,0,0,0,0,0,0,0,0,0,0,1,0,0,0,0,0,0,0,0,0,0,0,0,0,0,0,0,0,1,0,0,1,0,0,0,0,0,0,1,0,0,0,0,0,1,0,0,0,0,0,0,1,0,0,1,0,0
478,4,1.4586597021802525,0.8460787881278681,0.0,0.0,0.0,0.0,1.5,0.0,0.7083333333333334,0.3157894736842105,1.4852880611351635,1.8422747575632559,0.0,0.0,0.0,1.7473143510832982,-0.6,-0.5340751043115438,0.0,0.0,1.3229372366048011,2.3079222720478327,0.5,0.0,1.4829106765846356,0.9443124700415778,0.0,1.3754943020914177,0.0,0.0,0.0,1.0,0.0,0.0,2.0,1.5,0.0,0.0,0.5,1.0,1.0,0.8966244725738397,0.0,0.0,0.0,1.2687640639455031,0.3279585592787707,0.0,0.0,0.0,0.0,0.0,0.0,0.0,3,2007,一般保證契約,一般交易,380000,12.847929163278053,0,0,0,0,0,0,0,0,1,0,0,0,0,0,0,0,1,0,0,0,0,0,0,1,0,1,0,0,0,0,0,0,0,1,0,0,0,0,0,0,0,0,0,0,0,0,0,0,0,0,0,0,0,0,0,0,1,0,0,0,0,0,0,0,1,0,0,0,0,0,0,0,1,0,0,0,0,0,0,0,0,1,0,0,0,1,0,0,0,0,0,0,1,0,0,0,0,1,0,0,0,0,0,0,0,0,0,0,0,0,0,0,1,0,0,0,0,0,0,0,0,0,0,0,0,0,0,0,0,0,1,0,0,1,0,0,0,0,0,0,1,0,0,0,0,0,1,1,0,0,0,0,0,0,0,0,1,0,0
481,4,1.2037547390811885,1.2366627874640743,0.0,0.0,-1.0,0.0,1.5,0.0,0.6666666666666666,0.2894736842105263,1.2467000066288285,1.0,0.0,0.8422747575632559,0.0,2.3495966477454164,0.4,1.2197496522948539,0.0,0.0,0.13954978949443736,1.6701544593921276,0.5,0.0,1.2119654300915201,0.0,0.0,0.522781555972446,1.0,0.0,0.0,0.0,0.0,0.0,1.0,1.0,0.0,0.0,0.5,1.0,1.0,1.2257383966244726,0.0,0.0,0.0,1.3421234208187693,0.4212280429722673,0.0,0.0,0.0,0.0,0.0,0.0,0.0,3,2006,一般保證契約,一般交易,326000,12.694655727828803,0,0,0,1,0,0,0,0,0,0,0,0,0,0,0,0,1,0,0,0,0,0,0,1,0,0,1,0,0,0,0,0,0,1,0,0,0,0,0,0,0,0,0,0,0,0,0,0,0,0,0,0,0,0,0,0,1,0,0,0,0,0,0,0,1,0,0,0,0,0,0,0,1,0,0,0,0,0,1,0,0,0,0,0,0,1,0,0,0,0,0,0,1,0,0,0,0,1,0,0,0,0,0,0,0,0,0,0,0,0,0,0,1,0,0,0,0,0,0,0,0,0,0,0,0,0,0,0,0,0,1,0,0,1,0,0,0,0,0,0,1,0,0,0,0,0,1,0,0,0,0,0,0,1,0,0,1,0,0
482,2,0.09830646769700241,0.49541284324176466,0.0,0.0,-1.0,0.0,1.5,0.0,0.6458333333333334,0.2631578947368421,1.3760186539610904,1.0,0.0,0.8422747575632559,0.0,2.3495966477454164,0.4,1.6453407510431155,0.0,0.0,-0.561945393363425,1.5884404583956153,0.5,0.0,1.1356549090226058,0.0,0.0,0.44884221003397706,1.0,0.0,0.0,0.0,-1.0,0.0,2.0,0.0,0.0,0.0,0.5,1.0,1.0,1.6561181434599157,0.0,0.0,0.0,1.057551218801208,0.16442375494366226,0.0,0.0,0.0,0.0,0.0,0.0,0.0,8,2006,一般保證契約,一般交易,374000,12.832013750189885,0,0,0,1,0,0,0,0,0,0,0,0,0,0,0,0,1,0,0,0,0,0,1,0,0,1,0,0,0,0,0,0,0,1,0,0,0,0,0,0,0,0,0,0,0,0,0,0,0,0,0,0,0,0,0,0,1,0,0,0,0,0,0,0,1,0,0,0,0,0,0,0,1,0,0,0,0,0,1,0,0,0,0,0,0,1,0,0,0,0,0,0,1,0,0,0,0,1,0,0,0,0,0,0,0,0,0,0,0,0,0,0,1,0,0,0,0,0,0,0,0,0,0,0,0,0,0,0,0,0,1,0,0,1,0,0,0,0,0,0,1,0,0,0,0,0,1,0,0,0,0,0,0,1,0,0,1,0,0
483,4,-1.1398722399119068,-2.8258879724788373,0.0,1.1943176378757763,0.0,0.0,0.5,3.0,-1.1875,0.2894736842105263,0.0,1.0,0.0,-1.0,0.0,0.0,0.2,-0.11821974965229486,0.0,0.0,0.19300730384847103,-0.16940707523667164,0.5,0.0,-0.3897894449210148,1.0541364200653967,0.0,0.49242821449123536,1.0,0.0,-1.0,1.0,1.0,0.0,2.0,0.5,-0.3846268403045294,0.0,0.5,-1.0,-1.0,-1.339662447257384,-0.3466451177569989,-0.3466451177569989,0.0,0.0,-0.7117967261714493,0.0,0.0,0.0,0.0,0.0,0.0,0.0,6,2009,一般保證契約,一般交易,155000,11.951186847493476,0,0,0,0,0,0,0,1,0,0,0,0,0,0,0,1,0,0,0,0,0,0,0,1,0,0,0,0,1,0,0,0,0,0,0,0,0,0,0,0,0,0,0,0,0,0,0,0,1,0,0,0,0,0,0,0,1,0,0,0,0,0,0,0,1,0,0,0,0,0,0,0,1,0,0,0,0,0,0,0,0,1,0,0,0,0,0,1,0,0,0,0,1,0,0,0,0,0,0,0,0,0,0,0,1,0,0,0,0,0,0,0,0,0,0,0,0,0,0,0,1,0,0,0,0,0,0,0,1,0,0,0,0,1,0,0,0,0,0,0,1,0,0,0,0,0,1,0,0,0,0,0,0,1,0,0,1,0,0
484,1,-2.5560015704817522,-1.661245684282056,0.0,0.0,0.0,0.0,0.0,0.0,0.5416666666666666,0.10526315789473684,0.9049224319340058,0.0,0.0,0.8422747575632559,0.0,0.0,0.4,0.713490959666203,0.0,0.0,-0.31109682216036255,0.4404583956153463,0.5,0.0,0.23544578948320247,0.0,0.0,-0.42339496741208893,1.0,0.0,0.0,0.0,-1.0,0.0,0.0,-0.5,0.0,-1.0,-0.5,-1.0,0.0,-0.33544303797468356,0.0,0.0,0.0,0.0,0.45796420894618634,0.0,0.0,0.0,0.0,0.0,0.0,0.0,5,2006,一般保證契約,一般交易,164000,12.00762780434872,0,0,0,0,0,1,0,0,0,0,0,0,0,0,0,1,0,0,0,0,0,0,0,1,0,0,1,0,0,0,0,0,0,0,0,0,0,0,0,0,0,0,0,0,0,0,1,0,0,0,0,0,0,0,0,0,1,0,0,0,0,0,0,0,1,0,0,0,0,0,0,0,0,1,0,0,0,0,1,0,0,0,0,0,0,1,0,0,0,0,0,0,1,0,0,0,0,1,0,0,0,0,0,0,0,0,0,0,0,0,0,0,1,0,0,0,0,0,0,0,0,0,0,0,0,0,0,0,0,0,1,0,0,1,0,0,0,0,0,0,1,0,0,0,0,0,1,0,0,0,0,0,0,1,0,0,1,0,0
485,2,0.0247951663920471,-0.4863425445636353,0.0,0.0,-1.0,0.0,-0.5,2.0,-0.20833333333333334,0.18421052631578946,0.0,0.0,0.2793713480100486,-1.0,0.0,0.0,0.2,0.28372739916550765,0.0,0.0,-0.12044334110450436,0.007972097658196313,0.0,0.0,-0.2011936370024468,0.0,0.0,-0.8464668211102354,1.0,0.0,-1.0,0.0,0.0,0.0,1.0,0.0,0.0,-1.0,-0.5,-1.0,-1.0,-0.9177215189873418,0.0,0.0,0.0,0.0,0.4764282997668467,0.0,0.0,0.0,0.0,0.0,0.0,0.0,3,2007,一般保證契約,一般交易,132500,11.794345471549745,0,0,0,1,0,0,0,0,0,0,0,0,0,0,0,0,1,0,0,0,0,0,0,1,0,0,0,0,1,0,0,0,0,0,0,0,0,0,0,0,0,0,0,0,0,0,0,1,0,0,0,0,0,0,0,0,1,0,0,0,0,0,0,0,1,0,0,0,0,0,0,0,1,0,0,0,0,0,1,0,0,0,0,0,0,0,0,1,0,0,0,0,1,0,0,0,0,0,0,0,0,0,0,0,0,0,0,0,1,0,0,0,0,0,0,1,0,0,0,0,0,0,0,0,0,0,0,0,1,0,0,0,0,0,1,0,0,0,0,0,1,0,0,0,0,0,1,0,0,0,0,1,0,0,0,0,1,0,0
486,0,0.469964168048189,0.0,0.0,0.0,0.0,0.0,-0.5,2.0,-0.4583333333333333,0.34210526315789475,0.0,1.0,0.0,-1.0,0.0,0.0,0.2,0.3101529902642559,0.0,0.0,0.04159156817297587,0.23517688091679123,0.0,0.0,0.03723928180255823,0.0,0.0,-0.6154426606183782,0.0,0.0,-1.0,0.0,0.0,0.0,1.0,-0.5,0.0,0.0,0.5,-1.0,-1.0,-0.9177215189873418,0.0,0.0,0.0,0.0,0.3125597996047345,7.020909424392294,0.0,0.0,0.0,0.0,0.0,0.0,7,2009,一般保證契約,一般交易,147000,11.898194668458823,0,0,0,1,0,0,0,0,0,0,0,0,0,0,0,0,1,0,0,0,0,0,0,1,0,1,0,0,0,0,0,0,0,0,1,0,0,0,0,0,0,0,0,0,0,0,0,0,0,0,0,0,0,0,0,0,1,0,0,0,0,0,0,0,1,0,0,0,0,0,0,0,1,0,0,0,0,0,1,0,0,0,0,0,0,0,0,1,0,0,0,0,1,0,0,0,0,0,0,0,0,0,0,0,0,0,0,0,0,1,0,0,0,0,0,0,0,0,0,0,0,0,0,0,0,1,0,0,1,0,0,0,0,0,1,0,0,0,0,0,1,0,0,0,0,0,1,0,0,0,0,0,0,1,0,0,1,0,0
487,4,0.42526075804806646,0.16161442157573358,0.0,0.0,0.0,0.0,-0.5,2.0,-0.14583333333333334,-0.7631578947368421,1.0054490349891212,0.0,0.0,-1.0,0.0,0.0,0.2,0.6286509040333796,0.0,0.0,-0.5254533214216489,0.1554559043348281,-0.5,0.0,-0.043955294086325085,0.0,0.0,-0.6941143005296534,1.0,0.0,-1.0,1.0,0.0,0.0,0.0,0.0,0.0,-1.0,-0.5,0.0,0.0,0.14135021097046413,0.0,0.0,0.0,0.0,-0.7117967261714493,0.0,0.0,0.0,0.0,0.0,0.0,0.0,6,2007,一般保證契約,一般交易,156000,11.957617696467539,0,0,0,1,0,0,0,0,0,0,0,0,0,0,0,0,1,0,0,0,0,0,0,1,0,1,0,0,0,0,0,0,0,0,1,0,0,0,0,0,0,0,0,0,0,0,0,0,0,0,0,0,0,0,0,0,1,0,0,0,0,0,0,0,1,0,0,0,0,0,0,0,1,0,0,0,0,0,1,0,0,0,0,0,0,1,0,0,0,0,0,0,1,0,0,0,0,0,0,0,0,0,0,0,0,0,0,0,0,1,0,0,0,0,0,0,0,0,0,0,0,0,0,0,0,1,0,0,0,0,1,0,0,0,1,0,0,0,0,0,1,0,0,0,0,0,1,0,0,0,0,0,0,1,0,0,1,0,0
488,4,0.0,0.5745220801159853,0.0,0.0,-1.0,0.0,-0.5,1.0,-0.020833333333333332,-0.6052631578947368,0.0,0.0,0.0,0.0,0.0,1.7473143510832982,0.2,0.8539638386648123,0.0,0.0,0.009765787459943867,0.9745889387144993,0.0,0.0,0.6912683670571781,0.0,0.0,0.018263964773292146,0.0,0.0,0.0,0.0,0.0,0.0,0.0,0.5,0.0,0.0,0.25,-1.0,0.0,0.023206751054852322,0.0,0.0,0.0,1.0817237493984635,-0.7117967261714493,0.0,0.0,7.873203454932759,0.0,0.0,0.0,0.0,2,2007,一般保證契約,一般交易,175000,12.07254696717504,0,0,0,1,0,0,0,0,0,0,0,0,0,0,0,0,1,0,0,0,0,0,0,1,0,1,0,0,0,0,0,0,0,0,0,0,0,0,0,0,0,0,0,0,0,0,0,0,0,0,0,0,1,0,0,0,1,0,0,0,0,0,0,0,1,0,0,0,0,0,0,0,1,0,0,0,0,0,1,0,0,0,0,0,0,0,0,1,0,0,0,0,1,0,0,0,0,0,0,1,0,0,0,0,0,0,0,0,0,0,0,0,0,0,0,1,0,0,0,0,0,0,0,0,0,0,0,0,1,0,0,0,0,0,1,0,0,0,0,0,1,0,0,0,0,0,1,0,0,0,0,0,0,1,0,0,1,0,0
489,2,-0.5300358319518109,0.2756361220897776,0.0,0.0,0.0,0.0,-0.5,-1.0,-1.5,-0.631578947368421,0.0,0.0,-0.3466451177569989,-1.0,-0.3466451177569989,0.0,0.0,0.3894297635605007,0.0,0.0,-0.3809202284246167,-0.0817140009965122,-0.5,-0.7304631471189668,1.100763691747438,0.9724742796275001,0.0,1.1545034430318333,0.0,0.0,0.0,0.0,0.0,0.4638544907568095,0.0,2.0,-0.6199342747198131,0.0,0.5,-1.0,0.0,0.16244725738396623,0.0,-0.3466451177569989,-1.1943176378757763,0.9538950326100597,-0.7117967261714493,0.0,0.0,0.0,0.0,0.0,0.0,0.0,5,2006,低頭期合約,一般交易,160000,11.982935344196433,0,0,0,0,0,0,0,0,0,0,1,0,0,0,0,0,1,0,0,0,0,0,0,1,0,0,0,0,1,0,0,0,0,0,0,0,0,0,0,0,0,0,0,0,0,0,0,0,1,0,0,0,0,0,0,0,1,0,0,0,0,0,0,0,1,0,0,0,0,0,0,1,0,0,0,0,1,0,0,0,0,0,0,0,0,0,0,1,0,0,0,0,1,0,0,0,0,0,0,0,1,0,0,0,0,0,0,0,0,0,0,0,0,0,0,0,1,0,0,0,0,0,0,0,0,0,0,0,1,0,0,0,0,0,1,0,0,0,0,0,1,0,0,0,0,1,0,0,0,0,0,0,0,1,0,0,1,0,0
490,0,-3.7943801407173003,-3.727539945844626,0.0,0.0,0.0,0.0,-1.0,3.0,-0.041666666666666664,0.21052631578947367,0.0,0.0,0.2793713480100486,0.0,0.0,1.7473143510832982,0.4,0.18219749652294853,0.0,0.0,-1.0078781583802932,-0.7274539113104136,-0.5,0.0,-1.175878341807391,0.0,0.0,-1.7908654251300475,1.0,0.0,-1.0,0.0,-2.0,0.0,1.0,-1.5,0.0,-1.0,-0.5,-1.0,-1.0,-0.8248945147679325,0.0,0.0,0.0,0.0,-0.7117967261714493,0.0,0.0,0.0,0.0,0.0,0.0,0.0,5,2009,一般保證契約,一般交易,86000,11.362114203075018,0,0,0,0,0,0,0,0,0,0,0,1,0,0,0,1,0,0,0,0,0,0,0,1,0,1,0,0,0,0,0,0,0,0,0,0,0,0,0,0,0,0,0,0,0,0,0,0,0,1,0,0,0,0,0,0,1,0,0,0,0,0,0,0,1,0,0,0,0,0,0,0,0,1,0,0,0,0,0,0,0,0,0,1,0,0,0,1,0,0,0,0,1,0,0,0,0,0,0,0,0,0,1,0,0,0,0,0,0,0,0,0,0,0,0,0,0,0,1,0,0,0,0,0,0,0,0,0,1,0,0,0,0,0,1,0,0,0,0,0,1,0,0,0,0,0,1,0,0,0,0,0,0,1,0,0,1,0,0
492,2,0.42526075804806646,-0.02670884639067672,0.0,0.0,0.0,0.0,0.0,2.0,-0.6458333333333334,-1.1578947368421053,0.0,0.0,0.0,-1.0,0.0,0.0,0.0,0.02642559109874826,0.8104996085138084,7.6857473632598206,-0.5224834251061105,-0.37668161434977576,-0.5,0.0,-0.29262046493584043,0.9621560168677584,0.0,0.15714724404933908,1.0,0.0,-1.0,0.0,0.0,0.0,-1.0,-0.5,0.0,1.0,0.25,-1.0,-1.0,-1.018987341772152,0.0,0.0,0.0,0.0,-0.7117967261714493,4.597156711708116,0.0,0.0,0.0,0.0,1.5409627556327752,0.0,8,2006,一般保證契約,一般交易,133000,11.798111925972618,1,0,0,0,0,0,0,0,0,0,0,0,0,0,0,0,1,0,0,0,0,0,0,1,0,1,0,0,0,0,0,0,0,0,1,0,0,0,0,0,0,0,0,0,0,0,0,0,0,0,0,0,0,0,0,0,0,0,0,0,1,0,0,0,1,0,0,0,0,0,0,0,1,0,0,0,1,0,0,0,0,0,0,0,0,0,0,1,0,0,0,0,1,0,0,0,0,0,0,0,1,0,0,0,0,0,0,0,0,0,0,0,0,0,0,0,1,0,0,0,0,0,0,0,0,0,0,0,1,0,0,0,0,0,1,0,0,0,0,0,1,0,0,0,0,1,0,0,0,0,0,0,0,1,0,0,1,0,0
493,2,1.4586597021802525,1.1646961019888056,0.0,0.0,-1.0,0.0,0.0,0.0,0.7083333333333334,0.3157894736842105,0.0,1.0,0.0,0.0,0.0,0.0,-0.6,-0.5340751043115438,0.0,0.0,0.3376251921341799,-0.5321375186846039,0.0,0.0,-0.8774916127296126,1.0,0.0,-0.024549705422330825,0.0,0.0,0.0,1.0,0.0,0.0,0.0,1.0,0.0,-1.0,-0.5,0.0,0.0,-0.22151898734177214,0.0,0.0,0.0,0.0,-0.7117967261714493,0.0,0.0,0.0,0.0,0.0,0.0,0.0,5,2006,新屋,預售屋(估價時未完工),172785,12.059809113551397,0,0,0,0,0,0,0,0,1,0,0,0,0,0,0,0,1,0,0,0,0,0,0,1,0,0,0,0,1,0,0,0,0,0,0,1,0,0,0,0,0,0,0,0,0,0,0,0,0,0,0,0,0,0,0,0,1,0,0,0,0,0,0,0,1,0,0,0,0,0,0,0,1,0,0,0,0,0,0,0,0,1,0,0,0,0,0,1,0,0,0,0,1,0,0,0,0,1,0,0,0,0,0,0,0,0,0,0,0,0,0,0,1,0,0,0,0,0,0,0,0,0,0,0,0,0,0,0,1,0,0,0,0,1,0,0,0,0,0,0,1,0,0,0,0,0,1,0,0,0,0,0,0,1,0,0,1,0,0
494,4,0.0,-0.4367131143090871,0.0,0.0,0.0,0.0,-0.5,1.0,-0.25,-0.8947368421052632,0.0,0.0,0.0,-1.0,0.0,0.0,0.0,-0.013908205841446454,0.4638544907568095,10.430251079689562,-0.21480083025017332,0.5460886895864474,-0.5,0.0,0.3319335783813793,0.0,0.0,-0.3299053161523698,0.0,0.0,-1.0,1.0,0.0,0.0,0.0,0.0,0.0,0.0,0.0,-1.0,-1.0,-0.7320675105485233,0.0,0.0,0.0,0.0,-0.7117967261714493,0.0,0.0,0.0,0.0,0.0,0.0,0.0,6,2008,一般保證契約,一般交易,155000,11.951186847493476,0,0,0,1,0,0,0,0,0,0,0,0,0,0,0,0,1,0,0,0,0,0,0,1,0,1,0,0,0,0,0,0,0,0,1,0,0,0,0,0,0,0,0,0,0,0,0,0,0,0,0,0,0,0,0,0,1,0,0,0,0,0,0,0,1,0,0,0,0,0,0,0,1,0,0,0,0,0,1,0,0,0,0,0,0,0,0,1,0,0,0,0,1,0,0,0,0,0,0,0,0,0,0,0,0,0,0,0,0,0,1,0,0,0,0,0,1,0,0,0,0,0,0,0,0,0,0,0,1,0,0,0,0,0,1,0,0,0,0,0,1,0,0,0,0,1,0,0,0,0,0,1,0,0,0,0,1,0,0
496,0,-0.5300358319518109,-0.4515331131073322,0.0,0.0,0.0,0.0,-1.0,0.0,-1.0833333333333333,-1.1578947368421053,0.0,0.0,0.0,-1.0,0.0,0.0,-0.2,0.15438108484005564,0.0,0.0,-0.561945393363425,-0.5480817140009965,-0.5,-0.7304631471189668,-0.9005272297819747,0.0,0.0,-1.52407021994198,0.0,0.0,-1.0,0.0,-1.0,0.0,0.0,-1.0,0.0,-1.0,-0.5,-2.0,-2.0,-2.0316455696202533,-1.5409627556327752,-1.5409627556327752,-1.1943176378757763,0.0,0.998418729544678,6.934539989873998,0.0,0.0,0.0,0.0,1.1943176378757763,0.0,11,2009,一般保證契約,異常交易(如法拍),34900,10.460270761075149,0,0,1,0,0,0,0,0,0,0,0,0,0,0,0,0,0,1,0,0,0,0,0,1,0,1,0,0,0,1,0,0,0,0,0,0,0,0,0,0,0,0,0,0,0,0,0,0,0,0,0,0,0,0,0,0,1,0,0,0,0,0,0,0,1,0,0,0,0,0,0,0,1,0,0,0,0,0,1,0,0,0,0,0,0,0,0,1,0,0,0,0,1,0,0,0,0,0,0,0,1,0,0,0,0,0,0,0,0,0,0,0,0,0,0,0,1,0,0,0,0,0,0,0,0,0,0,0,1,0,0,0,0,0,1,0,0,0,0,0,1,0,0,0,0,1,0,0,0,0,1,0,0,0,0,0,1,0,0
497,3,0.9130411557936503,0.6614077292739043,0.0,0.0,-1.0,0.0,1.0,0.0,0.4166666666666667,-0.02631578947368421,0.0,1.0,0.0,0.0,0.0,0.0,0.4,1.1780250347705146,0.0,0.0,1.2355385023148808,4.394618834080718,0.5,0.0,2.606337680246229,0.0,0.0,1.8738268735386021,1.0,0.0,1.0,0.0,1.0,0.0,1.0,2.0,0.0,0.0,0.5,0.0,0.0,0.2721518987341772,0.0,0.0,0.0,1.1300482065114328,0.2923750990621071,8.954597211387142,0.0,0.0,0.0,0.0,0.0,0.0,5,2007,一般保證契約,一般交易,430000,12.971542813248437,0,0,0,1,0,0,0,0,0,0,0,0,0,0,0,0,1,0,0,0,0,0,0,1,0,1,0,0,0,0,0,0,1,0,0,0,0,0,0,0,0,0,0,0,0,0,0,0,0,0,0,0,0,0,0,0,1,0,0,0,0,0,0,0,1,0,0,0,0,0,0,0,1,0,0,0,0,0,1,0,0,0,0,0,0,1,0,0,0,0,0,0,1,0,0,0,0,0,0,0,0,0,0,0,0,0,0,0,0,0,1,0,0,0,0,0,0,0,0,0,0,0,0,0,0,0,1,0,1,0,0,0,0,1,0,0,0,0,0,0,1,0,0,0,0,0,1,0,0,0,0,0,0,1,0,0,1,0,0
498,4,-0.5300358319518109,-0.11852202118561743,0.0,1.1943176378757763,0.0,0.0,0.5,1.0,-0.9791666666666666,-1.1578947368421053,0.0,0.0,0.2793713480100486,-1.0,0.0,0.0,-0.2,-0.07649513212795549,0.0,0.0,0.30134776719218515,0.06178375685102142,0.5,0.0,0.0769110305415049,0.9862329406281627,0.0,0.48478694812742273,1.0,0.0,0.0,0.0,1.0,0.0,0.0,1.0,0.0,-1.0,-0.5,-1.0,-1.0,-1.018987341772152,0.0,0.0,-1.1943176378757763,0.0,0.3839769150857809,0.0,0.0,0.0,0.0,0.0,1.8203341036428238,0.0,6,2008,一般保證契約,一般交易,184000,12.122696471358964,1,0,0,0,0,0,0,0,0,0,0,0,0,0,0,0,1,0,0,0,0,0,0,1,0,1,0,0,0,0,0,0,0,0,0,0,0,0,0,1,0,0,0,0,0,0,0,0,0,0,0,0,0,0,0,0,1,0,0,0,0,0,0,0,1,0,0,0,0,0,0,0,1,0,0,0,1,0,0,0,0,0,0,0,0,0,0,1,0,0,0,0,1,0,0,0,0,0,0,0,1,0,0,0,0,0,0,0,0,0,0,0,0,0,0,0,1,0,0,0,0,0,0,0,0,0,0,0,1,0,0,0,0,1,0,0,0,0,0,0,1,0,0,0,0,0,1,0,0,0,0,1,0,0,0,0,1,0,0
499,4,-0.2564764364743176,-0.4742079758703001,0.0,0.0,0.0,0.0,-0.5,2.0,-0.10416666666666667,0.2631578947368421,0.8365135568806739,0.0,0.0,-1.0,0.0,0.0,0.2,0.0917941585535466,0.0,0.0,-0.11486218102835564,-0.2610861983059293,0.5,0.0,-0.43019828620546735,0.0,0.0,-1.0683556739415314,0.0,0.0,-1.0,0.0,0.0,0.0,1.0,-0.5,0.0,-1.0,-0.5,1.0,-1.0,-0.8164556962025317,0.0,0.0,0.0,0.7512259272201205,-0.7117967261714493,0.0,0.0,0.0,0.0,0.0,1.5409627556327752,0.0,6,2009,一般保證契約,一般交易,130000,11.775297421715827,0,0,0,1,0,0,0,0,0,0,0,0,0,0,0,0,1,0,0,0,0,0,0,1,0,1,0,0,0,0,0,0,0,0,0,0,0,0,0,0,0,0,0,0,0,0,0,1,0,0,0,0,0,0,0,0,1,0,0,0,0,0,0,0,1,0,0,0,0,0,0,0,1,0,0,0,0,0,1,0,0,0,0,0,0,1,0,0,0,0,0,0,1,0,0,0,0,0,0,0,0,0,0,0,0,0,0,0,1,0,0,0,0,0,0,0,0,0,0,0,0,0,0,0,1,0,0,0,0,0,1,0,0,1,0,0,0,0,0,0,1,0,0,0,0,0,1,0,0,0,0,0,0,1,0,0,1,0,0
500,4,0.0,-0.5517224638624388,0.0,0.0,-1.0,0.0,-0.5,2.0,-0.2916666666666667,-0.23684210526315788,0.0,0.0,0.0,-1.0,0.0,0.0,0.0,-0.3796940194714882,0.4638544907568095,8.856575964639738,0.0662927208213615,-0.1654210264075735,-1.0,0.0,-0.3992397604519068,0.0,0.0,-1.0383591136589678,0.0,0.7304631471189668,-1.0,0.0,-1.0,0.0,0.0,-0.5,0.0,-1.0,-0.5,1.0,-1.0,-0.7784810126582279,0.0,0.0,0.0,0.40498359809928,0.7546283054706587,0.0,0.0,0.0,0.0,0.0,0.7304631471189668,10.169007130464756,6,2007,一般保證契約,一般交易,120000,11.695255355062795,0,0,0,1,0,0,0,0,0,0,0,0,0,0,0,0,1,0,0,0,0,0,0,1,0,1,0,0,0,0,0,0,0,0,1,0,0,0,0,0,0,0,0,0,0,0,0,0,0,0,0,0,0,0,0,0,1,0,0,0,0,0,0,0,1,0,0,0,0,0,0,0,1,0,0,0,0,0,1,0,0,0,0,0,0,0,0,1,0,0,0,0,1,0,0,0,0,0,0,0,0,0,0,0,0,0,0,0,0,1,0,0,0,0,0,0,0,0,0,0,0,0,0,0,0,1,0,0,1,0,0,0,0,0,1,0,0,0,0,0,1,0,0,0,0,0,1,0,0,0,0,0,0,1,1,0,0,0,0
501,3,-3.7943801407173003,-3.3450019859411007,0.0,0.0,0.0,0.0,0.0,0.0,0.020833333333333332,-0.5526315789473685,1.1592616141091374,0.0,0.0,-1.0,0.0,0.0,0.0,-0.03894297635605007,0.0,0.0,-0.3180644776846775,-0.6437468858993523,-0.5,0.0,-1.0434897183004757,0.9328478046631533,0.0,-0.41980479945217886,0.0,0.0,-1.0,1.0,0.0,0.0,0.0,0.5,0.0,-1.0,-0.5,-1.0,-1.0,-0.9177215189873418,0.0,0.0,0.0,0.9576843843402714,0.009549770389255476,0.0,0.0,0.0,0.0,0.0,0.0,0.0,5,2007,一般保證契約,一般交易,113000,11.635151947212842,0,0,0,0,0,0,0,0,0,1,0,0,0,0,0,1,0,0,0,0,0,0,0,1,0,1,0,0,0,0,0,0,0,0,0,0,0,0,1,0,0,0,0,0,0,0,0,0,0,0,0,0,0,0,0,0,1,0,0,0,0,0,0,0,1,0,0,0,0,0,0,0,0,1,0,0,0,0,0,0,0,1,0,0,0,0,0,1,0,0,0,0,1,0,0,0,0,0,0,0,0,0,0,0,0,0,0,0,1,0,0,0,0,0,0,0,0,0,0,0,0,0,0,0,1,0,0,0,0,0,1,0,0,0,1,0,0,0,0,0,1,0,0,0,0,0,1,0,0,0,0,1,0,0,0,0,1,0,0
502,1,0.24155735878839998,0.04861432649127466,0.0,0.0,0.0,0.0,0.5,0.0,0.6875,0.2894736842105263,0.0,1.0,0.0,0.0,0.0,0.0,0.4,0.022253129346314324,0.0,0.0,-0.023191034120123407,-0.2571001494768311,0.0,0.0,-0.510527178411909,1.0519593275362056,0.0,0.417650659295308,0.0,0.0,0.0,1.0,0.0,0.0,1.0,0.5,0.0,-1.0,-0.5,0.0,0.0,0.5126582278481012,0.0,0.0,0.0,0.0,0.40920128863975913,0.0,0.0,0.0,0.0,0.0,0.0,0.0,2,2008,一般保證契約,一般交易,226700,12.331387247601905,0,0,0,0,0,0,0,0,1,0,0,0,0,0,0,0,0,0,1,0,0,0,0,1,0,1,0,0,0,0,0,0,0,0,0,0,0,0,0,0,0,0,0,0,0,0,0,0,0,0,1,0,0,0,0,0,1,0,0,0,0,0,0,0,1,0,0,0,0,0,0,0,1,0,0,0,0,0,0,0,0,1,0,0,0,0,0,1,0,0,0,0,1,0,0,0,0,1,0,0,0,0,0,0,0,0,0,0,0,0,0,0,1,0,0,0,0,0,0,0,0,0,0,0,0,0,0,0,1,0,0,0,0,1,0,0,0,0,0,0,1,0,0,0,0,0,1,0,0,0,0,0,0,1,0,0,1,0,0
503,0,0.0,-0.10593186204725763,0.0,0.0,0.0,0.0,-0.5,2.0,-0.14583333333333334,-0.7631578947368421,0.0,0.0,0.0,-1.0,0.0,0.0,0.2,0.43671766342141866,1.5292106396041039,6.574446614595114,-0.10380197576211946,0.43647234678624813,0.5,0.0,0.23173530826237085,0.0,0.0,-0.4269901539046238,1.0,0.0,-1.0,0.0,-1.0,0.0,0.0,0.0,0.0,-1.0,-0.5,-1.0,0.0,-0.08649789029535865,-0.3466451177569989,-0.3466451177569989,0.0,0.0,-0.7117967261714493,7.920955300440635,0.0,0.0,0.0,0.0,1.8203341036428238,9.715841640087827,4,2007,一般保證契約,一般交易,140000,11.849404844423074,0,0,0,1,0,0,0,0,0,0,0,0,0,0,0,0,1,0,0,0,0,0,0,1,0,0,0,0,1,0,0,0,0,0,0,0,0,0,0,0,0,1,0,0,0,0,0,0,0,0,0,0,0,0,0,0,0,0,0,0,0,0,1,0,1,0,0,0,0,0,0,0,1,0,0,0,0,0,1,0,0,0,0,0,0,1,0,0,0,0,0,0,1,0,0,0,0,0,0,0,0,0,0,0,0,0,0,0,0,1,0,0,0,0,0,0,0,0,0,0,0,0,0,0,0,1,0,0,1,0,0,0,0,0,1,0,0,0,0,0,1,0,0,0,0,0,1,0,0,0,0,1,0,0,1,0,0,0,0
504,4,1.2781087050015416,1.1685364918602572,0.0,0.0,-1.0,0.0,0.5,3.0,-0.2708333333333333,0.07894736842105263,0.0,0.0,0.0,-1.0,0.0,0.0,0.2,1.200278164116829,0.0,0.0,-0.4763460439609594,1.0084703537618336,-0.5,0.0,1.1476324692295727,0.0,0.0,0.4604475949171702,1.0,0.0,0.0,0.0,-2.0,0.0,0.0,0.0,0.0,1.0,0.25,1.0,0.0,0.010548523206751054,0.0,0.0,0.0,0.0,0.19284669263052878,0.0,0.0,7.6333318733731526,0.0,0.0,1.1943176378757763,0.0,3,2010,一般保證契約,一般交易,289000,12.574185427296195,0,0,0,1,0,0,0,0,0,0,0,0,0,0,0,0,1,0,0,0,0,0,0,1,0,1,0,0,0,0,1,0,0,0,0,0,0,0,0,0,0,0,0,0,0,0,0,0,0,0,0,0,0,0,0,0,1,0,0,0,0,0,0,0,1,0,0,0,0,0,0,0,1,0,0,0,0,0,1,0,0,0,0,0,0,0,0,1,0,0,0,0,1,0,0,0,0,0,0,0,0,0,0,0,0,0,0,0,0,0,1,0,0,0,0,0,1,0,0,0,0,0,0,0,0,0,0,0,1,0,0,0,0,0,1,0,0,0,0,0,1,0,0,0,0,0,1,0,0,0,0,0,0,1,0,0,1,0,0
505,3,-3.412047956290646,-2.976424457398734,0.0,0.0,0.0,0.0,0.0,0.0,0.041666666666666664,-0.5263157894736842,0.0,0.0,0.0,-1.0,0.0,0.0,0.2,-0.17663421418636996,0.8104996085138084,10.246736153405903,-1.0767342614986386,-0.279023418036871,-0.5,0.0,-0.5378813797287475,0.8975743008582895,0.0,-0.23967516672591294,0.0,0.7304631471189668,0.0,1.0,0.0,0.0,0.0,0.0,0.0,0.0,0.0,-1.0,0.0,-0.1751054852320675,0.0,0.0,0.0,1.1255062628847128,-0.7117967261714493,0.0,0.0,0.0,0.0,0.0,0.0,0.0,6,2009,一般保證契約,一般交易,147000,11.898194668458823,0,0,0,0,0,0,0,0,0,1,0,0,0,0,0,0,1,0,0,0,0,0,0,1,0,1,0,0,0,0,0,1,0,0,0,0,0,0,0,0,0,0,0,0,0,0,0,0,0,0,0,0,0,0,0,0,1,0,0,0,0,0,0,0,1,0,0,0,0,0,0,0,0,0,1,0,0,0,0,0,0,1,0,0,0,0,0,1,0,0,0,0,1,0,0,0,0,0,0,1,0,0,0,0,0,0,0,0,0,0,0,1,0,0,0,0,0,0,0,0,0,0,0,0,0,0,0,0,1,0,0,0,0,0,1,0,0,0,0,0,1,0,0,0,0,0,1,0,0,0,0,0,0,1,0,0,1,0,0
506,2,-0.5300358319518109,-0.5336765954690045,0.0,0.7304631471189668,0.0,0.0,-0.5,0.0,-0.4166666666666667,-1.105263157894737,1.2313232048835872,0.0,0.0,-1.0,0.0,0.0,-0.6,-0.5340751043115438,0.0,0.0,0.5739056279191836,-0.06975585450921774,0.0,0.0,-0.2880842536468032,1.0775709695212927,0.0,0.6577610894550293,0.0,0.0,0.0,0.0,1.0,0.4638544907568095,0.0,2.0,0.0,-1.0,-0.5,-1.0,0.0,-0.3438818565400844,0.0,0.0,-1.1943176378757763,0.0,-0.7117967261714493,0.0,0.0,0.0,0.0,0.0,0.0,0.0,7,2009,法院或遺產拍賣,一般交易,124500,11.732069026983156,0,0,0,0,0,0,0,0,0,0,0,0,0,0,1,1,0,0,0,0,0,0,0,1,0,1,0,0,0,0,0,0,0,0,0,0,0,0,0,0,0,0,0,0,0,0,0,0,1,0,0,0,0,0,0,0,0,0,0,0,1,0,0,0,1,0,0,0,0,0,0,0,0,0,0,1,0,0,0,0,0,1,0,0,0,1,0,0,0,0,0,0,1,0,0,0,0,0,0,0,1,0,0,0,0,0,0,0,0,0,0,0,0,0,0,0,1,0,0,0,0,0,0,0,0,0,0,0,0,0,1,0,0,0,1,0,0,0,0,0,1,0,0,0,0,0,1,0,0,0,0,1,0,0,0,0,1,0,0
507,0,0.469964168048189,-0.011137347296990474,0.0,0.0,-1.0,0.0,1.0,0.0,0.4375,0.0,0.9247379992196153,1.0,0.0,0.0,0.0,0.0,0.4,-0.005563282336578581,0.0,0.0,-0.14695465096984178,-0.43447932237169906,0.5,0.0,-0.060501905602798486,1.0362430870521953,0.0,0.598450216873996,0.0,0.0,0.0,1.0,0.0,0.0,1.0,1.0,0.0,0.0,0.25,0.0,0.0,-0.04430379746835443,0.0,0.0,0.0,1.0223748426441048,0.3164690756662983,0.0,0.0,0.0,0.0,0.0,0.0,0.0,9,2006,一般保證契約,一般交易,215000,12.278397958261774,0,0,0,0,0,0,0,0,1,0,0,0,0,0,0,0,1,0,0,0,0,0,0,1,0,1,0,0,0,0,0,0,0,0,0,0,0,0,0,0,0,0,0,0,0,0,0,0,0,0,0,0,0,1,0,0,1,0,0,0,0,0,0,0,1,0,0,0,0,0,0,0,1,0,0,0,0,0,0,0,0,1,0,0,0,0,0,1,0,0,0,0,1,0,0,0,0,1,0,0,0,0,0,0,0,0,0,0,0,0,0,0,1,0,0,0,0,0,0,0,0,0,0,0,0,0,0,0,0,0,1,0,0,1,0,0,0,0,0,0,1,0,0,0,0,0,1,0,0,0,0,0,0,1,0,0,1,0,0
508,1,0.24155735878839998,-0.4563961443708947,0.0,0.0,-1.0,0.0,0.0,0.0,0.7708333333333334,0.39473684210526316,0.0,1.0,0.0,0.0,0.0,0.0,0.4,-0.4965229485396384,0.0,0.0,0.765032861036006,0.4444444444444444,0.5,0.0,0.23915109123111958,0.0,0.0,-0.41980479945217886,0.0,0.0,0.0,0.0,-1.0,0.0,1.0,-1.0,0.0,-1.0,-0.5,1.0,0.0,0.820675105485232,0.0,0.0,0.0,0.0,0.3904380203072325,0.0,0.0,0.0,0.0,0.0,0.0,0.0,9,2009,新屋,預售屋(估價時未完工),208300,12.246739428005663,0,0,0,1,0,0,0,0,0,0,0,0,0,0,0,0,0,0,1,0,0,0,0,1,0,1,0,0,0,0,0,0,0,0,0,0,0,0,0,0,0,0,0,0,0,0,0,0,0,0,1,0,0,0,0,0,1,0,0,0,0,0,0,0,1,0,0,0,0,0,0,0,1,0,0,0,0,0,1,0,0,0,0,0,0,0,0,1,0,0,0,0,1,0,0,0,0,1,0,0,0,0,0,0,0,0,0,0,0,0,0,0,1,0,0,0,0,0,0,0,0,0,0,0,0,0,0,0,1,0,0,0,0,1,0,0,0,0,0,0,1,0,0,0,0,0,1,0,0,0,0,0,0,1,0,0,1,0,0
509,0,-0.5300358319518109,0.0,0.0,0.0,0.0,0.0,0.5,4.0,-0.9166666666666666,0.2894736842105263,0.0,0.0,0.5146787824253323,-1.0,0.0,0.0,-0.2,-0.3379694019471488,0.0,0.0,0.1050949039531256,-0.6098654708520179,0.5,0.0,-0.9918939181696442,0.9869204755744448,0.0,-0.14761648117602383,0.0,0.0,0.0,0.0,0.0,0.0,1.0,0.5,0.0,0.0,0.5,-1.0,0.0,-0.5126582278481012,0.0,0.0,-1.1943176378757763,0.0,-0.7117967261714493,6.952063659629819,0.0,0.0,0.0,0.0,0.0,0.0,10,2008,一般保證契約,一般交易,161000,11.989165855127435,0,0,0,0,0,0,0,1,0,0,0,0,0,0,0,1,0,0,0,0,0,0,0,1,0,1,0,0,0,0,0,0,0,0,0,0,0,0,0,0,0,0,0,0,0,0,0,0,1,0,0,0,0,0,0,0,1,0,0,0,0,0,0,0,1,0,0,0,0,0,0,0,1,0,0,0,0,0,0,0,0,1,0,0,0,0,0,0,0,1,0,0,1,0,0,0,0,0,0,0,0,0,0,0,0,0,0,0,0,1,0,0,0,0,0,0,0,0,0,0,0,0,0,0,0,1,0,0,1,0,0,0,0,0,0,0,1,0,0,0,1,0,0,0,0,0,1,0,0,0,0,1,0,0,0,0,1,0,0
510,2,0.469964168048189,0.0,0.0,0.0,0.0,0.0,-0.5,1.0,-0.2708333333333333,-0.9210526315789473,0.9393345256467777,0.0,0.0,-1.0,0.0,0.0,0.2,0.8442280945757997,0.0,0.0,-1.499385880509366,0.0916791230692576,0.5,0.0,-0.11078305317465059,0.0,0.0,-0.7588655396551478,1.0,0.0,-1.0,0.0,0.0,0.0,0.0,0.0,0.0,-1.0,-0.5,0.0,-1.0,-0.8924050632911392,0.0,0.0,0.0,1.0817237493984635,0.3427532133415796,0.0,0.0,0.0,0.0,0.0,1.5409627556327752,0.0,7,2009,一般保證契約,一般交易,124500,11.732069026983156,0,0,0,1,0,0,0,0,0,0,0,0,0,0,0,0,1,0,0,0,0,0,0,1,0,0,0,0,1,0,0,0,0,0,1,0,0,0,0,0,0,0,0,0,0,0,0,0,0,0,0,0,0,0,0,0,1,0,0,0,0,0,0,0,1,0,0,0,0,0,0,0,1,0,0,0,0,0,1,0,0,0,0,0,0,0,0,1,0,0,0,0,1,0,0,0,0,0,0,0,0,0,0,0,0,0,0,0,0,1,0,0,0,0,0,0,0,0,0,0,0,0,0,0,0,1,0,0,0,0,1,0,0,0,1,0,0,0,0,0,1,0,0,0,0,0,1,0,0,0,0,0,0,1,0,0,1,0,0
511,1,0.24155735878839998,0.996805176491975,0.0,0.0,0.0,0.0,-0.5,2.0,-0.4375,0.15789473684210525,0.776958424426578,1.0,0.0,-1.0,0.0,0.0,0.0,0.36995827538247567,0.8104996085138084,7.873203454932759,-0.7229298969518472,0.025909317389138018,0.5,0.0,0.49494524435106074,0.0,0.0,-0.17195886534444474,1.0,0.0,-1.0,0.0,-1.0,0.0,0.0,0.0,-0.18059459163956637,1.0,0.25,-1.0,-1.0,-0.8164556962025317,0.0,0.0,0.0,1.1920097643144696,0.12026819188344327,0.0,0.0,7.724358962810531,0.0,0.0,0.0,14.182841004523032,6,2009,一般保證契約,一般交易,164900,12.013100572810686,0,0,0,1,0,0,0,0,0,0,0,0,0,0,0,0,1,0,0,0,0,0,0,1,0,1,0,0,0,0,0,0,0,0,1,0,0,0,0,0,0,0,0,0,0,0,0,0,0,0,0,0,0,0,0,0,1,0,0,0,0,0,0,0,1,0,0,0,0,0,0,0,1,0,0,0,0,0,1,0,0,0,0,0,0,1,0,0,0,0,0,0,1,0,0,0,0,0,0,0,1,0,0,0,0,0,0,0,0,0,0,0,0,0,0,0,1,0,0,0,0,0,0,0,0,0,0,1,0,0,0,0,0,0,1,0,0,0,0,0,1,0,0,0,0,0,1,0,0,0,0,0,1,0,1,0,0,0,0
512,4,-1.8614282606963264,-0.7821286155012825,0.0,0.0,-1.0,0.0,0.5,0.0,0.6875,0.3157894736842105,0.8503916664685872,1.0,0.0,0.0,0.0,0.0,-0.6,-0.5340751043115438,0.0,0.0,0.8911724209452418,0.7433981066268062,0.5,0.0,0.5033455656731329,0.0,0.0,-0.16381956481908105,0.0,0.0,0.0,0.0,-1.0,0.0,1.0,0.0,0.0,0.0,0.5,0.0,0.0,-0.03164556962025317,0.0,0.0,0.0,0.9342437985003795,0.06951502783946585,0.0,0.0,0.0,0.0,0.0,0.0,0.0,3,2006,新屋,預售屋(估價時未完工),202665,12.2193145828011,0,0,0,0,0,1,0,0,0,0,0,0,0,0,0,0,1,0,0,0,0,0,0,1,0,1,0,0,0,0,0,0,0,1,0,0,0,0,0,0,0,0,0,0,0,0,0,0,0,0,0,0,0,0,0,0,1,0,0,0,0,0,0,0,1,0,0,0,0,0,0,0,0,0,1,0,0,0,1,0,0,0,0,0,0,0,0,1,0,0,0,0,1,0,0,0,0,1,0,0,0,0,0,0,0,0,0,0,0,0,0,0,1,0,0,0,0,0,0,0,0,0,0,0,0,0,0,0,0,1,0,0,0,1,0,0,0,0,0,0,1,0,0,0,0,0,1,0,0,0,0,0,0,1,0,0,1,0,0
513,4,0.0,-0.12357451598818124,0.0,0.0,0.0,0.0,-0.5,0.0,-0.2916666666666667,-0.9473684210526315,0.0,0.0,0.0,-1.0,0.0,0.0,0.0,0.1905424200278164,0.4638544907568095,7.799865873444875,-0.7577955673651402,-0.2610861983059293,-0.5,0.0,-0.5154786426099094,0.0,0.0,-1.1509861380717596,1.0,0.0,-1.0,0.0,0.0,0.0,0.0,-0.5,0.0,-1.0,-0.5,-1.0,0.0,0.6012658227848101,0.0,0.0,0.0,0.0,-0.7117967261714493,0.0,0.0,0.0,0.0,0.0,0.0,0.0,7,2006,一般保證契約,一般交易,129900,11.774527900858468,0,0,0,1,0,0,0,0,0,0,0,0,0,0,0,0,1,0,0,0,0,0,0,1,0,0,0,0,1,0,0,0,0,0,1,0,0,0,0,0,0,0,0,0,0,0,0,0,0,0,0,0,0,0,0,0,0,0,0,0,0,0,1,0,1,0,0,0,0,0,0,0,1,0,0,0,0,0,1,0,0,0,0,0,0,0,0,1,0,0,0,0,1,0,0,0,0,1,0,0,0,0,0,0,0,0,0,0,0,0,0,0,1,0,0,0,0,0,0,0,0,0,0,0,0,0,0,0,1,0,0,0,0,0,1,0,0,0,0,0,1,0,0,0,0,0,1,0,0,0,0,1,0,0,0,0,1,0,0
514,2,0.04944338438861053,-0.10166449765532411,0.0,0.0,0.0,0.0,0.0,0.0,0.22916666666666666,-0.2894736842105263,0.0,0.0,0.2793713480100486,-1.0,0.0,0.0,0.2,-0.06675938803894298,0.0,0.0,0.3603399953936688,0.17737917289486796,-0.5,0.0,-0.02956272714981939,0.0,0.0,-0.6801689497345798,0.0,0.0,-1.0,1.0,0.0,0.0,0.0,-0.5,0.0,-1.0,-0.5,-1.0,0.0,0.010548523206751054,0.0,0.0,0.0,0.9089310139773353,-0.7117967261714493,7.59329340870847,0.0,0.0,0.0,0.0,0.0,0.0,6,2007,一般保證契約,一般交易,134000,11.80560254159177,0,0,0,1,0,0,0,0,0,0,0,0,0,0,0,0,1,0,0,0,0,1,0,0,0,0,0,0,1,0,0,0,0,0,0,0,0,0,0,0,0,0,0,0,0,0,1,0,0,0,0,0,0,0,0,0,1,0,0,0,0,0,0,0,1,0,0,0,0,0,0,0,1,0,0,0,0,0,1,0,0,0,0,0,0,0,0,1,0,0,0,0,1,0,0,0,0,1,0,0,0,0,0,0,0,0,0,0,0,0,0,0,1,0,0,0,0,0,0,0,0,0,0,0,0,0,0,0,1,0,0,0,0,1,0,0,0,0,0,0,1,0,0,0,0,0,1,0,0,0,0,0,0,1,0,0,1,0,0
515,2,-0.8233670642427064,0.23023386437416862,0.0,0.0,0.0,0.0,-0.5,0.0,-0.9583333333333334,-1.1578947368421053,0.0,0.0,0.0,-1.0,0.0,0.0,-0.6,-0.5340751043115438,0.0,0.0,0.38254496375209707,-0.45241654210264076,-1.0,-0.7304631471189668,-0.7085803506461756,0.0,0.0,-1.3380876516220173,0.0,0.0,-1.0,0.0,-1.0,0.0,0.0,-0.5,0.0,-1.0,-0.5,-1.0,-1.0,-1.1877637130801688,-0.8104996085138084,-0.8104996085138084,0.0,0.0,-0.7117967261714493,6.88118732376381,0.0,0.0,0.0,0.0,1.5409627556327752,0.0,6,2007,一般保證契約,一般交易,96500,11.477308649967686,0,1,0,0,0,0,0,0,0,0,0,0,0,0,0,0,1,0,0,0,0,0,0,1,0,1,0,0,0,0,1,0,0,0,0,0,0,0,0,0,0,0,0,0,0,0,0,0,0,0,0,0,0,0,0,0,1,0,0,0,0,0,0,0,1,0,0,0,0,0,0,0,1,0,0,0,0,1,0,0,0,0,0,0,0,0,0,1,0,0,0,0,1,0,0,0,0,0,0,0,1,0,0,0,0,0,0,0,0,0,0,0,0,0,0,0,1,0,0,0,0,0,0,0,0,0,0,0,1,0,0,0,0,0,0,0,1,0,0,0,0,1,0,0,0,0,1,0,0,0,0,1,0,0,0,0,1,0,0
516,4,1.0511334301644568,0.5699988687948269,0.0,0.0,0.0,0.0,2.0,0.0,0.7708333333333334,0.39473684210526316,1.1799182515156477,1.8422747575632559,0.0,0.8422747575632559,0.0,0.0,0.4,1.4631432545201668,0.0,0.0,0.1367258874211363,2.014947683109118,0.5,0.0,1.4244819323262958,0.0,0.0,0.7286945933396014,1.0,0.0,0.0,1.0,0.0,0.0,2.0,1.5,0.0,0.0,0.5,1.0,1.0,1.7658227848101267,0.0,0.0,0.0,0.9795301978329513,0.19284669263052878,0.0,0.0,0.0,0.0,0.0,0.0,0.0,9,2009,新屋,預售屋(估價時未完工),402861,12.90634935052389,0,0,0,1,0,0,0,0,0,0,0,0,0,0,0,0,1,0,0,0,0,0,0,1,0,1,0,0,0,0,0,0,0,1,0,0,0,0,0,0,0,0,0,0,0,0,0,0,0,0,0,0,0,0,0,0,1,0,0,0,0,0,0,0,1,0,0,0,0,0,0,0,1,0,0,0,0,0,1,0,0,0,0,0,0,1,0,0,0,0,0,0,1,0,0,0,0,0,0,0,0,0,1,0,0,0,0,0,0,0,0,0,0,0,0,0,0,0,1,0,0,0,0,0,0,0,0,0,0,0,1,0,0,0,1,0,0,0,0,0,1,0,0,0,0,0,1,0,0,0,0,0,0,1,0,0,1,0,0
517,3,0.469964168048189,0.19759901113498754,0.0,0.0,-1.0,0.0,0.0,1.0,0.0,-0.5789473684210527,1.2069887466285718,0.0,0.0,-1.0,0.0,0.0,-0.6,-0.5340751043115438,0.0,0.0,0.2917638261915433,-0.6098654708520179,-0.5,0.0,0.520068269127311,1.0042277358775895,0.0,0.8419140862452849,0.0,0.0,0.0,1.0,0.0,0.0,0.0,0.5,0.0,0.0,0.25,0.0,0.0,0.4282700421940928,0.0,0.0,0.0,0.0,0.39679335174706437,0.0,0.0,0.0,0.0,0.0,1.8203341036428238,0.0,8,2009,法院或遺產拍賣,異常交易(如法拍),158000,11.970356641102999,0,0,0,0,0,0,0,0,0,0,0,0,1,0,0,0,1,0,0,0,0,0,0,1,0,0,0,0,1,0,0,0,0,0,0,0,0,0,0,0,0,0,0,0,0,0,0,0,0,0,0,0,1,0,0,0,1,0,0,0,0,0,0,0,1,0,0,0,0,0,0,0,1,0,0,0,0,0,0,0,0,0,1,0,0,0,0,1,0,0,0,0,1,0,0,0,0,0,0,0,0,0,0,0,0,0,0,0,1,0,0,0,0,0,0,0,0,0,0,0,0,0,0,0,1,0,0,0,0,0,1,0,0,0,1,0,0,0,0,0,1,0,0,0,0,0,1,0,0,0,0,0,0,1,0,0,1,0,0
518,0,0.42526075804806646,0.14310058607807616,0.0,0.0,-1.0,0.0,0.5,0.0,0.5,0.07894736842105263,1.5483326076481565,1.0,0.0,0.0,0.0,0.0,-0.6,-0.5340751043115438,0.0,0.0,0.8188673257243219,0.536123567513702,0.5,0.0,0.3461992032385066,1.0938798508727536,0.0,1.0833956608306174,0.0,0.0,0.0,1.0,0.0,0.0,1.0,0.5,0.0,0.0,0.25,0.0,1.0,1.719409282700422,0.0,0.0,0.0,1.076498012198429,-0.7117967261714493,0.0,0.0,0.0,0.0,0.0,0.0,0.0,7,2009,一般保證契約,一般交易,265000,12.487488878546145,0,0,0,0,0,0,0,0,1,0,0,0,0,0,0,0,1,0,0,0,0,0,0,1,0,1,0,0,0,0,0,0,1,0,0,0,0,0,0,0,0,0,0,0,0,0,0,0,0,0,0,0,0,0,0,0,1,0,0,0,0,0,0,0,1,0,0,0,0,0,0,0,1,0,0,0,0,0,0,0,0,1,0,0,0,0,0,1,0,0,0,0,1,0,0,0,0,1,0,0,0,0,0,0,0,0,0,0,0,0,0,0,1,0,0,0,0,0,0,0,0,0,0,0,0,0,0,0,0,0,1,0,0,1,0,0,0,0,0,0,1,0,0,0,0,0,1,0,0,0,0,0,0,1,0,0,1,0,0
519,3,0.0,-0.016723121261292016,0.0,0.0,-1.0,0.0,0.0,0.0,0.5416666666666666,0.10526315789473684,0.0,0.0,0.0,0.0,0.0,1.0,0.4,0.4478442280945758,0.0,0.0,-1.1730147369753516,-0.40059790732436473,0.5,0.0,-0.4712612060621816,1.0552188785710566,0.0,0.4540062576381072,1.0,0.0,0.0,1.0,0.0,0.0,0.0,0.5,0.0,-1.0,-0.5,0.0,0.0,0.2721518987341772,0.0,0.0,0.0,0.0,0.07725337927507323,0.0,0.0,0.0,0.0,0.0,1.5409627556327752,0.0,5,2007,一般保證契約,一般交易,211000,12.259618151783465,0,0,0,0,0,0,0,0,1,0,0,0,0,0,0,0,1,0,0,0,0,0,0,1,0,0,0,1,0,0,0,0,0,0,0,0,1,0,0,0,0,0,0,0,0,0,0,0,0,0,0,0,0,0,0,0,1,0,0,0,0,0,0,0,1,0,0,0,0,0,0,0,1,0,0,0,0,0,0,0,0,1,0,0,0,0,0,1,0,0,0,0,1,0,0,0,0,1,0,0,0,0,0,0,0,0,0,0,0,0,0,0,1,0,0,0,0,0,0,0,0,0,0,0,0,0,0,0,1,0,0,0,0,1,0,0,0,0,0,0,1,0,0,0,0,0,1,0,0,0,0,0,0,1,0,0,1,0,0
520,0,-0.9469680975410442,0.30131268555712204,0.0,0.0,0.0,0.0,0.5,4.0,-0.9583333333333334,0.2631578947368421,0.0,1.0,0.0,0.0,0.0,0.0,-0.6,-0.5340751043115438,0.0,0.0,0.8274627234630927,0.560039860488291,0.5,0.0,0.3444201581752113,1.0238653651466862,0.0,0.7978601191223667,0.0,0.0,-1.0,1.0,0.0,0.0,1.0,1.5,0.0,1.0,0.5,-1.0,-1.0,-0.8417721518987342,0.0,0.0,0.0,0.0,-0.7117967261714493,0.0,0.0,7.412004629995181,0.0,0.0,1.5409627556327752,0.0,6,2009,一般保證契約,一般交易,234000,12.36308066783498,0,0,0,0,0,0,0,1,0,0,0,0,0,0,0,0,1,0,0,0,0,0,0,1,0,1,0,0,0,0,1,0,0,0,0,0,0,0,0,0,0,0,0,0,0,0,0,0,0,0,0,0,0,0,0,0,1,0,0,0,0,0,0,0,1,0,0,0,0,0,0,0,1,0,0,0,0,0,0,0,0,1,0,0,0,0,0,0,0,1,0,0,1,0,0,0,0,0,0,0,0,0,0,0,0,0,0,0,0,1,0,0,0,0,0,0,0,0,0,0,0,0,0,0,0,1,0,0,1,0,0,0,0,0,0,0,1,0,0,0,1,0,0,0,0,0,1,0,0,0,0,1,0,0,0,0,1,0,0
521,0,-0.5300358319518109,0.2756361220897776,0.0,0.7304631471189668,0.0,0.0,-1.0,2.0,-1.5,0.15789473684210525,0.0,0.0,0.0,-6.515822458562748,-1.5409627556327752,-1.5747678672403655,-0.8,-0.5340751043115438,-0.7304631471189668,0.0,-3.1687229326517117,-1.9830592924763328,-0.5,-0.7304631471189668,-0.9769243807348964,0.9545409040817515,0.0,-0.2869529648115037,0.0,0.0,0.0,0.0,0.0,0.4638544907568095,0.0,0.5,0.0,-1.0,-0.5,-2.0,-2.0,-2.0316455696202533,-1.5409627556327752,-1.5409627556327752,-1.1943176378757763,1.076498012198429,0.42710626050754663,8.211557890737238,0.0,0.0,0.0,0.0,0.0,0.0,8,2008,一般保證契約,一般交易,106250,11.573559498507079,0,0,0,0,0,0,0,0,0,0,1,0,0,0,0,0,1,0,0,0,0,0,0,1,0,1,0,0,0,0,0,0,0,0,0,0,0,0,0,0,0,0,0,0,0,0,0,0,1,0,0,0,0,0,0,0,1,0,0,0,0,0,0,0,1,0,0,0,0,0,0,1,0,0,0,0,0,0,0,0,0,1,0,0,0,0,0,1,0,0,0,0,1,0,0,0,0,0,0,0,0,0,0,0,0,0,0,0,0,1,0,0,0,0,0,0,0,0,0,0,0,0,0,0,0,1,0,0,1,0,0,0,0,0,0,0,1,0,0,0,1,0,0,0,0,1,0,0,0,0,1,0,0,0,0,0,1,0,0
522,0,0.8929485771758422,0.5239641764418599,0.0,0.0,-1.0,0.0,0.0,1.0,-0.3125,-0.9736842105263158,0.0,0.0,0.0,-1.0,0.0,0.0,-0.2,0.5465924895688457,0.0,0.0,-0.021514965981240794,0.4962630792227205,0.5,0.0,0.28685573137786663,0.0,0.0,-0.37358247202900324,0.0,0.0,-1.0,1.0,0.0,0.0,0.0,0.0,0.0,1.0,0.5,-1.0,-1.0,-0.6139240506329114,0.0,0.0,0.0,0.0,0.10653066162035559,0.0,0.0,0.0,0.0,0.0,0.0,0.0,5,2007,一般保證契約,一般交易,150000,11.918397239722838,0,0,0,1,0,0,0,0,0,0,0,0,0,0,0,0,1,0,0,0,0,0,0,1,0,0,0,0,1,0,0,0,0,0,1,0,0,0,0,0,0,0,0,0,0,0,0,0,0,0,0,0,0,0,0,0,0,0,0,0,0,0,1,0,1,0,0,0,0,0,0,0,1,0,0,0,0,0,1,0,0,0,0,0,0,0,0,1,0,0,0,0,1,0,0,0,0,1,0,0,0,0,0,0,0,0,0,0,0,0,0,0,1,0,0,0,0,0,0,0,0,0,0,0,0,0,0,0,1,0,0,0,0,0,1,0,0,0,0,0,1,0,0,0,0,1,0,0,0,0,0,0,0,1,0,0,1,0,0
525,2,1.0897935338065554,0.4834643584842518,0.0,0.0,-1.0,0.0,0.5,0.0,0.5,0.07894736842105263,1.394702133380005,1.0,0.0,0.0,0.0,0.0,0.4,0.4659248956884562,0.0,0.0,0.25621094378186865,0.7653213751868461,0.5,0.0,0.5283909994988534,1.0813010990913263,0.0,1.1384062017884808,1.0,0.0,0.0,1.0,0.0,0.0,1.0,1.0,0.0,0.0,0.25,1.0,1.0,1.4873417721518987,0.0,0.0,0.0,1.1006422968896734,0.22418808858595582,0.0,0.0,0.0,0.0,0.0,0.0,0.0,8,2007,一般保證契約,一般交易,315750,12.662709207270272,0,0,0,0,0,0,0,0,1,0,0,0,0,0,0,0,1,0,0,0,0,0,0,1,0,1,0,0,0,0,0,0,1,0,0,0,0,0,0,0,0,0,0,0,0,0,0,0,0,0,0,0,0,0,0,0,1,0,0,0,0,0,0,0,1,0,0,0,0,0,0,0,1,0,0,0,0,0,0,0,0,1,0,0,0,0,0,1,0,0,0,0,1,0,0,0,0,1,0,0,0,0,0,0,0,0,0,0,0,0,0,0,1,0,0,0,0,0,0,0,0,0,0,0,0,0,0,0,0,0,1,0,0,1,0,0,0,0,0,0,1,0,0,0,0,0,1,0,0,0,0,0,0,1,0,0,1,0,0
526,1,-0.41840364506359273,-0.5621327824353822,0.0,1.1943176378757763,0.0,0.0,0.5,0.0,0.6875,0.2894736842105263,0.0,1.0,0.0,0.0,0.0,0.0,-0.6,-0.5340751043115438,0.0,0.0,0.8138212860276033,0.5221723966118585,0.5,0.0,0.3265642716191668,0.0,0.0,-0.33510778397174773,0.0,0.0,0.0,0.0,0.0,0.0,1.0,0.0,0.0,0.0,0.25,-1.0,0.0,-0.12025316455696203,0.0,0.0,0.0,0.6321525116633743,0.5062413857753625,0.0,0.0,0.0,0.0,0.0,0.0,0.0,4,2006,一般保證契約,一般交易,176000,12.07824495582233,0,0,0,1,0,0,0,0,0,0,0,0,0,0,0,0,0,0,1,0,0,0,0,1,0,1,0,0,0,0,0,0,0,0,0,0,0,0,0,0,0,0,0,0,0,0,0,0,0,0,1,0,0,0,0,0,1,0,0,0,0,0,0,0,1,0,0,0,0,0,0,0,1,0,0,0,0,0,1,0,0,0,0,0,0,0,0,1,0,0,0,0,1,0,0,0,0,1,0,0,0,0,0,0,0,0,0,0,0,0,0,0,1,0,0,0,0,0,0,0,0,0,0,0,0,0,0,0,1,0,0,0,0,1,0,0,0,0,0,0,1,0,0,0,0,0,1,0,0,0,0,0,0,1,0,0,1,0,0
528,0,-0.15196723459603825,1.0620416448860048,0.0,0.0,-1.0,0.0,1.5,0.0,0.75,0.3684210526315789,1.1407143511712428,1.8422747575632559,0.0,0.8422747575632559,0.0,1.7473143510832982,0.4,1.3157162726008345,0.0,0.0,-0.9704637477963259,0.9108121574489287,0.5,0.0,0.6787163730993672,1.1316601062685692,0.0,1.4397964606010758,1.0,0.0,0.0,1.0,0.0,0.0,2.0,2.5,0.0,0.0,0.5,1.0,1.0,1.5886075949367089,0.0,0.0,0.0,0.9218416313169572,0.2530101222758353,0.0,0.0,0.0,0.0,0.0,0.0,0.0,11,2008,新屋,預售屋(估價時未完工),446261,13.008661502470739,0,0,0,0,0,0,0,0,1,0,0,0,0,0,0,0,1,0,0,0,0,0,0,1,0,1,0,0,0,0,0,0,0,1,0,0,0,0,0,0,0,0,0,0,0,0,0,0,0,0,0,0,0,0,0,0,1,0,0,0,0,0,0,0,1,0,0,0,0,0,0,0,1,0,0,0,0,0,0,0,0,1,0,0,0,1,0,0,0,0,0,0,1,0,0,0,0,1,0,0,0,0,0,0,0,0,0,0,0,0,0,0,1,0,0,0,0,0,0,0,0,0,0,0,0,0,0,0,0,1,0,0,0,1,0,0,0,0,0,0,1,0,0,0,0,0,1,0,0,0,0,0,0,1,0,0,1,0,0
531,0,0.6866853341578308,0.14126529129932547,0.0,0.0,0.0,0.0,0.0,0.0,0.3333333333333333,-0.13157894736842105,1.0810377123568449,1.0,0.0,0.0,0.0,1.7473143510832982,0.4,0.5549374130737135,0.0,0.0,0.2784304997383006,0.9287493771798705,0.5,0.0,0.7301263127651447,0.0,0.0,0.055914488579372874,1.0,0.0,0.0,0.0,0.0,0.0,1.0,-0.5,0.0,0.0,0.0,0.0,0.0,0.5,0.0,0.0,0.0,1.0817237493984635,-0.7117967261714493,0.0,0.0,0.0,0.0,0.0,0.0,0.0,8,2008,一般保證契約,異常交易(如法拍),175000,12.07254696717504,0,0,0,0,0,0,0,0,0,0,0,0,1,0,0,0,1,0,0,0,0,0,0,1,0,1,0,0,0,0,0,0,0,0,0,0,0,0,0,0,0,0,0,1,0,0,0,0,0,0,0,0,0,0,0,0,1,0,0,0,0,0,0,0,1,0,0,0,0,0,0,0,1,0,0,0,0,0,0,0,0,0,1,0,0,0,0,1,0,0,0,0,1,0,0,0,0,0,0,0,0,0,0,0,0,0,0,0,1,0,0,0,0,0,0,0,0,0,0,0,0,0,0,0,1,0,0,0,0,0,1,0,0,0,1,0,0,0,0,0,1,0,0,0,0,0,1,0,0,0,0,0,0,1,0,0,1,0,0
532,1,-0.5300358319518109,-0.9974051707415506,0.0,0.0,-1.0,0.0,0.0,3.0,-1.0833333333333333,0.13157894736842105,0.0,0.0,0.0,-2.24080411332851,-0.3466451177569989,1.0,-0.6,-0.5340751043115438,0.0,0.0,0.19300730384847103,-0.7653213751868461,0.5,0.0,-0.8124408053737686,0.958755410718227,0.0,-0.1735897679772439,0.0,0.0,0.0,0.0,0.0,0.0,0.0,0.0,0.0,-1.0,-0.5,1.0,0.0,0.08649789029535865,0.0,-0.3466451177569989,0.0,0.0,-0.7117967261714493,6.3147347568259065,0.0,0.0,0.0,0.0,0.0,0.0,6,2008,一般保證契約,一般交易,128000,11.759793355371237,0,0,0,0,0,0,0,1,0,0,0,0,0,0,0,1,0,0,0,0,0,0,0,1,1,0,0,0,0,0,0,0,0,0,0,0,0,0,0,1,0,0,0,0,0,0,0,0,0,0,0,0,0,0,1,0,0,0,0,0,0,0,0,0,0,0,0,0,0,0,1,0,1,0,0,0,0,0,0,0,0,1,0,0,0,0,0,1,0,0,0,0,1,0,0,0,0,0,0,0,1,0,0,0,0,0,0,0,0,0,0,0,0,0,0,0,1,0,0,0,0,0,0,0,0,0,0,0,1,0,0,0,0,0,0,0,1,0,0,0,1,0,0,0,0,0,1,0,0,0,0,1,0,0,0,0,1,0,0
534,3,-1.1398722399119068,-1.4413963587207628,0.0,0.0,0.0,-0.4638544907568095,-2.5,-2.0,-0.5416666666666666,-1.1578947368421053,0.0,-1.24080411332851,-0.3466451177569989,-6.515822458562748,-1.5409627556327752,-1.5747678672403655,-0.8,-0.5340751043115438,-0.7304631471189668,0.0,-3.1687229326517117,-1.9830592924763328,-1.0,-0.7304631471189668,-2.410862740843843,0.0,0.0,-2.987475504970869,0.0,0.0,-1.0,0.0,-2.0,0.0,-1.0,-2.0,0.0,-1.0,-0.5,-2.0,-2.0,-2.0316455696202533,-1.5409627556327752,-1.5409627556327752,-1.1943176378757763,0.0,-0.7117967261714493,0.0,0.0,0.0,0.0,0.0,0.0,0.0,1,2007,一般保證契約,一般交易,39300,10.579005242826247,0,0,0,1,0,0,0,0,0,0,0,0,0,0,0,0,1,0,0,0,1,0,0,0,0,1,0,0,0,0,0,0,0,0,0,0,0,0,0,1,0,0,0,0,0,0,0,0,0,0,0,0,0,0,0,0,1,0,0,0,0,0,0,0,1,0,0,0,0,0,0,0,1,0,0,0,0,0,1,0,0,0,0,0,0,0,0,1,0,0,0,0,1,0,0,0,0,1,0,0,0,0,0,0,0,0,0,0,0,0,0,0,1,0,0,0,0,0,0,0,0,0,0,0,0,0,0,0,1,0,0,0,1,0,0,0,0,0,0,0,1,0,0,0,1,0,0,0,0,0,1,0,0,0,0,0,1,0,0
535,0,0.19434965866058562,-0.13472331056587528,0.0,0.0,-1.0,0.0,1.0,0.0,0.6666666666666666,0.2631578947368421,0.0,1.0,0.0,0.8422747575632559,0.2793713480100486,1.7473143510832982,-0.6,-0.5340751043115438,0.0,0.0,0.3131972568105523,-0.5739910313901345,0.5,0.0,-0.93842769827182,0.9930332258936442,0.0,-0.09010039276850554,0.0,0.0,0.0,1.0,0.0,0.0,1.0,0.0,0.0,0.0,0.5,1.0,0.0,-0.33122362869198313,0.0,0.0,0.0,0.8615537516526842,0.06951502783946585,0.0,0.0,0.0,0.0,0.0,0.0,0.0,10,2006,一般保證契約,一般交易,178000,12.08954444723597,0,0,0,0,0,0,0,0,1,0,0,0,0,0,0,0,1,0,0,0,0,0,0,1,0,1,0,0,0,0,0,0,0,0,0,1,0,0,0,0,0,0,0,0,0,0,0,0,0,0,0,0,0,0,0,0,1,0,0,0,0,0,0,0,1,0,0,0,0,0,0,0,1,0,0,0,0,0,0,0,0,1,0,0,0,0,0,1,0,0,0,0,1,0,0,0,0,1,0,0,0,0,0,0,0,0,0,0,0,0,0,0,1,0,0,0,0,0,0,0,0,0,0,0,0,0,0,0,1,0,0,0,0,1,0,0,0,0,0,0,1,0,0,0,0,0,1,0,0,0,0,0,0,1,0,0,1,0,0
537,1,-0.7034629278735134,-0.1684481700577388,0.0,0.0,-1.0,0.0,0.5,0.0,0.5416666666666666,0.13157894736842105,0.0,0.0,0.0,0.0,0.0,1.7473143510832982,-0.6,-0.5340751043115438,0.0,0.0,0.4985197355563011,-0.229197807673144,0.5,0.0,-0.4761362164853093,1.0356656346041226,0.0,0.3595198126671697,0.0,0.0,0.0,1.0,0.0,0.0,1.0,1.0,0.0,-1.0,-0.5,1.0,0.0,0.19198312236286919,0.0,0.0,0.0,0.9089310139773353,0.5317810262841542,0.0,0.0,0.0,0.0,0.0,0.0,0.0,7,2008,一般保證契約,一般交易,188000,12.144202560946876,0,0,0,0,0,0,0,0,1,0,0,0,0,0,0,0,1,0,0,0,0,0,0,1,0,0,0,1,0,0,0,0,0,0,0,0,1,0,0,0,0,0,0,0,0,0,0,0,0,0,0,0,0,0,0,0,1,0,0,0,0,0,0,0,1,0,0,0,0,0,0,0,1,0,0,0,0,0,0,0,0,1,0,0,0,0,0,1,0,0,0,0,1,0,0,0,0,1,0,0,0,0,0,0,0,0,0,0,0,0,0,0,1,0,0,0,0,0,0,0,0,0,0,0,0,0,0,0,1,0,0,0,0,1,0,0,0,0,0,0,1,0,0,0,0,0,1,0,0,0,0,0,0,1,0,0,1,0,0
538,3,0.21801994391840682,0.6695908935583808,0.0,0.0,-1.0,0.0,-1.0,0.0,0.0,-0.5789473684210527,0.0,0.0,0.0,-1.0,0.0,0.0,0.0,0.3004172461752434,0.0,0.0,-0.4487453076739443,-0.2610861983059293,-0.5,0.0,-0.5154786426099094,0.0,0.0,-1.1509861380717596,0.0,0.0,-1.0,0.0,0.0,0.0,0.0,-0.5,0.0,-1.0,-0.5,-1.0,0.0,0.3987341772151899,0.0,0.0,0.0,1.071191251074227,-0.7117967261714493,0.0,0.0,0.0,0.0,0.0,0.7304631471189668,0.0,4,2008,法院或遺產拍賣,一般交易,111250,11.619544188752133,0,0,0,1,0,0,0,0,0,0,0,0,0,0,0,0,1,0,0,0,0,0,0,1,0,0,1,0,0,0,0,0,0,0,1,0,0,0,0,0,0,0,0,0,0,0,0,0,0,0,0,0,0,0,0,0,1,0,0,0,0,0,0,0,1,0,0,0,0,0,0,0,1,0,0,0,0,0,1,0,0,0,0,0,0,1,0,0,0,0,0,0,1,0,0,0,0,0,0,0,0,0,0,0,0,0,0,0,0,1,0,0,0,0,0,0,0,0,0,0,0,0,0,0,0,1,0,0,1,0,0,0,0,0,1,0,0,0,0,0,1,0,0,0,0,0,1,0,0,0,0,1,0,0,0,0,1,0,0
540,0,0.0,0.40860328035341886,0.0,0.0,0.0,0.0,1.0,0.0,0.6041666666666666,0.21052631578947367,1.3229751447849527,1.0,0.0,0.0,0.0,1.7473143510832982,0.4,1.3546592489568845,0.0,0.0,-0.5681868077374725,1.1679123069257598,0.5,0.0,0.8685699148142586,0.0,0.0,0.19005627193363483,1.0,0.0,0.0,0.0,0.0,0.0,1.0,0.0,0.0,0.0,0.25,0.0,0.0,0.7953586497890295,0.0,0.0,0.0,1.019269494444633,-0.7117967261714493,0.0,0.0,0.0,0.0,0.0,1.5409627556327752,14.182841004523032,5,2010,一般保證契約,一般交易,272000,12.513561021741964,0,0,0,1,0,0,0,0,0,0,0,0,0,0,0,0,1,0,0,0,0,0,0,1,0,1,0,0,0,0,0,0,0,0,0,0,1,0,0,0,0,0,0,0,0,0,0,0,0,0,0,0,0,0,0,0,1,0,0,0,0,0,0,0,1,0,0,0,0,0,0,0,1,0,0,0,0,0,1,0,0,0,0,0,0,0,0,1,0,0,0,0,1,0,0,0,0,1,0,0,0,0,0,0,0,0,0,0,0,0,0,0,1,0,0,0,0,0,0,0,0,0,0,0,0,0,0,0,0,0,1,0,0,1,0,0,0,0,0,0,1,0,0,0,0,0,1,0,0,0,0,0,0,1,1,0,0,0,0
541,1,0.6866853341578308,1.0039195587346668,0.0,0.0,0.0,0.0,1.5,0.0,0.7083333333333334,0.3157894736842105,1.3889572452178576,1.8422747575632559,0.0,0.8422747575632559,0.0,1.7473143510832982,0.4,1.2183588317107092,0.0,0.0,0.1479715161288715,1.6801195814648728,0.5,0.0,1.1963454944961727,0.0,0.0,0.5076469741959958,1.0,0.0,0.0,0.0,-1.0,0.0,2.0,1.0,0.0,0.0,0.5,1.0,1.0,1.1962025316455696,0.0,0.0,0.0,1.136753047626772,0.26213018994900694,0.0,0.0,0.0,0.0,0.0,0.0,0.0,3,2009,一般保證契約,一般交易,315000,12.660331092405906,0,0,0,1,0,0,0,0,0,0,0,0,0,0,0,0,1,0,0,0,0,0,0,1,0,1,0,0,0,0,0,0,0,0,0,0,0,0,0,0,0,0,0,1,0,0,0,0,0,0,0,0,0,0,0,0,1,0,0,0,0,0,0,0,1,0,0,0,0,0,0,0,1,0,0,0,0,0,1,0,0,0,0,0,0,1,0,0,0,0,0,0,1,0,0,0,0,1,0,0,0,0,0,0,0,0,0,0,0,0,0,0,1,0,0,0,0,0,0,0,0,0,0,0,0,0,0,0,0,0,1,0,0,1,0,0,0,0,0,0,1,0,0,0,0,0,1,0,0,0,0,0,0,1,0,0,1,0,0
542,3,0.9130411557936503,0.3190171729325078,0.0,0.0,0.0,0.0,1.0,0.0,0.5833333333333334,0.15789473684210525,0.7838262134527147,1.0,0.0,0.0,0.0,0.0,-0.6,-0.5340751043115438,0.0,0.0,0.5820491346337798,-0.051818634778276036,0.5,0.0,-0.2055788747993872,1.142132078127834,0.0,1.0220466860451538,0.0,0.0,0.0,1.0,1.0,0.0,1.0,1.0,0.0,0.0,0.25,1.0,1.0,0.7025316455696202,0.0,0.0,0.0,0.0,0.2036034778236525,0.0,0.0,0.0,0.0,0.0,0.0,0.0,6,2007,一般保證契約,一般交易,248000,12.421188057397055,0,0,0,0,0,0,0,0,1,0,0,0,0,0,0,0,1,0,0,0,0,0,0,1,0,0,1,0,0,0,0,0,1,0,0,0,0,0,0,0,0,0,0,0,0,0,0,0,0,0,0,0,0,0,0,0,1,0,0,0,0,0,0,0,1,0,0,0,0,0,0,0,1,0,0,0,0,0,0,0,0,1,0,0,0,0,0,1,0,0,0,0,1,0,0,0,0,1,0,0,0,0,0,0,0,0,0,0,0,0,0,0,1,0,0,0,0,0,0,0,0,0,0,0,0,0,0,0,0,0,1,0,0,1,0,0,0,0,0,0,1,0,0,0,0,0,1,1,0,0,0,0,0,0,0,0,1,0,0
543,4,0.3800798242425943,0.12746144812078475,0.0,0.0,0.0,0.0,0.5,0.0,0.5416666666666666,0.13157894736842105,0.0,1.0,0.0,0.8422747575632559,0.0,0.0,-0.4,-0.3337969401947149,1.5292106396041039,12.465101337745741,-0.18223088358764436,1.3054309915296463,0.5,0.0,0.9821577872117215,0.0,0.0,0.3001146606586452,1.0,0.0,0.0,0.0,0.0,0.0,1.0,0.5,-0.8993056227298617,0.0,0.25,1.0,0.0,0.4282700421940928,0.0,0.0,0.0,0.7991565524388626,0.28398389695086224,0.0,0.0,0.0,0.0,0.0,0.0,0.0,6,2009,一般保證契約,一般交易,213250,12.270225154674701,0,0,0,1,0,0,0,0,0,0,0,0,0,0,0,0,1,0,0,0,0,0,0,1,0,1,0,0,0,0,0,0,0,0,0,0,0,0,0,0,0,0,0,0,0,0,0,0,0,0,0,0,1,0,0,0,0,0,1,0,0,0,0,0,1,0,0,0,0,0,0,0,1,0,0,0,0,0,1,0,0,0,0,0,0,1,0,0,0,0,0,0,1,0,0,0,0,1,0,0,0,0,0,0,0,0,0,0,0,0,0,0,1,0,0,0,0,0,0,0,0,0,0,0,0,0,0,0,1,0,0,0,0,1,0,0,0,0,0,0,1,0,0,0,0,0,1,0,0,0,0,0,0,1,0,0,1,0,0
545,1,-0.6448236533478237,1.3994432567769512,0.0,0.0,-1.0,0.0,0.5,0.0,0.7083333333333334,0.3157894736842105,0.0,1.0,0.0,0.0,0.2793713480100486,1.7473143510832982,0.4,0.2364394993045897,0.0,0.0,-1.094999958969664,-0.6796213253612357,0.5,0.0,-1.0681544025410477,1.0321763187696993,0.0,0.036402908011056875,1.0,0.0,0.0,1.0,0.0,0.0,1.0,0.5,0.0,0.0,0.5,0.0,0.0,-0.23417721518987342,0.0,0.0,0.0,0.8615537516526842,-0.03050025401873223,0.0,0.0,0.0,0.0,0.0,0.0,0.0,9,2006,新屋,預售屋(估價時未完工),179665,12.098854850641,0,0,0,0,0,0,0,0,1,0,0,0,0,0,0,0,1,0,0,0,0,0,0,1,0,1,0,0,0,0,0,0,0,0,0,1,0,0,0,0,0,0,0,0,0,0,0,0,0,0,0,0,0,0,0,0,1,0,0,0,0,0,0,0,1,0,0,0,0,0,0,0,1,0,0,0,0,0,0,0,0,1,0,0,0,0,0,1,0,0,0,0,1,0,0,0,0,1,0,0,0,0,0,0,0,0,0,0,0,0,0,0,1,0,0,0,0,0,0,0,0,0,0,0,0,0,0,0,1,0,0,0,0,1,0,0,0,0,0,0,1,0,0,0,0,0,1,0,0,0,0,0,0,1,0,0,1,0,0
546,2,0.469964168048189,0.8716932884158548,0.0,0.0,-1.0,0.0,0.5,0.0,0.3333333333333333,-0.15789473684210525,1.0216717960454416,1.0,0.2793713480100486,0.0,0.2793713480100486,0.0,0.4,0.8595271210013908,0.4638544907568095,8.125546157091508,-3.1687229326517117,0.41654210264075736,0.0,0.0,0.5184006457903685,1.0244670876672715,0.0,0.912737051528354,0.0,0.0,0.0,1.0,1.0,0.0,1.0,1.5,0.0,-1.0,-0.5,-1.0,1.0,1.2848101265822784,0.0,0.0,0.0,0.0,-0.7117967261714493,0.0,0.0,0.0,0.0,0.0,0.0,0.0,2,2006,一般保證契約,一般交易,229000,12.34148164933907,1,0,0,0,0,0,0,0,0,0,0,0,0,0,0,0,1,0,0,0,0,0,0,1,0,0,0,0,1,0,0,0,0,0,0,0,0,0,0,0,0,0,0,0,0,0,0,0,0,0,0,0,1,0,0,0,1,0,0,0,0,0,0,0,1,0,0,0,0,0,0,0,1,0,0,0,1,0,0,0,0,0,0,0,0,0,0,1,0,0,0,0,1,0,0,0,0,0,0,0,0,0,0,0,0,0,0,0,1,0,0,0,0,0,0,0,0,0,0,0,0,0,0,0,1,0,0,0,0,0,1,0,0,1,0,0,0,0,0,0,1,0,0,0,0,0,1,0,0,0,0,0,0,1,0,0,1,0,0
547,4,0.0,-0.21695824493895385,0.0,0.0,-1.0,0.0,0.0,2.0,-1.0208333333333333,-1.1578947368421053,0.0,0.0,0.0,0.0,0.0,0.0,-0.2,-0.1168289290681502,0.0,0.0,0.37924574603244215,0.1395117090184355,0.5,0.0,-0.39214873389984367,0.997366356257112,0.0,0.23797624167708262,0.0,0.0,-1.0,1.0,0.0,0.0,0.0,0.0,0.0,0.0,0.5,-1.0,0.0,-0.1751054852320675,0.0,0.0,0.0,0.0,0.09221121669515434,0.0,7.397497957722461,0.0,0.0,0.0,0.0,0.0,5,2007,一般保證契約,一般交易,210000,12.25486757159303,1,0,0,0,0,0,0,0,0,0,0,0,0,0,0,0,1,0,0,0,0,1,0,0,0,1,0,0,0,0,0,0,0,0,0,0,0,0,0,1,0,0,0,0,0,0,0,0,0,0,0,0,0,0,0,0,1,0,0,0,0,0,0,0,1,0,0,0,0,0,0,0,1,0,0,0,1,0,0,0,0,0,0,0,0,0,0,1,0,0,0,0,1,0,0,0,0,0,0,0,0,0,0,0,0,0,0,0,0,0,1,0,0,0,0,0,1,0,0,0,0,0,0,0,0,0,0,0,1,0,0,0,0,0,0,0,1,0,0,0,1,0,0,0,0,1,0,0,0,0,0,1,0,0,0,0,1,0,0
548,0,-0.8846900034520899,-0.6395582003019296,0.0,0.0,0.0,0.0,-0.5,2.0,-0.041666666666666664,-0.631578947368421,0.0,0.0,0.2793713480100486,0.0,0.0,1.7473143510832982,0.2,0.32684283727399166,0.0,0.0,-0.8412749570281102,-0.45241654210264076,0.5,0.0,-0.7654381374938951,0.0,0.0,-1.3931787126204436,1.0,0.0,-1.0,0.0,-1.0,0.0,0.0,-0.5,0.0,-1.0,-0.5,-1.0,0.0,0.6012658227848101,0.0,0.0,0.0,0.8716306951678419,-0.7117967261714493,0.0,0.0,0.0,0.0,0.0,0.0,0.0,4,2007,一般保證契約,一般交易,129500,11.771443882099637,0,0,0,0,0,0,0,0,0,0,0,0,0,1,0,0,1,0,0,0,0,0,0,1,0,1,0,0,0,0,0,0,0,0,0,0,0,0,0,0,0,0,0,0,0,0,1,0,0,0,0,0,0,0,0,0,1,0,0,0,0,0,0,0,1,0,0,0,0,0,0,0,1,0,0,0,0,0,0,0,0,0,0,1,0,0,0,1,0,0,0,0,1,0,0,0,0,1,0,0,0,0,0,0,0,0,0,0,0,0,0,0,1,0,0,0,0,0,0,0,0,0,0,0,0,0,0,0,1,0,0,0,0,0,1,0,0,0,0,0,1,0,0,0,0,0,1,0,0,0,0,1,0,0,0,0,1,0,0
549,3,-1.2063193728418797,-0.3516897368658357,0.0,0.0,-1.0,0.0,-0.5,2.0,-0.3541666666666667,0.02631578947368421,0.0,0.0,0.2793713480100486,-1.0,0.0,0.0,-0.4,-0.28372739916550765,0.8104996085138084,10.930535303772125,-3.1687229326517117,-0.3388141504733433,-0.5,0.0,-0.6140321982661278,0.0,0.0,-1.2464773671062273,1.0,0.0,-1.0,0.0,-1.0,0.0,0.0,-1.0,0.0,-1.0,-0.5,0.0,0.0,1.0063291139240507,0.0,0.0,0.0,0.950060361690953,0.17029580177297618,0.0,0.0,0.0,0.0,0.0,1.5409627556327752,0.0,6,2008,一般保證契約,一般交易,125000,11.736077016252437,0,0,0,1,0,0,0,0,0,0,0,0,0,0,0,1,0,0,0,0,0,0,1,0,0,1,0,0,0,0,0,0,0,0,0,0,0,0,0,0,0,0,0,0,0,0,0,0,1,0,0,0,0,0,0,0,0,0,0,0,0,0,1,1,0,0,0,0,0,0,0,0,1,0,0,0,0,0,1,0,0,0,0,0,0,0,0,1,0,0,0,0,1,0,0,0,0,0,0,0,0,0,0,0,0,0,0,0,0,1,0,0,0,0,0,0,0,0,0,0,0,0,0,0,0,1,0,0,1,0,0,0,0,0,1,0,0,0,0,0,1,0,0,0,0,0,1,0,0,0,0,1,0,0,0,0,1,0,0
550,2,0.24155735878839998,-0.05491455570318445,0.0,0.0,0.0,0.0,0.5,0.0,0.6458333333333334,0.2631578947368421,0.0,1.0,0.0,0.0,0.0,0.0,-0.6,-0.5340751043115438,0.0,0.0,0.5293458320783535,-0.1654210264075735,0.5,0.0,-0.3992397604519068,1.1199475348611683,0.0,0.8137544878637232,0.0,0.0,0.0,1.0,1.0,0.0,1.0,1.0,0.0,0.0,0.5,1.0,0.0,0.5632911392405063,0.0,0.0,0.0,1.0223748426441048,0.588518433393358,0.0,0.0,0.0,0.0,0.0,0.0,0.0,11,2009,一般保證契約,一般交易,263000,12.479913113434042,0,0,0,0,0,0,0,0,1,0,0,0,0,0,0,0,0,0,1,0,0,0,0,1,0,1,0,0,0,0,0,0,0,0,0,0,0,0,0,0,0,0,0,0,0,0,0,0,0,0,1,0,0,0,0,0,1,0,0,0,0,0,0,0,1,0,0,0,0,0,0,0,1,0,0,0,0,0,0,0,0,1,0,0,0,0,0,1,0,0,0,0,1,0,0,0,0,1,0,0,0,0,0,0,0,0,0,0,0,0,0,0,1,0,0,0,0,0,0,0,0,0,0,0,0,0,0,0,1,0,0,0,0,1,0,0,0,0,0,0,1,0,0,0,0,0,1,1,0,0,0,0,0,0,0,0,1,0,0
551,1,-0.9469680975410442,-1.8811679858467973,0.0,0.0,0.0,0.0,0.0,1.0,0.10416666666666667,-0.4473684210526316,0.0,0.0,0.0,0.0,0.0,0.0,0.2,0.24339360222531292,0.0,0.0,0.04782830684446261,0.1474838066766318,-0.5,0.0,-0.05221545530751936,0.0,0.0,-0.7021177961091142,0.0,0.0,0.0,0.0,-1.0,0.0,0.0,-1.0,0.0,-1.0,-0.5,0.0,0.0,-0.1751054852320675,0.0,0.0,0.0,0.0,0.19826590569316255,0.0,0.0,8.103593650252291,0.0,0.0,0.0,0.0,10,2008,法院或遺產拍賣,異常交易(如法拍),140000,11.849404844423074,0,0,0,0,0,1,0,0,0,0,0,0,0,0,0,0,1,0,0,0,0,0,0,1,0,1,0,0,0,0,0,1,0,0,0,0,0,0,0,0,0,0,0,0,0,0,0,0,0,0,0,0,0,0,0,0,1,0,0,0,0,0,0,0,1,0,0,0,0,0,0,0,0,0,1,0,0,0,1,0,0,0,0,0,0,0,0,1,0,0,0,0,1,0,0,0,0,0,0,1,0,0,0,0,0,0,0,0,0,0,0,0,0,0,0,1,0,0,0,0,0,0,0,0,0,0,0,0,1,0,0,0,0,0,1,0,0,0,0,0,1,0,0,0,0,0,1,0,0,0,0,0,0,1,0,0,1,0,0
552,3,-1.1398722399119068,-1.0526421762248437,0.0,0.0,0.0,0.0,-0.5,1.0,-0.3125,-0.9736842105263158,0.0,0.0,0.0,-1.0,0.0,0.0,-0.2,-0.10570236439499305,0.0,0.0,0.20493101284401588,-0.13353263577478824,0.0,0.0,-0.36164722749996503,0.0,0.0,-1.0019346827980289,0.0,0.0,-1.0,0.0,0.0,0.0,0.0,-0.5,0.0,-1.0,-0.5,1.0,-1.0,-0.8164556962025317,0.0,0.0,0.0,0.0,-0.7117967261714493,0.0,0.0,0.0,0.0,0.0,0.0,0.0,6,2008,一般保證契約,一般交易,112500,11.630717389475995,0,0,0,1,0,0,0,0,0,0,0,0,0,0,0,1,0,0,0,0,0,0,0,1,0,1,0,0,0,0,0,0,0,0,0,0,0,0,0,0,0,0,0,0,0,0,0,0,1,0,0,0,0,0,0,0,1,0,0,0,0,0,0,0,1,0,0,0,0,0,0,0,1,0,0,0,0,0,1,0,0,0,0,0,0,1,0,0,0,0,0,0,1,0,0,0,0,0,0,0,0,0,0,0,0,0,0,0,0,0,1,0,0,0,0,0,0,0,0,0,0,0,0,0,0,0,1,0,1,0,0,0,0,0,1,0,0,0,0,0,1,0,0,0,0,1,0,0,0,0,0,0,0,1,0,0,1,0,0
553,1,0.7703835941214926,0.3502639941784323,0.0,0.0,-1.0,0.0,1.0,0.0,0.7083333333333334,0.3157894736842105,1.1199566514645258,1.0,0.0,0.8422747575632559,0.0,1.7473143510832982,-0.6,-0.5340751043115438,0.0,0.0,1.099377272645885,1.4230194319880418,0.5,0.0,1.0338036958241164,0.0,0.0,0.3501557906327132,0.0,0.0,0.0,0.0,0.0,0.0,1.0,0.5,0.0,0.0,0.5,0.0,1.0,1.7995780590717299,0.0,0.0,0.0,1.00164946952227,0.09944701964073181,0.0,0.0,0.0,0.0,0.0,0.0,0.0,7,2009,一般保證契約,一般交易,255500,12.450981602512561,0,0,0,1,0,0,0,0,0,0,0,0,0,0,0,0,1,0,0,0,0,0,0,1,0,1,0,0,0,0,0,0,0,1,0,0,0,0,0,0,0,0,0,0,0,0,0,0,0,0,0,0,0,0,0,0,1,0,0,0,0,0,0,0,1,0,0,0,0,0,0,0,1,0,0,0,0,0,1,0,0,0,0,0,0,0,0,1,0,0,0,0,1,0,0,0,0,1,0,0,0,0,0,0,0,0,0,0,0,0,0,0,1,0,0,0,0,0,0,0,0,0,0,0,0,0,0,0,0,1,0,0,0,1,0,0,0,0,0,0,1,0,0,0,0,0,1,0,0,0,0,0,0,1,0,0,1,0,0
554,1,-0.15196723459603825,-0.206508077056391,0.0,0.0,0.0,0.0,-1.0,0.0,-0.4791666666666667,0.23684210526315788,0.0,0.0,0.0,-6.515822458562748,-1.5409627556327752,-1.5747678672403655,-0.8,-0.5340751043115438,-0.7304631471189668,0.0,-3.1687229326517117,-1.9830592924763328,0.5,0.0,0.06309405931143017,0.0,0.0,-0.5903912612620008,0.0,0.0,0.0,0.0,-1.0,0.0,1.0,-0.5,0.0,-1.0,-0.5,1.0,0.0,0.16244725738396623,0.0,0.0,-1.1943176378757763,0.0,0.37072152355335625,0.0,0.0,0.0,0.0,0.0,1.5409627556327752,0.0,5,2009,一般保證契約,一般交易,108000,11.58989576532275,0,0,0,1,0,0,0,0,0,0,0,0,0,0,0,0,1,0,0,0,0,0,0,1,0,1,0,0,0,0,0,0,0,0,0,0,0,0,0,0,0,1,0,0,0,0,0,0,0,0,0,0,0,0,0,0,0,0,0,0,0,0,1,0,1,0,0,0,0,0,0,0,1,0,0,0,0,0,1,0,0,0,0,0,0,0,0,1,0,0,0,0,1,0,0,0,0,1,0,0,0,0,0,0,0,0,0,0,0,0,0,0,1,0,0,0,0,0,0,0,0,0,0,0,0,0,0,0,1,0,0,0,0,0,1,0,0,0,0,0,1,0,0,0,0,0,1,0,0,0,0,1,0,0,0,0,1,0,0
556,2,-0.6448236533478237,-0.919289713280177,0.0,0.0,0.0,0.0,-0.5,1.0,-1.0416666666666667,-1.1578947368421053,0.0,0.0,0.0,-1.0,-0.3466451177569989,0.0,-0.6,-0.5340751043115438,0.0,0.0,0.6034553252308704,-0.003986048829098156,-0.5,0.0,-0.0960168925607107,0.0,0.0,-0.7445582037527876,0.0,0.0,-1.0,0.0,-1.0,0.0,0.0,-0.5,0.0,0.0,0.5,-1.0,-1.0,-0.8502109704641351,0.0,0.0,0.0,0.0,-0.7117967261714493,6.952063659629819,0.0,0.0,0.0,0.0,0.0,0.0,8,2006,一般保證契約,一般交易,113000,11.635151947212842,0,1,0,0,0,0,0,0,0,0,0,0,0,0,0,1,0,0,0,0,0,0,0,1,0,1,0,0,0,0,0,0,0,0,0,0,0,0,0,1,0,0,0,0,0,0,0,0,0,0,0,0,0,0,0,0,1,0,0,0,0,0,0,0,1,0,0,0,0,0,0,0,1,0,0,0,0,1,0,0,0,0,0,0,0,0,0,1,0,0,0,0,1,0,0,0,0,0,0,0,0,0,0,0,0,0,0,0,0,1,0,0,0,0,0,0,0,0,0,0,0,0,0,0,0,1,0,0,1,0,0,0,0,0,0,0,1,0,0,0,1,0,0,0,0,1,0,0,0,0,0,1,0,0,0,0,1,0,0
557,2,-0.05003889786863668,1.0457439620906328,0.0,0.0,-1.0,0.0,-0.5,0.0,-0.3125,-0.9736842105263158,0.0,0.0,0.0,-1.0,0.0,0.0,-0.2,0.7107093184979137,0.0,0.0,-0.6539640188862965,0.1933233682112606,-0.5,0.0,-0.005073036145849226,0.0,0.0,-0.6564402199381536,1.0,0.0,-1.0,0.0,-1.0,0.0,0.0,0.0,0.0,0.0,0.25,1.0,-1.0,-0.770042194092827,0.0,0.0,0.0,1.1345322452704776,-0.7117967261714493,0.0,0.0,7.05460957075334,0.0,0.0,0.7304631471189668,0.0,5,2006,一般保證契約,一般交易,141000,11.856522261533737,0,0,0,1,0,0,0,0,0,0,0,0,0,0,0,0,1,0,0,0,0,0,0,1,0,1,0,0,0,0,0,0,0,0,1,0,0,0,0,0,0,0,0,0,0,0,0,0,0,0,0,0,0,0,0,0,1,0,0,0,0,0,0,0,1,0,0,0,0,0,0,0,1,0,0,0,0,0,1,0,0,0,0,0,0,0,0,1,0,0,0,0,1,0,0,0,0,0,0,0,1,0,0,0,0,0,0,0,0,0,0,0,0,0,0,0,1,0,0,0,0,0,0,0,0,0,0,0,1,0,0,0,0,0,1,0,0,0,0,0,1,0,0,0,0,1,0,0,0,0,0,0,0,1,0,0,1,0,0
558,0,-0.5300358319518109,0.3276128362520722,0.0,0.0,0.0,-0.4638544907568095,-1.0,1.0,-1.0833333333333333,-1.1578947368421053,0.0,0.0,0.0,-1.0,0.0,0.0,-0.2,0.3518776077885953,0.0,0.0,-3.1687229326517117,-0.71350274040857,0.0,0.0,-0.4349948265582714,0.8838490681913227,0.0,-0.21635443444749275,0.0,0.0,-1.0,1.0,0.0,0.0,0.0,0.5,0.0,-1.0,-0.5,-1.0,-1.0,0.37341772151898733,0.0,0.0,0.0,0.0,0.1523737627606483,7.020909424392294,0.0,0.0,0.0,0.0,0.0,0.0,9,2006,法院或遺產拍賣,一般交易,108000,11.58989576532275,1,0,0,0,0,0,0,0,0,0,0,0,0,0,0,0,0,1,0,0,1,0,0,0,0,1,0,0,0,1,0,0,0,0,0,0,0,0,0,0,0,0,0,0,0,0,0,0,0,0,0,0,0,0,0,0,1,0,0,0,0,0,0,0,1,0,0,0,0,0,0,0,1,0,0,0,1,0,0,0,0,0,0,0,0,0,0,1,0,0,0,0,1,0,0,0,0,0,0,0,0,0,0,0,0,0,0,0,0,1,0,0,0,0,0,0,0,0,0,0,0,0,0,0,0,1,0,0,1,0,0,0,0,0,1,0,0,0,0,0,1,0,0,0,0,0,1,0,0,0,0,0,1,0,0,0,1,0,0
560,3,-1.630543492870708,-2.3517153784465865,0.0,0.0,0.0,0.0,0.5,0.0,0.6458333333333334,0.2631578947368421,0.48187107506098514,1.0,0.0,0.0,0.0,2.3495966477454164,-0.6,-0.5340751043115438,0.0,0.0,0.8951996535390127,0.7553562531141006,0.5,0.0,0.8032252813961301,0.0,0.0,0.12674207373595536,0.0,0.0,0.0,0.0,-1.0,0.0,1.0,0.5,0.0,0.0,0.25,1.0,0.0,-0.25949367088607594,0.0,0.0,0.0,0.9557953004482737,-0.07642330536929036,0.0,0.0,0.0,0.0,0.0,0.0,0.0,10,2006,一般保證契約,一般交易,234000,12.36308066783498,0,0,0,0,0,1,0,0,0,0,0,0,0,0,0,0,1,0,0,0,0,0,0,1,0,1,0,0,0,0,0,0,0,0,0,0,0,0,0,0,1,0,0,0,0,0,0,0,0,0,0,0,0,0,0,0,1,0,0,0,0,0,0,0,1,0,0,0,0,0,0,0,0,0,1,0,0,0,1,0,0,0,0,0,0,0,0,1,0,0,0,0,1,0,0,0,0,1,0,0,0,0,0,0,0,0,0,0,0,0,0,0,1,0,0,0,0,0,0,0,0,0,0,0,0,0,0,0,0,0,1,0,0,1,0,0,0,0,0,0,1,0,0,0,0,0,1,0,0,0,0,0,0,1,0,0,1,0,0
561,1,0.0247951663920471,0.3914596029509493,0.0,0.0,-1.0,0.0,-0.5,1.0,-0.3125,0.05263157894736842,1.0248235295832058,0.0,0.0,0.0,0.0,0.0,0.2,1.2767732962447844,0.0,0.0,-1.1594145828974467,0.7912306925759841,-0.5,0.0,0.5433077218945629,0.0,0.0,-0.12509914131895777,1.0,0.0,-1.0,1.0,0.0,0.0,0.0,-0.5,-0.6199342747198131,0.0,0.5,-1.0,0.0,0.1962025316455696,0.0,0.0,0.0,0.0,-0.7117967261714493,0.0,0.0,6.5538803774442425,0.0,0.0,0.0,0.0,5,2010,一般保證契約,一般交易,121500,11.707677772181546,0,0,0,1,0,0,0,0,0,0,0,0,0,0,0,0,1,0,0,0,0,0,0,1,0,1,0,0,0,0,0,0,0,0,0,0,0,0,0,0,0,0,0,0,0,0,0,1,0,0,0,0,0,0,0,0,1,0,0,0,0,0,0,0,1,0,0,0,0,0,0,0,1,0,0,0,0,0,1,0,0,0,0,0,0,1,0,0,0,0,0,0,1,0,0,0,0,0,0,0,1,0,0,0,0,0,0,0,0,0,0,0,0,0,0,0,1,0,0,0,0,0,0,0,0,0,0,0,0,0,1,0,0,0,1,0,0,0,0,0,1,0,0,0,0,0,1,0,0,0,0,1,0,0,0,0,1,0,0
562,2,0.33441012313611507,0.09731334192696879,0.0,0.0,0.0,-0.4638544907568095,-0.5,0.0,0.041666666666666664,-0.5,0.0,0.0,0.0,0.0,0.0,1.7473143510832982,0.2,0.9554937413073713,0.4638544907568095,7.071285304475592,-0.6609518524034644,0.7852516193323368,0.0,0.0,0.5383446066252684,0.0,0.0,-0.1299080391182201,1.0,0.0,-1.0,0.0,-1.0,0.0,0.0,0.0,0.0,0.0,0.25,0.0,0.0,-0.2679324894514768,0.0,0.0,0.0,1.1018674496009326,0.09221121669515434,0.0,0.0,0.0,0.0,0.0,0.0,0.0,4,2006,一般保證契約,一般交易,170000,12.04355959836804,0,0,0,1,0,0,0,0,0,0,0,0,0,0,0,0,1,0,0,0,0,0,0,1,0,1,0,0,0,0,0,0,0,0,0,0,0,0,0,0,0,0,0,0,0,0,1,0,0,0,0,0,0,0,0,0,1,0,0,0,0,0,0,0,1,0,0,0,0,0,0,0,1,0,0,0,0,0,1,0,0,0,0,0,0,0,0,1,0,0,0,0,1,0,0,0,0,0,0,0,0,0,0,0,0,0,0,0,1,0,0,0,0,0,0,0,0,0,0,0,0,0,0,0,1,0,0,0,1,0,0,0,0,0,1,0,0,0,0,0,1,0,0,0,0,0,1,0,0,0,0,0,0,1,0,0,1,0,0
563,4,-0.3637131127598576,0.8840630354558626,0.0,0.0,0.0,0.0,-0.5,1.0,-0.6666666666666666,-0.6578947368421053,0.0,0.0,0.0,-1.0,0.0,0.0,0.0,-0.13073713490959665,0.0,0.0,0.3120187326440631,0.001993024414549078,0.5,0.0,-0.207774295545575,0.0,0.0,-0.8528430007209589,1.0,0.0,-1.0,0.0,0.0,0.0,0.0,0.0,0.0,0.0,0.5,-2.0,-2.0,-2.0316455696202533,-1.5409627556327752,-1.5409627556327752,0.0,0.9576843843402714,-0.7117967261714493,0.0,0.0,0.0,0.0,0.0,0.0,0.0,7,2008,一般保證契約,一般交易,108000,11.58989576532275,0,0,1,0,0,0,0,0,0,0,0,0,0,0,0,0,1,0,0,0,0,0,0,1,0,1,0,0,0,0,0,0,0,0,0,0,0,0,0,0,0,1,0,0,0,0,0,0,0,0,0,0,0,0,0,0,1,0,0,0,0,0,0,0,1,0,0,0,0,0,0,0,1,0,0,0,0,0,1,0,0,0,0,0,0,0,0,1,0,0,0,0,1,0,0,0,0,0,0,0,0,1,0,0,0,0,0,0,0,0,0,0,0,0,0,0,0,1,0,0,0,0,0,0,0,0,0,0,1,0,0,0,0,0,1,0,0,0,0,0,1,0,0,0,0,0,1,0,0,0,1,0,0,0,0,0,1,0,0
564,2,-0.20389035669044683,2.0220136436667584,0.0,0.0,0.0,0.0,0.0,2.0,-1.125,-1.1578947368421053,0.0,0.0,0.0,0.0,0.0,1.0,-0.6,-0.5340751043115438,0.0,0.0,0.7436381450796071,0.33482810164424515,0.5,0.0,0.13531768548383516,0.917793619975052,0.0,0.2919118376556899,0.0,0.0,0.0,0.0,1.0,0.0,0.0,1.0,0.0,0.0,0.5,1.0,0.0,-0.36075949367088606,0.0,0.0,-1.1943176378757763,0.7795782642142528,0.07725337927507323,0.0,0.0,7.397497957722461,0.0,0.0,0.0,0.0,7,2008,一般保證契約,一般交易,185000,12.128116509451258,1,0,0,0,0,0,0,0,0,0,0,0,0,0,0,0,1,0,0,0,0,0,0,1,0,1,0,0,0,0,0,0,0,0,0,0,0,0,0,0,0,1,0,0,0,0,0,0,0,0,0,0,0,0,0,0,1,0,0,0,0,0,0,0,1,0,0,0,0,0,0,0,1,0,0,0,1,0,0,0,0,0,0,0,0,0,0,1,0,0,0,0,1,0,0,0,0,0,0,0,1,0,0,0,0,0,0,0,0,0,0,0,0,0,0,0,1,0,0,0,0,0,0,0,0,0,0,0,1,0,0,0,0,0,0,0,1,0,0,0,1,0,0,0,0,0,1,0,0,0,0,1,0,0,0,0,1,0,0
565,0,0.9130411557936503,0.7834013464170663,0.0,0.0,-1.0,0.0,0.5,0.0,0.4166666666666667,0.15789473684210525,0.0,1.0,0.0,0.0,0.0,0.0,0.4,0.47844228094575797,0.0,0.0,-0.20654595754188557,0.19930244145490783,0.5,0.0,0.14108773727109764,1.1082144358974806,0.0,1.0325388267431626,1.0,0.0,0.0,1.0,1.0,0.0,1.0,1.5,0.0,0.0,0.25,0.0,0.0,0.4578059071729958,0.0,0.0,0.0,0.0,0.10653066162035559,0.0,0.0,0.0,0.0,0.0,0.0,0.0,7,2006,一般保證契約,一般交易,268000,12.498745990829315,0,0,0,0,0,0,0,0,1,0,0,0,0,0,0,0,1,0,0,0,0,0,0,1,0,0,0,1,0,0,0,0,1,0,0,0,0,0,0,0,0,0,0,0,0,0,0,0,0,0,0,0,0,0,0,0,1,0,0,0,0,0,0,0,1,0,0,0,0,0,0,0,1,0,0,0,0,0,0,0,0,1,0,0,0,0,0,1,0,0,0,0,1,0,0,0,0,0,0,0,0,0,0,0,0,0,0,0,1,0,0,0,0,0,0,0,0,0,0,0,0,0,0,0,1,0,0,0,1,0,0,0,0,1,0,0,0,0,0,0,1,0,0,0,0,0,1,0,0,0,0,0,0,1,0,0,1,0,0
566,1,-0.20389035669044683,-0.760817207837224,0.0,0.0,0.0,0.0,0.0,-1.0,-1.1875,-1.1578947368421053,0.0,0.0,0.0,0.0,0.0,0.0,-0.6,-0.5340751043115438,0.0,0.0,0.423415319095289,-0.37668161434977576,-0.5,-0.7304631471189668,-0.573131283904369,1.0244670876672715,0.0,0.2546871661133536,1.0,0.0,-1.0,1.0,1.0,0.0,-1.0,0.0,0.0,-1.0,-0.5,-1.0,-1.0,-1.120253164556962,0.0,0.0,0.0,0.0,0.2530101222758353,7.278278985320871,0.0,0.0,0.0,0.0,0.0,0.0,5,2010,一般保證契約,一般交易,128000,11.759793355371237,0,0,0,0,0,0,0,1,0,0,0,0,0,0,0,0,1,0,0,0,0,1,0,0,0,0,0,0,1,0,0,0,0,0,0,0,0,1,0,0,0,0,0,0,0,0,0,0,0,0,0,0,0,0,0,0,1,0,0,0,0,0,0,0,1,0,0,0,0,0,0,0,1,0,0,0,0,0,0,0,0,1,0,0,0,0,0,1,0,0,0,0,1,0,0,0,0,0,0,0,1,0,0,0,0,0,0,0,0,0,0,0,0,0,0,0,1,0,0,0,0,0,0,0,0,0,0,0,1,0,0,0,0,1,0,0,0,0,0,0,1,0,0,0,1,0,0,0,0,0,0,1,0,0,0,0,1,0,0
567,4,0.33441012313611507,0.36130901434932033,0.0,0.0,-1.0,0.0,1.5,0.0,0.6875,0.34210526315789475,1.1139663082701052,1.0,0.0,0.0,0.2793713480100486,0.0,-0.6,-0.5340751043115438,0.0,0.0,0.7115070436922036,0.25311410064773293,0.5,0.0,0.07887896169490478,1.1582533405167876,0.0,1.2433970749169678,0.0,0.0,0.0,1.0,1.0,0.0,2.0,2.5,0.0,0.0,0.5,1.0,1.0,0.7362869198312236,0.0,0.0,0.0,0.9576843843402714,0.09944701964073181,0.0,0.0,0.0,0.0,0.0,0.0,0.0,6,2008,一般保證契約,一般交易,325000,12.691583538230217,0,0,0,0,0,0,0,0,1,0,0,0,0,0,0,0,1,0,0,0,0,0,0,1,0,1,0,0,0,0,0,0,0,0,0,0,0,0,0,0,0,0,0,0,0,1,0,0,0,0,0,0,0,0,0,0,1,0,0,0,0,0,0,0,1,0,0,0,0,0,0,0,1,0,0,0,0,0,0,0,0,1,0,0,0,1,0,0,0,0,0,0,1,0,0,0,0,1,0,0,0,0,0,0,0,0,0,0,0,0,0,0,1,0,0,0,0,0,0,0,0,0,0,0,0,0,0,0,0,0,1,0,0,1,0,0,0,0,0,0,1,0,0,0,0,0,1,1,0,0,0,0,0,0,0,0,1,0,0
569,2,0.42526075804806646,0.5909805161597768,0.0,0.0,-1.0,-0.4638544907568095,1.0,3.0,0.22916666666666666,0.39473684210526316,0.0,1.0,0.0,0.0,0.0,2.3495966477454164,0.4,1.4700973574408902,0.0,0.0,-1.4464531899501953,0.9985052316890882,0.5,0.0,0.7099890115603792,0.9680994342224887,0.0,0.8564456959939999,1.0,0.0,-1.0,1.0,-2.0,0.0,1.0,-0.5,-0.3846268403045294,0.0,0.5,1.0,0.0,0.5506329113924051,0.2793713480100486,0.0,0.0,1.2149818841539768,0.10653066162035559,0.0,0.0,0.0,0.0,0.0,0.0,0.0,9,2009,一般保證契約,一般交易,316600,12.665397584983758,1,0,0,0,0,0,0,0,0,0,0,0,0,0,0,0,1,0,0,0,1,0,0,0,0,1,0,0,0,0,0,0,0,0,0,0,0,0,0,0,0,0,0,0,0,0,0,0,0,0,0,0,0,1,0,0,1,0,0,0,0,0,0,0,1,0,0,0,0,0,0,0,1,0,0,0,1,0,0,0,0,0,0,0,0,0,0,1,0,0,0,0,1,0,0,0,0,0,0,0,1,0,0,0,0,0,0,0,0,0,0,0,0,0,0,0,1,0,0,0,0,0,0,0,0,0,0,0,1,0,0,0,0,0,1,0,0,0,0,0,1,0,0,0,0,0,1,1,0,0,0,0,0,0,0,0,1,0,0
570,1,0.21801994391840682,-0.7054567815059536,0.0,0.0,-1.0,0.0,-0.5,0.0,0.14583333333333334,-0.39473684210526316,0.0,0.0,0.0,0.0,0.0,2.3495966477454164,0.4,0.7774687065368567,0.0,0.0,-3.1687229326517117,-0.10363726955655207,-0.5,0.0,-0.3269007607773357,0.0,0.0,-0.968267883159433,1.0,0.0,-1.0,0.0,-1.0,0.0,0.0,-1.0,0.0,1.0,0.25,-1.0,0.0,0.5,0.0,0.0,0.0,0.6542123526043941,-0.7117967261714493,0.0,0.0,0.0,0.0,0.0,0.0,0.0,12,2006,一般保證契約,一般交易,135960,11.820123358887447,0,0,0,0,0,0,0,0,0,0,0,0,0,0,1,0,1,0,0,0,0,0,0,1,0,0,0,0,1,0,0,0,0,0,1,0,0,0,0,0,0,0,0,0,0,0,0,0,0,0,0,0,0,0,0,0,1,0,0,0,0,0,0,0,1,0,0,0,0,0,0,0,0,0,0,1,0,0,0,0,0,0,0,1,0,0,0,1,0,0,0,0,1,0,0,0,0,0,0,0,0,0,0,0,0,0,0,0,0,1,0,0,0,0,0,0,0,0,0,0,0,0,0,0,0,1,0,0,1,0,0,0,0,0,1,0,0,0,0,0,1,0,0,0,0,0,1,0,0,0,0,1,0,0,0,0,1,0,0
571,0,0.19434965866058562,0.73830821848217,0.0,0.0,-1.0,0.0,-0.5,0.0,-0.14583333333333334,-0.7631578947368421,0.8861891607291794,0.0,0.0,-1.0,0.0,0.0,-0.4,-0.21279554937413073,0.0,0.0,0.9746343100551135,1.4608868958644743,-0.5,0.0,1.0489755253304933,0.0,0.0,0.3648561901933243,0.0,0.0,0.0,0.0,3.0,0.4638544907568095,0.0,2.0,0.0,-1.0,-0.5,-1.0,0.0,0.3987341772151899,0.0,0.0,0.0,0.0,-0.7117967261714493,0.0,0.0,0.0,0.0,0.0,0.0,0.0,11,2008,一般保證契約,一般交易,142600,11.867805799560465,0,0,0,0,0,0,0,0,0,0,0,0,0,0,1,0,1,0,0,0,0,0,0,1,0,1,0,0,0,0,0,0,0,0,1,0,0,0,0,0,0,0,0,0,0,0,0,0,0,0,0,0,0,0,0,0,1,0,0,0,0,0,0,0,1,0,0,0,0,0,0,0,0,0,0,1,0,0,1,0,0,0,0,0,0,0,0,1,0,0,0,0,1,0,0,0,0,0,0,0,0,0,0,0,0,0,0,0,1,0,0,0,0,0,0,0,0,0,0,0,0,0,0,0,1,0,0,0,0,0,1,0,0,0,1,0,0,0,0,0,1,0,0,0,0,0,1,0,0,0,0,1,0,0,0,0,1,0,0
573,4,0.6013158959809177,0.7490476748993818,0.0,0.0,-1.0,0.0,0.5,0.0,0.7708333333333334,0.39473684210526316,0.0,0.0,0.0,0.8422747575632559,0.0,1.7473143510832982,-0.6,-0.5340751043115438,0.0,0.0,0.46470607245609663,-0.2969606377678127,0.0,0.0,-0.5604852308359604,1.0362430870521953,0.0,0.3164459229931844,0.0,0.0,0.0,1.0,0.0,0.0,1.0,0.0,0.0,-1.0,-0.5,0.0,0.0,0.7109704641350211,0.0,0.0,0.0,1.0603233663617886,0.42710626050754663,0.0,0.0,0.0,0.0,0.0,0.0,0.0,7,2009,新屋,預售屋(估價時未完工),224500,12.32163544049751,0,0,0,0,0,0,0,0,1,0,0,0,0,0,0,0,1,0,0,0,0,0,1,0,0,0,0,0,1,0,0,0,0,0,0,0,0,0,0,0,0,0,0,1,0,0,0,0,0,0,0,0,0,0,0,0,1,0,0,0,0,0,0,0,1,0,0,0,0,0,0,0,1,0,0,0,0,0,0,0,0,1,0,0,0,0,0,1,0,0,0,0,1,0,0,0,0,1,0,0,0,0,0,0,0,0,0,0,0,0,0,0,1,0,0,0,0,0,0,0,0,0,0,0,0,0,0,0,1,0,0,0,0,1,0,0,0,0,0,0,1,0,0,0,0,0,1,0,0,0,0,0,0,1,0,0,1,0,0
574,1,0.28823999813735185,0.08726802422716154,0.0,0.0,-1.0,0.0,0.5,0.0,0.5833333333333334,0.15789473684210525,0.0,0.0,0.0,0.0,0.0,0.0,-0.6,-0.5340751043115438,0.0,0.0,-0.1722918523321359,-1.2177379172894869,0.5,0.0,-0.7490597188456659,0.975352797528441,0.0,-0.0649361246098107,0.0,0.0,0.0,1.0,0.0,0.0,0.0,1.0,0.0,0.0,0.25,0.0,0.0,-0.3438818565400844,0.0,0.0,0.0,0.8615537516526842,-0.7117967261714493,0.0,0.0,0.0,0.0,0.0,0.0,0.0,12,2007,一般保證契約,一般交易,170000,12.04355959836804,0,0,0,0,0,0,0,0,0,0,0,0,1,0,0,0,1,0,0,0,0,0,0,1,0,1,0,0,0,0,0,0,0,0,0,1,0,0,0,0,0,0,0,0,0,0,0,0,0,0,0,0,0,0,0,0,1,0,0,0,0,0,0,0,1,0,0,0,0,0,0,0,1,0,0,0,0,0,0,0,0,0,1,0,0,0,0,1,0,0,0,0,1,0,0,0,0,1,0,0,0,0,0,0,0,0,0,0,0,0,0,0,1,0,0,0,0,0,0,0,0,0,0,0,0,0,0,0,1,0,0,0,0,1,0,0,0,0,0,0,1,0,0,0,0,0,1,1,0,0,0,0,0,0,0,0,1,0,0
575,0,0.0,0.20926656998960744,0.0,0.0,0.0,0.0,-0.5,2.0,-0.020833333333333332,0.2894736842105263,0.815939570920437,0.0,0.0,-1.0,0.0,1.7473143510832982,0.2,-0.048678720445062586,0.0,0.0,-1.8999395491198576,-1.2416542102640757,-0.5,0.0,-1.3575694615745733,0.927354491581152,0.0,-0.6232007750265187,0.0,0.7304631471189668,-1.0,0.0,0.0,0.0,0.0,-0.5,0.0,-1.0,-0.5,-1.0,-1.0,-0.8164556962025317,0.0,0.0,0.0,0.6143075974214136,-0.7117967261714493,0.0,0.0,0.0,0.0,0.0,1.1943176378757763,0.0,12,2007,一般保證契約,一般交易,139000,11.842236406331555,0,0,0,0,0,0,0,0,0,0,0,0,1,0,0,0,1,0,0,0,0,0,0,1,0,0,1,0,0,0,0,0,0,0,1,0,0,0,0,0,0,0,0,0,0,0,0,0,0,0,0,0,0,0,0,0,1,0,0,0,0,0,0,0,1,0,0,0,0,0,0,0,1,0,0,0,0,0,0,0,0,0,1,0,0,0,0,0,0,1,0,0,1,0,0,0,0,0,0,0,0,0,0,0,0,0,0,0,0,1,0,0,0,0,0,0,0,0,0,1,0,0,0,0,0,0,0,0,0,0,1,0,0,0,1,0,0,0,0,0,1,0,0,0,0,0,1,1,0,0,0,0,0,0,0,0,1,0,0
578,4,1.1281128366448911,0.48143415575738724,0.0,0.0,-1.0,0.0,-0.5,1.0,-0.125,-0.7368421052631579,0.8584231940673444,0.0,0.0,-1.0,0.0,1.7473143510832982,-0.4,-0.07788595271210014,1.3251783909391408,10.520314560548854,-0.3935518911128455,0.3368211260587942,0.5,0.0,0.4216013096404982,0.0,0.0,-0.24302380481924357,1.0,0.0,-1.0,0.0,0.0,0.0,0.0,0.0,0.0,1.0,0.0,0.0,0.0,0.34810126582278483,0.0,0.0,0.0,0.9864969120870855,0.26213018994900694,8.511219710154146,0.0,0.0,0.0,0.0,0.0,0.0,5,2006,一般保證契約,異常交易(如法拍),164500,12.010671928196443,0,0,0,0,0,0,0,0,0,0,0,0,1,0,0,0,1,0,0,0,0,0,0,1,0,1,0,0,0,0,0,0,0,0,0,0,0,0,0,0,0,0,0,0,0,0,0,1,0,0,0,0,0,0,0,0,1,0,0,0,0,0,0,0,1,0,0,0,0,0,0,0,1,0,0,0,0,0,0,0,0,0,1,0,0,0,0,1,0,0,0,0,1,0,0,0,0,1,0,0,0,0,0,0,0,0,0,0,0,0,0,0,1,0,0,0,0,0,0,0,0,0,0,0,0,0,0,0,0,0,1,0,0,0,1,0,0,0,0,0,1,0,0,0,0,0,1,0,0,0,0,0,0,1,0,0,1,0,0
579,0,-2.3699496433131446,-2.1133124747308782,0.0,1.1943176378757763,0.0,0.0,0.5,0.0,0.7291666666666666,0.34210526315789475,0.0,1.0,0.0,0.0,0.0,0.0,-0.6,-0.5340751043115438,0.0,0.0,0.2917638261915433,-0.6098654708520179,0.5,0.0,-0.9502083851477146,0.9869204755744448,0.0,-0.12509914131895777,0.0,0.0,0.0,0.0,-1.0,0.0,1.0,-0.5,0.0,-1.0,-0.5,-1.0,0.0,0.2468354430379747,0.0,0.0,0.0,0.0,0.3904380203072325,0.0,0.0,0.0,0.0,0.0,0.0,0.0,2,2008,一般保證契約,異常交易(如法拍),146000,11.891368749982085,0,0,0,0,0,0,0,0,0,1,0,0,0,0,0,0,0,0,1,0,0,0,0,1,0,0,0,0,1,0,0,0,0,0,0,0,0,0,0,0,0,0,0,0,0,0,0,0,0,0,1,0,0,0,0,0,1,0,0,0,0,0,0,0,1,0,0,0,0,0,0,0,0,0,1,0,0,0,0,0,0,1,0,0,0,0,0,1,0,0,0,0,1,0,0,0,0,1,0,0,0,0,0,0,0,0,0,0,0,0,0,0,1,0,0,0,0,0,0,0,0,0,0,0,0,0,0,0,1,0,0,0,0,1,0,0,0,0,0,0,1,0,0,0,0,0,1,0,0,0,0,1,0,0,0,0,1,0,0
580,2,0.5142009041767117,0.5561879089191901,0.0,0.7304631471189668,0.0,0.0,-0.5,0.0,-0.375,-1.0526315789473684,1.2088475803291783,0.0,0.0,-1.0,0.0,0.0,-0.6,-0.5340751043115438,0.0,0.0,0.6525863028352068,0.1096163428001993,0.5,-0.7304631471189668,-0.09181337468455276,1.0055159103820661,0.0,0.45271616243638985,0.0,0.0,0.0,0.0,1.0,0.0,0.0,0.5,0.0,-1.0,-0.5,-1.0,-1.0,-0.5464135021097046,-0.3466451177569989,0.0,0.0,0.0,-0.7117967261714493,0.0,0.0,0.0,0.0,0.0,0.0,0.0,11,2008,一般保證契約,一般交易,131500,11.78676973513378,1,0,0,0,0,0,0,0,0,0,0,0,0,0,0,1,0,0,0,0,0,0,0,1,0,1,0,0,0,0,0,0,0,0,0,0,0,0,0,0,0,0,0,0,0,0,0,0,1,0,0,0,0,0,0,0,1,0,0,0,0,0,0,0,1,0,0,0,0,0,0,0,1,0,0,0,1,0,0,0,0,0,0,0,0,0,0,1,0,0,0,0,1,0,0,0,0,0,0,0,0,0,0,0,0,0,0,0,0,1,0,0,0,0,0,0,0,0,0,0,0,0,0,0,0,1,0,0,0,0,1,0,0,0,0,0,1,0,0,0,1,0,0,0,1,0,0,0,0,0,0,0,0,1,0,0,1,0,0
581,3,0.21801994391840682,1.0012113713636845,0.0,0.0,-1.0,0.0,0.0,1.0,-0.25,-0.18421052631578946,0.8249309547475103,0.0,0.0,-1.0,0.0,0.0,0.0,0.29207232267037553,0.8104996085138084,8.305068732469504,-0.28376989743104764,0.2969606377678127,0.5,0.0,0.6037841638248093,0.0,0.0,-0.06650186667880675,0.0,0.7304631471189668,-1.0,0.0,0.0,0.0,1.0,0.5,0.0,1.0,0.5,-1.0,0.0,0.3818565400843882,0.0,0.0,0.0,1.071191251074227,0.4152607168405549,0.0,0.0,0.0,0.0,0.0,0.0,0.0,6,2007,一般保證契約,一般交易,181900,12.111217862017215,0,0,0,1,0,0,0,0,0,0,0,0,0,0,0,0,1,0,0,0,0,0,0,1,0,0,0,1,0,0,0,0,0,0,1,0,0,0,0,0,0,0,0,0,0,0,0,0,0,0,0,0,0,0,0,0,1,0,0,0,0,0,0,0,1,0,0,0,0,0,0,0,1,0,0,0,0,0,1,0,0,0,0,0,0,0,0,1,0,0,0,0,1,0,0,0,0,0,0,0,1,0,0,0,0,0,0,0,0,0,0,0,0,0,0,0,1,0,0,0,0,0,0,0,0,0,0,0,0,0,1,0,0,0,1,0,0,0,0,0,1,0,0,0,0,0,1,0,0,0,0,0,0,1,0,0,1,0,0
583,3,0.5142009041767117,0.4944022237521621,-0.7304631471189668,0.0,0.0,0.0,0.0,0.0,0.375,-0.10526315789473684,0.8763802413234036,0.0,0.2793713480100486,0.0,0.0,1.7473143510832982,0.4,0.6008344923504868,0.0,0.0,-3.1687229326517117,-0.356751370204285,-0.5,0.0,-0.6373358078737213,0.0,0.0,-1.2690568702763714,1.0,0.0,-1.0,0.0,0.0,0.0,0.0,-0.5,0.0,-1.0,-0.5,-2.0,-2.0,-2.0316455696202533,-1.5409627556327752,-1.5409627556327752,0.0,0.0,0.04515002980664128,0.0,0.0,0.0,0.0,0.0,0.0,0.0,5,2007,一般保證契約,一般交易,118500,11.682676678340282,0,0,0,0,0,0,0,0,0,0,0,0,0,0,1,0,1,0,0,0,0,0,0,1,0,1,0,0,0,0,0,0,0,0,0,0,0,0,0,0,0,1,0,0,0,0,0,0,0,0,0,0,0,0,0,0,1,0,0,0,0,0,0,0,1,0,0,0,0,0,0,0,0,0,0,1,0,0,0,0,0,0,0,1,0,0,0,1,0,0,0,0,1,0,0,0,0,0,0,0,0,0,0,0,0,0,0,0,1,0,0,0,0,0,0,0,0,0,0,0,0,0,0,0,1,0,0,0,0,0,1,0,0,0,1,0,0,0,0,0,1,0,0,0,0,0,1,0,0,0,1,0,0,0,0,0,1,0,0
584,1,0.24155735878839998,0.8113867578484935,0.0,0.0,0.0,0.0,2.0,4.0,-1.6458333333333333,0.15789473684210525,0.0,1.8422747575632559,0.5146787824253323,-1.0,0.0,0.0,-0.6,-0.5340751043115438,0.0,0.0,0.7992713588580888,0.48231190832087695,0.0,0.0,0.748584217995673,1.1351908537216147,0.0,1.495583087100282,0.0,0.0,1.0,1.0,0.0,0.0,1.0,1.5,0.0,0.0,0.5,-1.0,0.0,1.6814345991561181,0.2793713480100486,0.0,0.0,0.8740988677180975,0.9812442519243756,0.0,0.0,0.0,0.0,0.0,0.0,0.0,7,2008,一般保證契約,一般交易,325000,12.691583538230217,0,0,0,0,0,0,1,0,0,0,0,0,0,0,0,1,0,0,0,0,0,0,0,1,0,1,0,0,0,0,0,0,0,0,0,0,0,0,0,0,0,0,0,0,0,0,0,0,1,0,0,0,0,0,0,0,0,0,0,0,1,0,0,0,0,1,0,0,0,0,0,0,1,0,0,0,0,0,0,0,1,0,0,0,0,0,0,1,0,0,0,0,1,0,0,0,0,0,0,0,1,0,0,0,0,0,0,0,0,0,0,0,0,0,0,0,1,0,0,0,0,0,0,0,0,0,0,0,1,0,0,0,0,0,0,0,1,0,0,0,1,0,0,0,0,0,1,0,0,0,0,1,0,0,0,0,1,0,0
587,4,-0.8233670642427064,0.15659826069075103,0.0,0.0,0.0,0.0,0.0,2.0,-1.125,0.15789473684210525,0.0,0.0,0.2793713480100486,-1.0,0.2793713480100486,1.0,-0.2,-0.24200278164116829,1.3251783909391408,10.766932023929053,-3.1687229326517117,-0.356751370204285,0.5,0.0,-0.5807495872446345,0.0,0.0,-1.2142289371966568,1.0,0.0,-1.0,0.0,-1.0,0.0,-1.0,-0.5,0.0,-1.0,-0.5,1.0,-1.0,-0.8713080168776371,0.0,0.0,-1.1943176378757763,0.0,-0.7117967261714493,6.88118732376381,0.0,0.0,0.0,0.0,0.7304631471189668,0.0,5,2008,一般保證契約,一般交易,130000,11.775297421715827,0,0,1,0,0,0,0,0,0,0,0,0,0,0,0,0,1,0,0,0,0,0,0,1,0,1,0,0,0,0,0,0,0,0,0,0,0,0,0,1,0,0,0,0,0,0,0,0,0,0,0,0,0,0,0,0,0,0,1,0,0,0,0,0,1,0,0,0,0,0,0,0,1,0,0,0,0,0,1,0,0,0,0,0,0,0,0,1,0,0,0,0,1,0,0,0,0,0,0,0,0,0,0,0,1,0,0,0,0,0,0,0,0,0,0,0,0,1,0,0,0,0,0,0,0,0,0,0,1,0,0,0,0,0,0,0,1,0,0,0,1,0,0,0,0,0,1,0,0,0,0,1,0,0,0,0,1,0,0
588,3,0.19434965866058562,-0.2161730734129345,0.0,0.0,-1.0,0.0,-0.5,1.0,0.20833333333333334,-0.3157894736842105,0.0,0.0,0.0,-1.0,0.0,1.7473143510832982,0.2,0.40055632823365783,0.0,0.0,-0.7617657698465964,-0.3089187842551071,-0.5,0.0,-0.5254108351567215,0.0,0.0,-1.1606097104227204,1.0,0.0,-1.0,0.0,-1.0,0.0,0.0,-1.0,0.0,-1.0,-0.5,-1.0,0.0,0.1962025316455696,0.0,0.0,0.0,0.0,-0.7117967261714493,0.0,0.0,0.0,0.0,0.0,0.0,0.0,7,2009,一般保證契約,一般交易,137000,11.827743504053695,0,0,0,0,0,0,0,0,0,0,0,0,0,1,0,0,1,0,0,0,0,0,0,1,0,1,0,0,0,0,0,0,0,0,0,0,0,0,0,0,0,0,0,0,0,0,0,1,0,0,0,0,0,0,0,0,1,0,0,0,0,0,0,0,1,0,0,0,0,0,0,0,1,0,0,0,0,0,0,0,0,0,0,1,0,1,0,0,0,0,0,0,1,0,0,0,0,0,0,0,0,0,0,0,0,0,0,0,1,0,0,0,0,0,0,0,0,0,0,0,0,0,0,0,1,0,0,0,1,0,0,0,0,0,1,0,0,0,0,0,1,0,0,0,0,0,1,0,0,0,0,1,0,0,0,0,1,0,0
593,4,-0.5300358319518109,-0.8451420639924192,0.0,0.0,0.0,0.0,-0.5,3.0,0.20833333333333334,0.23684210526315788,0.0,0.0,0.2793713480100486,-1.0,0.2793713480100486,0.0,0.4,0.6008344923504868,0.0,0.0,-3.1687229326517117,-0.356751370204285,0.5,0.0,-0.6373358078737213,0.0,0.0,-1.2690568702763714,1.0,0.0,-1.0,0.0,-1.0,0.0,0.0,-1.0,0.0,-1.0,-0.5,1.0,0.0,1.4113924050632911,0.0,0.0,0.0,0.0,-0.7117967261714493,0.0,0.0,0.0,0.0,0.0,0.0,0.0,6,2008,一般保證契約,一般交易,138000,11.835016210489899,0,0,0,1,0,0,0,0,0,0,0,0,0,0,0,0,1,0,0,0,0,0,0,1,0,1,0,0,0,0,0,0,0,0,0,0,0,0,0,0,0,0,0,0,0,0,1,0,0,0,0,0,0,0,0,0,1,0,0,0,0,0,0,0,1,0,0,0,0,0,0,0,1,0,0,0,0,0,1,0,0,0,0,0,0,0,0,1,0,0,0,0,1,0,0,0,0,0,0,0,0,0,0,0,0,0,0,0,1,0,0,0,0,0,0,0,0,0,0,0,0,0,0,0,1,0,0,0,1,0,0,0,0,1,0,0,0,0,0,0,1,0,0,0,0,0,1,0,0,0,0,1,0,0,0,0,1,0,0
594,2,0.0,-1.6913333684840821,0.0,0.0,0.0,0.0,0.0,0.0,0.6458333333333334,0.23684210526315788,1.0087576784086483,1.0,0.0,0.0,0.0,1.7473143510832982,0.4,0.41863699582753827,0.0,0.0,-0.7819215437894041,-0.2929745889387145,0.5,0.0,-0.5554445710810658,0.0,0.0,-1.189710216607566,1.0,0.0,-1.0,0.0,-2.0,0.0,1.0,-1.0,0.0,-1.0,-0.5,1.0,0.0,-0.25949367088607594,0.0,0.0,0.0,0.950060361690953,-0.7117967261714493,0.0,0.0,0.0,0.0,0.0,0.0,0.0,5,2009,一般保證契約,一般交易,140000,11.849404844423074,0,0,0,0,0,1,0,0,0,0,0,0,0,0,0,1,0,0,0,0,0,0,0,1,0,1,0,0,0,0,0,0,0,0,0,0,1,0,0,0,0,0,0,0,0,0,0,0,0,0,0,0,0,0,0,0,1,0,0,0,0,0,0,0,1,0,0,0,0,0,0,0,0,0,1,0,0,0,1,0,0,0,0,0,0,0,0,1,0,0,0,0,1,0,0,0,0,1,0,0,0,0,0,0,0,0,0,0,0,0,0,0,1,0,0,0,0,0,0,0,0,0,0,0,0,0,0,0,0,0,1,0,0,1,0,0,0,0,0,0,1,0,0,0,0,0,1,0,0,0,0,0,0,1,0,0,1,0,0
595,3,0.8116279582901716,-0.4199977905780366,0.0,0.0,-1.0,0.0,-0.5,1.0,0.0625,-0.5,0.0,0.0,0.0,0.0,0.0,0.0,-0.6,-0.5340751043115438,0.0,0.0,0.5406691532672536,-0.14150473343298456,-0.5,0.0,-0.37099345721557414,0.0,0.0,-1.010990499774285,0.0,0.0,-1.0,0.0,0.0,0.0,0.0,-0.5,0.0,-1.0,-0.5,-1.0,-1.0,-0.8502109704641351,0.0,0.0,0.0,0.0,-0.7117967261714493,0.0,0.0,0.0,0.0,0.0,1.5409627556327752,0.0,4,2008,一般保證契約,一般交易,110000,11.608244735642321,0,0,0,1,0,0,0,0,0,0,0,0,0,0,0,0,1,0,0,0,0,0,0,1,0,1,0,0,0,0,0,0,0,0,0,0,1,0,0,0,0,0,0,0,0,0,0,0,0,0,0,0,0,0,0,0,1,0,0,0,0,0,0,0,1,0,0,0,0,0,0,0,1,0,0,0,0,0,1,0,0,0,0,0,0,1,0,0,0,0,0,0,1,0,0,0,0,0,0,0,0,0,0,0,0,0,0,0,1,0,0,0,0,0,0,0,0,0,0,0,0,0,0,0,1,0,0,0,1,0,0,0,0,0,1,0,0,0,0,0,1,0,0,0,0,0,1,0,0,0,0,1,0,0,0,0,1,0,0
596,0,-0.05003889786863668,0.3832689062021058,0.0,0.0,-1.0,0.0,1.0,0.0,0.6875,0.3157894736842105,1.1054035361855081,1.0,0.0,0.0,0.0,2.3495966477454164,0.4,1.443671766342142,0.0,0.0,-0.15661529213210013,1.6322869955156951,0.5,0.0,1.1806386814543137,0.0,0.0,0.49242821449123536,1.0,0.0,0.0,0.0,0.0,0.0,1.0,0.5,0.0,0.0,0.25,1.0,1.0,1.1666666666666667,0.0,0.0,0.0,1.019269494444633,0.2923750990621071,0.0,0.0,7.020909424392294,0.0,0.0,0.0,0.0,8,2006,新屋,預售屋(估價時未完工),319000,12.672949516558306,0,0,0,1,0,0,0,0,0,0,0,0,0,0,0,0,1,0,0,0,0,0,0,1,0,1,0,0,0,0,0,0,0,0,0,0,0,0,0,0,0,0,0,0,0,1,0,0,0,0,0,0,0,0,0,0,1,0,0,0,0,0,0,0,1,0,0,0,0,0,0,0,1,0,0,0,0,0,1,0,0,0,0,0,0,0,0,1,0,0,0,0,1,0,0,0,0,1,0,0,0,0,0,0,0,0,0,0,0,0,0,0,0,0,1,0,0,0,0,0,0,0,0,0,0,0,0,0,0,0,1,0,0,1,0,0,0,0,0,0,1,0,0,0,0,0,1,0,0,0,0,0,0,1,0,0,1,0,0
597,0,-0.5300358319518109,-2.1155357963238584,0.0,0.7304631471189668,0.0,0.0,0.0,2.0,-1.2916666666666667,-0.02631578947368421,0.0,0.0,0.0,-1.0,0.0,0.0,-0.6,-0.5340751043115438,0.0,0.0,0.2857257912003581,-0.6198305929247633,0.5,-0.7304631471189668,-1.0069559449785093,0.9851984460507637,0.0,-0.16381956481908105,0.0,0.0,-1.0,0.0,0.0,0.0,0.0,0.5,0.0,-1.0,-0.5,-1.0,-1.0,-1.120253164556962,0.0,-0.3466451177569989,-1.1943176378757763,0.0,0.5384801674296122,0.0,0.0,0.0,0.0,0.0,0.0,0.0,10,2006,一般保證契約,一般交易,114504,11.648373769145277,0,0,0,0,0,0,0,1,0,0,0,0,0,0,0,1,0,0,0,0,0,0,0,1,0,1,0,0,0,0,0,0,0,0,0,0,0,0,0,0,0,0,0,0,0,0,0,0,1,0,0,0,0,0,0,0,1,0,0,0,0,0,0,0,1,0,0,0,0,0,0,0,1,0,0,0,0,0,0,0,0,1,0,0,0,0,0,1,0,0,0,0,1,0,0,0,0,1,0,0,0,0,0,0,0,0,0,0,0,0,0,0,1,0,0,0,0,0,0,0,0,0,0,0,0,0,0,0,1,0,0,0,0,0,1,0,0,0,0,0,1,0,0,0,0,1,0,0,0,0,0,1,0,0,0,0,1,0,0
601,1,0.19434965866058562,0.3032613715792696,0.0,0.0,0.0,0.0,1.0,0.0,0.6875,0.2894736842105263,1.1539060359015576,1.0,0.0,0.0,0.0,1.7473143510832982,0.4,0.22531293463143254,0.0,0.0,0.05093112894557817,0.12556053811659193,0.5,0.0,-0.07506700259975231,1.0362430870521953,0.0,0.5898720404763974,1.0,0.0,0.0,1.0,0.0,0.0,2.0,1.0,0.0,0.0,0.5,1.0,0.0,1.0738396624472575,0.0,0.0,0.0,1.0177058687438025,0.22418808858595582,0.0,0.0,0.0,0.0,0.0,0.0,0.0,6,2006,一般保證契約,一般交易,275000,12.524530013005734,0,0,0,0,0,0,0,0,1,0,0,0,0,0,0,0,1,0,0,0,0,0,0,1,0,1,0,0,0,0,0,0,0,1,0,0,0,0,0,0,0,0,0,0,0,0,0,0,0,0,0,0,0,0,0,0,1,0,0,0,0,0,0,0,1,0,0,0,0,0,0,0,1,0,0,0,0,0,0,0,0,1,0,0,0,0,0,1,0,0,0,0,1,0,0,0,0,1,0,0,0,0,0,0,0,0,0,0,0,0,0,0,1,0,0,0,0,0,0,0,0,0,0,0,0,0,0,0,0,0,1,0,0,1,0,0,0,0,0,0,1,0,0,0,0,0,1,1,0,0,0,0,0,0,0,0,1,0,0
602,3,-1.1398722399119068,-0.14897946196371506,0.0,0.0,0.0,0.0,0.0,1.0,-0.7291666666666666,-1.1578947368421053,0.0,0.0,0.2793713480100486,-1.0,0.0,0.0,-0.6,-0.5340751043115438,0.0,0.0,0.3956333931440705,-0.4285002491280518,-0.5,0.0,-0.7327887284269321,0.9526035083458717,0.0,-0.15246689075310527,0.0,0.0,-1.0,1.0,0.0,0.0,1.0,0.0,0.0,0.0,0.5,-1.0,-1.0,0.26371308016877637,0.0,0.0,-0.4638544907568095,0.0,0.5472471791199157,0.0,0.0,7.120635667155019,0.0,0.0,0.0,0.0,12,2007,一般保證契約,一般交易,141000,11.856522261533737,1,0,0,0,0,0,0,0,0,0,0,0,0,0,0,1,0,0,0,0,0,1,0,0,0,1,0,0,0,1,0,0,0,0,0,0,0,0,0,0,0,0,0,0,0,0,0,0,0,0,0,0,0,0,0,0,1,0,0,0,0,0,0,0,1,0,0,0,0,0,0,0,1,0,0,0,1,0,0,0,0,0,0,0,0,0,0,1,0,0,0,0,1,0,0,0,0,0,0,0,1,0,0,0,0,0,0,0,0,0,0,0,0,0,0,0,1,0,0,0,0,0,0,0,0,0,0,0,1,0,0,0,0,1,0,0,0,0,0,0,1,0,0,0,0,0,1,0,0,0,0,1,0,0,0,0,1,0,0
604,1,-2.751897978537715,-2.360345429908148,0.0,1.1943176378757763,0.0,0.0,0.5,0.0,0.6666666666666666,0.2894736842105263,0.0,1.0,0.0,0.0,0.0,0.0,-0.6,-0.5340751043115438,0.0,0.0,0.17822977640676732,-0.7872446437468859,0.5,0.0,-1.27510739806398,0.9545409040817515,0.0,-0.45229827203806827,0.0,0.0,0.0,1.0,-1.0,0.0,1.0,-1.0,0.0,-1.0,-0.5,0.0,0.0,-0.006329113924050633,0.0,0.0,0.0,0.0,0.5683900516267871,0.0,0.0,0.0,0.0,0.0,0.0,0.0,6,2010,一般保證契約,一般交易,151000,11.92504173829169,0,0,0,0,0,0,0,0,0,1,0,0,0,0,0,0,0,0,1,0,0,0,0,1,0,1,0,0,0,0,0,0,0,0,0,0,0,0,0,0,0,0,0,0,0,0,0,0,0,0,1,0,0,0,0,0,1,0,0,0,0,0,0,0,1,0,0,0,0,0,0,0,0,0,1,0,0,0,0,0,0,1,0,0,0,0,0,1,0,0,0,0,1,0,0,0,0,0,0,0,0,0,0,0,0,0,0,0,0,1,0,0,0,0,0,0,0,0,0,0,0,0,0,0,0,1,0,0,1,0,0,0,0,1,0,0,0,0,0,0,1,0,0,0,0,0,1,0,0,0,0,1,0,0,0,0,1,0,0
605,2,0.8116279582901716,0.6824839041427451,0.0,0.0,-1.0,0.0,0.5,0.0,0.625,0.21052631578947367,0.86366220503593,1.0,0.0,0.0,0.0,1.0,0.4,0.7482614742698191,0.0,0.0,0.13954978949443736,0.9945191828599901,0.5,0.0,0.7068777831496341,0.0,0.0,0.033388353916374035,1.0,0.0,0.0,0.0,0.0,0.0,1.0,0.0,0.0,0.0,0.25,0.0,0.0,0.20464135021097046,0.0,0.0,0.0,1.0374820403803926,0.07725337927507323,0.0,0.0,0.0,0.0,0.0,0.0,0.0,9,2008,一般保證契約,一般交易,221000,12.30592250537653,0,0,0,1,0,0,0,0,0,0,0,0,0,0,0,0,1,0,0,0,0,0,0,1,0,1,0,0,0,0,0,0,0,0,0,0,1,0,0,0,0,0,0,0,0,0,0,0,0,0,0,0,0,0,0,0,1,0,0,0,0,0,0,0,1,0,0,0,0,0,0,0,1,0,0,0,0,0,1,0,0,0,0,0,0,0,0,1,0,0,0,0,1,0,0,0,0,1,0,0,0,0,0,0,0,0,0,0,0,0,0,0,1,0,0,0,0,0,0,0,0,0,0,0,0,0,0,0,0,0,1,0,0,1,0,0,0,0,0,0,1,0,0,0,0,0,1,0,0,0,0,0,0,1,0,0,1,0,0
606,2,0.6866853341578308,0.8294141451158711,0.0,0.0,0.0,0.0,0.5,1.0,-0.14583333333333334,-0.10526315789473684,1.0184899863573829,0.0,0.0,-1.0,0.0,0.0,0.0,0.09735744089012517,0.0,0.0,-0.3227407848310257,-0.45241654210264076,-0.5,0.0,0.179235750332854,1.0226580980491922,0.0,0.6887223117751787,0.0,0.0,0.0,1.0,0.0,0.0,0.0,0.5,0.0,2.0,0.0,-1.0,0.0,0.0189873417721519,0.0,0.0,0.0,0.0,0.12026819188344327,0.0,0.0,7.979426117078211,0.0,0.0,0.0,0.0,10,2009,一般保證契約,一般交易,205000,12.230770136157428,0,0,0,0,0,0,0,0,1,0,0,0,0,0,0,0,1,0,0,0,0,0,0,1,0,1,0,0,0,0,0,0,0,0,1,0,0,0,0,0,0,0,0,0,0,0,0,0,0,0,0,0,0,0,0,0,1,0,0,0,0,0,0,0,1,0,0,0,0,0,0,0,1,0,0,0,0,0,0,0,0,1,0,0,0,0,0,1,0,0,0,0,1,0,0,0,0,0,0,0,0,0,0,0,0,0,0,0,1,0,0,0,0,0,0,0,0,0,0,0,0,0,0,0,1,0,0,0,0,0,1,0,0,0,1,0,0,0,0,0,1,0,0,0,0,0,1,0,0,0,0,0,0,1,0,0,1,0,0
607,4,0.5579814411897118,0.6176200550267383,0.0,0.0,-2.338124978532008,-0.4638544907568095,-0.5,0.0,0.5,0.05263157894736842,0.0,0.0,0.2793713480100486,0.0,0.0,0.0,0.4,0.48400556328233657,0.0,0.0,-0.33692274569219455,0.08968609865470852,0.0,0.0,-0.11289938297361748,0.0,0.0,-0.7609161093398232,1.0,0.0,-1.0,0.0,0.0,0.0,1.0,0.0,0.0,-1.0,-0.5,-1.0,0.0,0.3987341772151899,0.0,0.0,0.0,1.0,-0.7117967261714493,0.0,0.0,0.0,0.0,0.0,1.8203341036428238,0.0,11,2009,一般保證契約,一般交易,152000,11.931642378754141,0,0,0,1,0,0,0,0,0,0,0,0,0,0,0,0,1,0,0,0,1,0,0,0,0,0,0,0,1,0,0,0,0,0,0,0,1,0,0,0,0,0,0,0,0,0,0,0,0,0,0,0,0,0,0,0,1,0,0,0,0,0,0,0,1,0,0,0,0,0,0,0,1,0,0,0,0,0,1,0,0,0,0,0,0,0,0,1,0,0,0,0,1,0,0,0,0,1,0,0,0,0,0,0,0,0,0,0,0,0,0,0,1,0,0,0,0,0,0,0,0,0,0,0,0,0,0,0,1,0,0,0,0,1,0,0,0,0,0,0,1,0,0,0,0,0,1,0,0,0,0,1,0,0,0,0,1,0,0
609,1,0.3800798242425943,0.559745744803169,0.0,0.0,0.0,-0.4638544907568095,1.0,1.0,-0.7916666666666666,0.10526315789473684,0.0,0.0,0.0,0.0,0.0,1.0,0.0,0.061196105702364396,0.0,0.0,0.08887341785466607,-0.059790732436472344,-0.5,0.0,1.326447576218701,1.1351908537216147,0.0,1.847059374928638,0.0,0.0,0.0,1.0,1.0,0.0,0.0,2.0,0.0,1.0,0.5,-1.0,0.0,-0.4282700421940928,0.0,0.0,0.0,0.0,-0.7117967261714493,0.0,0.0,0.0,0.0,0.0,0.0,0.0,9,2007,一般保證契約,兩筆相連物件分配,359100,12.791358964949923,0,0,0,0,0,0,0,1,0,0,0,0,0,0,0,0,1,0,0,0,0,0,1,0,0,1,0,0,0,0,1,0,0,0,0,0,0,0,0,0,0,0,0,0,0,0,0,0,0,0,0,0,0,0,0,0,1,0,0,0,0,0,0,0,1,0,0,0,0,0,0,0,1,0,0,0,0,0,0,0,0,1,0,0,0,0,0,1,0,0,0,0,1,0,0,0,0,0,0,0,0,0,0,0,0,0,0,0,0,0,1,0,0,0,0,0,1,0,0,0,0,0,0,0,0,0,0,0,1,0,0,0,0,1,0,0,0,0,0,0,1,0,0,0,0,0,1,0,1,0,0,0,0,0,0,0,1,0,0
610,0,-0.47383711054095945,-0.4333048461052876,0.0,0.0,0.0,0.0,-1.0,0.0,-0.22916666666666666,-0.868421052631579,1.0431353163190102,0.0,-0.3466451177569989,-1.0,0.0,1.0,-0.2,0.721835883171071,0.0,0.0,-0.9498896151814094,0.06776283009466866,0.0,0.0,-0.13629378842705073,0.0,0.0,-0.7835835870822971,1.0,0.0,-1.0,0.0,0.0,0.0,0.0,-0.5,0.0,-1.0,-0.5,-1.0,-1.0,-0.930379746835443,0.0,0.0,0.0,0.7512259272201205,-0.7117967261714493,4.926918044681662,0.0,0.0,0.0,0.0,0.0,0.0,4,2007,一般保證契約,一般交易,118500,11.682676678340282,0,0,0,1,0,0,0,0,0,0,0,0,0,0,0,0,1,0,0,0,0,0,0,1,0,1,0,0,0,0,0,0,0,0,0,0,0,0,0,0,0,0,0,0,0,0,0,1,0,0,0,0,0,0,0,0,0,0,0,0,0,0,1,0,1,0,0,0,0,0,0,0,1,0,0,0,0,0,1,0,0,0,0,0,0,0,0,1,0,0,0,0,1,0,0,0,0,1,0,0,0,0,0,0,0,0,0,0,0,0,0,0,1,0,0,0,0,0,0,0,0,0,0,0,0,0,0,1,0,0,0,0,0,0,1,0,0,0,0,0,1,0,0,0,0,0,1,0,0,0,0,0,0,1,0,0,1,0,0
611,3,0.0,0.3297576156167301,0.0,0.0,0.0,0.0,1.5,0.0,0.5833333333333334,0.15789473684210525,1.0605036140570032,1.0,0.0,0.8422747575632559,0.0,1.0,0.4,0.7232267037552156,0.0,0.0,0.08738479626480068,0.8868958644743398,0.5,0.0,0.6787163730993672,0.9827695667053599,0.0,0.879761583471712,1.0,0.0,0.0,1.0,0.0,0.0,2.0,1.0,0.0,1.0,0.75,1.0,1.0,1.0738396624472575,0.0,0.0,0.0,1.1174135156933598,0.5014218701787403,0.0,0.0,0.0,0.0,0.0,0.0,0.0,5,2009,一般保證契約,一般交易,313000,12.653961664405365,0,0,0,0,0,0,0,0,1,0,0,0,0,0,0,0,1,0,0,0,0,0,0,1,0,1,0,0,0,0,0,0,0,0,0,0,1,0,0,0,0,0,0,0,0,0,0,0,0,0,0,0,0,0,0,0,0,0,0,0,0,1,0,0,1,0,0,0,0,0,0,0,1,0,0,0,0,0,0,0,0,1,0,0,0,1,0,0,0,0,0,0,1,0,0,0,0,1,0,0,0,0,0,0,0,0,0,0,0,0,0,0,1,0,0,0,0,0,0,0,0,0,0,0,0,0,0,0,0,0,1,0,0,1,0,0,0,0,0,0,1,0,0,0,0,0,1,0,0,0,0,0,0,1,0,0,1,0,0
612,4,0.469964168048189,0.18565617785983538,0.0,0.0,-1.0,0.0,0.0,1.0,0.125,-0.42105263157894735,1.0991557830089025,0.0,0.0,0.0,0.0,1.7473143510832982,0.2,0.30737134909596664,0.0,0.0,-0.09106648601340166,0.0737419033383159,-0.5,0.0,-0.12989251538807342,0.0,0.0,-0.7773812189809431,0.0,0.7304631471189668,0.0,0.0,0.0,0.0,0.0,0.0,0.0,0.0,0.25,-1.0,0.0,0.34810126582278483,0.0,0.0,0.0,0.0,-0.7117967261714493,0.0,0.0,0.0,0.0,0.0,1.5409627556327752,10.272201962485878,7,2007,一般保證契約,一般交易,148000,11.904974309480181,0,0,0,0,0,0,0,0,0,0,0,0,1,0,0,0,1,0,0,0,0,0,0,1,0,0,1,0,0,0,0,0,0,0,0,0,0,0,0,0,0,0,0,0,0,0,0,0,0,0,0,0,1,0,0,0,1,0,0,0,0,0,0,0,1,0,0,0,0,0,0,0,1,0,0,0,0,0,0,0,0,0,1,0,0,0,0,1,0,0,0,0,1,0,0,0,0,0,0,0,0,0,0,0,0,0,0,0,1,0,0,0,0,0,0,0,0,0,0,0,0,0,0,0,1,0,0,0,0,0,1,0,0,0,1,0,0,0,0,0,1,0,0,0,0,0,1,0,0,0,0,0,0,1,1,0,0,0,0
613,3,0.0,0.5032832567326019,0.0,0.0,0.0,0.0,1.0,0.0,0.6041666666666666,0.18421052631578946,0.8861891607291794,1.0,0.0,0.0,0.0,1.7473143510832982,0.4,0.8428372739916551,0.0,0.0,-0.3345429227063567,0.6058794220229198,0.5,0.0,0.3850419286151171,0.9439112760327886,0.0,0.5503129890177708,1.0,0.0,0.0,1.0,0.0,0.0,2.0,0.5,0.0,0.0,0.25,0.0,0.0,0.2088607594936709,0.0,0.0,0.0,0.9864969120870855,0.44978295538994306,0.0,0.0,0.0,0.0,0.0,0.0,0.0,11,2009,一般保證契約,一般交易,261500,12.474193386571581,0,0,0,0,0,0,0,0,1,0,0,0,0,0,0,0,1,0,0,0,0,0,0,1,0,1,0,0,0,0,0,0,0,0,0,0,1,0,0,0,0,0,0,0,0,0,0,0,0,0,0,0,0,0,0,0,1,0,0,0,0,0,0,0,1,0,0,0,0,0,0,0,1,0,0,0,0,0,0,0,0,1,0,0,0,0,0,1,0,0,0,0,1,0,0,0,0,1,0,0,0,0,0,0,0,0,0,0,0,0,0,0,1,0,0,0,0,0,0,0,0,0,0,0,0,0,0,0,0,0,1,0,0,1,0,0,0,0,0,0,1,0,0,0,0,0,1,1,0,0,0,0,0,0,0,0,1,0,0
614,1,0.0,-0.30611206079085906,0.0,0.0,0.0,0.0,-0.5,0.0,0.7291666666666666,0.34210526315789475,0.0,0.0,0.0,0.0,0.0,0.0,0.2,-0.24756606397774686,0.0,0.0,0.5312418034645836,0.2491280518186348,0.5,0.0,0.05119275936866275,0.0,0.0,-0.6019227554945074,0.0,0.0,-1.0,0.0,0.0,0.0,0.0,0.0,0.0,-1.0,-0.5,-2.0,-2.0,-2.0316455696202533,-1.5409627556327752,-1.5409627556327752,0.0,0.0,0.027838329044302983,0.0,0.0,0.0,0.0,0.0,0.0,0.0,12,2007,新屋,預售屋(估價時未完工),147000,11.898194668458823,0,0,0,1,0,0,0,0,0,0,0,0,0,0,0,0,1,0,0,0,0,0,0,1,0,1,0,0,0,0,0,0,0,0,0,0,0,0,0,0,0,0,0,0,0,0,1,0,0,0,0,0,0,0,0,0,0,0,0,0,0,0,1,0,1,0,0,0,0,0,0,0,1,0,0,0,0,0,1,0,0,0,0,0,0,0,0,1,0,0,0,0,1,0,0,0,0,1,0,0,0,0,0,0,0,0,0,0,0,0,0,0,1,0,0,0,0,0,0,0,0,0,0,0,0,0,0,0,1,0,0,0,0,1,0,0,0,0,0,0,1,0,0,0,0,0,1,0,0,0,1,0,0,0,0,0,1,0,0
616,2,0.469964168048189,-0.20051754538953576,0.0,0.0,0.0,0.0,0.0,2.0,-0.1875,-0.8157894736842105,0.984867692153844,0.0,0.2793713480100486,-1.0,0.0,2.3495966477454164,0.4,0.5271210013908206,0.0,0.0,-0.742110654329928,-0.11758844045839562,0.5,0.0,-0.08342669627006696,0.0,0.0,-0.7323592190528082,1.0,0.0,-1.0,0.0,0.0,0.0,1.0,0.0,0.0,-1.0,-0.5,0.0,0.0,-0.006329113924050633,0.0,0.0,0.0,0.9089310139773353,-0.7117967261714493,0.0,0.0,0.0,0.0,0.0,1.5409627556327752,0.0,5,2010,一般保證契約,異常交易(如法拍),137500,11.83138646878959,0,0,0,0,0,0,0,0,0,0,0,0,0,1,0,0,1,0,0,0,0,0,0,1,0,1,0,0,0,0,0,0,0,0,1,0,0,0,0,0,0,0,0,0,0,0,0,0,0,0,0,0,0,0,0,0,0,0,0,0,0,0,1,0,1,0,0,0,0,0,0,0,1,0,0,0,0,0,0,0,0,0,0,1,0,0,0,1,0,0,0,0,1,0,0,0,0,0,0,0,0,0,0,0,0,0,0,0,0,1,0,0,0,0,0,0,0,0,0,0,0,0,0,0,0,1,0,0,0,0,1,0,0,1,0,0,0,0,0,0,1,0,0,0,0,0,1,0,0,0,0,0,0,1,0,0,1,0,0
617,4,-0.2564764364743176,-0.4566824832516605,0.0,0.0,-1.0,0.0,0.0,0.0,0.625,0.23684210526315788,0.0,1.0,0.0,0.0,0.0,0.0,0.4,0.10152990264255911,0.0,0.0,-0.2950523979945559,-0.4225211758844046,0.5,0.0,-0.6608586525379645,0.9913486140527524,0.0,0.055914488579372874,1.0,0.0,0.0,1.0,0.0,0.0,1.0,0.5,0.0,0.0,0.5,1.0,0.0,-0.37341772151898733,0.0,0.0,0.0,0.8615537516526842,0.2923750990621071,0.0,0.0,0.0,0.0,0.0,0.0,0.0,6,2006,一般保證契約,一般交易,183200,12.118339189722553,0,0,0,0,0,0,0,0,1,0,0,0,0,0,0,0,1,0,0,0,0,0,0,1,0,1,0,0,0,0,0,0,0,0,0,1,0,0,0,0,0,0,0,0,0,0,0,0,0,0,0,0,0,0,0,0,1,0,0,0,0,0,0,0,1,0,0,0,0,0,0,0,1,0,0,0,0,0,0,0,0,1,0,0,0,0,0,1,0,0,0,0,1,0,0,0,0,1,0,0,0,0,0,0,0,0,0,0,0,0,0,0,1,0,0,0,0,0,0,0,0,0,0,0,0,0,0,0,1,0,0,0,0,1,0,0,0,0,0,0,1,0,0,0,0,0,1,0,0,0,0,0,0,1,0,0,1,0,0
618,0,-0.5870231824252673,-0.6447816411290259,0.0,0.0,0.0,-0.4638544907568095,0.0,1.0,-0.375,-1.0526315789473684,0.0,0.0,0.0,-1.0,0.0,0.0,-0.6,-0.5340751043115438,0.0,0.0,0.45044656711482817,-0.32486297957149973,0.0,0.0,-0.5960559176645213,0.0,0.0,-1.2290596583621232,0.0,0.0,-1.0,0.0,-1.0,0.0,1.0,-1.0,0.0,-1.0,-0.5,-1.0,0.0,0.1962025316455696,0.0,0.0,0.0,0.0,-0.7117967261714493,0.0,0.0,0.0,0.0,0.0,0.0,0.0,6,2008,一般保證契約,一般交易,105500,11.566475710526321,0,1,0,0,0,0,0,0,0,0,0,0,0,0,0,0,1,0,0,0,0,0,1,0,0,0,0,0,1,0,0,0,0,0,1,0,0,0,0,0,0,0,0,0,0,0,0,0,0,0,0,0,0,0,0,0,0,0,0,0,1,0,0,0,1,0,0,0,0,0,0,0,1,0,0,0,0,1,0,0,0,0,0,0,0,0,0,1,0,0,0,0,1,0,0,0,0,0,0,0,0,0,0,0,0,0,0,0,0,1,0,0,0,0,0,0,0,0,0,0,0,0,0,0,0,1,0,0,1,0,0,0,0,0,1,0,0,0,0,0,1,0,0,0,0,0,1,0,0,0,0,1,0,0,0,0,1,0,0
619,1,0.8929485771758422,0.4645266873277196,0.0,0.0,0.0,0.0,1.5,0.0,0.7291666666666666,0.34210526315789475,1.304032839519756,1.8422747575632559,0.0,0.8422747575632559,0.0,1.7473143510832982,0.4,-0.4673157162726008,0.0,0.0,1.1349864550475086,1.6482311908320877,0.5,0.0,1.1832625614651269,0.0,0.0,0.4949705634242921,0.0,0.0,0.0,0.0,0.0,0.0,1.0,1.5,0.0,0.0,0.5,-1.0,1.0,1.2341772151898733,0.0,0.0,0.0,0.0,0.40920128863975913,0.0,0.0,8.693814389412918,0.0,0.0,0.0,0.0,7,2007,新屋,預售屋(估價時未完工),314813,12.659737267217572,0,0,0,1,0,0,0,0,0,0,0,0,0,0,0,0,1,0,0,0,0,0,0,1,0,1,0,0,0,0,0,0,0,1,0,0,0,0,0,0,0,0,0,0,0,0,0,0,0,0,0,0,0,0,0,0,1,0,0,0,0,0,0,0,1,0,0,0,0,0,0,0,1,0,0,0,0,0,1,0,0,0,0,0,0,1,0,0,0,0,0,0,1,0,0,0,0,0,0,0,0,0,1,0,0,0,0,0,0,0,0,0,0,0,0,0,0,0,1,0,0,0,0,0,0,0,0,0,0,0,1,0,0,1,0,0,0,0,0,0,1,0,0,0,0,0,1,0,0,0,0,0,0,1,0,0,1,0,0
622,2,0.8929485771758422,0.2756361220897776,0.0,0.0,0.0,0.0,0.0,2.0,0.041666666666666664,0.07894736842105263,0.0,0.0,0.0,-1.0,0.0,0.0,0.2,0.7955493741307371,0.8104996085138084,7.8971902791299975,-0.1722918523321359,1.0503238664673642,-0.5,0.0,0.7896664394103047,1.093642910970714,0.0,1.3484301671851828,0.0,0.0,0.0,1.0,1.0,0.0,0.0,1.5,0.0,0.0,0.25,0.0,0.0,0.6012658227848101,0.0,0.0,0.0,0.6321525116633743,0.694263614803252,0.0,0.0,0.0,0.0,0.0,0.0,0.0,6,2008,一般保證契約,一般交易,240000,12.388398368982115,0,0,0,0,0,0,0,0,1,0,0,0,0,0,0,0,1,0,0,0,0,0,0,1,0,1,0,0,0,0,0,0,0,0,0,0,0,0,0,0,0,0,0,0,0,0,0,0,0,0,0,0,1,0,0,0,1,0,0,0,0,0,0,0,1,0,0,0,0,0,0,0,1,0,0,0,0,0,0,0,0,1,0,0,0,0,0,1,0,0,0,0,1,0,0,0,0,0,0,0,0,0,0,0,0,0,0,0,1,0,0,0,0,0,0,0,0,0,0,0,0,0,0,0,1,0,0,0,1,0,0,0,0,0,1,0,0,0,0,0,1,0,0,0,0,0,1,0,0,0,0,0,0,1,0,0,1,0,0
623,3,0.04944338438861053,-0.6954025457842069,0.0,0.0,0.0,0.0,-0.5,1.0,0.10416666666666667,-0.4473684210526316,0.9795139355180912,0.0,0.0,-1.0,0.0,0.0,0.0,0.24478442280945759,0.0,0.0,-0.10380197576211946,-0.029895366218236172,-0.5,0.0,-0.24315808046313123,0.0,0.0,-0.8871273153473639,0.0,0.0,-1.0,0.0,0.0,0.0,0.0,0.0,0.0,-1.0,-0.5,-1.0,0.0,0.010548523206751054,0.0,0.0,0.0,1.0374820403803926,-0.7117967261714493,0.0,0.0,0.0,0.0,0.0,0.0,0.0,7,2009,一般保證契約,一般交易,135000,11.813037464800539,0,0,0,1,0,0,0,0,0,0,0,0,0,0,0,0,1,0,0,0,0,0,0,1,0,1,0,0,0,0,0,0,0,0,0,0,0,0,0,0,0,0,0,0,0,0,0,1,0,0,0,0,0,0,0,0,1,0,0,0,0,0,0,0,1,0,0,0,0,0,0,0,1,0,0,0,0,0,1,0,0,0,0,0,0,0,0,1,0,0,0,0,1,0,0,0,0,0,0,1,0,0,0,0,0,0,0,0,0,0,0,0,0,0,0,1,0,0,0,0,0,0,0,0,0,0,0,0,0,0,1,0,0,0,1,0,0,0,0,0,1,0,0,0,0,0,1,0,0,0,0,1,0,0,0,0,1,0,0
624,0,0.17054485960394422,-3.137131418182791,0.0,0.0,0.0,0.0,0.0,0.0,0.5833333333333334,0.15789473684210525,1.3455802657910965,1.0,0.0,0.0,0.0,0.0,0.4,0.05006954102920723,0.0,0.0,-0.2726309136457218,-0.4763328350772297,0.5,0.0,-0.7985235178232089,1.009028359369115,0.0,0.06039687534790802,0.0,0.0,0.0,1.0,-1.0,0.0,1.0,-1.0,0.0,0.0,0.25,-1.0,0.0,-0.1751054852320675,0.0,0.0,0.0,0.0,0.04515002980664128,0.0,0.0,0.0,0.0,0.0,0.0,0.0,6,2007,一般保證契約,一般交易,168500,12.034696963475044,0,0,0,0,0,0,0,0,0,1,0,0,0,0,0,0,0,0,1,0,0,0,0,1,0,1,0,0,0,0,0,0,0,0,0,0,0,0,0,0,0,0,0,0,0,0,0,0,0,0,1,0,0,0,0,0,1,0,0,0,0,0,0,0,1,0,0,0,0,0,0,0,0,0,1,0,0,0,0,0,0,1,0,0,0,0,0,1,0,0,0,0,1,0,0,0,0,0,0,0,0,0,0,0,0,0,0,0,0,1,0,0,0,0,0,0,0,0,0,0,0,0,0,0,0,1,0,0,0,0,1,0,0,1,0,0,0,0,0,0,1,0,0,0,0,0,1,0,0,0,0,1,0,0,0,0,1,0,0
625,2,0.469964168048189,0.18678506831606595,0.0,0.0,0.0,0.0,0.0,0.0,0.0,-0.5789473684210527,1.1624368777845624,0.0,0.0,-1.0,0.0,0.0,-0.2,-0.1905424200278164,0.0,0.0,0.008145524083681762,-0.5241654210264076,0.0,0.0,-0.17286993013513954,1.0159250362082153,0.0,0.4462565131263864,1.0,0.0,-1.0,2.0,1.0,0.0,0.0,1.0,-0.3846268403045294,0.0,0.25,0.0,0.0,0.010548523206751054,0.0,0.0,0.0,0.965131684869413,-0.7117967261714493,0.0,0.0,7.440766394665013,0.0,0.0,0.0,0.0,11,2006,一般保證契約,一般交易,165150,12.014615485902027,0,0,0,0,0,0,0,0,1,0,0,0,0,0,0,0,1,0,0,0,0,0,0,1,0,1,0,0,0,0,0,0,0,0,0,0,0,0,0,0,0,0,0,0,0,0,0,0,0,0,0,0,1,0,0,0,1,0,0,0,0,0,0,0,1,0,0,0,0,0,0,0,1,0,0,0,0,0,0,0,0,1,0,0,0,0,0,1,0,0,0,0,1,0,0,0,0,1,0,0,0,0,0,0,0,0,0,0,0,0,0,0,1,0,0,0,0,0,0,0,0,0,0,0,0,0,0,0,1,0,0,0,0,0,1,0,0,0,0,0,1,0,0,0,0,0,1,0,0,0,0,0,0,1,0,0,1,0,0
626,2,0.7703835941214926,0.09498049906055633,0.0,0.0,-1.0,0.0,0.0,1.0,-0.20833333333333334,-0.8421052631578947,1.1327864068980182,0.0,0.0,-1.0,0.0,0.0,-0.6,-0.5340751043115438,0.0,0.0,0.7067215950363431,0.24115595416043847,-0.5,0.0,0.0432284433290278,0.0,0.0,-0.6096395986056435,0.0,0.0,-1.0,1.0,0.0,0.0,0.0,-0.5,0.0,-1.0,-0.5,-1.0,0.0,-0.1751054852320675,0.0,0.0,0.0,0.0,-0.7117967261714493,0.0,0.0,9.622423850419848,0.0,0.0,0.0,0.0,2,2010,一般保證契約,一般交易,160000,11.982935344196433,0,0,0,1,0,0,0,0,0,0,0,0,0,0,0,0,1,0,0,0,0,0,0,1,0,0,0,0,1,0,0,0,0,0,1,0,0,0,0,0,0,0,0,0,0,0,0,0,0,0,0,0,0,0,0,0,1,0,0,0,0,0,0,0,1,0,0,0,0,0,0,0,1,0,0,0,0,0,1,0,0,0,0,0,0,1,0,0,0,0,0,0,1,0,0,0,0,0,0,0,1,0,0,0,0,0,0,0,0,0,0,0,0,0,0,0,1,0,0,0,0,0,0,0,0,0,0,0,0,0,1,0,0,0,1,0,0,0,0,0,1,0,0,0,0,0,1,0,0,0,0,0,0,1,0,0,1,0,0
627,2,0.21801994391840682,0.59390948626774,0.0,0.0,-1.0,0.0,-0.5,0.0,-0.25,-0.42105263157894735,0.0,0.0,0.0,-1.0,0.0,0.0,-0.6,-0.5340751043115438,0.0,0.0,0.5901286680744305,-0.03388141504733433,-0.5,0.0,0.5924455120014701,0.0,0.0,-0.07748819579697128,0.0,0.0,-1.0,0.0,0.0,0.0,0.0,0.0,-0.18059459163956637,0.0,0.25,0.0,-1.0,-0.8248945147679325,0.0,0.0,0.0,0.0,-0.7117967261714493,4.792129643835174,0.0,0.0,0.0,0.0,1.1943176378757763,10.74097393831022,8,2007,一般保證契約,一般交易,139900,11.848690308590857,0,0,0,1,0,0,0,0,0,0,0,0,0,0,0,0,1,0,0,0,0,0,0,1,0,1,0,0,0,0,0,0,0,0,1,0,0,0,0,0,0,0,0,0,0,0,0,0,0,0,0,0,0,0,0,0,1,0,0,0,0,0,0,0,1,0,0,0,0,0,0,0,1,0,0,0,0,0,1,0,0,0,0,0,0,1,0,0,0,0,0,0,1,0,0,0,0,0,0,0,1,0,0,0,0,0,0,0,0,0,0,0,0,0,0,0,1,0,0,0,0,0,0,0,0,0,0,0,1,0,0,0,0,0,1,0,0,0,0,0,1,0,0,0,0,0,1,0,0,0,0,0,0,1,1,0,0,0,0
628,2,0.469964168048189,0.0,0.0,0.0,0.0,0.0,0.0,1.0,-0.3541666666666667,-0.5789473684210527,0.9987306493270285,0.0,0.0,-1.0,0.0,1.7473143510832982,0.0,0.40333796940194716,0.4638544907568095,7.216434458396563,-0.24217256094274855,0.3208769307424016,0.5,0.0,0.7470507929475414,0.0,0.0,0.07231307919972647,1.0,0.0,-1.0,0.0,0.0,0.0,0.0,0.5,0.0,1.0,0.5,0.0,-1.0,-0.4957805907172996,0.0,0.0,0.0,0.0,-0.7117967261714493,7.979426117078211,0.0,0.0,0.0,0.0,0.0,0.0,3,2010,一般保證契約,一般交易,153000,11.938199736300925,0,0,0,0,0,0,0,0,0,0,0,0,1,0,0,0,1,0,0,0,0,0,0,1,0,1,0,0,0,0,0,0,0,0,1,0,0,0,0,0,0,0,0,0,0,0,0,0,0,0,0,0,0,0,0,0,1,0,0,0,0,0,0,0,1,0,0,0,0,0,0,0,1,0,0,0,0,0,0,0,0,0,1,0,0,0,0,1,0,0,0,0,1,0,0,0,0,0,0,0,0,0,0,0,0,0,0,1,0,0,0,0,0,0,0,0,0,0,0,0,0,0,0,1,0,0,0,0,0,0,1,0,0,0,1,0,0,0,0,0,1,0,0,0,0,0,1,0,1,0,0,0,0,0,0,0,1,0,0
630,4,0.5579814411897118,-0.14387934686978981,0.0,0.0,0.0,0.0,0.0,0.0,-0.16666666666666666,-0.7894736842105263,1.130488222621445,0.0,0.0,-1.0,0.0,2.3495966477454164,0.4,0.3337969401947149,0.8104996085138084,9.294080796212425,-0.38595058723627285,0.5042351768809168,-0.5,0.0,0.4729812762972883,0.0,0.0,-0.19324035326198574,1.0,0.0,-1.0,1.0,0.0,0.0,0.0,0.0,0.0,-1.0,-0.5,0.0,0.0,0.16244725738396623,0.0,0.0,0.0,1.0129702758811667,-0.7117967261714493,0.0,0.0,0.0,0.0,0.0,1.8203341036428238,0.0,6,2008,一般保證契約,一般交易,168500,12.034696963475044,0,0,0,0,0,0,0,0,0,0,0,0,1,0,0,0,1,0,0,0,0,0,0,1,0,0,0,0,1,0,0,0,0,0,1,0,0,0,0,0,0,0,0,0,0,0,0,0,0,0,0,0,0,0,0,0,0,0,0,0,0,0,1,0,1,0,0,0,0,0,0,0,1,0,0,0,0,0,0,0,0,0,1,0,0,0,0,1,0,0,0,0,0,0,0,1,0,0,0,1,0,0,0,0,0,0,0,0,0,0,0,0,0,0,0,0,1,0,0,0,0,0,0,0,0,0,0,0,0,0,1,0,0,0,1,0,0,0,0,0,1,0,0,0,0,0,1,0,0,0,0,0,0,1,0,0,1,0,0
631,3,-1.1398722399119068,-0.14897946196371506,0.0,0.7304631471189668,0.0,0.0,-0.5,1.0,-1.9166666666666667,-0.07894736842105263,0.0,0.0,0.0,-2.24080411332851,-0.3466451177569989,0.0,-0.6,-0.5340751043115438,0.0,0.0,0.22577070314059394,-0.715495764823119,-0.5,0.0,-0.011173951431258617,0.9771367773622058,0.0,0.3940200672161135,0.0,0.0,-1.0,0.0,0.0,0.0,2.0,1.0,0.0,-1.0,-0.5,-1.0,-1.0,-1.018987341772152,-0.3466451177569989,-0.8104996085138084,-1.1943176378757763,0.0,-0.7117967261714493,8.970599932778448,0.0,0.0,0.0,0.0,1.5409627556327752,0.0,6,2006,一般保證契約,異常交易(如法拍),124000,11.728044909070785,0,0,0,0,0,0,0,1,0,0,0,0,0,0,0,1,0,0,0,0,0,0,0,1,0,0,0,0,1,0,0,0,0,0,0,0,0,0,0,0,0,0,0,0,0,0,0,0,1,0,0,0,0,0,0,0,0,0,0,0,1,0,0,0,1,0,0,0,0,0,0,0,1,0,0,0,0,0,0,0,0,1,0,0,0,0,0,1,0,0,0,0,1,0,0,0,0,1,0,0,0,0,0,0,0,0,0,0,0,0,0,0,1,0,0,0,0,0,0,0,0,0,0,0,0,0,0,0,1,0,0,0,0,0,0,0,1,0,0,0,1,0,0,0,0,1,0,0,0,0,0,1,0,0,0,0,1,0,0
632,2,-2.3699496433131446,-1.6201897888594012,0.0,0.0,0.0,0.0,1.0,0.0,0.7083333333333334,0.3157894736842105,0.8861891607291794,1.0,0.0,0.0,0.2793713480100486,1.0,0.4,-0.5006954102920723,0.0,0.0,0.9950002508846917,1.1141006477329347,0.5,0.0,0.7987130817395701,0.0,0.0,0.12237008037676265,0.0,0.0,0.0,0.0,-1.0,0.0,1.0,0.0,0.0,0.0,0.5,0.0,0.0,0.6139240506329114,0.0,0.0,0.0,0.9795301978329513,0.28398389695086224,0.0,0.0,0.0,0.0,0.0,0.0,0.0,8,2007,一般保證契約,一般交易,209500,12.252483791602627,0,0,0,0,0,1,0,0,0,0,0,0,0,0,0,0,1,0,0,0,0,0,0,1,0,1,0,0,0,0,0,0,0,1,0,0,0,0,0,0,0,0,0,0,0,0,0,0,0,0,0,0,0,0,0,0,1,0,0,0,0,0,0,0,1,0,0,0,0,0,0,0,0,1,0,0,0,0,1,0,0,0,0,0,0,0,0,1,0,0,0,0,1,0,0,0,0,1,0,0,0,0,0,0,0,0,0,0,0,0,0,0,1,0,0,0,0,0,0,0,0,0,0,0,0,0,0,0,0,1,0,0,0,1,0,0,0,0,0,0,1,0,0,0,0,0,1,0,0,0,0,0,0,1,0,0,1,0,0
633,3,0.6866853341578308,0.5063044948911345,0.0,0.0,0.0,0.0,0.5,0.0,0.10416666666666667,-0.4473684210526316,1.0674862396414369,0.0,0.2793713480100486,-1.0,0.0,0.0,0.2,0.6091794158553546,0.0,0.0,0.12820344151298496,0.7792725460886896,-0.5,0.0,0.5745314738297558,0.0,0.0,-0.09484559615251527,0.0,0.0,0.0,0.0,0.0,0.0,0.0,0.0,0.0,0.0,0.25,1.0,0.0,0.26371308016877637,0.0,0.0,0.0,1.0374820403803926,-0.7117967261714493,0.0,0.0,0.0,0.0,0.0,0.0,0.0,4,2009,一般保證契約,親友交易,82500,11.320565693461432,0,0,0,1,0,0,0,0,0,0,0,0,0,0,0,0,1,0,0,0,0,0,0,1,0,1,0,0,0,0,0,0,0,0,0,0,0,0,0,0,0,0,0,0,0,0,0,0,0,0,0,0,1,0,0,0,1,0,0,0,0,0,0,0,1,0,0,0,0,0,0,0,1,0,0,0,0,0,1,0,0,0,0,0,0,1,0,0,0,0,0,0,1,0,0,0,0,0,0,1,0,0,0,0,0,0,0,0,0,0,0,0,0,0,0,1,0,0,0,0,0,0,0,0,0,0,0,0,0,0,1,0,0,0,1,0,0,0,0,0,1,0,0,0,0,0,1,0,0,0,0,0,0,1,0,0,1,0,0
634,0,0.469964168048189,-0.0859084423299362,0.0,0.0,0.0,0.0,-0.5,2.0,-0.375,0.2894736842105263,0.0,0.0,0.0,-1.0,0.0,0.0,0.0,0.13351877607788595,0.4638544907568095,10.105326135535593,-1.047263491357971,0.12157448928749377,-0.5,0.0,-0.07924348815575648,0.0,0.0,-0.7283059945751863,0.0,0.7304631471189668,-1.0,0.0,0.0,0.0,0.0,0.0,0.0,-1.0,-0.5,-1.0,-1.0,-0.9345991561181435,0.0,0.0,0.0,1.2497996047869333,-0.7117967261714493,0.0,0.0,0.0,0.0,0.0,0.0,0.0,7,2007,一般保證契約,一般交易,139400,11.845109950883979,0,0,0,1,0,0,0,0,0,0,0,0,0,0,0,0,1,0,0,0,0,0,0,1,0,0,0,0,1,0,0,0,0,0,1,0,0,0,0,0,0,0,0,0,0,0,0,0,0,0,0,0,0,0,0,0,1,0,0,0,0,0,0,0,1,0,0,0,0,0,0,0,1,0,0,0,0,0,1,0,0,0,0,0,0,0,0,1,0,0,0,0,1,0,0,0,0,0,0,0,1,0,0,0,0,0,0,0,0,0,0,0,0,0,0,0,1,0,0,0,0,0,0,0,0,0,0,0,1,0,0,0,0,0,1,0,0,0,0,0,1,0,0,0,0,0,1,0,0,0,0,0,0,1,0,0,1,0,0
636,2,-0.5300358319518109,0.29654347695086614,0.0,1.1943176378757763,0.0,0.0,0.0,2.0,-1.2083333333333333,0.02631578947368421,0.0,-1.24080411332851,0.0,-1.0,-0.3466451177569989,0.0,-0.4,-0.1780250347705146,0.0,0.0,0.7597245589214326,0.8868958644743398,0.5,0.0,0.6215070865015265,1.1713793268855623,10.347324233473122,2.0019245346814647,0.0,0.0,0.0,0.0,5.0,0.4638544907568095,-1.0,4.0,0.0,-1.0,-0.5,-2.0,-2.0,-2.0316455696202533,-1.5409627556327752,-1.5409627556327752,-1.1943176378757763,0.0,0.4152607168405549,0.0,0.0,0.0,0.0,0.0,0.0,0.0,3,2007,一般保證契約,異常交易(如法拍),200000,12.206077645517674,0,0,0,0,0,0,0,0,0,0,1,0,0,0,0,0,0,0,0,1,0,1,0,0,0,1,0,0,0,0,0,0,0,0,0,0,0,1,0,0,0,0,0,0,0,0,0,0,0,0,0,0,0,0,0,0,0,0,0,0,0,0,1,0,1,0,0,0,0,0,0,1,0,0,0,0,0,0,0,1,0,0,0,0,0,1,0,0,0,0,0,0,1,0,0,0,0,1,0,0,0,0,0,0,0,0,0,0,0,0,0,0,1,0,0,0,0,0,0,0,0,0,0,0,0,0,0,0,1,0,0,0,0,0,1,0,0,0,0,0,1,0,0,0,0,1,0,0,0,0,1,0,0,0,0,0,1,0,0
638,4,-1.1398722399119068,-1.0526421762248437,0.0,0.0,0.0,0.0,-0.5,-1.0,-0.375,-1.0526315789473684,0.0,0.0,0.0,-1.0,0.0,0.0,-0.6,-0.5340751043115438,0.0,0.0,0.4286705605900202,-0.3667164922770304,-0.5,0.0,-0.6503767015860299,0.9451130820661029,0.0,-0.13311887446446907,0.0,0.0,0.0,0.0,0.0,0.4638544907568095,1.0,0.5,0.0,-1.0,-0.5,-1.0,-1.0,-0.9514767932489452,0.0,0.0,0.0,0.0,-0.7117967261714493,0.0,0.0,0.0,0.0,0.0,0.0,0.0,11,2009,一般保證契約,一般交易,93000,11.440365524765756,0,0,0,0,0,0,0,0,0,0,1,0,0,0,0,1,0,0,0,0,0,0,0,1,0,1,0,0,0,0,0,0,0,0,0,0,0,0,0,0,0,0,0,0,0,0,0,0,1,0,0,0,0,0,0,0,1,0,0,0,0,0,0,0,1,0,0,0,0,0,0,1,0,0,0,0,1,0,0,0,0,0,0,0,0,0,0,1,0,0,0,0,1,0,0,0,0,0,0,0,1,0,0,0,0,0,0,0,0,0,0,0,0,0,0,0,1,0,0,0,0,0,0,0,0,0,0,0,1,0,0,0,0,0,1,0,0,0,0,0,1,0,0,0,0,1,0,1,0,0,0,0,0,0,0,0,1,0,0
639,3,-0.15196723459603825,-0.206508077056391,0.0,0.0,0.0,0.0,-0.5,2.0,-1.2916666666666667,-1.1578947368421053,0.0,0.0,0.0,-2.24080411332851,0.0,0.0,-0.6,-0.5340751043115438,0.0,0.0,0.41282126651178763,-0.3966118584952666,0.0,0.0,-0.6899131555245103,0.0,0.0,-1.3200004969483485,0.0,0.0,-1.0,0.0,-1.0,0.0,0.0,-1.0,0.0,-1.0,-0.5,-2.0,-2.0,-2.0316455696202533,-1.5409627556327752,-1.5409627556327752,-0.4638544907568095,1.1957840625284053,-0.7117967261714493,7.6727449866678565,0.0,0.0,0.0,0.0,1.5409627556327752,0.0,5,2008,一般保證契約,一般交易,85000,11.350418300109132,0,0,1,0,0,0,0,0,0,0,0,0,0,0,0,0,1,0,0,0,0,0,0,1,0,1,0,0,0,0,0,0,0,0,0,0,0,0,0,0,0,1,0,0,0,0,0,0,0,0,0,0,0,0,0,0,0,0,0,0,0,0,1,0,1,0,0,0,0,0,0,0,1,0,0,0,0,0,1,0,0,0,0,0,0,0,0,1,0,0,0,0,1,0,0,0,0,0,0,0,0,0,0,0,0,0,0,0,0,1,0,0,0,0,0,0,1,0,0,0,0,0,0,0,0,0,0,0,1,0,0,0,0,0,1,0,0,0,0,0,1,0,0,0,0,1,0,0,0,0,1,0,0,0,0,0,1,0,0
640,4,-0.9469680975410442,-1.912102871386276,0.0,0.0,0.0,0.0,1.0,0.0,0.7083333333333334,0.3157894736842105,0.0,1.0,0.0,0.0,0.2793713480100486,1.7473143510832982,0.4,1.070931849791377,0.0,0.0,-0.20860249858821647,1.046337817638266,0.5,0.0,0.8182128000777635,0.0,0.0,0.14126388950969115,1.0,0.0,0.0,0.0,-2.0,0.0,2.0,0.5,0.0,0.0,0.5,1.0,1.0,0.7025316455696202,0.0,0.0,0.0,1.1804449945772417,-0.7117967261714493,0.0,0.0,0.0,0.0,0.0,0.0,0.0,10,2006,新屋,預售屋(估價時未完工),264561,12.485830907348902,0,0,0,0,0,1,0,0,0,0,0,0,0,0,0,0,1,0,0,0,0,0,0,1,0,1,0,0,0,0,0,0,0,0,0,0,0,0,0,0,1,0,0,0,0,0,0,0,0,0,0,0,0,0,0,0,1,0,0,0,0,0,0,0,1,0,0,0,0,0,0,0,0,0,1,0,0,0,1,0,0,0,0,0,0,1,0,0,0,0,0,0,1,0,0,0,0,1,0,0,0,0,0,0,0,0,0,0,0,0,0,0,1,0,0,0,0,0,0,0,0,0,0,0,0,0,0,0,1,0,0,0,0,1,0,0,0,0,0,0,1,0,0,0,0,0,1,0,0,0,0,0,0,1,0,0,1,0,0
641,3,-0.41840364506359273,0.658547592974033,0.0,0.0,-1.0,0.0,1.0,0.0,0.6458333333333334,0.2631578947368421,1.3181529102877774,1.8422747575632559,0.0,0.8422747575632559,0.0,2.3495966477454164,0.4,1.1599443671766343,0.0,0.0,-0.3562006852836907,1.042351768809168,0.5,0.0,0.7439813702580143,0.0,0.0,0.0693390318089691,0.0,0.0,-1.0,1.0,-2.0,0.0,2.0,0.0,0.0,0.0,0.5,0.0,0.0,0.44936708860759494,0.0,0.0,0.0,1.0269792041614887,0.4965447150296944,0.0,0.0,0.0,0.0,0.0,0.0,0.0,4,2008,一般保證契約,一般交易,274000,12.520887034998584,0,0,0,0,0,1,0,0,0,0,0,0,0,0,0,0,1,0,0,0,0,0,0,1,0,1,0,0,0,0,0,0,0,1,0,0,0,0,0,0,0,0,0,0,0,0,0,0,0,0,0,0,0,0,0,0,1,0,0,0,0,0,0,0,1,0,0,0,0,0,0,0,0,0,1,0,0,0,1,0,0,0,0,0,0,1,0,0,0,0,0,0,1,0,0,0,0,0,0,0,0,0,0,0,0,0,0,0,0,1,0,0,0,0,0,0,0,0,0,0,0,0,0,0,0,1,0,0,0,0,1,0,0,1,0,0,0,0,0,0,1,0,0,0,0,0,1,0,0,0,0,0,0,1,0,0,1,0,0
642,3,0.17054485960394422,-0.6997965009780861,0.0,0.0,0.0,0.0,0.5,0.0,0.6041666666666666,0.18421052631578946,0.0,1.0,0.0,0.0,0.0,0.0,0.4,0.49235048678720444,0.0,0.0,-0.31109682216036255,0.12356751370204284,0.5,0.0,-0.07715440652773492,1.0436464076378933,0.0,0.6203864287800854,1.0,0.0,0.0,1.0,0.0,0.0,1.0,0.5,0.0,0.0,0.25,1.0,0.0,0.7109704641350211,0.0,0.0,0.0,0.0,0.681774890576165,0.0,0.0,0.0,0.0,0.0,0.0,0.0,5,2007,一般保證契約,一般交易,226000,12.328294703023396,0,0,0,0,0,0,0,0,1,0,0,0,0,0,0,0,0,0,1,0,0,0,0,1,0,1,0,0,0,0,0,0,0,0,0,0,0,0,0,0,0,0,0,0,0,0,0,0,0,0,1,0,0,0,0,0,1,0,0,0,0,0,0,0,1,0,0,0,0,0,0,0,1,0,0,0,0,0,0,0,0,1,0,0,0,0,0,1,0,0,0,0,1,0,0,0,0,1,0,0,0,0,0,0,0,0,0,0,0,0,0,0,1,0,0,0,0,0,0,0,0,0,0,0,0,0,0,0,1,0,0,0,0,1,0,0,0,0,0,0,1,0,0,0,0,0,1,0,0,0,0,0,0,1,0,0,1,0,0
643,0,0.24155735878839998,0.8757634890382884,0.0,0.0,0.0,0.0,1.0,2.0,0.0,0.02631578947368421,0.0,1.0,0.0,0.0,0.0,2.3495966477454164,0.4,1.426981919332406,0.0,0.0,0.09628143551618346,1.907324364723468,0.0,0.0,1.400286897356281,0.9920236771160099,0.0,1.4316085718965457,1.0,0.0,0.0,1.0,1.0,0.0,2.0,1.5,0.0,2.0,0.25,1.0,0.0,0.23839662447257384,0.0,0.0,0.0,1.1356443943065817,0.4182557020021774,0.0,0.0,0.0,0.0,0.0,1.5409627556327752,0.0,7,2009,一般保證契約,一般交易,345000,12.75130259456002,0,0,0,0,0,0,0,0,0,0,0,0,1,0,0,0,1,0,0,0,0,0,0,1,0,1,0,0,0,0,0,0,0,0,1,0,0,0,0,0,0,0,0,0,0,0,0,0,0,0,0,0,0,0,0,0,1,0,0,0,0,0,0,0,1,0,0,0,0,0,0,0,1,0,0,0,0,0,0,0,0,0,1,0,0,0,0,1,0,0,0,0,1,0,0,0,0,0,0,1,0,0,0,0,0,0,0,0,0,0,0,0,0,0,0,0,1,0,0,0,0,0,0,0,0,0,0,0,1,0,0,0,0,0,1,0,0,0,0,0,1,0,0,0,0,0,1,0,0,0,0,0,0,1,0,0,1,0,0
645,1,0.6866853341578308,-0.10166449765532411,0.0,0.0,0.0,0.0,1.5,0.0,0.7708333333333334,0.39473684210526316,0.995319391300841,1.8422747575632559,0.0,0.8422747575632559,0.0,1.0,0.4,1.0250347705146037,0.0,0.0,0.2372982490899216,1.5366218236173392,0.5,0.0,1.100763691747438,0.0,0.0,0.4150351576356173,1.0,0.0,0.0,1.0,-1.0,0.0,2.0,0.5,0.0,0.0,0.5,1.0,1.0,-0.014767932489451477,0.0,0.0,0.0,1.0418843837360368,0.47123880939868457,0.0,0.0,0.0,0.0,0.0,0.0,0.0,10,2009,新屋,預售屋(估價時未完工),370878,12.823631142839984,0,0,0,1,0,0,0,0,0,0,0,0,0,0,0,0,0,0,1,0,0,0,0,1,0,1,0,0,0,0,0,0,0,0,0,0,0,0,0,0,0,0,0,0,0,0,0,0,0,0,1,0,0,0,0,0,1,0,0,0,0,0,0,0,1,0,0,0,0,0,0,0,1,0,0,0,0,0,1,0,0,0,0,0,0,0,0,1,0,0,0,0,1,0,0,0,0,0,0,0,0,0,1,0,0,0,0,0,0,0,0,0,0,0,0,0,0,0,1,0,0,0,0,0,0,0,0,0,0,1,0,0,0,1,0,0,0,0,0,0,1,0,0,0,0,0,1,0,0,0,0,0,0,1,0,0,1,0,0
646,3,0.21801994391840682,0.21597553269662453,0.0,0.0,-1.0,0.0,0.0,0.0,-0.020833333333333332,-0.6052631578947368,0.0,0.0,0.0,-1.0,0.0,0.0,0.2,-0.14186369958275383,0.4638544907568095,4.7451323960647,0.26119267670930707,-0.027902341803687097,-0.5,0.0,-0.240932276172972,0.0,0.0,-0.8849706728412435,1.0,0.0,-1.0,1.0,0.0,0.0,0.0,-0.5,0.0,-1.0,-0.5,-1.0,0.0,0.3987341772151899,0.0,0.0,0.0,0.0,0.7895611490980914,4.969939052451074,0.0,0.0,0.0,0.0,0.0,0.0,3,2007,一般保證契約,一般交易,143250,11.872353615355413,0,0,0,1,0,0,0,0,0,0,0,0,0,0,0,0,1,0,0,0,0,0,0,1,0,0,0,0,1,0,0,0,0,0,1,0,0,0,0,0,0,0,0,0,0,0,0,0,0,0,0,0,0,0,0,0,1,0,0,0,0,0,0,0,1,0,0,0,0,0,0,0,1,0,0,0,0,0,1,0,0,0,0,0,0,1,0,0,0,0,0,0,1,0,0,0,0,0,0,1,0,0,0,0,0,0,0,0,0,0,0,0,0,0,0,1,0,0,0,0,0,0,0,0,0,0,0,0,1,0,0,0,0,0,1,0,0,0,0,0,1,0,0,0,0,0,1,0,0,0,0,1,0,0,0,0,1,0,0
647,2,-0.5300358319518109,-0.6530991973084603,0.0,0.0,0.0,0.0,-0.5,0.0,-0.4583333333333333,-1.1578947368421053,0.0,0.0,0.0,-6.515822458562748,-1.5409627556327752,-1.5747678672403655,-0.8,-0.5340751043115438,-0.7304631471189668,0.0,-3.1687229326517117,-1.9830592924763328,0.0,0.0,-0.0960168925607107,0.0,0.0,-0.7445582037527876,0.0,0.0,-1.0,0.0,0.0,0.0,0.0,0.5,-0.18059459163956637,-1.0,-0.5,-1.0,0.0,-0.25949367088607594,0.0,0.0,0.0,0.0,0.0,0.0,0.0,0.0,0.0,0.0,0.0,0.0,7,2008,一般保證契約,一般交易,98300,11.495789479023493,0,0,0,1,0,0,0,0,0,0,0,0,0,0,0,0,1,0,0,0,0,0,0,1,0,1,0,0,0,0,0,0,0,0,1,0,0,0,0,0,0,0,0,0,0,0,0,0,0,0,0,0,0,0,0,0,1,0,0,0,0,0,0,0,1,0,0,0,0,0,0,0,1,0,0,0,0,0,1,0,0,0,0,0,0,1,0,0,0,0,0,0,1,0,0,0,0,0,0,0,0,0,0,0,0,0,0,0,0,1,0,0,0,0,0,0,0,0,0,0,0,0,0,0,0,1,0,0,1,0,0,0,0,0,1,0,0,0,0,0,1,0,0,0,0,0,1,0,0,0,0,1,0,0,0,0,1,0,0
648,3,0.6866853341578308,0.19849826581605,0.0,0.0,-1.0,0.0,0.0,0.0,-0.3958333333333333,-1.0789473684210527,1.077028209681371,0.0,0.0,-1.0,0.0,1.0,-0.2,0.16133518776077885,0.0,0.0,0.1700721460614524,0.19730941704035873,0.5,0.0,-0.0010136620965582198,0.0,0.0,-0.6525069816648477,0.0,0.0,-1.0,0.0,0.0,0.0,0.0,-0.5,0.0,1.0,0.5,0.0,0.0,0.056962025316455694,0.0,0.0,0.0,0.0,-0.7117967261714493,0.0,0.0,8.922310255016459,0.0,0.0,0.0,0.0,6,2008,一般保證契約,一般交易,155000,11.951186847493476,0,0,0,1,0,0,0,0,0,0,0,0,0,0,0,0,1,0,0,0,0,0,0,1,0,1,0,0,0,0,0,0,0,0,0,0,0,0,0,0,0,1,0,0,0,0,0,0,0,0,0,0,0,0,0,0,1,0,0,0,0,0,0,0,1,0,0,0,0,0,0,0,1,0,0,0,0,0,1,0,0,0,0,0,0,1,0,0,0,0,0,0,1,0,0,0,0,0,0,0,1,0,0,0,0,0,0,0,0,0,0,0,0,0,0,0,1,0,0,0,0,0,0,0,0,0,0,0,0,1,0,0,0,0,1,0,0,0,0,0,1,0,0,0,0,0,1,0,0,0,0,0,0,1,0,0,1,0,0
649,2,0.0,-0.503191923907666,0.0,0.0,0.0,0.0,0.0,0.0,-0.125,-0.7368421052631579,1.2233889224503485,0.0,0.0,-1.0,0.0,0.0,-0.6,-0.5340751043115438,0.0,0.0,0.36928176307796956,-0.4763328350772297,-0.5,0.0,-0.08971416488904939,1.019005292525988,0.0,0.5089113904630398,0.0,0.0,-1.0,1.0,1.0,0.0,0.0,0.5,0.0,0.0,0.25,-1.0,0.0,-0.16666666666666666,0.0,0.0,0.0,0.0,0.45525569757513706,8.27426574111943,0.0,0.0,0.0,0.0,0.0,0.0,6,2010,一般保證契約,一般交易,155000,11.951186847493476,0,0,0,0,0,0,0,0,1,0,0,0,0,0,0,0,1,0,0,0,0,0,0,1,0,1,0,0,0,0,0,0,0,0,1,0,0,0,0,0,0,0,0,0,0,0,0,0,0,0,0,0,0,0,0,0,0,0,0,0,0,1,0,0,1,0,0,0,0,0,0,0,1,0,0,0,0,0,0,0,0,1,0,0,0,0,0,1,0,0,0,0,1,0,0,0,0,0,0,0,0,0,0,0,0,0,0,0,0,1,0,0,0,0,0,0,0,0,0,0,0,0,0,0,0,1,0,0,0,0,1,0,0,0,1,0,0,0,0,0,1,0,0,0,0,0,1,0,0,0,0,0,0,1,0,0,1,0,0
651,0,-0.2564764364743176,-0.3821419792718811,0.0,0.0,0.0,0.0,0.5,1.0,0.7291666666666666,0.34210526315789475,0.0,1.0,0.0,0.0,0.0,0.0,-0.6,-0.5340751043115438,0.0,0.0,0.4307649581213653,-0.36273044344793226,0.5,0.0,-0.6217759830487012,1.0353764726075079,0.0,0.2795606500933424,0.0,0.0,0.0,1.0,0.0,0.0,1.0,0.5,0.0,-1.0,-0.5,0.0,0.0,0.339662447257384,0.0,0.0,0.0,0.0,-0.7117967261714493,0.0,0.0,0.0,0.0,0.0,0.0,0.0,5,2008,一般保證契約,一般交易,205950,12.235393555399902,0,0,0,0,0,0,0,0,1,0,0,0,0,0,0,0,0,0,1,0,0,0,0,1,0,1,0,0,0,0,0,0,0,0,0,0,0,0,0,0,0,0,0,0,0,0,0,0,0,0,1,0,0,0,0,0,1,0,0,0,0,0,0,0,1,0,0,0,0,0,0,0,1,0,0,0,0,0,0,0,0,1,0,0,0,0,0,1,0,0,0,0,1,0,0,0,0,0,0,0,0,0,1,0,0,0,0,0,0,0,0,0,0,0,0,0,0,0,1,0,0,0,0,0,0,0,0,0,1,0,0,0,0,1,0,0,0,0,0,0,1,0,0,0,0,0,1,0,0,0,0,0,0,1,0,0,1,0,0
653,4,0.0,-0.21355748823613027,0.0,0.0,0.0,0.0,0.5,0.0,0.5,0.05263157894736842,0.0,1.0,0.0,0.0,0.0,0.0,-0.6,-0.5340751043115438,0.0,0.0,0.4985197355563011,-0.229197807673144,0.5,0.0,-0.4063506199057456,1.0247674737262376,0.0,0.34881542690940964,0.0,0.0,0.0,1.0,-1.0,0.0,1.0,0.5,0.0,0.0,0.25,0.0,0.0,0.12869198312236288,0.0,0.0,0.0,0.0,0.44423404373352443,0.0,0.0,0.0,0.0,0.0,0.0,0.0,7,2009,一般保證契約,一般交易,191000,12.160033942617156,0,0,0,0,0,0,0,0,1,0,0,0,0,0,0,0,1,0,0,0,0,0,0,1,0,1,0,0,0,0,0,0,0,0,0,0,1,0,0,0,0,0,0,0,0,0,0,0,0,0,0,0,0,0,0,0,1,0,0,0,0,0,0,0,1,0,0,0,0,0,0,0,1,0,0,0,0,0,0,0,0,1,0,0,0,0,0,1,0,0,0,0,1,0,0,0,0,1,0,0,0,0,0,0,0,0,0,0,0,0,0,0,1,0,0,0,0,0,0,0,0,0,0,0,0,0,0,0,1,0,0,0,0,1,0,0,0,0,0,0,1,0,0,0,0,0,1,0,0,0,0,0,0,1,0,0,1,0,0
654,3,-0.5300358319518109,0.16866719815210723,0.0,0.7304631471189668,0.0,0.0,0.0,2.0,-1.375,0.02631578947368421,0.0,0.0,0.0,-1.0,0.0,0.0,-0.6,-0.5340751043115438,0.0,0.0,0.36928176307796956,-0.4763328350772297,0.5,0.0,-0.7985235178232089,0.9950414630444631,0.0,-0.004585746422973479,0.0,0.0,-1.0,0.0,0.0,0.0,0.0,0.5,0.0,-1.0,-0.5,-1.0,-1.0,-1.120253164556962,0.0,0.0,0.0,0.7238694047656806,-0.7117967261714493,8.501756190828118,0.0,0.0,0.0,0.0,1.5409627556327752,0.0,6,2008,一般保證契約,一般交易,135000,11.813037464800539,1,0,0,0,0,0,0,0,0,0,0,0,0,0,0,1,0,0,0,0,0,0,0,1,0,1,0,0,0,1,0,0,0,0,0,0,0,0,0,0,0,0,0,0,0,0,0,0,0,0,0,0,0,0,0,0,1,0,0,0,0,0,0,0,1,0,0,0,0,0,0,0,1,0,0,0,1,0,0,0,0,0,0,0,0,0,0,1,0,0,0,0,1,0,0,0,0,0,0,0,0,0,0,0,0,0,0,0,0,1,0,0,0,0,0,0,0,0,0,0,0,0,0,0,0,1,0,0,1,0,0,0,0,0,1,0,0,0,0,0,1,0,0,0,0,0,1,0,0,0,0,1,0,0,0,0,1,0,0
655,1,0.9330406239737735,0.19512455113022317,0.0,0.0,-1.0,0.0,1.0,1.0,0.4791666666666667,0.02631578947368421,1.4306845648006707,1.0,0.2793713480100486,0.0,0.0,2.3495966477454164,0.4,1.8247566063977747,0.0,0.0,-0.11671874630748268,2.220229197807673,0.5,0.0,1.5343839206896968,0.0,0.0,0.8351816284574535,1.0,0.0,0.0,1.0,-1.0,0.0,1.0,0.5,0.0,0.0,0.25,1.0,1.0,1.5084388185654007,0.0,0.0,0.0,1.096940622764162,0.14618791727533317,0.0,0.0,0.0,0.0,0.0,0.0,0.0,8,2008,一般保證契約,一般交易,350000,12.765691290604371,0,0,0,1,0,0,0,0,0,0,0,0,0,0,0,0,1,0,0,0,0,0,0,1,0,1,0,0,0,0,0,0,1,0,0,0,0,0,0,0,0,0,0,0,0,0,0,0,0,0,0,0,0,0,0,0,1,0,0,0,0,0,0,0,1,0,0,0,0,0,0,0,1,0,0,0,0,0,1,0,0,0,0,0,0,1,0,0,0,0,0,0,1,0,0,0,0,0,0,0,0,0,0,0,0,0,0,0,0,1,0,0,0,0,0,0,0,0,0,0,0,0,0,0,0,1,0,0,0,0,1,0,0,1,0,0,0,0,0,0,1,0,0,0,0,0,1,0,0,0,0,0,0,1,0,0,1,0,0
656,1,-3.7943801407173003,-3.5571411798186787,0.0,0.0,0.0,0.0,0.0,0.0,-0.020833333333333332,-0.6052631578947368,1.2492021902409267,0.0,0.0,-1.0,0.0,0.0,-0.6,-0.5340751043115438,0.0,0.0,0.07085250649976851,-0.9367214748380668,-0.5,0.0,-1.5429626391089646,0.9414915590028157,0.0,-0.6564402199381536,0.0,0.0,-1.0,1.0,0.0,0.0,0.0,0.0,0.0,-1.0,-0.5,-1.0,-1.0,-0.9177215189873418,0.0,0.0,0.0,0.0,-0.7117967261714493,0.0,0.0,0.0,0.0,0.0,0.0,0.0,3,2010,一般保證契約,親友交易,88000,11.385103457032141,0,0,0,0,0,0,0,0,0,1,0,0,0,0,0,1,0,0,0,0,0,0,0,1,0,1,0,0,0,0,0,0,0,0,0,0,0,0,1,0,0,0,0,0,0,0,0,0,0,0,0,0,0,0,0,0,1,0,0,0,0,0,0,0,1,0,0,0,0,0,0,0,0,1,0,0,0,0,0,0,0,1,0,0,0,0,0,1,0,0,0,0,1,0,0,0,0,0,0,0,0,0,0,0,0,0,0,0,1,0,0,0,0,1,0,0,0,0,0,0,0,0,0,0,0,0,0,0,0,0,1,0,0,0,1,0,0,0,0,0,1,0,0,0,0,0,1,0,0,0,0,1,0,0,0,0,1,0,0
657,4,0.09830646769700241,0.09661369712278671,0.0,0.0,-1.0,0.0,-0.5,2.0,-0.2708333333333333,0.3157894736842105,0.7151530881188183,1.0,0.0,-1.0,0.0,0.0,0.2,0.5869262865090403,0.0,0.0,-0.49621928534870335,0.11559541604384654,0.5,0.0,-0.0855208286552847,0.0,0.0,-0.7343882810576625,1.0,0.0,-1.0,1.0,0.0,0.0,1.0,-0.5,0.0,-1.0,-0.5,0.0,-1.0,-0.7151898734177216,0.0,0.0,0.0,0.0,-0.7117967261714493,0.0,0.0,0.0,0.0,0.0,1.5409627556327752,0.0,8,2008,一般保證契約,一般交易,145500,11.8879382384223,0,0,0,1,0,0,0,0,0,0,0,0,0,0,0,0,1,0,0,0,0,0,0,1,0,1,0,0,0,0,0,0,0,0,1,0,0,0,0,0,0,0,0,0,0,0,0,0,0,0,0,0,0,0,0,0,1,0,0,0,0,0,0,0,1,0,0,0,0,0,0,0,1,0,0,0,0,0,1,0,0,0,0,0,0,0,0,1,0,0,0,0,1,0,0,0,0,0,0,0,0,0,0,0,0,0,0,0,1,0,0,0,0,0,0,0,0,0,0,0,0,0,0,0,1,0,0,0,0,0,1,0,0,0,1,0,0,0,0,0,1,0,0,0,0,0,1,0,0,0,0,0,0,1,0,0,1,0,0
658,2,-0.5300358319518109,-0.6530991973084603,0.0,0.0,0.0,-0.4638544907568095,0.5,1.0,-0.8541666666666666,0.15789473684210525,0.0,0.0,-0.3466451177569989,0.0,0.0,0.0,-0.6,-0.5340751043115438,0.0,0.0,0.3912896932148399,-0.43647234678624813,-0.5,0.0,-0.5479024735800287,0.9735572399242599,0.0,0.04542607562589792,0.0,0.0,-1.0,1.0,0.0,0.0,0.0,0.0,0.0,0.0,0.5,0.0,-1.0,-0.8924050632911392,0.0,0.0,-0.4638544907568095,0.0,-0.7117967261714493,6.88118732376381,0.0,0.0,0.0,0.0,1.5409627556327752,0.0,2,2008,一般保證契約,一般交易,149000,11.91170829631447,0,0,0,0,0,0,0,1,0,0,0,0,0,0,0,0,1,0,0,0,0,0,1,0,0,1,0,0,0,0,1,0,0,0,0,0,0,0,0,0,0,0,0,0,0,0,0,0,0,0,0,0,0,0,0,0,1,0,0,0,0,0,0,0,1,0,0,0,0,0,0,0,1,0,0,0,0,0,0,0,0,1,0,0,0,0,0,1,0,0,0,0,1,0,0,0,0,0,0,0,0,0,0,0,1,0,0,0,0,0,0,0,0,0,0,0,0,1,0,0,0,0,0,0,0,0,0,0,1,0,0,0,0,0,0,0,1,0,0,0,1,0,0,0,0,0,1,0,0,0,0,0,0,1,0,0,1,0,0
659,1,0.3800798242425943,1.4578764621369982,0.0,0.0,0.0,0.0,0.0,0.0,-0.5,-1.1578947368421053,0.0,0.0,0.0,-1.0,0.0,0.0,-0.6,-0.5340751043115438,0.0,0.0,0.5293458320783535,-0.1654210264075735,-0.5,0.0,-0.3992397604519068,0.9328478046631533,0.0,-0.021468497234425614,0.0,0.7304631471189668,-1.0,0.0,0.0,0.0,0.0,0.0,0.0,0.0,0.5,-1.0,-1.0,-0.6392405063291139,0.0,0.0,0.0,1.0374820403803926,-0.7117967261714493,0.0,0.0,0.0,0.0,0.0,0.0,0.0,1,2010,一般保證契約,異常交易(如法拍),97500,11.487617913343598,1,0,0,0,0,0,0,0,0,0,0,0,0,0,0,0,1,0,0,0,0,0,0,1,0,1,0,0,0,0,0,0,0,0,1,0,0,0,0,0,0,0,0,0,0,0,0,0,0,0,0,0,0,0,0,0,0,0,0,0,1,0,0,0,1,0,0,0,0,0,0,0,1,0,0,0,1,0,0,0,0,0,0,0,0,0,0,1,0,0,0,0,1,0,0,0,0,1,0,0,0,0,0,0,0,0,0,0,0,0,0,0,1,0,0,0,0,0,0,0,0,0,0,0,0,0,0,0,1,0,0,0,0,0,1,0,0,0,0,0,1,0,0,0,0,0,1,0,0,0,0,0,0,1,0,0,1,0,0
660,1,0.24155735878839998,0.08023782727411133,0.0,0.0,0.0,0.0,-0.5,2.0,-0.16666666666666666,0.13157894736842105,0.0,0.0,0.2793713480100486,-1.0,0.0,0.0,0.0,0.3518776077885953,0.0,0.0,0.46773558987540403,0.9785749875435974,0.5,0.0,0.6943973829079311,0.0,0.0,0.0212957536039154,1.0,0.0,-1.0,0.0,0.0,0.0,0.0,0.5,0.0,-1.0,-0.5,1.0,0.0,-0.006329113924050633,0.0,0.0,0.0,0.0,-0.7117967261714493,0.0,0.0,0.0,0.0,0.0,1.5409627556327752,0.0,3,2009,一般保證契約,一般交易,167000,12.025755079404917,0,0,0,1,0,0,0,0,0,0,0,0,0,0,0,0,1,0,0,0,0,0,0,1,0,0,0,0,1,0,0,0,0,0,0,0,0,0,0,0,0,1,0,0,0,0,0,0,0,0,0,0,0,0,0,0,1,0,0,0,0,0,0,0,1,0,0,0,0,0,0,0,1,0,0,0,0,0,1,0,0,0,0,0,0,1,0,0,0,0,0,0,1,0,0,0,0,0,0,0,0,0,0,0,0,0,0,0,0,1,0,0,0,0,0,0,0,0,0,0,0,0,0,0,0,1,0,0,1,0,0,0,0,1,0,0,0,0,0,0,1,0,0,0,0,0,1,0,0,0,0,1,0,0,0,0,1,0,0
661,1,0.469964168048189,0.602094536595423,0.0,0.0,0.0,0.0,0.5,2.0,0.08333333333333333,-0.47368421052631576,1.0991557830089025,0.0,0.0,0.0,0.0,0.0,-0.6,-0.5340751043115438,0.0,0.0,0.40962102012273743,-0.4025909317389138,-0.5,0.0,0.09456957535839294,1.0205329948500061,0.0,0.6276598600287159,0.0,0.0,0.0,1.0,0.0,0.0,0.0,0.5,0.0,0.0,0.25,0.0,0.0,0.2890295358649789,0.0,0.0,0.0,0.0,0.42417810909312953,8.622253717854797,0.0,0.0,0.0,0.0,0.0,0.0,11,2007,一般保證契約,一般交易,197900,12.19552218463499,0,0,0,0,0,0,0,0,1,0,0,0,0,0,0,0,1,0,0,0,0,0,0,1,0,0,0,1,0,0,0,0,0,0,0,0,0,0,0,0,0,0,0,0,0,0,0,0,0,0,0,0,1,0,0,0,1,0,0,0,0,0,0,0,1,0,0,0,0,0,0,0,1,0,0,0,0,0,0,0,0,1,0,0,0,0,0,1,0,0,0,0,1,0,0,0,0,0,0,1,0,0,0,0,0,0,0,0,0,0,0,0,0,0,0,1,0,0,0,0,0,0,0,0,0,0,0,0,0,0,1,0,0,0,1,0,0,0,0,0,1,0,0,0,0,0,1,0,0,0,0,0,0,1,0,0,1,0,0
662,1,-1.010234332078765,4.1346871218522345,0.0,0.0,-2.338124978532008,0.0,1.0,2.0,0.4583333333333333,0.2894736842105263,1.3551510219303817,1.0,0.0,0.0,0.2793713480100486,0.0,0.4,1.3588317107093184,0.8104996085138084,7.873203454932759,-1.1730147369753516,1.2635774788241156,0.5,0.0,0.990598022264513,1.0109259929242904,0.0,1.1884112992659515,1.0,0.0,0.0,1.0,1.0,0.0,1.0,1.0,0.0,0.0,0.25,0.0,1.0,0.9683544303797469,0.0,0.0,0.0,1.3408491089850318,0.2965005237762466,0.0,0.0,0.0,0.0,0.0,0.0,0.0,7,2009,一般保證契約,一般交易,402000,12.904209855160254,0,0,0,0,0,0,0,0,1,0,0,0,0,0,0,0,1,0,0,0,0,0,0,1,0,0,0,1,0,0,0,0,1,0,0,0,0,0,0,0,0,0,0,0,0,0,0,0,0,0,0,0,0,0,0,0,1,0,0,0,0,0,0,0,1,0,0,0,0,0,0,0,1,0,0,0,0,0,0,0,0,1,0,0,0,1,0,0,0,0,0,0,1,0,0,0,0,1,0,0,0,0,0,0,0,0,0,0,0,0,0,0,1,0,0,0,0,0,0,0,0,0,0,0,0,0,0,0,0,0,1,0,0,1,0,0,0,0,0,0,1,0,0,0,0,0,1,0,0,0,0,0,0,1,0,0,1,0,0
663,2,1.9599686345319214,0.8222167535001454,0.0,0.0,0.0,0.0,0.0,-2.0,-0.08333333333333333,-0.6842105263157895,1.077028209681371,0.0,0.0,-2.24080411332851,-0.3466451177569989,0.0,-0.6,-0.5340751043115438,0.0,0.0,0.9071923696978349,0.7912306925759841,0.0,0.0,0.5433077218945629,0.0,0.0,-0.12509914131895777,1.0,0.0,-1.0,0.0,-1.0,0.0,0.0,-0.5,-1.2459507404868606,1.0,0.25,0.0,0.0,0.3987341772151899,0.0,0.0,0.0,0.0,-0.7117967261714493,8.511219710154146,0.0,0.0,0.0,0.0,0.0,0.0,7,2009,一般保證契約,一般交易,110000,11.608244735642321,0,0,0,1,0,0,0,0,0,0,0,0,0,0,0,0,1,0,0,0,0,0,0,1,0,0,0,0,1,0,0,0,0,0,1,0,0,0,0,0,0,0,0,0,0,0,0,0,0,0,0,0,0,0,0,0,1,0,0,0,0,0,0,0,1,0,0,0,0,0,0,0,1,0,0,0,0,0,1,0,0,0,0,0,0,1,0,0,0,0,0,0,1,0,0,0,0,0,0,0,1,0,0,0,0,0,0,0,0,0,0,0,0,0,0,0,1,0,0,0,0,0,0,0,0,0,0,0,0,0,1,0,0,0,1,0,0,0,0,0,1,0,0,0,0,0,1,0,0,0,0,0,0,1,0,0,1,0,0
664,2,0.8929485771758422,0.09777967279549327,0.0,0.0,0.0,0.0,-1.0,0.0,0.0,-0.5789473684210527,0.0,0.0,0.0,0.0,0.0,1.7473143510832982,0.0,0.7454798331015299,0.8104996085138084,7.873203454932759,-1.6471589167183087,0.2850024912805182,-0.5,0.0,0.1697502682062081,0.0,0.0,-0.4870491504299331,1.0,0.0,0.0,0.0,0.0,0.0,0.0,0.0,0.0,-1.0,-0.5,0.0,0.0,0.44936708860759494,0.0,0.0,0.0,0.0,-0.7117967261714493,7.873203454932759,0.0,0.0,0.0,0.0,1.5409627556327752,0.0,4,2008,一般保證契約,一般交易,137500,11.83138646878959,0,0,0,0,0,0,0,0,0,0,0,0,0,1,0,0,1,0,0,0,0,0,0,1,0,1,0,0,0,0,0,0,0,0,0,0,0,0,0,0,0,1,0,0,0,0,0,0,0,0,0,0,0,0,0,0,1,0,0,0,0,0,0,0,1,0,0,0,0,0,0,0,1,0,0,0,0,0,0,0,0,0,0,1,0,0,0,1,0,0,0,0,1,0,0,0,0,0,0,1,0,0,0,0,0,0,0,0,0,0,0,0,0,0,0,1,0,0,0,0,0,0,0,0,0,0,0,0,1,0,0,0,0,0,1,0,0,0,0,0,1,0,0,0,0,0,1,0,0,0,0,1,0,0,0,0,1,0,0
665,0,-1.2063193728418797,1.9136683537793757,0.0,0.0,-2.338124978532008,0.0,1.0,0.0,0.6875,0.3157894736842105,0.0,1.0,0.0,0.8422747575632559,0.0,1.0,0.4,1.8595271210013908,0.0,0.0,-0.22943422888910697,2.156452416542103,0.5,0.0,1.5157726632193123,0.0,0.0,0.8171486733003274,1.0,0.0,-1.0,1.0,-2.0,0.0,2.0,1.0,0.0,0.0,0.75,1.0,1.0,2.7531645569620253,0.0,0.0,0.0,1.0374820403803926,0.7297477005617863,0.0,0.0,0.0,0.0,0.0,0.0,0.0,1,2006,新屋,預售屋(估價時未完工),423000,12.955129822091815,0,0,0,1,0,0,0,0,0,0,0,0,0,0,0,0,1,0,0,0,0,0,0,1,0,0,0,1,0,0,0,0,0,0,0,0,0,0,0,0,0,0,0,0,0,0,0,0,0,0,1,0,0,0,0,0,0,0,1,0,0,0,0,0,1,0,0,0,0,0,0,0,1,0,0,0,0,0,1,0,0,0,0,0,0,0,0,1,0,0,0,0,1,0,0,0,0,1,0,0,0,0,0,0,0,0,0,0,0,0,0,0,1,0,0,0,0,0,0,0,0,0,0,0,0,0,0,0,1,0,0,0,0,1,0,0,0,0,0,0,1,0,0,0,0,0,1,0,0,0,0,0,0,1,0,0,1,0,0
666,0,1.493898258043901,0.3604609467898258,0.0,0.0,-1.0,0.0,1.0,0.0,0.5833333333333334,0.15789473684210525,0.6469171679229546,1.0,0.0,0.0,0.0,0.0,-0.6,-0.5340751043115438,0.0,0.0,0.9164293063268266,0.8191330343796711,0.5,0.0,0.643897964422163,0.9046422353641899,0.0,0.6288702352406681,0.0,0.0,0.0,1.0,0.0,0.0,1.0,0.5,0.0,0.0,0.25,0.0,0.0,0.0949367088607595,0.0,0.0,0.0,1.0315208682565356,0.45525569757513706,0.0,0.0,0.0,0.0,0.0,0.0,0.0,11,2006,一般保證契約,一般交易,230500,12.348010479804223,0,0,0,0,0,0,0,0,1,0,0,0,0,0,0,0,1,0,0,0,0,0,0,1,0,0,0,0,1,0,0,0,0,0,0,1,0,0,0,0,0,0,0,0,0,0,0,0,0,0,0,0,0,0,0,0,1,0,0,0,0,0,0,0,1,0,0,0,0,0,0,0,1,0,0,0,0,0,0,0,0,1,0,0,0,0,0,1,0,0,0,0,1,0,0,0,0,1,0,0,0,0,0,0,0,0,0,0,0,0,0,0,1,0,0,0,0,0,0,0,0,0,0,0,0,0,0,0,0,0,1,0,0,1,0,0,0,0,0,0,1,0,0,0,0,0,1,0,0,0,0,0,0,1,0,0,1,0,0
667,1,0.21801994391840682,1.5921578870273865,0.0,0.0,-1.0,0.0,0.0,0.0,-0.14583333333333334,-0.39473684210526316,0.8980288747809471,0.0,0.2793713480100486,0.0,0.0,0.0,-0.4,-0.27399165507649514,0.8104996085138084,11.234013204301133,-1.030128250742658,0.051818634778276036,-0.5,0.0,0.6613626863887997,1.0554888646169007,0.0,1.120187358811851,0.0,0.0,0.0,1.0,0.0,0.0,0.0,0.5,-1.7098052312436702,0.0,-0.25,-1.0,0.0,0.4831223628691983,0.0,0.0,0.0,0.0,0.7268962027436435,0.0,0.0,0.0,0.0,0.0,0.0,0.0,8,2007,一般保證契約,異常交易(如法拍),129000,11.767575435251748,0,0,0,0,0,0,0,0,1,0,0,0,0,0,0,0,1,0,0,0,0,0,0,1,0,1,0,0,0,0,0,0,0,0,1,0,0,0,0,0,0,0,0,0,0,0,0,0,0,0,0,0,0,0,0,0,1,0,0,0,0,0,0,0,1,0,0,0,0,0,0,0,1,0,0,0,0,0,0,0,0,1,0,0,0,0,0,0,1,0,0,0,0,1,0,0,0,0,0,1,0,0,0,0,0,0,0,0,0,0,0,0,0,0,0,1,0,0,0,0,0,0,0,0,0,0,0,1,0,0,0,0,0,0,1,0,0,0,0,0,1,0,0,0,0,0,1,0,0,0,0,0,1,0,0,0,1,0,0
668,0,-0.2564764364743176,-0.3821419792718811,0.0,0.0,0.0,0.0,0.0,0.0,0.4583333333333333,0.10526315789473684,1.1293334904160617,0.0,0.0,0.0,0.0,0.0,0.4,1.0486787204450625,0.0,0.0,-0.4326070423259084,0.8231190832087693,0.5,0.0,0.9807485925972568,0.0,0.0,0.29874925354788195,1.0,0.0,0.0,0.0,0.0,0.0,1.0,0.5,0.0,0.0,0.0,0.0,0.0,0.39451476793248946,0.0,0.0,0.0,1.0817237493984635,0.12026819188344327,0.0,0.0,0.0,0.0,0.0,0.0,0.0,10,2008,一般保證契約,一般交易,193500,12.173037959397275,0,0,0,1,0,0,0,0,0,0,0,0,0,0,0,0,1,0,0,0,0,0,0,1,0,1,0,0,0,0,0,0,0,0,0,0,0,0,0,0,0,0,0,0,0,0,0,0,0,0,0,0,0,1,0,0,1,0,0,0,0,0,0,0,1,0,0,0,0,0,0,0,1,0,0,0,0,0,1,0,0,0,0,0,0,0,0,1,0,0,0,0,1,0,0,0,0,0,0,0,0,0,0,0,0,0,0,0,1,0,0,0,0,0,0,0,0,0,0,0,0,0,0,0,1,0,0,0,0,0,1,0,0,1,0,0,0,0,0,0,1,0,0,0,0,0,1,0,0,0,0,0,0,1,0,0,1,0,0
669,1,0.0247951663920471,0.9309376185891128,0.0,0.0,0.0,-0.4638544907568095,-0.5,1.0,-0.3333333333333333,-0.18421052631578946,0.0,0.0,0.0,-1.0,0.0,0.0,-0.2,0.8400556328233658,0.0,0.0,-0.6435939381493836,0.3846537120079721,0.0,0.0,0.616684998149089,0.0,0.0,-0.05400189631251391,1.0,0.0,-1.0,1.0,0.0,0.0,0.0,0.0,-0.3846268403045294,0.0,0.25,-1.0,0.0,0.3987341772151899,0.0,0.0,0.0,1.1725239600519257,-0.7117967261714493,0.0,0.0,0.0,0.0,0.0,0.0,0.0,11,2006,一般保證契約,一般交易,168000,12.031725210748633,0,0,0,1,0,0,0,0,0,0,0,0,0,0,0,0,1,0,0,0,0,1,0,0,0,0,0,0,1,0,0,0,0,0,0,0,0,0,0,0,0,0,0,0,0,0,0,1,0,0,0,0,0,0,0,0,1,0,0,0,0,0,0,0,1,0,0,0,0,0,0,0,1,0,0,0,0,0,1,0,0,0,0,0,0,0,0,1,0,0,0,0,1,0,0,0,0,0,0,0,0,0,1,0,0,0,0,0,0,0,0,0,0,0,0,0,1,0,0,0,0,0,0,0,0,0,0,0,1,0,0,0,0,0,1,0,0,0,0,0,1,0,0,0,0,0,1,0,0,0,0,1,0,0,0,0,1,0,0
672,3,-0.8846900034520899,-0.8355253399409956,0.0,0.0,0.0,0.0,0.0,1.0,-0.9791666666666666,-1.1578947368421053,0.0,0.0,0.2793713480100486,-1.0,0.0,0.0,0.0,0.23226703755215578,0.0,0.0,-0.975696041739105,-0.6437468858993523,-0.5,-0.7304631471189668,-0.9679865415981292,0.9810215688568611,0.0,-0.16219473764577175,1.0,0.0,0.0,0.0,0.0,0.0,0.0,0.0,0.0,-1.0,-0.5,-1.0,-1.0,-0.7658227848101266,0.0,0.0,0.0,0.9632859413304204,-0.7117967261714493,0.0,0.0,0.0,0.0,0.0,0.0,0.0,7,2009,一般保證契約,一般交易,103600,11.548302261270587,0,0,0,0,0,0,0,1,0,0,0,0,0,0,0,0,0,0,0,1,0,0,0,1,0,1,0,0,0,0,0,0,0,0,0,0,0,0,0,0,0,1,0,0,0,0,0,0,0,0,0,0,0,0,0,0,0,0,0,0,1,0,0,0,1,0,0,0,0,0,0,0,1,0,0,0,0,0,0,0,0,1,0,0,0,0,0,0,0,1,0,0,1,0,0,0,0,0,0,0,1,0,0,0,0,0,0,0,0,0,0,0,0,0,0,0,1,0,0,0,0,0,0,0,0,0,0,0,1,0,0,0,0,0,0,0,1,0,0,0,1,0,0,0,0,0,1,0,0,0,0,1,0,0,0,0,1,0,0
674,0,1.6321111498351177,0.976894151913627,0.0,0.0,0.0,0.0,0.0,2.0,-0.3125,0.2631578947368421,0.8813236641011549,0.0,0.0,-1.0,0.0,0.0,0.4,1.1154381084840055,0.0,0.0,-0.3784160603593929,0.9606377678126558,0.5,0.0,1.1976504595720936,0.0,0.0,0.5089113904630398,1.0,0.0,0.0,0.0,0.0,0.0,1.0,0.5,0.0,1.0,0.25,1.0,0.0,-0.27637130801687765,0.0,0.0,0.0,0.0,0.33910837831011187,0.0,0.0,8.103593650252291,0.0,0.0,0.0,0.0,6,2007,一般保證契約,一般交易,257500,12.458778882573533,0,0,0,1,0,0,0,0,0,0,0,0,0,0,0,0,1,0,0,0,0,0,0,1,0,1,0,0,0,0,1,0,0,0,0,0,0,0,0,0,0,0,0,0,0,0,0,0,0,0,0,0,0,0,0,0,1,0,0,0,0,0,0,0,1,0,0,0,0,0,0,0,1,0,0,0,0,0,1,0,0,0,0,0,0,1,0,0,0,0,0,0,1,0,0,0,0,0,0,0,0,0,1,0,0,0,0,0,0,0,0,0,0,0,0,0,0,0,1,0,0,0,0,0,0,0,0,0,0,0,1,0,0,1,0,0,0,0,0,0,1,0,0,0,0,0,1,0,0,0,0,0,0,1,0,0,1,0,0
676,0,-3.412047956290646,-2.9918938771590526,0.0,0.0,0.0,0.0,0.0,1.0,0.125,-0.42105263157894735,0.0,0.0,0.0,-1.0,0.0,0.0,0.2,-0.10152990264255911,0.0,0.0,0.09922841578934805,-0.279023418036871,-0.5,0.0,-0.5378813797287475,0.9490811102190401,0.0,-0.047774062973259375,0.0,0.0,0.0,1.0,0.0,0.0,0.0,0.5,0.0,0.0,0.25,-1.0,0.0,-0.1751054852320675,0.0,0.0,0.0,0.5671598192856189,-0.7117967261714493,0.0,0.0,0.0,0.0,0.0,0.0,0.0,4,2009,一般保證契約,一般交易,148500,11.908346971208951,0,0,0,0,0,0,0,0,0,1,0,0,0,0,0,0,1,0,0,0,0,0,0,1,0,1,0,0,0,0,0,1,0,0,0,0,0,0,0,0,0,0,0,0,0,0,0,0,0,0,0,0,0,0,0,0,1,0,0,0,0,0,0,0,1,0,0,0,0,0,0,0,0,1,0,0,0,0,0,0,0,1,0,0,0,0,0,1,0,0,0,0,1,0,0,0,0,0,0,1,0,0,0,0,0,0,0,0,0,0,0,1,0,0,0,0,0,0,0,0,0,0,0,0,0,0,0,0,1,0,0,0,0,0,1,0,0,0,0,0,1,0,0,0,0,0,1,0,0,0,0,0,0,1,0,0,1,0,0
677,4,-0.5300358319518109,0.0,0.0,0.7304631471189668,0.0,0.0,-1.0,-3.0,-1.5,-1.1578947368421053,0.0,0.0,0.0,-1.0,-0.3466451177569989,0.0,-0.6,-0.5340751043115438,0.0,0.0,0.6897986185032747,0.19930244145490783,-1.0,-0.7304631471189668,0.0010136620965596004,0.9834656990534246,0.0,0.4254821115789246,1.0,0.0,0.0,0.0,1.0,0.4638544907568095,0.0,1.0,-0.3846268403045294,-1.0,-0.5,-1.0,1.0,1.2552742616033756,-0.3466451177569989,-0.3466451177569989,-1.1943176378757763,0.0,-0.7117967261714493,6.448232316019434,0.0,0.0,0.0,0.0,0.0,0.0,5,2006,一般保證契約,一般交易,87000,11.373674891823535,0,0,0,0,0,0,0,1,0,0,0,0,0,0,0,1,0,0,0,0,0,0,0,1,0,1,0,0,0,0,0,0,0,0,0,0,0,0,0,0,0,0,0,0,0,0,0,0,1,0,0,0,0,0,0,0,1,0,0,0,0,0,0,0,1,0,0,0,0,0,0,0,1,0,0,0,0,0,0,0,0,1,0,0,0,0,0,1,0,0,0,0,1,0,0,0,0,0,0,0,0,0,0,0,0,0,0,1,0,0,0,0,0,0,0,0,0,0,0,0,1,0,0,0,0,0,0,0,1,0,0,0,0,0,0,0,1,0,0,1,0,0,0,0,0,0,1,0,0,1,0,0,0,0,0,0,1,0,0
679,1,0.469964168048189,0.49500863896000175,0.0,0.0,-1.0,0.0,1.0,0.0,0.75,0.3684210526315789,1.3125669355920009,1.0,0.0,0.8422747575632559,0.0,1.0,-0.6,-0.5340751043115438,0.0,0.0,1.272923504107679,2.0946686596910813,0.5,0.0,1.4556330329203675,0.0,0.0,0.7588777446393947,0.0,0.0,0.0,1.0,0.0,0.0,1.0,0.5,0.0,0.0,0.5,1.0,1.0,1.4873417721518987,0.0,0.0,0.0,1.1901077868217913,0.32033803663145805,0.0,0.0,0.0,0.0,0.0,0.0,0.0,7,2009,新屋,預售屋(估價時未完工),372500,12.827995001361906,0,0,0,1,0,0,0,0,0,0,0,0,0,0,0,0,1,0,0,0,0,0,0,1,0,1,0,0,0,0,0,0,0,0,0,0,0,0,0,0,0,0,0,0,0,1,0,0,0,0,0,0,0,0,0,0,1,0,0,0,0,0,0,0,1,0,0,0,0,0,0,0,1,0,0,0,0,0,1,0,0,0,0,0,0,1,0,0,0,0,0,0,1,0,0,0,0,1,0,0,0,0,0,0,0,0,0,0,0,0,0,0,1,0,0,0,0,0,0,0,0,0,0,0,0,0,0,0,0,1,0,0,0,1,0,0,0,0,0,0,1,0,0,0,0,0,1,0,0,0,0,0,0,1,0,0,1,0,0
682,1,-0.8233670642427064,-1.661245684282056,0.0,1.1943176378757763,-2.338124978532008,0.0,-0.5,0.0,-0.8333333333333334,0.15789473684210525,0.0,0.0,0.0,-1.0,0.0,0.0,-0.2,-0.2809457579972184,0.0,0.0,0.19300730384847103,-0.4025909317389138,0.5,0.0,-0.5554445710810658,0.9810215688568611,0.0,0.07231307919972647,0.0,0.0,-1.0,0.0,0.0,0.0,0.0,0.0,0.0,-1.0,-0.5,-1.0,-1.0,-0.8459915611814346,0.0,0.0,0.0,0.0,-0.7117967261714493,5.559490358416789,0.0,0.0,0.0,0.0,0.0,0.0,7,2009,一般保證契約,異常交易(如法拍),159434,11.979391594635791,1,0,0,0,0,0,0,0,0,0,0,0,0,0,0,0,0,0,0,1,0,1,0,0,0,1,0,0,0,0,0,0,0,0,0,0,0,1,0,0,0,0,0,0,0,0,0,0,0,0,0,0,0,0,0,0,1,0,0,0,0,0,0,0,1,0,0,0,0,0,0,0,1,0,0,0,1,0,0,0,0,0,0,0,0,0,0,1,0,0,0,0,1,0,0,0,0,1,0,0,0,0,0,0,0,0,0,0,0,0,0,0,0,0,0,0,0,0,0,0,1,0,0,0,0,0,0,0,1,0,0,0,0,0,0,0,1,0,0,0,1,0,0,0,0,0,1,0,0,0,0,1,0,0,0,0,1,0,0
684,0,0.8929485771758422,0.3718881927777268,0.0,0.0,-1.0,0.0,1.5,0.0,0.625,0.21052631578947367,1.0756812363252797,1.0,0.0,0.0,0.0,1.7473143510832982,0.4,0.9388038942976356,0.0,0.0,0.1324742297595568,1.2575984055804683,0.5,0.0,0.9652002093104041,0.0,0.0,0.2836840007553831,1.0,0.0,0.0,0.0,0.0,0.0,1.0,0.5,0.0,0.0,0.25,1.0,1.0,0.930379746835443,0.0,0.0,0.0,1.1220608136765289,0.139889170134574,0.0,0.0,0.0,0.0,0.0,0.0,0.0,7,2007,一般保證契約,一般交易,285000,12.560247968016562,0,0,0,1,0,0,0,0,0,0,0,0,0,0,0,0,1,0,0,0,0,0,0,1,0,0,0,0,1,0,0,0,0,0,0,0,1,0,0,0,0,0,0,0,0,0,0,0,0,0,0,0,0,0,0,0,1,0,0,0,0,0,0,0,1,0,0,0,0,0,0,0,1,0,0,0,0,0,1,0,0,0,0,0,0,1,0,0,0,0,0,0,1,0,0,0,0,1,0,0,0,0,0,0,0,0,0,0,0,0,0,0,1,0,0,0,0,0,0,0,0,0,0,0,0,0,0,0,0,1,0,0,0,1,0,0,0,0,0,0,1,0,0,0,0,0,1,0,0,0,0,0,0,1,0,0,1,0,0
685,2,-0.6448236533478237,1.3496315291348244,0.0,0.0,-2.338124978532008,0.0,0.5,0.0,0.5416666666666666,0.10526315789473684,0.5847080549361326,1.0,0.0,0.0,0.0,0.0,-0.6,-0.5340751043115438,0.0,0.0,0.7680542910990822,0.39860488290981566,0.0,0.0,0.19622436231684118,0.9710236941637042,0.0,0.5089113904630398,0.0,0.0,0.0,1.0,1.0,0.0,0.0,0.5,0.0,-1.0,-0.5,1.0,0.0,0.0189873417721519,0.0,0.0,0.0,0.0,0.3164690756662983,0.0,0.0,0.0,0.0,0.0,0.0,0.0,6,2010,一般保證契約,一般交易,221000,12.30592250537653,0,0,0,0,0,0,0,0,1,0,0,0,0,0,0,0,1,0,0,0,0,0,0,1,0,0,0,1,0,0,0,0,1,0,0,0,0,0,0,0,0,0,0,0,0,0,0,0,0,0,0,0,0,0,0,0,1,0,0,0,0,0,0,0,1,0,0,0,0,0,0,0,1,0,0,0,0,0,0,0,0,1,0,0,0,0,0,1,0,0,0,0,1,0,0,0,0,1,0,0,0,0,0,0,0,0,0,0,0,0,0,0,1,0,0,0,0,0,0,0,0,0,0,0,0,0,0,0,0,0,1,0,0,1,0,0,0,0,0,0,1,0,0,0,0,0,1,0,0,0,0,0,0,1,0,0,1,0,0
686,0,-0.9157076349691868,-1.4154531700464952,0.0,0.0,-1.0,0.0,0.5,0.0,0.25,-0.2631578947368421,0.0,1.0,0.0,0.0,0.0,1.0,0.4,0.6175243393602226,0.4638544907568095,7.8971902791299975,-0.7153849221694538,0.38863976083707025,0.0,0.0,0.186799714119148,1.0514124935992624,0.0,0.8092224749298887,1.0,0.0,0.0,0.0,0.0,0.0,1.0,0.0,-0.18059459163956637,0.0,0.25,1.0,0.0,0.4029535864978903,0.0,0.0,0.0,1.0751790242342232,-0.7117967261714493,0.0,0.0,0.0,0.0,0.0,0.0,0.0,9,2007,一般保證契約,一般交易,207500,12.242891437918386,0,0,0,0,0,0,0,0,0,1,0,0,0,0,0,0,1,0,0,0,0,0,0,1,0,0,0,1,0,0,0,0,0,0,0,0,0,0,0,0,0,0,0,0,0,1,0,0,0,0,0,0,0,0,0,0,1,0,0,0,0,0,0,0,1,0,0,0,0,0,0,0,0,0,1,0,0,0,0,0,0,1,0,0,0,0,0,1,0,0,0,0,1,0,0,0,0,0,0,0,0,0,0,0,0,0,0,0,1,0,0,0,0,0,0,0,0,0,0,0,0,0,0,0,1,0,0,0,1,0,0,0,0,0,1,0,0,0,0,0,1,0,0,0,0,0,1,0,0,0,0,0,0,1,0,0,1,0,0
687,3,0.6442140439022846,0.1428712410976156,0.0,0.0,0.0,0.0,0.5,1.0,0.7291666666666666,0.34210526315789475,0.0,1.0,0.0,0.0,0.0,0.0,-0.6,-0.5340751043115438,0.0,0.0,0.4926341706441583,-0.24115595416043847,0.5,0.0,-0.4908179029315499,1.0478327085474093,0.0,0.4084853776925915,0.0,0.0,1.0,0.0,0.0,0.0,1.0,0.5,0.0,-1.0,-0.5,1.0,0.0,0.40717299578059074,0.0,0.0,0.0,0.9576843843402714,0.3999325156326103,0.0,0.0,0.0,0.0,0.0,0.0,0.0,8,2007,新屋,預售屋(估價時未完工),227875,12.336556900342153,0,0,0,0,0,0,0,0,1,0,0,0,0,0,0,0,0,0,1,0,0,0,0,1,0,1,0,0,0,0,0,0,0,0,0,0,0,0,0,0,0,0,0,0,0,0,0,0,0,0,1,0,0,0,0,0,1,0,0,0,0,0,0,0,1,0,0,0,0,0,0,0,1,0,0,0,0,0,0,0,0,1,0,0,0,0,0,1,0,0,0,0,1,0,0,0,0,1,0,0,0,0,0,0,0,0,0,0,0,0,0,0,1,0,0,0,0,0,0,0,0,0,0,0,0,0,0,0,1,0,0,0,0,1,0,0,0,0,0,0,1,0,0,0,0,0,1,0,0,0,0,0,0,1,0,0,1,0,0
688,2,0.17054485960394422,-1.3976184474294453,0.0,0.0,-2.338124978532008,0.0,0.5,0.0,0.6666666666666666,0.2631578947368421,0.0,1.0,0.0,0.0,0.0,0.0,0.4,-0.20166898470097358,0.0,0.0,-0.32744239765657424,-0.8849028400597907,0.5,0.0,-1.4466279214127564,0.9349310993143092,0.0,-0.6368348401085928,0.0,0.0,0.0,1.0,-1.0,0.0,1.0,-1.0,0.0,-1.0,-0.5,-1.0,0.0,-0.006329113924050633,0.0,0.0,0.0,0.0,0.22418808858595582,0.0,0.0,0.0,0.0,0.0,0.0,0.0,3,2007,一般保證契約,一般交易,148800,11.910365121788654,0,0,0,0,0,0,0,0,0,1,0,0,0,0,0,0,0,0,1,0,0,0,0,1,0,0,1,0,0,0,0,0,0,0,0,0,0,0,0,0,0,0,0,0,0,0,0,0,0,0,1,0,0,0,0,0,1,0,0,0,0,0,0,0,1,0,0,0,0,0,0,0,0,0,1,0,0,0,0,0,0,1,0,0,0,0,0,1,0,0,0,0,1,0,0,0,0,0,0,0,0,0,0,0,0,0,0,0,0,1,0,0,0,0,0,0,0,0,0,0,0,0,0,0,0,1,0,0,1,0,0,0,0,1,0,0,0,0,0,0,1,0,0,0,0,0,1,0,0,0,0,1,0,0,0,0,1,0,0
689,0,-0.5300358319518109,-0.3921842809790992,0.0,0.0,0.0,0.0,1.0,1.0,0.7291666666666666,0.34210526315789475,0.0,1.0,0.0,0.0,0.0,1.7473143510832982,0.4,0.780250347705146,0.0,0.0,-0.009866981517508531,0.8450423517688092,0.5,0.0,0.5875715711883517,0.0,0.0,-0.08221069003258712,1.0,0.0,0.0,0.0,-1.0,0.0,1.0,0.5,0.0,0.0,0.5,0.0,0.0,0.36075949367088606,0.0,0.0,0.0,0.950060361690953,-0.7117967261714493,0.0,0.0,0.0,0.0,0.0,0.0,0.0,10,2007,新屋,預售屋(估價時未完工),392000,12.879019669789754,0,0,0,1,0,0,0,0,0,0,0,0,0,0,0,0,1,0,0,0,0,0,1,0,0,1,0,0,0,0,0,0,0,0,0,0,0,0,0,0,0,0,0,0,0,1,0,0,0,0,0,0,0,0,0,0,1,0,0,0,0,0,0,0,1,0,0,0,0,0,0,0,1,0,0,0,0,0,1,0,0,0,0,0,0,0,0,1,0,0,0,0,1,0,0,0,0,0,0,0,0,0,0,0,0,0,0,0,0,1,0,0,0,0,0,0,0,0,0,0,0,0,0,0,0,1,0,0,0,0,1,0,0,1,0,0,0,0,0,0,1,0,0,0,0,0,1,0,0,0,0,0,0,1,0,0,1,0,0
690,1,-0.47383711054095945,-0.5392841920620226,0.0,0.0,-1.0,0.0,0.0,0.0,0.6875,0.3157894736842105,1.1270126110400929,1.0,0.0,0.0,0.0,1.7473143510832982,0.2,-0.5062586926286509,0.0,0.0,0.8735458031801938,0.7314399601395117,0.5,0.0,0.49326203998751206,0.0,0.0,-0.1735897679772439,0.0,0.0,0.0,0.0,-1.0,0.0,1.0,0.0,0.0,0.0,0.5,0.0,0.0,-0.09071729957805907,0.0,0.0,0.0,1.0374820403803926,0.009549770389255476,0.0,0.0,0.0,0.0,0.0,0.0,0.0,6,2007,一般保證契約,一般交易,194700,12.179220327453933,0,0,0,0,0,1,0,0,0,0,0,0,0,0,0,0,1,0,0,0,0,0,0,1,0,0,0,0,1,0,0,0,0,1,0,0,0,0,0,0,0,0,0,0,0,0,0,0,0,0,0,0,0,0,0,0,1,0,0,0,0,0,0,0,1,0,0,0,0,0,0,0,0,0,1,0,0,0,1,0,0,0,0,0,0,0,0,1,0,0,0,0,1,0,0,0,0,1,0,0,0,0,0,0,0,0,0,0,0,0,0,0,1,0,0,0,0,0,0,0,0,0,0,0,0,0,0,0,0,1,0,0,0,1,0,0,0,0,0,0,1,0,0,0,0,0,1,0,0,0,0,0,0,1,0,0,1,0,0
691,4,0.0,-1.695528845715134,0.0,0.0,0.0,0.0,0.0,0.0,0.6666666666666666,0.2631578947368421,0.9685349201292586,1.0,0.0,0.0,0.0,2.3495966477454164,0.4,0.43532684283727396,0.0,0.0,-0.8325148281462799,-0.2929745889387145,0.5,0.0,-0.5554445710810658,0.0,0.0,-1.189710216607566,1.0,0.0,-1.0,0.0,-2.0,0.0,1.0,-1.5,0.0,0.0,0.25,0.0,0.0,-0.25949367088607594,0.0,0.0,0.0,0.9669669288634732,-0.7117967261714493,0.0,0.0,0.0,0.0,0.0,0.0,0.0,5,2008,一般保證契約,一般交易,141000,11.856522261533737,0,0,0,0,0,1,0,0,0,0,0,0,0,0,0,1,0,0,0,0,0,0,0,1,0,1,0,0,0,0,0,0,0,0,0,0,1,0,0,0,0,0,0,0,0,0,0,0,0,0,0,0,0,0,0,0,1,0,0,0,0,0,0,0,1,0,0,0,0,0,0,0,0,0,1,0,0,0,1,0,0,0,0,0,0,0,0,1,0,0,0,0,1,0,0,0,0,1,0,0,0,0,0,0,0,0,0,0,0,0,0,0,1,0,0,0,0,0,0,0,0,0,0,0,0,0,0,0,0,0,1,0,0,1,0,0,0,0,0,0,1,0,0,0,0,0,1,0,0,0,0,0,0,1,0,0,1,0,0
693,2,-1.7059765883826772,2.511173517336562,0.0,0.0,-1.0,-0.4638544907568095,0.5,0.0,0.3541666666666667,-0.10526315789473684,1.1676672574527533,1.0,0.0,0.0,0.0,2.3495966477454164,0.4,0.808066759388039,0.0,0.0,-0.5019848967021205,0.4285002491280518,0.5,0.0,0.27592265802331273,1.1407158327819626,0.0,1.257947879321715,1.0,0.0,0.0,1.0,1.0,0.0,1.0,1.5,0.0,1.0,0.5,0.0,0.0,0.6181434599156118,0.0,0.0,0.0,1.1881957724401653,0.0,0.0,0.0,0.0,0.0,0.0,0.0,0.0,4,2006,一般保證契約,一般交易,335000,12.721888795877375,0,0,0,0,0,0,0,0,1,0,0,0,0,0,0,0,1,0,0,0,0,0,0,1,0,1,0,0,0,0,0,0,0,0,0,0,0,0,0,0,0,0,0,1,0,0,0,0,0,0,0,0,0,0,0,0,1,0,0,0,0,0,0,0,1,0,0,0,0,0,0,0,1,0,0,0,0,0,0,0,0,1,0,0,0,1,0,0,0,0,0,0,1,0,0,0,0,0,0,0,0,0,0,0,0,0,0,0,0,1,0,0,0,0,0,0,0,0,0,0,0,0,0,0,0,1,0,0,0,0,1,0,0,1,0,0,0,0,0,0,1,0,0,0,0,0,1,0,0,0,0,0,0,1,0,0,1,0,0
695,1,-1.0745234809577138,-1.0097738386911663,0.0,0.0,0.0,0.0,-0.5,1.0,-0.75,-1.1578947368421053,0.0,0.0,-0.3466451177569989,-1.0,0.0,0.0,-0.6,-0.5340751043115438,0.0,0.0,0.5434804640358671,-0.13552566018933732,-0.5,0.0,-0.0563553829424583,0.8999514061293433,0.0,0.10040196691191837,0.0,0.0,-1.0,1.0,0.0,0.0,0.0,-0.5,0.0,-1.0,-0.5,-1.0,0.0,0.3987341772151899,0.0,0.0,0.0,0.8908425096365626,-0.7117967261714493,0.0,0.0,0.0,0.0,0.0,1.5409627556327752,0.0,4,2009,一般保證契約,一般交易,141500,11.860062063178267,1,0,0,0,0,0,0,0,0,0,0,0,0,0,0,1,0,0,0,0,0,0,0,1,0,0,0,0,1,0,0,0,0,0,0,0,0,0,0,1,0,0,0,0,0,0,0,0,0,0,0,0,0,0,0,0,1,0,0,0,0,0,0,0,1,0,0,0,0,0,0,0,1,0,0,0,1,0,0,0,0,0,0,0,0,0,0,1,0,0,0,0,1,0,0,0,0,0,0,0,1,0,0,0,0,0,0,0,0,0,0,0,0,0,0,0,1,0,0,0,0,0,0,0,0,0,0,0,1,0,0,0,0,0,0,0,1,0,0,0,1,0,0,0,0,0,1,0,0,0,0,1,0,0,0,0,1,0,0
697,1,-1.1398722399119068,-1.0526421762248437,0.0,0.0,0.0,0.0,-0.5,2.0,-1.0625,-1.1578947368421053,0.0,0.0,0.0,-1.0,0.0,0.0,-0.4,0.3226703755215577,0.0,0.0,-3.1687229326517117,-0.7553562531141006,0.0,0.0,-1.2216745122160741,0.0,0.0,-1.8352385841528607,0.0,0.0,-1.0,0.0,-1.0,0.0,0.0,-1.0,0.0,-1.0,-0.5,-1.0,-1.0,-1.1666666666666667,0.0,0.0,0.0,0.0,-0.7117967261714493,7.1690048896756915,0.0,0.0,0.0,0.0,0.0,0.0,6,2006,一般保證契約,一般交易,89000,11.39640288460621,0,0,1,0,0,0,0,0,0,0,0,0,0,0,0,1,0,0,0,0,0,0,0,1,0,1,0,0,0,0,0,0,0,0,0,0,0,0,0,1,0,0,0,0,0,0,0,0,0,0,0,0,0,0,0,0,1,0,0,0,0,0,0,0,1,0,0,0,0,0,0,0,1,0,0,0,0,0,1,0,0,0,0,0,0,0,0,1,0,0,0,0,1,0,0,0,0,0,0,0,1,0,0,0,0,0,0,0,0,0,0,0,0,0,0,0,0,1,0,0,0,0,0,0,0,0,0,0,1,0,0,0,0,0,1,0,0,0,0,0,1,0,0,0,0,0,1,0,0,0,0,1,0,0,0,0,1,0,0
698,0,-0.7034629278735134,-0.9056483639141633,0.0,0.0,-1.0,0.0,-0.5,2.0,-0.4166666666666667,-1.105263157894737,0.0,0.0,0.0,0.8422747575632559,0.2793713480100486,1.0,-0.4,-0.24200278164116829,1.3251783909391408,10.520314560548854,-0.5808130789733333,-0.029895366218236172,-1.0,0.0,0.10627639181453996,0.0,0.0,-0.5485507211024858,0.0,0.7304631471189668,-1.0,0.0,-1.0,0.0,0.0,0.0,0.0,-1.0,-0.5,-1.0,-1.0,-0.7320675105485233,0.0,0.0,0.0,0.0,-0.7117967261714493,0.0,0.0,0.0,0.0,0.0,0.0,0.0,9,2006,一般保證契約,一般交易,123500,11.724004532183379,0,0,0,1,0,0,0,0,0,0,0,0,0,0,0,0,1,0,0,0,0,0,0,1,0,1,0,0,0,0,0,0,0,0,0,0,0,0,0,0,0,1,0,0,0,0,0,0,0,0,0,0,0,0,0,0,1,0,0,0,0,0,0,0,1,0,0,0,0,0,0,0,1,0,0,0,0,0,1,0,0,0,0,0,0,0,0,1,0,0,0,0,1,0,0,0,0,0,0,0,1,0,0,0,0,0,0,0,0,0,0,0,0,0,0,0,1,0,0,0,0,0,0,0,0,0,0,0,1,0,0,0,0,1,0,0,0,0,0,0,1,0,0,0,0,1,0,0,0,0,0,1,0,0,0,0,1,0,0
699,2,-0.2564764364743176,-0.2931543883230165,0.0,0.0,0.0,0.0,-0.5,3.0,-0.14583333333333334,0.39473684210526316,0.0,0.0,0.2793713480100486,-1.0,0.0,0.0,0.4,0.23504867872044508,1.089870956523857,6.969460479809202,-0.5650602058606742,-0.2012954658694569,0.5,0.0,-0.44220669054566614,0.0,0.0,-1.0799909445469715,1.0,0.0,-1.0,0.0,0.0,0.0,0.0,-0.5,0.0,0.0,0.5,-1.0,-1.0,-0.6139240506329114,0.0,0.0,0.0,1.2703020021106912,0.5062413857753625,0.0,0.0,0.0,0.0,0.0,1.5409627556327752,0.0,4,2010,一般保證契約,一般交易,138500,11.83863282480007,0,0,0,1,0,0,0,0,0,0,0,0,0,0,0,0,1,0,0,0,0,0,0,1,0,1,0,0,0,0,0,0,0,0,0,0,0,0,0,0,0,0,0,0,0,0,0,1,0,0,0,0,0,0,0,0,0,0,0,1,0,0,0,0,1,0,0,0,0,0,0,0,1,0,0,0,0,0,1,0,0,0,0,0,0,0,0,1,0,0,0,0,1,0,0,0,0,0,0,0,0,0,0,0,0,0,0,0,0,1,0,0,0,0,0,0,0,0,0,0,0,0,0,0,0,1,0,0,1,0,0,0,0,0,1,0,0,0,0,0,1,0,0,0,0,0,1,0,0,0,0,1,0,0,0,0,1,0,0
700,4,-0.5870231824252673,-1.7636623228542658,0.0,1.1943176378757763,-2.338124978532008,0.0,0.5,0.0,0.6666666666666666,0.2631578947368421,0.0,1.0,0.0,0.0,0.0,1.0,0.4,-0.5118219749652295,0.0,0.0,0.8958694061613577,0.7892376681614349,0.5,0.0,0.5416543604901007,0.0,0.0,-0.1267011282944554,0.0,0.0,0.0,0.0,-1.0,0.0,1.0,-0.5,0.0,-1.0,-0.5,0.0,0.0,0.20464135021097046,0.0,0.0,0.0,0.9795301978329513,0.5384801674296122,0.0,0.0,0.0,0.0,0.0,0.0,0.0,7,2008,一般保證契約,一般交易,196000,12.185875040240456,0,0,0,0,0,1,0,0,0,0,0,0,0,0,0,0,0,0,1,0,0,0,0,1,0,1,0,0,0,0,0,0,0,0,0,0,0,0,0,0,0,0,0,0,0,0,0,0,0,0,1,0,0,0,0,0,1,0,0,0,0,0,0,0,1,0,0,0,0,0,0,0,0,0,1,0,0,0,1,0,0,0,0,0,0,0,0,1,0,0,0,0,1,0,0,0,0,0,0,0,0,0,0,0,0,0,0,0,0,1,0,0,0,0,0,0,0,0,0,0,0,0,0,0,0,1,0,0,1,0,0,0,0,1,0,0,0,0,0,0,1,0,0,0,0,0,1,0,0,0,0,0,0,1,0,0,1,0,0
701,2,0.6866853341578308,0.957877063804057,0.0,0.0,0.0,0.0,1.0,0.0,0.625,0.21052631578947367,1.4147264123422039,1.0,0.0,0.8422747575632559,0.0,2.3495966477454164,0.4,1.2378303198887344,0.0,0.0,0.07236752311802562,1.604384653712008,0.5,0.0,1.1463041434961145,0.0,0.0,0.45916054387166044,1.0,0.0,0.0,0.0,0.0,0.0,1.0,0.5,0.0,0.0,0.5,1.0,1.0,1.1962025316455696,0.0,0.0,0.0,1.136753047626772,0.30461656634883394,0.0,0.0,0.0,0.0,0.0,0.0,0.0,5,2006,一般保證契約,一般交易,312500,12.652362948153474,0,0,0,1,0,0,0,0,0,0,0,0,0,0,0,0,1,0,0,0,0,0,0,1,0,1,0,0,0,0,0,0,0,0,0,0,0,0,0,0,0,0,0,1,0,0,0,0,0,0,0,0,0,0,0,0,1,0,0,0,0,0,0,0,1,0,0,0,0,0,0,0,1,0,0,0,0,0,1,0,0,0,0,0,0,1,0,0,0,0,0,0,1,0,0,0,0,1,0,0,0,0,0,0,0,0,0,0,0,0,0,0,1,0,0,0,0,0,0,0,0,0,0,0,0,0,0,0,0,0,1,0,0,1,0,0,0,0,0,0,1,0,0,0,0,0,1,0,0,0,0,0,0,1,0,0,1,0,0
702,0,0.469964168048189,0.0,0.0,0.0,0.0,0.0,0.5,0.0,-0.0625,-0.6578947368421053,1.0054490349891212,0.0,0.0,-1.0,0.0,0.0,-0.6,-0.5340751043115438,0.0,0.0,0.744409736456148,0.3368211260587942,-0.5,0.0,0.13724243915219178,0.0,0.0,-0.5185468729518757,0.0,0.0,-1.0,1.0,0.0,0.0,0.0,0.0,0.0,-1.0,-0.5,-1.0,0.0,0.1962025316455696,0.0,0.0,0.0,0.0,-0.7117967261714493,0.0,0.0,0.0,0.0,0.0,0.0,0.0,7,2006,法院或遺產拍賣,一般交易,140000,11.849404844423074,0,0,0,1,0,0,0,0,0,0,0,0,0,0,0,0,1,0,0,0,0,0,0,1,0,1,0,0,0,0,0,0,0,0,0,0,0,0,0,0,0,0,0,0,0,0,0,0,0,0,0,0,1,0,0,0,1,0,0,0,0,0,0,0,1,0,0,0,0,0,0,0,1,0,0,0,0,0,1,0,0,0,0,0,0,1,0,0,0,0,0,0,1,0,0,0,0,0,0,0,0,0,0,0,0,0,0,0,1,0,0,0,0,0,0,0,0,0,0,0,0,0,0,0,1,0,0,0,0,0,1,0,0,0,1,0,0,0,0,0,1,0,0,0,0,0,1,0,0,0,0,0,0,1,0,0,1,0,0
703,3,0.5579814411897118,0.6125835750798262,0.0,0.0,-1.0,0.0,1.0,0.0,0.7083333333333334,0.3157894736842105,1.313971042268257,1.8422747575632559,0.0,0.8422747575632559,0.2793713480100486,0.0,-0.6,-0.5340751043115438,0.0,0.0,0.7970716645409444,0.4763328350772297,0.5,0.0,0.32297872708658276,1.1469386573437905,0.0,1.3125779846933407,0.0,0.0,0.0,1.0,1.0,0.0,2.0,2.0,0.0,0.0,0.5,1.0,1.0,0.7784810126582279,0.0,0.0,0.0,1.1920097643144696,0.3839769150857809,0.0,0.0,0.0,0.0,0.0,0.0,0.0,7,2006,新屋,預售屋(估價時未完工),361919,12.799178471909892,0,0,0,0,0,0,0,0,1,0,0,0,0,0,0,0,1,0,0,0,0,0,0,1,0,1,0,0,0,0,0,0,0,0,0,0,0,0,0,0,0,0,0,0,0,1,0,0,0,0,0,0,0,0,0,0,1,0,0,0,0,0,0,0,1,0,0,0,0,0,0,0,1,0,0,0,0,0,0,0,0,1,0,0,0,1,0,0,0,0,0,0,1,0,0,0,0,1,0,0,0,0,0,0,0,0,0,0,0,0,0,0,1,0,0,0,0,0,0,0,0,0,0,0,0,0,0,0,0,0,1,0,0,1,0,0,0,0,0,0,1,0,0,0,0,0,1,1,0,0,0,0,0,0,0,0,1,0,0
704,0,0.28823999813735185,-0.5236716338913718,0.0,0.0,0.0,0.0,-0.5,4.0,-1.5,0.05263157894736842,0.0,0.0,0.2793713480100486,0.0,0.0,0.0,-0.6,-0.5340751043115438,0.0,0.0,-0.2210427374494082,-1.2655705032386646,0.0,0.0,-0.12989251538807342,1.016543765463514,0.0,0.47456523378707743,0.0,0.0,0.0,0.0,1.0,0.4638544907568095,1.0,1.0,0.0,0.0,-0.25,-1.0,0.0,0.8037974683544303,0.0,0.0,-1.1943176378757763,1.2105016381614622,-0.7117967261714493,4.969939052451074,0.0,0.0,0.0,0.0,1.5409627556327752,0.0,5,2010,一般保證契約,一般交易,140000,11.849404844423074,0,0,0,0,0,0,0,0,0,0,1,0,0,0,0,1,0,0,0,0,0,0,0,1,0,1,0,0,0,0,0,0,0,0,0,0,0,0,0,0,0,0,0,0,0,0,0,0,1,0,0,0,0,0,0,0,0,0,0,0,0,0,1,0,1,0,0,0,0,0,0,1,0,0,0,0,0,0,0,0,0,1,0,0,0,0,0,1,0,0,0,0,1,0,0,0,0,0,0,0,1,0,0,0,0,0,0,0,0,0,0,0,0,0,0,0,1,0,0,0,0,0,0,0,0,0,0,0,1,0,0,0,0,0,0,0,1,0,0,0,1,0,0,0,0,0,1,0,0,0,0,1,0,0,0,0,1,0,0
705,0,0.0,-0.30665332785834487,0.0,0.0,0.0,0.0,0.5,0.0,0.6666666666666666,0.2894736842105263,0.8885935123772233,1.0,0.0,0.0,0.0,1.7473143510832982,0.4,0.4561891515994437,0.0,0.0,0.3748296619911621,0.9526656701544594,0.5,0.0,0.6912683670571781,0.0,0.0,0.018263964773292146,1.0,0.0,0.0,0.0,0.0,0.0,1.0,0.5,0.0,-1.0,-0.5,0.0,0.0,0.5253164556962026,0.0,0.0,0.0,0.0,0.06951502783946585,0.0,7.397497957722461,0.0,0.0,0.0,0.0,0.0,5,2010,一般保證契約,一般交易,213000,12.269052139516223,0,0,0,1,0,0,0,0,0,0,0,0,0,0,0,0,1,0,0,0,0,0,0,1,0,1,0,0,0,0,0,0,0,0,0,0,1,0,0,0,0,0,0,0,0,0,0,0,0,0,0,0,0,0,0,0,1,0,0,0,0,0,0,0,1,0,0,0,0,0,0,0,1,0,0,0,0,0,1,0,0,0,0,0,0,0,0,1,0,0,0,0,1,0,0,0,0,1,0,0,0,0,0,0,0,0,0,0,0,0,0,0,1,0,0,0,0,0,0,0,0,0,0,0,0,0,0,0,0,0,1,0,0,1,0,0,0,0,0,0,1,0,0,0,0,0,1,0,0,0,0,0,0,1,0,0,1,0,0
706,4,0.0,-1.2010049003786212,0.0,0.0,0.0,0.0,-1.0,0.0,-0.875,-1.1578947368421053,0.0,-1.24080411332851,-0.3466451177569989,-6.515822458562748,-1.5409627556327752,-1.5747678672403655,-0.8,-0.5340751043115438,-0.7304631471189668,0.0,-3.1687229326517117,-1.9830592924763328,-1.0,-0.7304631471189668,-2.209465827521321,0.997366356257112,0.0,-0.6564402199381536,0.0,0.0,0.0,0.0,0.0,0.4638544907568095,-1.0,0.5,-0.6199342747198131,-1.0,-0.5,-2.0,-2.0,-2.0316455696202533,-1.5409627556327752,-1.5409627556327752,-1.1943176378757763,0.0,-0.7117967261714493,0.0,0.0,0.0,0.0,0.0,0.0,16.007824898140864,7,2010,一般保證契約,一般交易,55000,10.915106645867503,0,0,0,0,0,0,0,0,0,0,1,0,0,0,0,1,0,0,0,0,0,0,0,1,0,1,0,0,0,1,0,0,0,0,0,0,0,0,0,0,0,0,0,0,0,0,0,0,0,0,0,0,0,0,0,0,1,0,0,0,0,0,0,0,1,0,0,0,0,0,0,1,0,0,0,0,0,0,0,0,0,1,0,0,0,1,0,0,0,0,0,0,1,0,0,0,0,1,0,0,0,0,0,0,0,0,0,0,0,0,0,0,0,0,0,0,0,1,0,0,0,0,0,0,0,0,0,0,1,0,0,0,1,0,0,0,0,0,0,0,1,0,0,0,0,0,1,0,0,0,1,0,0,0,0,1,0,0,0
707,4,0.469964168048189,6.9839556639349,0.0,0.0,-2.338124978532008,-1.1943176378757763,0.5,0.0,-0.020833333333333332,0.21052631578947367,1.2233889224503485,0.0,0.0,0.0,0.0,2.3495966477454164,0.4,1.161335187760779,0.0,0.0,-0.09650271066513162,1.2914798206278026,-0.5,0.0,1.1780123588199718,0.0,0.0,0.4898834988335966,1.0,0.0,0.0,0.0,-1.0,0.0,1.0,-0.5,0.0,1.0,0.25,-1.0,0.0,1.0864978902953586,0.0,0.0,0.0,1.2416044446834997,0.1584510203308132,0.0,0.0,0.0,0.0,0.0,0.0,0.0,6,2007,一般保證契約,一般交易,302000,12.618185607609803,0,0,0,1,0,0,0,0,0,0,0,0,0,0,0,0,1,0,0,0,1,0,0,0,0,0,0,1,0,0,0,0,0,0,0,0,0,0,0,0,0,0,0,0,1,0,0,0,0,0,0,0,0,0,0,0,1,0,0,0,0,0,0,0,1,0,0,0,0,0,0,0,1,0,0,0,0,0,1,0,0,0,0,0,0,0,0,1,0,0,0,0,1,0,0,0,0,0,0,1,0,0,0,0,0,0,0,0,0,0,0,0,0,0,0,1,0,0,0,0,0,0,0,0,0,0,0,0,0,1,0,0,0,0,1,0,0,0,0,0,1,0,0,0,0,0,1,0,0,0,0,0,0,1,0,0,1,0,0
709,4,-0.2564764364743176,-0.144388925635401,0.0,0.0,-1.0,0.0,0.5,0.0,0.7291666666666666,0.34210526315789475,0.0,1.0,0.0,0.0,0.0,1.7473143510832982,-0.6,-0.5340751043115438,0.0,0.0,0.3376251921341799,-0.5321375186846039,0.5,0.0,-0.8774916127296126,1.0,0.0,-0.024549705422330825,0.0,0.0,0.0,1.0,0.0,0.0,1.0,1.0,0.0,0.0,0.5,1.0,0.0,-0.3438818565400844,0.0,0.0,0.0,0.8615537516526842,-0.03050025401873223,0.0,0.0,0.0,0.0,0.0,0.0,0.0,7,2007,新屋,預售屋(估價時未完工),179540,12.09815887308463,0,0,0,0,0,0,0,0,1,0,0,0,0,0,0,0,1,0,0,0,0,0,0,1,0,1,0,0,0,0,0,0,0,0,0,1,0,0,0,0,0,0,0,0,0,0,0,0,0,0,0,0,0,0,0,0,1,0,0,0,0,0,0,0,1,0,0,0,0,0,0,0,1,0,0,0,0,0,0,0,0,1,0,0,0,1,0,0,0,0,0,0,1,0,0,0,0,1,0,0,0,0,0,0,0,0,0,0,0,0,0,0,1,0,0,0,0,0,0,0,0,0,0,0,0,0,0,0,1,0,0,0,0,1,0,0,0,0,0,0,1,0,0,0,0,0,1,0,0,0,0,0,0,1,0,0,1,0,0
710,4,0.0247951663920471,-0.6648504099451801,0.0,0.0,-1.0,0.0,-0.5,2.0,-0.125,-0.7368421052631579,0.652402125270008,0.0,0.0,-1.0,0.0,0.0,-0.6,-0.5340751043115438,0.0,0.0,0.49459982687309767,-0.2371699053313403,-0.5,0.0,-0.41824645495332474,0.0,0.0,-1.0567752185446626,0.0,0.0,-1.0,0.0,0.0,0.0,0.0,0.0,0.0,-1.0,-0.5,-1.0,-1.0,-0.310126582278481,0.0,0.0,0.0,0.0,-0.7117967261714493,0.0,0.0,0.0,0.0,0.0,1.5409627556327752,0.0,12,2008,一般保證契約,異常交易(如法拍),109900,11.60733523953139,0,0,0,1,0,0,0,0,0,0,0,0,0,0,0,0,1,0,0,0,0,0,0,1,0,1,0,0,0,0,0,0,0,0,0,0,0,0,0,0,0,0,0,0,0,0,0,1,0,0,0,0,0,0,0,0,1,0,0,0,0,0,0,0,1,0,0,0,0,0,0,0,1,0,0,0,0,0,1,0,0,0,0,0,0,0,0,1,0,0,0,0,1,0,0,0,0,0,0,0,0,0,0,0,0,0,0,0,1,0,0,0,0,0,0,0,0,0,0,0,0,0,0,0,1,0,0,1,0,0,0,0,0,1,0,0,0,0,0,0,1,0,0,0,0,0,1,0,0,0,0,0,0,1,0,0,1,0,0
711,1,-0.7629679606273453,-1.8377269746766574,0.0,0.0,-1.0,0.0,-1.5,1.0,-0.7708333333333334,0.23684210526315788,0.0,1.0,0.0,-1.0,0.0,0.0,-0.6,-0.5340751043115438,0.0,0.0,-0.4326070423259084,-1.4449427005480817,0.0,0.0,-0.8746272879796458,0.0,0.0,-1.4989750596693987,0.0,0.0,-1.0,0.0,-1.0,0.0,0.0,-0.5,-1.2459507404868606,-1.0,-0.5,-2.0,-2.0,-2.0316455696202533,-1.5409627556327752,-1.5409627556327752,-1.1943176378757763,0.0,-0.7117967261714493,0.0,0.0,0.0,0.0,0.0,0.0,0.0,7,2008,一般保證契約,一般交易,52000,10.859018228147887,0,0,1,0,0,0,0,0,0,0,0,0,0,0,0,0,1,0,0,0,0,0,0,1,0,1,0,0,0,0,0,0,0,0,0,0,0,0,0,1,0,0,0,0,0,0,0,0,0,0,0,0,0,0,0,0,1,0,0,0,0,0,0,0,1,0,0,0,0,0,0,0,1,0,0,0,0,0,1,0,0,0,0,0,0,0,0,1,0,0,0,0,1,0,0,0,0,1,0,0,0,0,0,0,0,0,0,0,0,0,0,0,1,0,0,0,0,0,0,0,0,0,0,0,0,0,0,0,1,0,0,0,0,0,1,0,0,0,0,0,1,0,0,0,0,0,1,0,0,0,1,0,0,0,0,0,1,0,0
713,1,-1.8614282606963264,-1.5838203008981582,0.0,0.0,-1.0,0.0,1.0,0.0,0.3333333333333333,-0.13157894736842105,0.0,1.0,0.0,0.0,0.0,1.0,0.4,0.5326842837273992,0.0,0.0,-0.03161742020686273,0.46437468858993525,0.0,0.0,0.2576004551777797,0.0,0.0,-0.4019287073473314,1.0,0.0,0.0,0.0,-1.0,0.0,1.0,-0.5,0.0,0.0,0.5,1.0,0.0,-0.04008438818565401,0.0,0.0,0.0,1.0,0.44423404373352443,0.0,0.0,0.0,0.0,0.0,0.0,0.0,10,2008,一般保證契約,一般交易,189000,12.149507585033072,0,0,0,0,0,1,0,0,0,0,0,0,0,0,0,0,1,0,0,0,0,0,1,0,0,1,0,0,0,0,0,0,0,0,0,0,0,0,0,0,0,0,0,0,0,1,0,0,0,0,0,0,0,0,0,0,1,0,0,0,0,0,0,0,1,0,0,0,0,0,0,0,0,0,1,0,0,0,1,0,0,0,0,0,0,0,0,1,0,0,0,0,1,0,0,0,0,0,0,0,0,0,0,0,0,0,0,0,1,0,0,0,0,0,0,0,0,0,0,0,0,0,0,0,1,0,0,0,1,0,0,0,0,1,0,0,0,0,0,0,1,0,0,0,0,0,1,0,0,0,0,0,0,1,0,0,1,0,0
714,2,-0.5300358319518109,0.06517957845873126,0.0,0.0,0.0,0.0,-1.0,0.0,-0.041666666666666664,-0.631578947368421,0.9918723682777081,0.0,0.0,-1.0,0.0,1.7473143510832982,0.2,0.5632823365785814,0.0,0.0,-0.7499143535926232,-0.06975585450921774,-0.5,-0.7304631471189668,-0.2880842536468032,0.0,0.0,-0.9306575103216483,1.0,0.0,-1.0,0.0,0.0,0.0,0.0,0.0,0.0,-1.0,-0.5,-1.0,0.0,0.3987341772151899,0.0,0.0,0.0,0.0,0.7586449019653899,0.0,0.0,0.0,0.0,0.0,0.0,0.0,5,2006,一般保證契約,一般交易,129000,11.767575435251748,0,0,0,0,0,0,0,0,0,0,1,0,0,0,0,0,1,0,0,0,0,0,0,1,0,1,0,0,0,0,0,0,0,0,0,0,0,0,0,1,0,0,0,0,0,0,0,0,0,0,0,0,0,0,0,0,0,0,1,0,0,0,0,0,1,0,0,0,0,0,0,1,0,0,0,0,0,0,1,0,0,0,0,0,0,0,0,1,0,0,0,0,1,0,0,0,0,0,0,0,0,0,0,0,0,0,0,0,1,0,0,0,0,0,0,0,0,0,0,0,0,0,0,0,1,0,0,0,0,0,1,0,0,0,1,0,0,0,0,1,0,0,0,0,0,0,1,0,0,0,0,1,0,0,0,0,1,0,0
715,3,0.0247951663920471,0.8144594033986855,0.0,0.0,-1.0,0.0,0.0,3.0,0.08333333333333333,0.2894736842105263,1.1634890738425154,1.0,0.0,-1.0,0.0,0.0,0.4,0.20723226703755215,0.0,0.0,-0.67154810427646,-0.5381165919282511,0.5,0.0,-0.8861046711821587,1.0083929735037749,0.0,0.010669280558120723,0.0,0.0,0.0,1.0,0.0,0.0,1.0,0.0,0.0,-1.0,-0.5,0.0,0.0,-0.027426160337552744,0.0,0.0,0.0,0.0,0.13347293779491828,0.0,0.0,0.0,0.0,0.0,0.0,0.0,3,2010,一般保證契約,一般交易,130500,11.779136168550774,0,0,0,0,0,0,0,0,1,0,0,0,0,0,0,0,1,0,0,0,0,0,0,1,0,0,0,1,0,0,0,0,0,0,0,0,0,0,0,0,0,0,0,0,0,0,0,1,0,0,0,0,0,0,0,0,0,0,0,1,0,0,0,0,1,0,0,0,0,0,0,0,1,0,0,0,0,0,0,0,0,1,0,0,0,0,0,1,0,0,0,0,1,0,0,0,0,0,0,0,0,0,0,0,0,0,0,0,1,0,0,0,0,0,0,1,0,0,0,0,0,0,0,0,0,0,0,0,0,0,1,0,0,0,1,0,0,0,0,0,1,0,0,0,0,0,1,0,0,0,0,0,0,1,0,0,1,0,0
716,0,0.3800798242425943,0.12746144812078475,0.0,0.0,0.0,0.0,0.0,0.0,0.041666666666666664,-0.5263157894736842,1.0152774687527286,0.0,0.0,0.0,0.0,0.0,-0.6,-0.5340751043115438,0.0,0.0,0.6643062624165399,0.1375186846038864,-0.5,0.0,0.4729812762972883,0.0,0.0,-0.19324035326198574,0.0,0.0,0.0,0.0,0.0,0.0,0.0,0.5,0.0,0.0,0.25,0.0,0.0,-0.014767932489451477,0.0,0.0,0.0,0.0,-0.7117967261714493,0.0,0.0,0.0,0.0,0.0,1.5409627556327752,0.0,8,2009,一般保證契約,一般交易,165000,12.013706813470414,0,0,0,1,0,0,0,0,0,0,0,0,0,0,0,0,1,0,0,0,0,0,0,1,0,1,0,0,0,0,0,0,0,0,0,0,0,0,0,0,0,0,0,0,0,0,0,0,0,0,0,0,1,0,0,0,1,0,0,0,0,0,0,0,1,0,0,0,0,0,0,0,1,0,0,0,0,0,1,0,0,0,0,0,0,1,0,0,0,0,0,0,1,0,0,0,0,0,0,0,0,0,0,0,0,0,0,0,1,0,0,0,0,0,0,0,0,0,0,0,0,0,0,0,1,0,0,0,0,0,1,0,0,0,1,0,0,0,0,0,1,0,0,0,0,0,1,0,0,0,0,0,0,1,0,0,1,0,0
717,4,-0.5300358319518109,0.2756361220897776,0.0,0.7304631471189668,0.0,0.0,0.5,3.0,-1.7083333333333333,0.10526315789473684,0.0,0.0,0.2793713480100486,-1.0,0.0,0.0,-0.6,-0.5340751043115438,0.0,0.0,0.3260684995576134,-0.5520677628300946,0.5,0.0,0.8316322616036281,1.0720132362657713,0.0,1.2916155603714854,0.0,0.0,-1.0,1.0,0.0,0.0,0.0,1.0,0.0,-1.0,-0.5,-1.0,0.0,0.9388185654008439,0.0,0.0,-0.4638544907568095,0.0,0.1584510203308132,7.382905995629807,0.0,0.0,0.0,0.0,0.0,0.0,7,2007,一般保證契約,一般交易,159500,11.979805470779858,0,0,0,0,0,0,0,1,0,0,0,0,0,0,0,1,0,0,0,0,0,1,0,0,0,1,0,0,0,0,0,0,0,0,0,0,0,0,0,0,0,0,0,0,0,0,0,0,1,0,0,0,0,0,0,0,1,0,0,0,0,0,0,0,1,0,0,0,0,0,0,0,1,0,0,0,0,0,0,0,0,1,0,0,0,0,0,1,0,0,0,0,1,0,0,0,0,0,0,0,1,0,0,0,0,0,0,0,0,0,0,0,1,0,0,0,0,0,0,0,0,0,0,0,0,0,0,0,1,0,0,0,0,0,0,0,1,0,0,0,1,0,0,0,0,0,1,0,0,0,0,1,0,0,0,0,1,0,0
718,0,0.469964168048189,0.09498049906055633,0.0,0.0,0.0,0.0,-0.5,1.0,0.020833333333333332,0.15789473684210525,0.0,0.0,0.0,0.0,0.0,0.0,0.0,0.9735744089012517,0.0,0.0,-1.146066167785478,0.36073741903338313,0.0,0.0,0.16404259565437124,0.0,0.0,-0.49257947009493247,0.0,0.7304631471189668,-1.0,1.0,0.0,0.0,1.0,-0.5,0.0,0.0,0.0,-1.0,0.0,-0.17932489451476794,0.0,0.0,0.0,1.0817237493984635,-0.7117967261714493,0.0,0.0,0.0,0.0,0.0,1.5409627556327752,0.0,11,2008,一般保證契約,一般交易,157000,11.964007453736912,0,0,0,1,0,0,0,0,0,0,0,0,0,0,0,0,1,0,0,0,0,0,0,1,0,1,0,0,0,0,0,0,0,0,0,0,0,0,0,0,0,0,0,0,0,0,0,0,0,0,0,0,1,0,0,0,1,0,0,0,0,0,0,0,1,0,0,0,0,0,0,0,1,0,0,0,0,0,1,0,0,0,0,0,0,0,0,1,0,0,0,0,1,0,0,0,0,0,0,0,0,0,0,0,0,0,0,0,1,0,0,0,0,0,0,0,0,0,0,0,0,0,0,0,1,0,0,0,1,0,0,0,0,0,1,0,0,0,0,0,1,0,0,0,0,0,1,0,0,0,0,0,0,1,0,0,1,0,0
720,1,-0.05003889786863668,0.07624603793501579,0.0,0.0,-1.0,0.0,-0.5,1.0,-0.0625,-0.6578947368421053,0.0,0.0,0.0,0.0,0.0,2.3495966477454164,0.2,0.1933240611961057,0.0,0.0,-0.05389445182416543,-0.04783258594917788,-0.5,0.0,-0.2632775821523664,0.0,0.0,-0.9066216494794364,0.0,0.0,-1.0,1.0,0.0,0.0,0.0,-0.5,0.0,0.0,-0.25,-1.0,-1.0,-0.7658227848101266,0.0,0.0,0.0,0.0,-0.7117967261714493,0.0,0.0,0.0,0.0,0.0,0.0,0.0,5,2006,一般保證契約,一般交易,128500,11.763691965388299,0,0,0,1,0,0,0,0,0,0,0,0,0,0,0,0,1,0,0,0,0,0,0,1,0,1,0,0,0,0,0,0,0,0,0,0,1,0,0,0,0,0,0,0,0,0,0,0,0,0,0,0,0,0,0,0,1,0,0,0,0,0,0,0,1,0,0,0,0,0,0,0,1,0,0,0,0,0,1,0,0,0,0,0,0,0,0,1,0,0,0,0,1,0,0,0,0,0,0,0,0,0,0,0,0,0,0,0,1,0,0,0,0,0,0,1,0,0,0,0,0,0,0,0,0,0,0,0,1,0,0,0,0,0,1,0,0,0,0,0,1,0,0,0,0,0,1,0,0,0,0,0,0,1,0,0,1,0,0
722,3,0.0,-1.695528845715134,0.0,0.0,0.0,0.0,0.0,0.0,0.6666666666666666,0.2631578947368421,1.0071074925285315,1.0,0.0,0.0,0.0,1.7473143510832982,0.4,0.3866481223922114,0.0,0.0,-0.6931675712492829,-0.2929745889387145,0.5,0.0,-0.5554445710810658,0.0,0.0,-1.189710216607566,1.0,0.0,-1.0,0.0,-2.0,0.0,1.0,-1.5,0.0,-1.0,-0.5,0.0,0.0,-0.25949367088607594,0.0,0.0,0.0,0.9864969120870855,-0.7117967261714493,0.0,0.0,0.0,0.0,0.0,0.0,0.0,5,2010,一般保證契約,一般交易,143000,11.870606902224587,0,0,0,0,0,1,0,0,0,0,0,0,0,0,0,1,0,0,0,0,0,0,0,1,0,1,0,0,0,0,0,0,0,0,0,0,1,0,0,0,0,0,0,0,0,0,0,0,0,0,0,0,0,0,0,0,1,0,0,0,0,0,0,0,1,0,0,0,0,0,0,0,0,0,1,0,0,0,1,0,0,0,0,0,0,0,0,1,0,0,0,0,1,0,0,0,0,1,0,0,0,0,0,0,0,0,0,0,0,0,0,0,1,0,0,0,0,0,0,0,0,0,0,0,0,0,0,0,0,0,1,0,0,1,0,0,0,0,0,0,1,0,0,0,0,0,1,0,0,0,0,0,0,1,0,0,1,0,0
724,1,-0.5300358319518109,-0.3690879564624396,0.0,0.0,0.0,0.0,-1.0,1.0,-0.375,-0.5789473684210527,0.0,0.0,0.0,-1.0,0.0,0.0,-0.6,-0.5340751043115438,0.0,0.0,0.5564986496492934,-0.10762331838565023,0.5,0.0,-0.2055788747993872,0.9004242622575067,0.0,-0.003056281123723491,0.0,0.0,0.0,0.0,1.0,0.0,0.0,0.5,0.0,-1.0,-0.5,-1.0,-1.0,0.2805907172995781,0.0,0.0,0.0,0.0,-0.7117967261714493,0.0,0.0,7.56624286297453,0.0,0.0,0.0,0.0,5,2008,一般保證契約,一般交易,135000,11.813037464800539,1,0,0,0,0,0,0,0,0,0,0,0,0,0,0,0,1,0,0,0,0,0,0,1,0,1,0,0,0,0,0,0,0,0,0,0,0,0,0,0,0,1,0,0,0,0,0,0,0,0,0,0,0,0,0,0,1,0,0,0,0,0,0,0,1,0,0,0,0,0,0,0,1,0,0,0,1,0,0,0,0,0,0,0,0,0,0,1,0,0,0,0,1,0,0,0,0,0,0,0,0,0,0,0,0,0,0,0,0,1,0,0,0,0,0,0,0,0,0,0,0,0,0,0,0,1,0,0,1,0,0,0,0,1,0,0,0,0,0,0,1,0,0,0,0,0,1,0,0,0,0,1,0,0,0,0,1,0,0
725,2,0.7287389043336142,0.772423598077568,0.0,0.0,-1.0,0.0,1.5,0.0,0.7291666666666666,0.3684210526315789,1.2134538457021296,1.8422747575632559,0.0,0.8422747575632559,0.0,0.0,0.4,1.1821974965229485,0.0,0.0,-0.026552342852985706,1.401096163428002,0.5,0.0,1.0074022270412128,0.0,0.0,0.32457468718486915,1.0,0.0,0.0,0.0,0.0,0.0,2.0,1.0,0.0,0.0,0.5,1.0,1.0,1.2088607594936709,0.0,0.0,0.0,1.1948441601513107,0.24365563892796488,0.0,0.0,0.0,0.0,0.0,0.0,0.0,2,2009,一般保證契約,一般交易,320000,12.676079399771027,0,0,0,1,0,0,0,0,0,0,0,0,0,0,0,0,1,0,0,0,0,0,0,1,0,1,0,0,0,0,0,0,0,0,0,0,0,0,0,0,0,1,0,0,0,0,0,0,0,0,0,0,0,0,0,0,1,0,0,0,0,0,0,0,1,0,0,0,0,0,0,0,1,0,0,0,0,0,1,0,0,0,0,0,0,1,0,0,0,0,0,0,1,0,0,0,0,0,0,0,0,0,1,0,0,0,0,0,0,0,0,0,0,0,0,0,0,0,1,0,0,0,0,0,0,0,0,0,0,1,0,0,0,1,0,0,0,0,0,0,1,0,0,0,0,0,1,0,0,0,0,0,0,1,0,0,1,0,0
726,4,-0.5300358319518109,-0.7282217628623798,0.0,0.0,0.0,0.0,-1.0,1.0,-0.041666666666666664,-0.631578947368421,0.0,0.0,0.0,-1.0,0.0,0.0,0.2,-0.012517385257301807,1.089870956523857,8.501756190828118,-0.487644538357028,-0.2610861983059293,-0.5,0.0,-0.5154786426099094,0.0,0.0,-1.1509861380717596,0.0,0.0,-1.0,0.0,0.0,0.0,1.0,-0.5,0.0,-1.0,-0.5,-1.0,0.0,0.7531645569620253,0.0,0.0,0.0,0.8511316791785893,-0.7117967261714493,0.0,0.0,0.0,0.0,0.0,0.0,10.272201962485878,11,2009,一般保證契約,一般交易,120500,11.699413330633599,0,0,0,1,0,0,0,0,0,0,0,0,0,0,0,0,1,0,0,0,0,0,0,1,0,1,0,0,0,0,0,0,0,0,1,0,0,0,0,0,0,0,0,0,0,0,0,0,0,0,0,0,0,0,0,0,1,0,0,0,0,0,0,0,1,0,0,0,0,0,0,0,1,0,0,0,0,0,1,0,0,0,0,0,0,0,0,1,0,0,0,0,1,0,0,0,0,0,0,0,0,0,0,0,0,0,0,0,1,0,0,0,0,0,0,1,0,0,0,0,0,0,0,0,0,0,0,0,1,0,0,0,0,0,1,0,0,0,0,0,1,0,0,0,0,0,1,0,0,0,0,1,0,0,1,0,0,0,0
727,1,-0.10068914480903793,2.0117599318927093,0.0,0.0,-1.0,0.0,0.0,4.0,0.3333333333333333,0.34210526315789475,1.1316391858916468,1.0,0.2793713480100486,0.0,0.0,0.0,0.4,0.5897079276773296,0.0,0.0,-1.2923114456340372,-0.229197807673144,0.5,0.0,0.9821577872117215,0.0,0.0,0.3001146606586452,1.0,0.0,0.0,0.0,0.0,0.0,1.0,-0.5,0.0,0.0,0.5,1.0,0.0,0.2468354430379747,0.0,0.0,0.0,1.160304721896943,0.13347293779491828,0.0,7.8971902791299975,0.0,0.0,0.0,0.0,0.0,12,2009,一般保證契約,一般交易,222000,12.310437165348775,0,0,0,1,0,0,0,0,0,0,0,0,0,0,0,0,1,0,0,0,0,0,0,1,0,0,0,0,1,0,1,0,0,0,0,0,0,0,0,0,0,0,0,0,0,0,0,0,0,0,0,0,0,0,0,0,1,0,0,0,0,0,0,0,1,0,0,0,0,0,0,0,1,0,0,0,0,0,1,0,0,0,0,0,0,1,0,0,0,0,0,0,1,0,0,0,0,0,0,0,1,0,0,0,0,0,0,0,0,0,0,0,0,0,0,1,0,0,0,0,0,0,0,0,0,0,0,0,0,0,1,0,0,0,1,0,0,0,0,0,1,0,0,0,0,0,1,0,0,0,0,0,0,1,0,0,1,0,0
728,3,-0.3097441784624688,-0.6181590819461127,0.0,0.0,0.0,0.0,0.5,0.0,0.7291666666666666,0.34210526315789475,0.815939570920437,1.0,0.0,0.0,0.0,1.7473143510832982,0.4,0.4728789986091794,0.0,0.0,0.04471514501597033,0.47234678624813153,0.5,0.0,0.26494448870336296,0.0,0.0,-0.39481287288799866,1.0,0.0,0.0,0.0,-1.0,0.0,1.0,0.0,0.0,-1.0,-0.5,0.0,0.0,0.6350210970464135,0.0,0.0,0.0,0.9342437985003795,-0.7117967261714493,0.0,0.0,0.0,0.0,0.0,0.0,0.0,2,2009,一般保證契約,一般交易,194500,12.178192583415596,0,0,0,1,0,0,0,0,0,0,0,0,0,0,0,0,1,0,0,0,0,0,0,1,0,1,0,0,0,0,0,0,0,0,0,0,1,0,0,0,0,0,0,0,0,0,0,0,0,0,0,0,0,0,0,0,1,0,0,0,0,0,0,0,1,0,0,0,0,0,0,0,1,0,0,0,0,0,1,0,0,0,0,0,0,0,0,1,0,0,0,0,1,0,0,0,0,1,0,0,0,0,0,0,0,0,0,0,0,0,0,0,1,0,0,0,0,0,0,0,0,0,0,0,0,0,0,0,0,1,0,0,0,1,0,0,0,0,0,0,1,0,0,0,0,0,1,0,0,0,0,0,0,1,0,0,1,0,0
729,3,0.6866853341578308,0.4194207615547087,0.0,0.0,0.0,0.0,-0.5,0.0,-0.2916666666666667,-0.9473684210526315,0.8530925003176973,0.0,0.0,-1.0,0.0,0.0,-0.6,-0.5340751043115438,0.0,0.0,1.0275353044024735,1.173891380169407,-0.5,0.0,1.114234710797136,0.0,0.0,0.42808759553942655,1.0,0.0,0.0,0.0,1.0,0.4638544907568095,0.0,1.5,0.0,-1.0,-0.5,-1.0,1.0,1.7151898734177216,0.0,0.0,0.0,0.0,-0.02000336422115729,0.0,0.0,0.0,0.0,0.0,0.0,0.0,7,2009,法院或遺產拍賣,異常交易(如法拍),110000,11.608244735642321,0,0,0,0,0,0,0,0,0,0,0,0,0,0,1,0,1,0,0,0,0,0,0,1,0,0,0,0,1,0,0,0,0,0,1,0,0,0,0,0,0,0,0,0,0,0,0,0,0,0,0,0,0,0,0,0,1,0,0,0,0,0,0,0,1,0,0,0,0,0,0,0,0,0,0,1,0,0,1,0,0,0,0,0,0,0,0,1,0,0,0,0,1,0,0,0,0,1,0,0,0,0,0,0,0,0,0,0,0,0,0,0,1,0,0,0,0,0,0,0,0,0,0,0,0,0,0,0,0,0,1,0,0,0,1,0,0,0,0,0,1,0,0,0,0,0,1,0,0,0,0,1,0,0,0,0,1,0,0
730,1,-1.010234332078765,-0.9676140018005939,0.0,0.7304631471189668,0.0,0.0,-1.0,0.0,-0.9791666666666666,-1.1578947368421053,0.0,0.0,0.0,-1.0,0.0,0.0,0.0,-0.3226703755215577,0.0,0.0,0.21540718309502901,-0.4285002491280518,-0.5,0.0,-0.5554445710810658,0.0,9.459636543250582,-0.4378059778728845,0.0,0.0,-1.0,0.0,-1.0,0.0,0.0,-0.5,0.0,-1.0,-0.5,-1.0,0.0,0.24261603375527427,0.0,0.0,0.0,0.0,-0.041360315048130494,6.88118732376381,0.0,0.0,0.0,0.0,0.0,0.0,1,2009,一般保證契約,一般交易,103000,11.542493975902508,0,0,1,0,0,0,0,0,0,0,0,0,0,0,0,1,0,0,0,0,0,0,0,1,0,1,0,0,0,1,0,0,0,0,0,0,0,0,0,0,0,0,0,0,0,0,0,0,0,0,0,0,0,0,0,0,1,0,0,0,0,0,0,0,1,0,0,0,0,0,0,0,1,0,0,0,1,0,0,0,0,0,0,0,0,0,0,1,0,0,0,0,1,0,0,0,0,0,0,0,0,0,0,0,0,0,0,0,0,1,0,0,0,0,0,0,0,0,0,0,0,0,0,0,0,1,0,0,1,0,0,0,0,0,1,0,0,0,0,0,1,0,0,0,0,1,0,0,0,0,0,1,0,0,0,0,1,0,0
731,1,-1.9415856085394445,-1.2829315438032551,0.0,0.0,-1.0,0.0,1.0,0.0,0.4791666666666667,0.05263157894736842,0.0,1.0,0.0,0.0,0.0,0.0,0.4,1.1070931849791377,0.0,0.0,-0.11300941446646906,1.195814648729447,0.5,0.0,0.8904979692523951,0.0,0.0,0.21130296216911032,1.0,0.0,0.0,0.0,-1.0,0.0,1.0,-0.5,0.0,0.0,0.25,0.0,0.0,0.5337552742616034,0.0,0.0,0.0,1.0981789173802927,0.5249714702774483,0.0,0.0,0.0,0.0,0.0,0.0,0.0,3,2010,一般保證契約,一般交易,236500,12.373707715234994,0,0,0,0,0,1,0,0,0,0,0,0,0,0,0,0,1,0,0,0,0,0,0,1,0,1,0,0,0,0,0,0,0,0,0,0,0,0,0,0,0,0,0,0,0,1,0,0,0,0,0,0,0,0,0,0,1,0,0,0,0,0,0,0,1,0,0,0,0,0,0,0,0,0,1,0,0,0,1,0,0,0,0,0,0,0,0,1,0,0,0,0,1,0,0,0,0,0,0,0,0,0,1,0,0,0,0,0,0,0,0,0,0,0,0,0,0,0,1,0,0,0,0,0,0,0,0,0,1,0,0,0,0,1,0,0,0,0,0,0,1,0,0,0,0,0,1,0,0,0,0,0,0,1,0,0,1,0,0
732,2,0.14660387181266663,-0.0024172980950289045,0.0,0.0,-1.0,0.0,0.5,0.0,0.6458333333333334,0.23684210526315788,1.296773025748574,1.0,0.0,0.8422747575632559,0.0,1.7473143510832982,0.4,0.5591098748261474,0.0,0.0,-1.2154348729895652,-0.25311410064773293,0.5,0.0,0.10237990526739874,0.0,0.0,-0.5523261332306967,1.0,0.0,0.0,0.0,0.0,0.0,1.0,0.0,0.0,0.0,0.5,1.0,0.0,-0.18354430379746836,0.0,0.0,0.0,0.9864969120870855,-0.05261205992788781,0.0,0.0,0.0,0.0,0.0,0.0,0.0,5,2007,一般保證契約,一般交易,187500,12.141539457711714,0,0,0,0,0,0,0,0,0,0,0,0,1,0,0,0,1,0,0,0,0,0,0,1,0,0,0,0,1,0,0,0,0,0,0,0,0,0,0,0,0,0,0,1,0,0,0,0,0,0,0,0,0,0,0,0,1,0,0,0,0,0,0,0,1,0,0,0,0,0,0,0,1,0,0,0,0,0,0,0,0,0,1,0,0,0,0,1,0,0,0,0,1,0,0,0,0,1,0,0,0,0,0,0,0,0,0,0,0,0,0,0,1,0,0,0,0,0,0,0,0,0,0,0,0,0,0,0,0,0,1,0,0,1,0,0,0,0,0,0,1,0,0,0,0,0,1,0,0,0,0,0,0,1,0,0,1,0,0
733,2,0.24155735878839998,0.4046402974065886,0.0,0.0,-1.0,0.0,0.5,0.0,0.5416666666666666,0.13157894736842105,1.057669973876331,1.0,0.0,0.0,0.0,1.7473143510832982,0.2,-0.1835883171070932,0.0,0.0,0.5188544394446156,0.3148978574987544,0.5,0.0,0.11599244523276482,1.045328210068537,0.0,0.7415044360202838,0.0,0.0,0.0,1.0,0.0,0.0,1.0,1.0,0.0,0.0,0.25,1.0,0.0,0.2510548523206751,0.0,0.0,0.0,1.0374820403803926,0.3279585592787707,0.0,0.0,0.0,0.0,0.0,0.0,0.0,7,2008,一般保證契約,一般交易,222500,12.312686874960354,0,0,0,0,0,0,0,0,1,0,0,0,0,0,0,0,1,0,0,0,0,0,0,1,0,1,0,0,0,0,0,0,0,0,0,0,1,0,0,0,0,0,0,0,0,0,0,0,0,0,0,0,0,0,0,0,1,0,0,0,0,0,0,0,1,0,0,0,0,0,0,0,1,0,0,0,0,0,0,0,0,1,0,0,0,0,0,1,0,0,0,0,1,0,0,0,0,1,0,0,0,0,0,0,0,0,0,0,0,0,0,0,1,0,0,0,0,0,0,0,0,0,0,0,0,0,0,0,0,0,1,0,0,1,0,0,0,0,0,0,1,0,0,0,0,0,1,0,0,0,0,0,0,1,0,0,1,0,0
735,0,0.0247951663920471,-0.15460072613645728,0.0,0.0,-1.0,0.0,-0.5,0.0,-0.08333333333333333,-0.6842105263157895,0.0,0.0,0.0,-1.0,0.0,0.0,-0.6,-0.5340751043115438,0.0,0.0,0.5629461772462387,-0.09367214748380667,-0.5,0.0,-0.3154228729306125,0.0,0.0,-0.9571466444592621,0.0,0.0,-1.0,0.0,0.0,0.0,0.0,0.0,0.0,-1.0,-0.5,-1.0,-1.0,-0.7658227848101266,0.0,0.0,0.0,0.9632859413304204,-0.7117967261714493,0.0,0.0,0.0,0.0,0.0,0.0,0.0,5,2007,一般保證契約,親友交易,108000,11.58989576532275,0,0,0,1,0,0,0,0,0,0,0,0,0,0,0,0,1,0,0,0,0,0,0,1,0,0,0,0,1,0,0,0,0,0,0,0,0,0,0,0,0,0,0,0,0,0,0,1,0,0,0,0,0,0,0,0,1,0,0,0,0,0,0,0,1,0,0,0,0,0,0,0,1,0,0,0,0,0,1,0,0,0,0,0,0,0,0,1,0,0,0,0,1,0,0,0,0,0,0,1,0,0,0,0,0,0,0,0,0,0,0,0,0,0,0,1,0,0,0,0,0,0,0,0,0,0,0,0,1,0,0,0,0,1,0,0,0,0,0,0,1,0,0,0,0,0,1,0,0,0,0,0,0,1,0,0,1,0,0
736,3,-0.5300358319518109,0.2756361220897776,0.0,0.0,0.0,0.0,0.5,2.0,-1.2083333333333333,-0.631578947368421,0.0,0.0,0.0,0.0,0.0,1.0,-0.2,0.008344923504867872,0.0,0.0,0.01621869256138196,-0.229197807673144,-1.0,-0.7304631471189668,-0.4761362164853093,1.048109652635972,0.0,0.417650659295308,0.0,0.0,-1.0,1.0,-1.0,0.0,0.0,0.0,0.0,1.0,0.25,-1.0,0.0,-0.6814345991561181,0.0,0.0,-1.1943176378757763,0.0,0.8243361952341601,0.0,0.0,0.0,0.0,0.0,0.0,0.0,10,2006,一般保證契約,一般交易,163000,12.001511614739405,0,0,0,0,0,0,1,0,0,0,0,0,0,0,0,1,0,0,0,0,0,0,0,1,0,1,0,0,0,0,0,0,0,0,0,0,0,0,0,0,0,0,0,0,0,0,0,0,1,0,0,0,0,0,0,0,1,0,0,0,0,0,0,0,1,0,0,0,0,0,0,0,1,0,0,0,0,0,0,0,1,0,0,0,0,0,0,1,0,0,0,0,1,0,0,0,0,0,0,0,1,0,0,0,0,0,0,0,0,0,0,0,0,0,0,0,1,0,0,0,0,0,0,0,0,0,0,0,1,0,0,0,0,0,0,0,1,0,0,1,0,0,0,0,0,0,1,0,0,0,0,1,0,0,0,0,1,0,0
738,2,0.09830646769700241,0.2009697088713543,0.0,0.0,-1.0,0.0,1.0,0.0,0.6875,0.2894736842105263,0.0,1.0,0.0,0.0,0.0,0.0,-0.6,-0.5340751043115438,0.0,0.0,0.5111558125527381,-0.20328849028400597,0.5,0.0,-0.42541079744364046,1.0514124935992624,0.0,0.4604475949171702,0.0,0.0,0.0,1.0,0.0,0.0,1.0,1.0,0.0,0.0,0.5,1.0,1.0,1.3438818565400843,0.0,0.0,0.0,0.0,0.43289821561892805,0.0,0.0,0.0,0.0,0.0,0.0,0.0,6,2006,一般保證契約,一般交易,239900,12.3879816172226,0,0,0,0,0,0,0,0,1,0,0,0,0,0,0,0,1,0,0,0,0,0,1,0,0,0,0,1,0,0,0,0,0,0,0,1,0,0,0,0,0,0,0,0,0,0,0,0,0,0,0,0,0,0,0,0,1,0,0,0,0,0,0,0,1,0,0,0,0,0,0,0,1,0,0,0,0,0,0,0,0,1,0,0,0,0,0,1,0,0,0,0,1,0,0,0,0,1,0,0,0,0,0,0,0,0,0,0,0,0,0,0,1,0,0,0,0,0,0,0,0,0,0,0,0,0,0,0,1,0,0,0,0,1,0,0,0,0,0,0,1,0,0,0,0,0,1,0,0,0,0,0,0,1,0,0,1,0,0
739,1,-0.5300358319518109,0.2756361220897776,0.0,0.0,0.0,0.0,-0.5,0.0,0.3125,-0.15789473684210525,0.0,0.0,0.0,0.0,0.2793713480100486,2.3495966477454164,0.4,1.1349095966620306,0.0,0.0,-3.1687229326517117,0.408570004982561,-0.5,0.0,0.20561557921250928,0.0,0.0,-0.45229827203806827,3.0,0.0,1.0,0.0,0.0,0.0,0.0,-0.5,0.0,-1.0,-0.5,-2.0,-2.0,-2.0316455696202533,-1.5409627556327752,-1.5409627556327752,0.0,0.9089310139773353,-0.7117967261714493,0.0,0.0,0.0,0.0,0.0,0.0,0.0,3,2009,一般保證契約,兩筆相連物件分配,179000,12.095146671399466,0,0,0,0,0,0,0,0,0,0,0,0,0,0,1,0,1,0,0,0,0,0,0,1,0,1,0,0,0,0,0,0,0,0,0,0,0,0,0,0,0,1,0,0,0,0,0,0,0,0,0,0,0,0,0,0,1,0,0,0,0,0,0,0,1,0,0,0,0,0,0,0,0,0,0,1,0,0,1,0,0,0,0,0,0,0,0,1,0,0,0,0,1,0,0,0,0,0,0,1,0,0,0,0,0,0,0,0,0,0,0,0,0,0,0,1,0,0,0,0,0,0,0,0,0,0,0,0,1,0,0,0,0,0,1,0,0,0,0,0,1,0,0,0,0,0,1,0,0,0,1,0,0,0,0,0,1,0,0
740,0,-0.2564764364743176,-0.0702433294643778,0.0,0.0,-1.0,0.0,0.5,0.0,0.6666666666666666,0.2631578947368421,0.0,1.0,0.0,0.0,0.0,0.0,-0.6,-0.5340751043115438,0.0,0.0,0.4827482229575692,-0.2610861983059293,0.5,0.0,-0.5154786426099094,1.0413886544229691,0.0,0.3648561901933243,0.0,0.0,0.0,1.0,0.0,0.0,1.0,0.5,0.0,-1.0,-0.5,0.0,0.0,0.3818565400843882,0.0,0.0,0.0,1.0300138319972416,0.2036034778236525,0.0,0.0,0.0,0.0,0.0,0.0,0.0,4,2009,一般保證契約,一般交易,190000,12.154784614286667,0,0,0,0,0,0,0,0,1,0,0,0,0,0,0,0,1,0,0,0,0,0,0,1,0,1,0,0,0,0,0,0,0,0,0,0,1,0,0,0,0,0,0,0,0,0,0,0,0,0,0,0,0,0,0,0,1,0,0,0,0,0,0,0,1,0,0,0,0,0,0,0,1,0,0,0,0,0,0,0,0,1,0,0,0,0,0,1,0,0,0,0,1,0,0,0,0,1,0,0,0,0,0,0,0,0,0,0,0,0,0,0,1,0,0,0,0,0,0,0,0,0,0,0,0,0,0,0,1,0,0,0,0,1,0,0,0,0,0,0,1,0,0,0,0,0,1,0,0,0,0,0,0,1,0,0,1,0,0
741,0,-0.5300358319518109,0.0,0.0,0.7304631471189668,0.0,0.0,-0.5,2.0,-1.2916666666666667,0.21052631578947367,0.0,0.0,0.2793713480100486,-2.24080411332851,-0.3466451177569989,0.0,-0.6,-0.5340751043115438,0.0,0.0,-0.4487453076739443,-1.4569008470353761,0.5,0.0,-0.7654381374938951,0.9782016751603807,0.0,-0.06180742854926893,0.0,0.0,0.0,0.0,-1.0,0.0,0.0,0.5,0.0,-1.0,-0.5,-1.0,0.0,-0.5126582278481012,0.0,0.2793713480100486,0.0,1.136753047626772,-0.7117967261714493,6.88118732376381,0.0,0.0,0.0,0.0,1.8203341036428238,0.0,5,2007,一般保證契約,異常交易(如法拍),132000,11.790564777297387,0,0,0,0,0,0,0,1,0,0,0,0,0,0,0,1,0,0,0,0,0,0,0,1,0,1,0,0,0,0,0,0,0,0,0,0,0,0,0,0,0,0,0,0,0,0,0,0,1,0,0,0,0,0,0,0,1,0,0,0,0,0,0,0,1,0,0,0,0,0,0,0,1,0,0,0,0,0,0,0,0,1,0,0,0,0,0,1,0,0,0,0,1,0,0,0,0,0,0,0,1,0,0,0,0,0,0,0,0,0,0,0,0,0,0,0,0,1,0,0,0,0,0,0,0,0,0,0,1,0,0,0,0,0,0,0,1,0,0,0,1,0,0,0,0,0,1,0,0,0,0,1,0,0,0,0,1,0,0
742,1,-0.2564764364743176,-0.7899218689022106,0.0,0.0,-1.0,0.0,0.0,3.0,-0.22916666666666666,0.05263157894736842,0.0,0.0,0.2793713480100486,-1.0,0.0,1.0,0.4,0.6230876216968011,0.0,0.0,-1.2301549832475145,-0.1654210264075735,0.0,0.0,-0.3992397604519068,0.0,0.0,-1.0383591136589678,1.0,0.7304631471189668,-1.0,0.0,0.0,0.0,1.0,-0.5,0.0,-1.0,-0.5,-1.0,-1.0,-0.8164556962025317,0.0,0.0,0.0,1.0,-0.7117967261714493,0.0,0.0,0.0,0.0,0.0,1.8203341036428238,0.0,5,2008,一般保證契約,一般交易,142000,11.863589378812122,0,0,0,1,0,0,0,0,0,0,0,0,0,0,0,0,1,0,0,0,0,0,0,1,0,1,0,0,0,0,0,0,0,0,0,0,0,0,0,0,0,0,0,0,0,0,0,1,0,0,0,0,0,0,0,0,0,0,0,0,0,0,1,0,1,0,0,0,0,0,0,0,1,0,0,0,0,0,1,0,0,0,0,0,0,1,0,0,0,0,0,0,1,0,0,0,0,0,0,0,0,0,0,0,0,0,0,0,1,0,0,0,0,0,0,0,0,0,0,0,0,0,0,0,1,0,0,0,1,0,0,0,0,0,1,0,0,0,0,0,1,0,0,0,0,0,1,0,0,0,0,1,0,0,0,0,1,0,0
743,4,-0.2564764364743176,-0.2931543883230165,0.0,0.0,0.0,0.0,0.5,0.0,0.5833333333333334,0.18421052631578946,0.8861891607291794,0.0,0.0,0.0,0.0,0.0,-0.6,-0.5340751043115438,0.0,0.0,0.8783197691418076,0.7055306427503737,0.5,0.0,0.4712843096004292,0.0,0.0,-0.1948845905950242,0.0,0.0,0.0,0.0,0.0,0.0,0.0,0.0,0.0,-1.0,-0.5,-1.0,0.0,0.24261603375527427,0.0,0.0,0.0,0.9089310139773353,0.19826590569316255,0.0,0.0,0.0,0.0,0.0,1.8203341036428238,0.0,12,2007,一般保證契約,一般交易,179000,12.095146671399466,0,0,0,1,0,0,0,0,0,0,0,0,0,0,0,0,1,0,0,0,0,0,0,1,0,1,0,0,0,0,0,0,0,0,0,0,0,0,0,0,0,0,0,0,0,0,0,0,0,0,0,0,0,1,0,0,1,0,0,0,0,0,0,0,1,0,0,0,0,0,0,0,1,0,0,0,0,0,1,0,0,0,0,0,0,0,0,1,0,0,0,0,1,0,0,0,0,1,0,0,0,0,0,0,0,0,0,0,0,0,0,0,1,0,0,0,0,0,0,0,0,0,0,0,0,0,0,0,0,0,1,0,0,1,0,0,0,0,0,0,1,0,0,0,0,0,1,0,0,0,0,0,0,1,0,0,1,0,0
744,1,0.0,0.6981423192186217,0.0,0.0,-1.0,0.0,-0.5,1.0,-0.1875,0.13157894736842105,0.0,0.0,0.0,0.0,0.0,1.7473143510832982,0.2,0.08344923504867872,0.0,0.0,-1.260546742979956,-0.9466865969108121,0.5,0.0,0.6597795957972082,0.0,0.0,-0.012246364847778376,0.0,0.7304631471189668,0.0,0.0,0.0,0.0,0.0,0.0,-0.3846268403045294,0.0,0.25,0.0,0.0,-0.006329113924050633,0.0,0.0,0.0,1.1705161333142504,-0.7117967261714493,0.0,0.0,6.65495044352145,0.0,0.0,0.0,0.0,10,2009,一般保證契約,一般交易,175000,12.07254696717504,0,0,0,0,0,0,0,0,0,0,0,0,1,0,0,0,1,0,0,0,0,0,0,1,0,1,0,0,0,0,0,0,0,0,0,0,0,0,0,0,0,0,0,0,0,0,0,1,0,0,0,0,0,0,0,0,1,0,0,0,0,0,0,0,1,0,0,0,0,0,0,0,1,0,0,0,0,0,0,0,0,0,1,0,0,0,0,1,0,0,0,0,1,0,0,0,0,0,0,0,0,0,0,0,0,0,0,0,1,0,0,0,0,0,0,0,0,0,0,0,0,0,0,0,1,0,0,0,1,0,0,0,0,0,1,0,0,0,0,0,1,0,0,0,0,0,1,0,0,0,0,0,0,1,0,0,1,0,0
746,0,0.469964168048189,-0.15844012222979245,0.0,0.0,-1.0,0.0,1.0,4.0,0.08333333333333333,0.05263157894736842,1.1634890738425154,1.8422747575632559,0.2793713480100486,-1.0,0.2793713480100486,0.0,0.4,0.26564673157162727,1.3251783909391408,6.221213632878419,0.011383225324797358,0.2929745889387145,0.5,0.0,0.1583225648850095,1.1892204809493365,0.0,1.441612856621461,0.0,0.7304631471189668,1.0,1.0,1.0,0.0,1.0,2.5,0.0,1.0,0.25,1.0,0.0,1.4746835443037976,0.0,0.0,0.0,0.0,0.6297029205629101,0.0,0.0,0.0,0.0,0.0,0.0,0.0,7,2008,一般保證契約,一般交易,299800,12.61087420020211,0,0,0,0,0,0,0,0,1,0,0,0,0,0,0,0,1,0,0,0,0,0,0,1,0,1,0,0,0,0,0,0,0,0,0,0,0,0,0,0,0,0,0,0,0,0,0,0,0,0,0,0,1,0,0,0,1,0,0,0,0,0,0,0,1,0,0,0,0,0,0,0,1,0,0,0,0,0,0,0,0,1,0,0,0,1,0,0,0,0,0,0,1,0,0,0,0,1,0,0,0,0,0,0,0,0,0,0,0,0,0,0,1,0,0,0,0,0,0,0,0,0,0,0,0,0,0,0,0,0,1,0,0,0,1,0,0,0,0,0,1,0,0,0,0,0,1,1,0,0,0,0,0,0,0,0,1,0,0
748,2,-0.2564764364743176,0.46575232828592733,0.0,1.1943176378757763,-1.0,0.0,0.5,2.0,-1.9166666666666667,0.23684210526315788,0.0,1.0,0.0,-1.0,-0.3466451177569989,0.0,-0.6,-0.5340751043115438,0.0,0.0,0.8014665269592267,0.48829098156452416,-0.5,-0.7304631471189668,0.4216013096404982,1.1485242587013464,0.0,1.372706297823441,0.0,0.0,-1.0,1.0,1.0,0.0,1.0,1.0,0.0,0.0,0.5,-1.0,2.0,1.6139240506329113,0.0,0.0,-1.1943176378757763,1.0208257943137335,-0.7117967261714493,9.628746849475789,0.0,0.0,0.0,0.0,0.0,0.0,5,2009,一般保證契約,一般交易,265979,12.491176396967154,0,0,0,0,0,0,0,1,0,0,0,0,0,0,0,1,0,0,0,0,0,0,0,1,0,0,0,0,1,0,0,0,0,0,0,0,0,0,0,0,0,0,0,0,0,0,0,0,1,0,0,0,0,0,0,0,1,0,0,0,0,0,0,0,1,0,0,0,0,0,0,0,1,0,0,0,0,0,0,0,0,1,0,0,0,0,1,0,0,0,0,0,1,0,0,0,0,0,0,0,0,0,0,0,1,0,0,0,0,0,0,0,0,0,0,0,0,0,0,0,1,0,0,0,0,0,0,0,1,0,0,0,0,0,0,1,0,0,0,1,0,0,0,0,0,0,1,0,0,0,0,1,0,0,0,0,1,0,0
749,0,-0.5870231824252673,0.23001164163984317,0.0,0.0,-1.0,0.0,0.5,0.0,0.5,0.05263157894736842,1.2116182733208563,1.0,0.0,0.0,0.0,0.0,0.4,0.7440890125173852,0.0,0.0,0.41813232803849854,1.4449427005480817,0.5,0.0,1.0379496375374688,0.0,0.0,0.3541729066776615,1.0,0.0,0.0,0.0,0.0,0.0,1.0,0.5,0.0,0.0,0.25,1.0,0.0,0.19198312236286919,0.0,0.0,0.0,1.1018674496009326,0.2036034778236525,7.538897810304354,0.0,0.0,0.0,0.0,0.0,0.0,3,2010,一般保證契約,一般交易,260400,12.469978029554953,0,0,0,1,0,0,0,0,0,0,0,0,0,0,0,0,1,0,0,0,0,0,0,1,0,1,0,0,0,0,0,0,1,0,0,0,0,0,0,0,0,0,0,0,0,0,0,0,0,0,0,0,0,0,0,0,1,0,0,0,0,0,0,0,1,0,0,0,0,0,0,0,1,0,0,0,0,0,1,0,0,0,0,0,0,1,0,0,0,0,0,0,1,0,0,0,0,1,0,0,0,0,0,0,0,0,0,0,0,0,0,0,1,0,0,0,0,0,0,0,0,0,0,0,0,0,0,0,0,0,1,0,0,1,0,0,0,0,0,0,1,0,0,0,0,0,1,0,0,0,0,0,0,1,0,0,1,0,0
750,1,-1.1398722399119068,-0.3053003654720035,0.0,0.0,0.0,0.0,-1.0,-2.0,-0.5625,-1.1578947368421053,0.0,0.0,0.0,-6.515822458562748,-1.5409627556327752,-1.5747678672403655,-0.8,-0.5340751043115438,-0.7304631471189668,0.0,-3.1687229326517117,-1.9830592924763328,-0.5,-0.7304631471189668,-0.01321076171268808,0.8848537040156438,0.0,0.08565529648634618,0.0,0.0,0.0,0.0,1.0,0.0,0.0,1.5,-0.6199342747198131,-1.0,-0.5,-1.0,-1.0,-1.018987341772152,0.0,0.0,-1.1943176378757763,0.8403376662129663,-0.7117967261714493,7.932756020284821,0.0,0.0,0.0,0.0,0.0,0.0,4,2009,一般保證契約,一般交易,98000,11.49273296168228,1,0,0,0,0,0,0,0,0,0,0,0,0,0,0,0,1,0,0,0,0,0,0,1,0,1,0,0,0,0,0,0,0,0,0,0,0,0,0,0,0,1,0,0,0,0,0,0,0,0,0,0,0,0,0,0,1,0,0,0,0,0,0,0,1,0,0,0,0,0,0,0,1,0,0,0,1,0,0,0,0,0,0,0,0,0,0,1,0,0,0,0,1,0,0,0,0,0,0,0,0,1,0,0,0,0,0,0,0,0,0,0,0,0,0,0,0,1,0,0,0,0,0,0,0,0,0,0,1,0,0,0,1,0,0,0,0,0,1,0,0,0,0,0,1,0,0,0,0,0,0,1,0,0,0,0,1,0,0
751,2,-0.8233670642427064,-0.20051754538953576,0.0,0.7304631471189668,0.0,0.0,-1.0,2.0,-1.2916666666666667,0.2631578947368421,0.0,0.0,0.0,-1.0,-0.3466451177569989,0.0,-0.6,-0.5340751043115438,0.0,0.0,0.14517255036138266,-0.8350772296960638,0.0,0.0,-0.7005629777015865,0.8334207031992756,0.0,-0.5636860409061346,0.0,0.0,-1.0,0.0,0.0,0.0,0.0,0.5,-0.3846268403045294,-1.0,-0.5,-2.0,-2.0,-2.0316455696202533,-1.5409627556327752,-1.5409627556327752,-1.1943176378757763,0.0,0.5428868166406894,0.0,0.0,0.0,0.0,0.0,0.0,0.0,6,2010,一般保證契約,一般交易,96500,11.477308649967686,1,0,0,0,0,0,0,0,0,0,0,0,0,0,0,1,0,0,0,0,0,0,0,1,0,0,0,0,1,0,0,0,0,0,0,0,0,0,0,0,0,0,0,0,0,0,0,0,1,0,0,0,0,0,0,0,1,0,0,0,0,0,0,0,1,0,0,0,0,0,0,0,1,0,0,0,1,0,0,0,0,0,0,0,0,0,0,1,0,0,0,0,1,0,0,0,0,0,0,0,1,0,0,0,0,0,0,0,0,0,0,0,0,0,0,0,1,0,0,0,0,0,0,0,0,0,0,0,1,0,0,0,0,0,0,0,1,0,0,0,1,0,0,0,0,0,1,0,0,0,1,0,0,0,0,0,1,0,0
752,0,-0.2564764364743176,-0.48866021866464027,0.0,0.0,0.0,0.0,0.5,0.0,0.6458333333333334,0.23684210526315788,0.0,1.0,0.0,0.0,0.0,0.0,-0.6,-0.5340751043115438,0.0,0.0,0.25621094378186865,-0.6676631788739412,0.5,0.0,-1.0805814578690187,0.9767808998265731,0.0,-0.24302380481924357,0.0,0.0,0.0,1.0,0.0,0.0,1.0,0.0,0.0,-1.0,-0.5,1.0,0.0,-0.3438818565400844,0.0,0.0,0.0,0.0,0.1584510203308132,0.0,0.0,0.0,0.0,0.0,0.0,0.0,8,2007,一般保證契約,一般交易,162000,11.995357787034976,0,0,0,0,0,0,0,0,1,0,0,0,0,0,0,0,1,0,0,0,0,0,0,1,0,1,0,0,0,0,0,0,0,0,0,1,0,0,0,0,0,0,0,0,0,0,0,0,0,0,0,0,0,0,0,0,0,0,1,0,0,0,0,0,1,0,0,0,0,0,0,0,1,0,0,0,0,0,0,0,0,1,0,0,0,0,0,1,0,0,0,0,1,0,0,0,0,1,0,0,0,0,0,0,0,0,0,0,0,0,0,0,1,0,0,0,0,0,0,0,0,0,0,0,0,0,0,0,1,0,0,0,0,1,0,0,0,0,0,0,1,0,0,0,0,0,1,0,0,0,0,0,0,1,0,0,1,0,0
753,4,0.42526075804806646,-0.08940188834946018,0.0,0.0,-1.0,0.0,0.0,0.0,0.5208333333333334,0.07894736842105263,0.0,0.0,0.2793713480100486,0.0,0.0,2.3495966477454164,0.4,1.1349095966620306,0.0,0.0,-0.4089600761284253,0.9646238166417539,0.5,0.0,0.7068777831496341,0.0,0.0,0.033388353916374035,1.0,0.0,0.0,0.0,0.0,0.0,1.0,0.0,0.0,-1.0,-0.5,0.0,0.0,0.3987341772151899,0.0,0.0,0.0,1.0,0.0,0.0,0.0,0.0,0.0,0.0,0.0,0.0,7,2006,一般保證契約,一般交易,217000,12.28765724080691,0,0,0,1,0,0,0,0,0,0,0,0,0,0,0,0,1,0,0,0,0,0,0,1,0,1,0,0,0,0,0,0,0,0,0,0,1,0,0,0,0,0,0,0,0,0,0,0,0,0,0,0,0,0,0,0,1,0,0,0,0,0,0,0,1,0,0,0,0,0,0,0,1,0,0,0,0,0,1,0,0,0,0,0,0,0,0,1,0,0,0,0,1,0,0,0,0,1,0,0,0,0,0,0,0,0,0,0,0,0,0,0,1,0,0,0,0,0,0,0,0,0,0,0,0,0,0,0,1,0,0,0,0,1,0,0,0,0,0,0,1,0,0,0,0,0,1,0,0,0,0,0,0,1,0,0,1,0,0
754,2,0.469964168048189,0.15042956242597302,0.0,0.0,0.0,0.0,1.0,0.0,0.6875,0.2894736842105263,1.0216717960454416,1.0,0.0,0.0,0.0,1.0,-0.6,-0.5340751043115438,0.0,0.0,0.635611165663313,0.06975585450921774,0.0,0.0,-0.11713723185931742,1.0922172946709459,0.0,0.8182791516994887,0.0,0.0,0.0,1.0,0.0,0.0,2.0,1.0,0.0,0.0,0.5,0.0,1.0,1.6729957805907174,0.0,0.0,0.0,1.0374820403803926,0.18175212550108566,0.0,0.0,0.0,0.0,0.0,0.0,0.0,3,2006,一般保證契約,一般交易,275500,12.526346537332584,0,0,0,0,0,0,0,0,1,0,0,0,0,0,0,0,1,0,0,0,0,0,0,1,0,1,0,0,0,0,0,0,0,1,0,0,0,0,0,0,0,0,0,0,0,0,0,0,0,0,0,0,0,0,0,0,1,0,0,0,0,0,0,0,1,0,0,0,0,0,0,0,1,0,0,0,0,0,0,0,0,1,0,0,0,0,0,1,0,0,0,0,1,0,0,0,0,1,0,0,0,0,0,0,0,0,0,0,0,0,0,0,1,0,0,0,0,0,0,0,0,0,0,0,0,0,0,0,0,0,1,0,0,1,0,0,0,0,0,0,1,0,0,0,0,0,1,0,0,0,0,0,0,1,0,0,1,0,0
757,1,-0.10068914480903793,0.2688510483717249,0.0,0.0,-1.0,0.0,1.0,0.0,0.7291666666666666,0.34210526315789475,0.0,1.0,0.0,0.0,0.0,1.7473143510832982,0.4,-0.5062586926286509,0.0,0.0,0.46470607245609663,-0.2571001494768311,0.5,0.0,-0.510527178411909,1.0519593275362056,0.0,0.417650659295308,0.0,0.0,0.0,1.0,0.0,0.0,1.0,0.5,0.0,-1.0,-0.5,0.0,0.0,0.40717299578059074,0.0,0.0,0.0,0.9576843843402714,0.3999325156326103,0.0,0.0,0.0,0.0,0.0,0.0,0.0,4,2009,一般保證契約,一般交易,212000,12.264346270624157,0,0,0,0,0,0,0,0,1,0,0,0,0,0,0,0,1,0,0,0,0,0,0,1,0,1,0,0,0,0,0,0,0,0,0,0,1,0,0,0,0,0,0,0,0,0,0,0,0,0,0,0,0,0,0,0,1,0,0,0,0,0,0,0,1,0,0,0,0,0,0,0,1,0,0,0,0,0,0,0,0,1,0,0,0,0,0,1,0,0,0,0,1,0,0,0,0,1,0,0,0,0,0,0,0,0,0,0,0,0,0,0,1,0,0,0,0,0,0,0,0,0,0,0,0,0,0,0,1,0,0,0,0,1,0,0,0,0,0,0,1,0,0,0,0,0,1,0,0,0,0,0,0,1,0,0,1,0,0
758,3,0.0247951663920471,0.44854452080865775,0.0,0.0,-1.0,0.0,0.0,0.0,0.125,-0.42105263157894735,1.2022999317245562,0.0,0.0,-1.0,0.0,1.0,-0.2,0.07510431154381085,0.0,0.0,-0.5344270984291278,-0.6437468858993523,-0.5,0.0,-1.0434897183004757,0.9953747735776405,0.0,-0.13472576710310674,0.0,0.0,0.0,1.0,0.0,0.0,0.0,0.0,0.0,0.0,0.25,1.0,0.0,-0.1751054852320675,0.0,0.0,0.0,1.2022962261257306,-0.7117967261714493,0.0,0.0,0.0,0.0,0.0,1.8203341036428238,0.0,4,2010,一般保證契約,異常交易(如法拍),158900,11.97603664577121,0,0,0,0,0,0,0,0,1,0,0,0,0,0,0,0,1,0,0,0,0,0,0,1,0,0,0,1,0,0,0,0,0,0,0,0,0,0,0,0,0,0,0,0,0,0,0,1,0,0,0,0,0,0,0,0,1,0,0,0,0,0,0,0,1,0,0,0,0,0,0,0,1,0,0,0,0,0,0,0,0,1,0,0,0,1,0,0,0,0,0,0,1,0,0,0,0,0,0,0,0,0,0,0,0,0,0,0,1,0,0,0,0,0,0,0,0,0,0,0,0,0,0,0,1,0,0,1,0,0,0,0,0,0,1,0,0,0,0,0,1,0,0,0,0,0,1,0,0,0,0,0,0,1,0,0,1,0,0
759,2,-3.412047956290646,-2.9992596070912056,0.0,1.1943176378757763,0.0,0.0,0.5,0.0,0.5625,0.13157894736842105,1.2313232048835872,0.0,0.0,0.0,0.0,0.0,0.2,0.22948539638386647,0.0,0.0,-0.6609518524034644,-0.5002491280518186,0.0,0.0,-0.7957494408209258,1.0051944181889345,0.0,0.043924343078340304,0.0,0.0,0.0,1.0,0.0,0.0,0.0,0.0,0.0,-1.0,-0.5,-1.0,0.0,-0.1751054852320675,0.0,0.0,0.0,0.0,-0.7117967261714493,0.0,0.0,0.0,0.0,0.0,0.0,0.0,8,2008,一般保證契約,一般交易,179400,12.097378802727306,0,0,0,0,0,0,0,0,0,1,0,0,0,0,0,0,0,0,1,0,0,0,0,1,0,1,0,0,0,0,0,0,0,0,0,0,0,0,0,0,0,0,0,0,0,0,0,0,0,0,1,0,0,0,0,0,1,0,0,0,0,0,0,0,1,0,0,0,0,0,0,0,0,1,0,0,0,0,0,0,0,1,0,0,0,0,0,1,0,0,0,0,1,0,0,0,0,0,0,0,0,0,0,0,0,0,0,0,0,1,0,0,0,0,0,0,0,0,0,0,0,0,0,0,0,1,0,0,0,0,1,0,0,1,0,0,0,0,0,0,1,0,0,0,0,0,1,0,0,0,0,1,0,0,0,0,1,0,0
760,0,-0.2564764364743176,0.5772718043817807,0.0,0.0,-1.0,0.0,1.0,0.0,0.4791666666666667,0.02631578947368421,1.3455802657910965,1.0,0.0,0.0,0.0,1.7473143510832982,-0.4,-0.4561891515994437,1.3251783909391408,5.80273872401839,0.770314731978199,0.6437468858993523,0.5,0.0,0.43539883597834306,1.1244731740407174,0.0,1.2695356110834282,0.0,0.0,0.0,1.0,1.0,0.0,1.0,1.5,0.0,0.0,0.25,0.0,1.0,1.141350210970464,0.0,0.0,0.0,1.0791208403050976,0.37740612789636735,0.0,0.0,0.0,0.0,0.0,0.0,0.0,11,2007,一般保證契約,一般交易,290000,12.577639650232573,0,0,0,0,0,0,0,0,1,0,0,0,0,0,0,0,1,0,0,0,0,0,0,1,0,1,0,0,0,0,0,0,1,0,0,0,0,0,0,0,0,0,0,0,0,0,0,0,0,0,0,0,0,0,0,0,1,0,0,0,0,0,0,0,1,0,0,0,0,0,0,0,1,0,0,0,0,0,0,0,0,1,0,0,0,0,0,1,0,0,0,0,1,0,0,0,0,1,0,0,0,0,0,0,0,0,0,0,0,0,0,0,1,0,0,0,0,0,0,0,0,0,0,0,0,0,0,0,0,0,1,0,0,1,0,0,0,0,0,0,1,0,0,0,0,0,1,0,0,0,0,0,0,1,0,0,1,0,0
761,3,0.0,-0.12357451598818124,0.0,0.0,0.0,0.0,0.0,1.0,-0.2708333333333333,-0.9210526315789473,0.0,0.0,0.0,-1.0,0.0,0.0,-0.2,0.31710709318497915,0.0,0.0,-0.481976311264446,-0.2610861983059293,0.5,0.0,-0.5154786426099094,0.0,0.0,-1.1509861380717596,0.0,0.0,-1.0,0.0,-1.0,0.0,0.0,-0.5,0.0,-1.0,-0.5,-1.0,-1.0,-0.7658227848101266,0.5146787824253323,0.5146787824253323,0.0,0.0,-0.7117967261714493,0.0,0.0,0.0,0.0,0.0,0.0,10.00715768738887,10,2009,一般保證契約,一般交易,127500,11.755879486687116,0,0,0,1,0,0,0,0,0,0,0,0,0,0,0,0,1,0,0,0,0,0,0,1,0,1,0,0,0,0,0,0,0,0,1,0,0,0,0,0,0,0,0,0,0,0,0,0,0,0,0,0,0,0,0,0,1,0,0,0,0,0,0,0,1,0,0,0,0,0,0,0,1,0,0,0,0,0,1,0,0,0,0,0,0,1,0,0,0,0,0,0,1,0,0,0,0,0,0,0,1,0,0,0,0,0,0,0,0,0,0,0,0,0,0,0,1,0,0,0,0,0,0,0,0,0,0,0,1,0,0,0,0,0,1,0,0,0,0,0,1,0,0,0,0,0,1,0,0,0,0,1,0,0,1,0,0,0,0
762,2,-0.5300358319518109,-0.7438293241959186,0.0,0.0,0.0,0.0,-0.5,0.0,-1.0,-1.1578947368421053,0.0,0.0,0.0,-1.0,0.0,1.0,-0.4,0.02920723226703755,0.0,0.0,0.35131667559599056,0.29895366218236175,-0.5,0.0,0.38854531521743757,0.0,0.0,-0.2750526597235303,0.0,0.0,-1.0,0.0,-1.0,0.0,-1.0,-0.5,-0.18059459163956637,-1.0,-0.5,-1.0,0.0,-0.1751054852320675,0.0,0.0,0.0,0.0,-0.7117967261714493,0.0,0.0,0.0,0.0,0.0,0.0,0.0,10,2009,一般保證契約,一般交易,100000,11.51293546492023,0,0,1,0,0,0,0,0,0,0,0,0,0,0,0,1,0,0,0,0,0,0,0,1,0,0,1,0,0,0,0,0,0,0,0,0,0,0,0,1,0,0,0,0,0,0,0,0,0,0,0,0,0,0,0,0,0,0,0,0,0,0,1,0,1,0,0,0,0,0,0,0,1,0,0,0,0,0,1,0,0,0,0,0,0,0,0,1,0,0,0,0,1,0,0,0,0,0,0,0,1,0,0,0,0,0,0,0,0,0,0,0,0,0,0,0,1,0,0,0,0,0,0,0,0,0,0,0,1,0,0,0,0,1,0,0,0,0,0,0,1,0,0,0,0,0,1,0,0,0,0,1,0,0,0,0,1,0,0
763,4,0.09830646769700241,-0.24246978009248882,0.0,0.0,0.0,0.0,0.5,0.0,0.7708333333333334,0.39473684210526316,0.0,0.0,0.0,0.0,0.0,1.0,0.4,-0.5006954102920723,0.0,0.0,0.3422101672835294,-0.4763328350772297,0.5,0.0,-0.7764175324967041,1.0174693388517164,0.0,0.11214081381862144,0.0,0.0,0.0,1.0,0.0,0.0,1.0,0.5,0.0,-1.0,-0.5,-1.0,0.0,0.5590717299578059,0.0,0.0,0.0,1.00164946952227,0.139889170134574,0.0,0.0,0.0,0.0,0.0,0.0,0.0,6,2010,一般分期合約,一般交易,215200,12.279327754099118,0,0,0,0,0,0,0,0,1,0,0,0,0,0,0,0,0,0,1,0,0,0,0,1,0,1,0,0,0,0,0,0,0,0,0,0,0,0,0,0,0,0,0,0,0,0,0,0,0,0,1,0,0,0,0,0,1,0,0,0,0,0,0,0,1,0,0,0,0,0,0,0,1,0,0,0,0,0,0,0,0,1,0,0,0,0,0,1,0,0,0,0,1,0,0,0,0,1,0,0,0,0,0,0,0,0,0,0,0,0,0,0,1,0,0,0,0,0,0,0,0,0,0,0,0,0,0,0,1,0,0,0,0,1,0,0,0,0,0,0,1,0,0,0,0,0,1,0,0,0,0,0,0,1,0,0,1,0,0
764,4,0.5579814411897118,-0.041388398029229126,0.0,0.0,0.0,0.0,1.0,0.0,0.5625,0.13157894736842105,1.4374091914919152,1.0,0.0,0.0,0.0,1.0,0.4,1.0834492350486786,0.0,0.0,-1.1661825477586005,0.5122072745391131,0.5,0.0,0.3301450084628356,1.1009018340370713,0.0,1.1049153405621546,1.0,0.0,0.0,1.0,0.0,0.0,1.0,1.0,0.0,0.0,0.5,0.0,1.0,1.580168776371308,0.0,0.0,0.0,0.0,0.46598153185713964,0.0,0.0,7.873203454932759,0.0,0.0,0.0,0.0,7,2009,一般保證契約,一般交易,337000,12.727841176689147,0,0,0,0,0,0,0,0,1,0,0,0,0,0,0,0,1,0,0,0,0,0,0,1,0,1,0,0,0,0,0,0,1,0,0,0,0,0,0,0,0,0,0,0,0,0,0,0,0,0,0,0,0,0,0,0,1,0,0,0,0,0,0,0,1,0,0,0,0,0,0,0,1,0,0,0,0,0,0,0,0,1,0,0,0,0,0,1,0,0,0,0,1,0,0,0,0,1,0,0,0,0,0,0,0,0,0,0,0,0,0,0,1,0,0,0,0,0,0,0,0,0,0,0,0,0,0,0,0,0,1,0,0,1,0,0,0,0,0,0,1,0,0,0,0,0,1,0,0,0,0,0,0,1,0,0,1,0,0
765,4,-2.751897978537715,-0.012350673020284829,0.0,0.0,-1.0,0.0,1.0,0.0,0.4791666666666667,0.05263157894736842,0.0,1.0,0.2793713480100486,0.0,0.2793713480100486,1.7473143510832982,-0.4,0.0737134909596662,1.5292106396041039,12.28212806108674,-3.1687229326517117,0.9945191828599901,0.5,0.0,0.7068777831496341,0.0,0.0,0.033388353916374035,1.0,0.0,-1.0,1.0,-1.0,0.0,2.0,0.0,0.0,0.0,0.5,1.0,0.0,-0.002109704641350211,0.0,0.0,0.0,0.0,0.027838329044302983,0.0,0.0,8.27426574111943,0.0,0.0,0.0,0.0,4,2006,一般保證契約,一般交易,270000,12.506180941677357,0,0,0,0,0,1,0,0,0,0,0,0,0,0,0,0,1,0,0,0,0,0,0,1,0,0,0,1,0,0,0,0,0,0,0,0,0,0,0,0,0,0,1,0,0,0,0,0,0,0,0,0,0,0,0,0,1,0,0,0,0,0,0,0,1,0,0,0,0,0,0,0,0,0,1,0,0,0,1,0,0,0,0,0,0,1,0,0,0,0,0,0,1,0,0,0,0,0,0,0,0,0,0,0,0,0,0,0,0,0,1,0,0,0,0,0,0,0,0,0,0,0,0,0,0,0,1,0,1,0,0,0,0,1,0,0,0,0,0,0,1,0,0,0,0,0,1,0,0,0,0,0,0,1,0,0,1,0,0
767,3,0.469964168048189,0.19152137684221426,0.0,0.0,0.0,0.0,0.5,0.0,0.3333333333333333,-0.15789473684210525,0.6577771786040508,0.0,0.0,0.0,0.0,0.0,0.4,0.013908205841446454,0.0,0.0,0.15908583843453145,-0.029895366218236172,-0.5,0.0,-0.24315808046313123,1.001959158731414,0.0,0.34613270761492054,0.0,0.0,0.0,1.0,0.0,0.0,0.0,0.5,0.0,0.0,0.25,-1.0,0.0,0.06118143459915612,0.0,0.0,0.0,1.086871107706897,0.2530101222758353,7.56624286297453,0.0,0.0,0.0,0.0,1.5409627556327752,10.272201962485878,3,2010,一般保證契約,一般交易,196500,12.188422799337028,0,0,0,0,0,0,0,0,1,0,0,0,0,0,0,0,1,0,0,0,0,0,0,1,0,1,0,0,0,0,0,0,0,0,0,0,0,0,0,0,0,0,0,0,0,0,0,0,0,0,0,0,1,0,0,0,1,0,0,0,0,0,0,0,1,0,0,0,0,0,0,0,1,0,0,0,0,0,0,0,0,1,0,0,0,0,0,1,0,0,0,0,1,0,0,0,0,0,0,0,0,0,0,0,0,0,0,0,1,0,0,0,0,0,0,0,0,0,0,0,0,0,0,0,1,0,0,0,0,0,1,0,0,0,1,0,0,0,0,0,1,0,0,0,0,0,1,0,0,0,0,0,0,1,1,0,0,0,0
768,4,0.24155735878839998,0.626123022487746,0.0,0.0,-1.0,0.0,0.0,2.0,-0.6666666666666666,-0.23684210526315788,0.0,0.0,0.0,0.0,0.0,1.0,0.2,0.38386648122392214,0.0,0.0,-0.3018924789389425,-0.02391629297458894,0.5,0.0,-0.2364864413086184,1.0124976894143147,0.0,0.3940200672161135,1.0,0.0,0.0,0.0,1.0,0.0,0.0,0.5,-0.6199342747198131,-1.0,-0.5,-1.0,-1.0,-0.2468354430379747,0.0,0.0,0.0,1.1079291634927653,-0.7117967261714493,7.56624286297453,0.0,0.0,0.0,0.0,0.0,12.878993133201503,7,2008,一般保證契約,一般交易,160000,11.982935344196433,1,0,0,0,0,0,0,0,0,0,0,0,0,0,0,0,1,0,0,0,0,0,0,1,0,1,0,0,0,0,0,0,0,0,0,0,0,0,0,0,0,0,0,0,0,0,1,0,0,0,0,0,0,0,0,0,1,0,0,0,0,0,0,0,1,0,0,0,0,0,0,0,1,0,0,0,1,0,0,0,0,0,0,0,0,0,0,1,0,0,0,0,1,0,0,0,0,1,0,0,0,0,0,0,0,0,0,0,0,0,0,0,1,0,0,0,0,0,0,0,0,0,0,0,0,0,0,0,1,0,0,0,0,0,1,0,0,0,0,0,1,0,0,0,0,0,1,0,0,0,0,0,0,1,1,0,0,0,0
769,1,0.0,-0.12357451598818124,0.0,0.0,0.0,0.0,0.5,0.0,0.6666666666666666,0.2894736842105263,0.0,1.0,0.0,0.0,0.0,0.0,0.4,-0.5006954102920723,0.0,0.0,1.1679338482387438,1.7239661185849526,0.5,0.0,1.1937337538237713,0.0,0.0,0.5051163873991391,0.0,0.0,0.0,0.0,0.0,0.0,1.0,1.0,0.0,0.0,0.5,1.0,0.0,0.010548523206751054,0.0,0.0,0.0,0.9089310139773353,0.053473669938861615,0.0,0.0,0.0,0.0,0.0,0.0,0.0,10,2006,一般保證契約,一般交易,216837,12.28690580994122,0,0,0,1,0,0,0,0,0,0,0,0,0,0,0,0,1,0,0,0,0,0,0,1,0,1,0,0,0,0,0,0,0,0,0,0,1,0,0,0,0,0,0,0,0,0,0,0,0,0,0,0,0,0,0,0,1,0,0,0,0,0,0,0,1,0,0,0,0,0,0,0,1,0,0,0,0,0,1,0,0,0,0,0,0,1,0,0,0,0,0,0,1,0,0,0,0,1,0,0,0,0,0,0,0,0,0,0,0,0,0,0,1,0,0,0,0,0,0,0,0,0,0,0,0,0,0,0,1,0,0,0,0,1,0,0,0,0,0,0,1,0,0,0,0,0,1,0,0,0,0,0,0,1,0,0,1,0,0
770,0,-1.3426751369670462,4.5458068826038165,0.0,0.0,-2.338124978532008,-0.4638544907568095,1.0,0.0,0.6458333333333334,0.23684210526315788,1.3998027857676025,1.8422747575632559,0.0,0.0,0.0,2.3495966477454164,0.2,1.435326842837274,0.0,0.0,-0.5344270984291278,1.3054309915296463,0.5,0.0,0.996210681206702,1.1976058026662177,0.0,1.913532350646757,1.0,0.0,1.0,1.0,1.0,0.0,2.0,3.0,-0.6199342747198131,0.0,0.5,1.0,1.0,1.5168776371308017,0.0,0.0,0.0,1.3318099258949216,0.07725337927507323,0.0,0.0,8.211557890737238,0.0,0.0,0.0,0.0,6,2010,一般保證契約,一般交易,538000,13.195615697878253,0,0,0,0,0,0,0,0,1,0,0,0,0,0,0,0,1,0,0,0,0,0,1,0,0,0,0,1,0,0,0,0,0,0,0,0,0,0,0,0,0,0,0,0,0,1,0,0,0,0,0,0,0,0,0,0,1,0,0,0,0,0,0,0,1,0,0,0,0,0,0,0,1,0,0,0,0,0,0,0,0,1,0,0,0,1,0,0,0,0,0,0,1,0,0,0,0,0,0,0,0,0,1,0,0,0,0,0,0,0,0,0,0,0,0,0,0,1,0,0,0,0,0,0,0,0,0,0,0,0,1,0,0,1,0,0,0,0,0,0,1,0,0,0,0,0,1,1,0,0,0,0,0,0,0,0,1,0,0
771,1,0.0247951663920471,-0.6371037145287924,0.0,0.0,-1.0,0.0,-0.5,0.0,0.20833333333333334,-0.3157894736842105,0.0,0.0,0.0,0.0,0.0,1.7473143510832982,0.4,0.41863699582753827,0.0,0.0,-0.742110654329928,-0.2730443447932237,-0.5,0.0,-0.530391647389691,0.0,0.0,-1.1654357552929357,1.0,0.0,-1.0,0.0,-1.0,0.0,0.0,-0.5,0.0,-1.0,-0.5,-1.0,0.0,0.3987341772151899,0.0,0.0,0.0,0.9089310139773353,-0.7117967261714493,0.0,0.0,0.0,0.0,0.0,0.0,0.0,4,2009,一般保證契約,一般交易,134900,11.812296455066814,0,0,0,0,0,0,0,0,0,0,0,0,0,1,0,0,1,0,0,0,0,0,0,1,0,0,0,1,0,0,0,0,0,0,0,0,0,0,0,0,0,0,0,0,0,0,0,1,0,0,0,0,0,0,0,0,1,0,0,0,0,0,0,0,1,0,0,0,0,0,0,0,1,0,0,0,0,0,0,0,0,0,0,1,0,1,0,0,0,0,0,0,1,0,0,0,0,0,0,0,1,0,0,0,0,0,0,0,0,0,0,0,0,0,0,0,1,0,0,0,0,0,0,0,0,0,0,0,1,0,0,0,0,0,1,0,0,0,0,0,1,0,0,0,0,0,1,0,0,0,0,1,0,0,0,0,1,0,0
772,2,-0.15196723459603825,-0.18055866288472577,0.0,0.0,0.0,0.0,-1.0,0.0,-0.4375,-1.131578947368421,0.0,0.0,0.0,-2.24080411332851,-0.3466451177569989,0.0,-0.4,0.6286509040333796,0.0,0.0,-3.1687229326517117,-0.31689088191330345,-0.5,0.0,0.2428512292162946,0.0,0.0,-0.416219634802879,0.0,0.0,-1.0,0.0,-1.0,0.0,0.0,0.0,0.0,-1.0,-0.5,-1.0,0.0,-0.36075949367088606,0.0,0.0,0.0,0.0,-0.7117967261714493,0.0,0.0,0.0,0.0,0.0,0.0,0.0,4,2006,法院或遺產拍賣,一般交易,102000,11.532737896139919,0,0,0,1,0,0,0,0,0,0,0,0,0,0,0,0,1,0,0,0,0,0,0,1,0,1,0,0,0,0,0,0,0,0,0,0,0,0,0,0,0,1,0,0,0,0,0,0,0,0,0,0,0,0,0,0,1,0,0,0,0,0,0,0,1,0,0,0,0,0,0,0,1,0,0,0,0,0,1,0,0,0,0,0,0,0,0,1,0,0,0,0,1,0,0,0,0,0,0,0,1,0,0,0,0,0,0,0,0,0,0,0,0,0,0,0,1,0,0,0,0,0,0,0,0,0,0,0,1,0,0,0,0,0,1,0,0,0,0,0,1,0,0,0,1,0,0,0,0,0,0,1,0,0,0,0,1,0,0
774,1,0.0,0.12976690116182257,0.0,0.0,0.0,0.0,-0.5,0.0,-0.2916666666666667,-0.9473684210526315,0.09508147794553713,0.0,0.0,-1.0,0.0,0.0,-0.2,0.10013908205841446,0.0,0.0,-0.04012168155972012,-0.1654210264075735,0.5,0.0,-0.3992397604519068,0.0,0.0,-1.0383591136589678,0.0,0.0,-1.0,0.0,-1.0,0.0,0.0,-0.5,0.0,-1.0,-0.5,0.0,-1.0,-0.8713080168776371,0.0,0.0,0.0,0.0,-0.7117967261714493,0.0,0.0,0.0,0.0,0.0,0.0,0.0,7,2007,法院或遺產拍賣,一般交易,114500,11.648338835562747,0,0,0,1,0,0,0,0,0,0,0,0,0,0,0,0,1,0,0,0,0,0,0,1,0,1,0,0,0,0,0,0,0,0,1,0,0,0,0,0,0,0,0,0,0,0,0,0,0,0,0,0,0,0,0,0,0,0,0,0,0,0,1,0,1,0,0,0,0,0,0,0,1,0,0,0,0,0,1,0,0,0,0,0,0,0,0,1,0,0,0,0,1,0,0,0,0,0,0,0,1,0,0,0,0,0,0,0,0,0,0,0,0,0,0,0,1,0,0,0,0,0,0,0,0,0,0,0,1,0,0,0,0,0,1,0,0,0,0,0,1,0,0,0,0,1,0,0,0,0,0,0,0,1,0,0,1,0,0
776,0,-2.5560015704817522,-1.661245684282056,0.0,0.0,0.0,0.0,0.0,0.0,0.5416666666666666,0.10526315789473684,1.1946702927781176,0.0,0.0,0.8422747575632559,0.0,0.0,0.4,0.6703755215577191,0.0,0.0,-0.26821462236549715,0.41654210264075736,0.5,0.0,0.2131046550190046,0.0,0.0,-0.4450419021553911,1.0,0.0,0.0,0.0,-1.0,0.0,0.0,-0.5,0.0,-1.0,-0.5,1.0,0.0,-0.29324894514767935,0.0,0.0,0.0,0.0,0.7003779423083772,0.0,0.0,0.0,0.0,0.0,0.0,0.0,6,2009,一般保證契約,一般交易,162000,11.995357787034976,0,0,0,0,0,1,0,0,0,0,0,0,0,0,0,1,0,0,0,0,0,0,0,1,0,0,1,0,0,0,0,0,0,0,0,0,0,0,0,0,0,0,0,0,0,0,1,0,0,0,0,0,0,0,0,0,1,0,0,0,0,0,0,0,1,0,0,0,0,0,0,0,0,0,1,0,0,0,1,0,0,0,0,0,0,1,0,0,0,0,0,0,1,0,0,0,0,1,0,0,0,0,0,0,0,0,0,0,0,0,0,0,1,0,0,0,0,0,0,0,0,0,0,0,0,0,0,0,0,0,1,0,0,1,0,0,0,0,0,0,1,0,0,0,0,0,1,0,0,0,0,0,0,1,0,0,1,0,0
777,3,0.7287389043336142,0.3638516731097166,0.0,0.0,-1.0,0.0,0.5,0.0,0.6875,0.3157894736842105,1.1078715638871819,1.0,0.0,0.0,0.0,1.7473143510832982,0.4,-0.5062586926286509,0.0,0.0,1.0334566373718486,1.2336821126058795,0.5,0.0,0.8875842440512082,0.0,0.0,0.20847977432289402,0.0,0.0,0.0,0.0,0.0,0.0,1.0,0.5,0.0,-1.0,-0.5,0.0,1.0,1.6181434599156117,0.0,0.0,0.0,0.9576843843402714,0.21915201891818967,0.0,0.0,0.0,0.0,0.0,0.0,0.0,7,2006,新屋,預售屋(估價時未完工),221500,12.308182383129823,0,0,0,1,0,0,0,0,0,0,0,0,0,0,0,0,1,0,0,0,0,0,0,1,0,1,0,0,0,0,0,0,0,0,0,0,1,0,0,0,0,0,0,0,0,0,0,0,0,0,0,0,0,0,0,0,1,0,0,0,0,0,0,0,1,0,0,0,0,0,0,0,1,0,0,0,0,0,1,0,0,0,0,0,0,0,0,1,0,0,0,0,1,0,0,0,0,1,0,0,0,0,0,0,0,0,0,0,0,0,0,0,1,0,0,0,0,0,0,0,0,0,0,0,0,0,0,0,0,0,1,0,0,1,0,0,0,0,0,0,1,0,0,0,0,0,1,0,0,0,0,0,0,1,0,0,1,0,0
779,1,-0.5300358319518109,-0.30665332785834487,0.0,0.0,0.0,0.0,-0.5,0.0,0.10416666666666667,-0.4473684210526316,1.1946702927781176,0.0,0.0,-6.515822458562748,-1.5409627556327752,-1.5747678672403655,-0.8,-0.5340751043115438,-0.7304631471189668,0.0,-3.1687229326517117,-1.9830592924763328,-0.5,0.0,1.4244819323262958,0.0,0.0,0.7286945933396014,0.0,0.0,0.0,0.0,1.0,0.4638544907568095,0.0,2.0,0.0,1.0,0.25,-1.0,0.0,0.6265822784810127,0.0,0.0,0.0,0.0,-0.7117967261714493,0.0,0.0,0.0,0.0,0.0,0.0,0.0,10,2007,一般保證契約,一般交易,144000,11.87757552297847,0,0,0,0,0,0,0,0,0,0,0,0,0,0,1,0,0,0,0,1,0,0,0,1,0,1,0,0,0,0,0,0,0,0,0,0,0,0,0,0,0,0,0,0,0,0,0,0,0,0,0,0,0,1,0,0,0,0,0,0,0,0,1,0,1,0,0,0,0,0,0,0,0,0,0,1,0,0,1,0,0,0,0,0,0,0,0,1,0,0,0,0,1,0,0,0,0,0,0,1,0,0,0,0,0,0,0,0,0,0,0,0,0,0,0,1,0,0,0,0,0,0,0,0,0,0,0,0,0,0,1,0,1,0,0,0,0,0,0,0,1,0,0,0,0,0,1,0,0,0,0,1,0,0,0,0,1,0,0
780,2,0.3800798242425943,0.21597553269662453,0.0,0.0,0.0,0.0,0.0,0.0,0.10416666666666667,-0.4473684210526316,0.8393407130277142,0.0,0.0,0.0,0.0,2.3495966477454164,0.4,0.8219749652294854,0.0,0.0,-3.1687229326517117,-0.039860488290981565,-0.5,0.0,-0.19026306996690828,0.0,0.0,-0.8358758964772554,1.0,0.0,-1.0,0.0,-1.0,0.0,0.0,-1.0,0.0,-1.0,-0.5,-1.0,0.0,0.0949367088607595,0.0,0.0,0.0,0.0,-0.7117967261714493,0.0,0.0,0.0,0.0,0.0,0.0,0.0,5,2006,一般保證契約,一般交易,135000,11.813037464800539,0,0,0,0,0,0,0,0,0,0,0,0,0,0,1,0,1,0,0,0,0,0,0,1,0,1,0,0,0,0,0,0,0,0,0,0,0,0,0,0,0,0,0,0,0,0,1,0,0,0,0,0,0,0,0,0,1,0,0,0,0,0,0,0,1,0,0,0,0,0,0,0,0,0,0,1,0,0,0,0,0,0,0,1,0,0,0,1,0,0,0,0,1,0,0,0,0,0,0,1,0,0,0,0,0,0,0,0,0,0,0,0,0,1,0,0,0,0,0,0,0,0,0,0,0,0,0,0,0,0,1,0,0,0,1,0,0,0,0,0,1,0,0,0,0,0,1,0,0,0,0,0,0,1,0,0,1,0,0
781,1,-0.3637131127598576,-0.4526765528973731,0.0,0.0,0.0,0.0,0.5,0.0,0.4791666666666667,0.05263157894736842,0.635597132817889,0.0,0.0,0.0,0.2793713480100486,0.0,-0.6,-0.5340751043115438,0.0,0.0,0.7992713588580888,0.48231190832087695,0.0,0.0,0.3031716626901745,0.0,0.0,-0.35777352101267407,0.0,0.0,0.0,0.0,0.0,0.0,0.0,0.0,0.0,0.0,0.25,1.0,0.0,-0.33544303797468356,0.0,0.0,0.0,1.076498012198429,-0.06428760333406293,0.0,0.0,0.0,0.0,0.0,0.0,0.0,6,2007,一般保證契約,一般交易,176000,12.07824495582233,0,0,0,1,0,0,0,0,0,0,0,0,0,0,0,0,1,0,0,0,0,0,0,1,0,1,0,0,0,0,0,0,0,0,0,1,0,0,0,0,0,0,0,0,0,0,0,0,0,0,0,0,0,0,0,0,1,0,0,0,0,0,0,0,1,0,0,0,0,0,0,0,1,0,0,0,0,0,1,0,0,0,0,0,0,0,0,1,0,0,0,0,1,0,0,0,0,0,0,0,0,0,0,0,0,0,0,0,1,0,0,0,0,0,0,0,0,0,0,0,0,0,0,0,1,0,0,0,0,0,1,0,0,1,0,0,0,0,0,0,1,0,0,0,0,0,1,0,0,0,0,0,0,1,0,0,1,0,0
784,4,0.04944338438861053,-0.1233216672124115,0.0,0.0,-1.0,0.0,-0.5,1.0,0.125,-0.42105263157894735,0.8763802413234036,0.0,0.2793713480100486,0.0,0.0,1.7473143510832982,0.4,0.9916550764951322,0.0,0.0,-3.1687229326517117,0.20328849028400597,0.5,0.0,0.031236395068558017,0.0,0.0,-0.6212590213591711,1.0,0.0,-1.0,0.0,-2.0,0.0,1.0,-1.0,0.0,0.0,0.25,1.0,0.0,0.5084388185654009,0.0,0.0,0.0,1.171521450183089,0.027838329044302983,0.0,0.0,0.0,0.0,0.0,0.0,0.0,7,2009,一般保證契約,一般交易,165500,12.016732516077072,0,0,0,0,0,0,0,0,0,0,0,0,0,1,0,0,1,0,0,0,0,0,0,1,0,0,0,0,1,0,0,0,0,0,0,0,0,0,0,0,0,0,0,0,0,0,1,0,0,0,0,0,0,0,0,0,1,0,0,0,0,0,0,0,1,0,0,0,0,0,0,0,1,0,0,0,0,0,0,0,0,0,0,1,0,0,0,1,0,0,0,0,1,0,0,0,0,0,0,1,0,0,0,0,0,0,0,0,0,0,0,0,0,0,0,1,0,0,0,0,0,0,0,0,0,0,0,0,0,0,1,0,0,1,0,0,0,0,0,0,1,0,0,0,0,0,1,0,0,0,0,0,0,1,0,0,1,0,0
785,3,-2.280291190407216,-0.9467919052013097,0.0,0.7304631471189668,0.0,0.0,0.0,1.0,-1.2083333333333333,0.18421052631578946,0.0,0.0,0.0,-1.0,0.0,0.0,-0.6,-0.5340751043115438,0.0,0.0,0.35358023968908214,-0.5042351768809168,0.5,0.0,-0.8376913541422599,1.004550331851569,0.0,0.018263964773292146,0.0,0.0,0.0,0.0,0.0,0.0,0.0,1.5,0.0,0.0,0.5,-2.0,-2.0,-2.0316455696202533,-1.5409627556327752,-1.5409627556327752,0.0,0.0,0.7626262129002684,7.247551425168361,0.0,0.0,0.0,0.0,0.0,0.0,6,2008,一般保證契約,一般交易,128000,11.759793355371237,0,0,0,0,0,0,1,0,0,0,0,0,0,0,0,1,0,0,0,0,0,0,0,1,0,1,0,0,0,0,0,0,0,0,0,0,0,0,0,0,0,0,0,0,0,0,0,0,1,0,0,0,0,0,0,0,1,0,0,0,0,0,0,0,1,0,0,0,0,0,0,0,1,0,0,0,0,0,0,0,1,0,0,0,0,0,0,1,0,0,0,0,1,0,0,0,0,0,0,0,1,0,0,0,0,0,0,0,0,0,0,0,0,0,0,0,0,1,0,0,0,0,0,0,0,0,0,0,1,0,0,0,0,0,1,0,0,0,0,0,1,0,0,0,0,0,1,0,0,0,1,0,0,0,0,0,1,0,0
786,3,0.469964168048189,0.04552685964069839,0.0,0.0,0.0,0.0,0.0,0.0,-0.10416666666666667,-0.7105263157894737,0.0,0.0,0.0,-1.0,0.0,0.0,-0.2,-0.18497913769123783,0.4638544907568095,10.868631091996152,0.01782493478142797,0.7513702042850025,-0.5,0.0,0.45937553407935156,0.0,0.0,-0.2064233281193211,0.0,0.0,0.0,0.0,0.0,0.0,0.0,0.5,0.0,0.0,0.5,-1.0,0.0,-0.10337552742616034,0.0,0.0,0.0,0.0,-0.7117967261714493,0.0,0.0,8.070314193798696,0.0,0.0,0.0,0.0,9,2009,一般保證契約,一般交易,161500,11.992266613576142,0,0,0,1,0,0,0,0,0,0,0,0,0,0,0,0,1,0,0,0,0,0,0,1,0,1,0,0,0,0,0,0,0,0,0,0,0,0,0,0,0,0,0,0,0,0,0,0,0,0,0,0,1,0,0,0,0,0,0,0,0,0,1,0,1,0,0,0,0,0,0,0,1,0,0,0,0,0,1,0,0,0,0,0,0,0,0,1,0,0,0,0,1,0,0,0,0,0,0,0,0,0,0,0,0,0,0,0,0,0,1,0,0,0,0,0,1,0,0,0,0,0,0,0,0,0,0,0,1,0,0,0,0,0,1,0,0,0,0,0,1,0,0,0,0,0,1,0,0,0,0,0,0,1,0,0,1,0,0
787,2,-0.5300358319518109,0.2756361220897776,0.0,0.0,0.0,0.0,-0.5,1.0,-1.1875,-1.1578947368421053,0.0,0.0,0.2793713480100486,-2.24080411332851,0.0,0.0,-0.4,0.4200278164116829,0.0,0.0,-3.1687229326517117,-0.6158445440956651,-0.5,0.0,-0.27452360143323845,0.9858885358692498,0.0,0.26161953964716744,1.0,0.0,0.0,0.0,1.0,0.0,0.0,0.5,0.0,-1.0,-0.5,-1.0,-1.0,-0.27637130801687765,0.0,0.0,0.0,0.0,-0.7117967261714493,8.059125775508377,0.0,0.0,0.0,0.0,0.0,12.645908720595072,6,2010,一般保證契約,一般交易,139000,11.842236406331555,1,0,0,0,0,0,0,0,0,0,0,0,0,0,0,1,0,0,0,0,0,0,0,1,0,1,0,0,0,0,0,0,0,0,0,0,0,0,0,0,0,0,0,0,0,0,0,0,1,0,0,0,0,0,0,0,0,0,0,0,1,0,0,0,1,0,0,0,0,0,0,0,1,0,0,0,1,0,0,0,0,0,0,0,0,0,0,1,0,0,0,0,1,0,0,0,0,0,0,0,0,0,0,0,0,0,0,0,0,1,0,0,0,0,0,0,0,0,0,0,0,0,0,0,0,1,0,0,1,0,0,0,0,1,0,0,0,0,0,0,1,0,0,0,0,0,1,0,0,0,0,1,0,0,1,0,0,0,0
788,4,0.28823999813735185,0.12792269327206662,0.0,0.0,-1.0,0.0,0.5,0.0,0.6666666666666666,0.2631578947368421,0.0,1.0,0.0,0.0,0.0,0.0,0.4,0.37830319888734354,0.0,0.0,-0.3562006852836907,-0.07772795216741404,0.5,0.0,-0.2971647246151525,1.1079885975937995,0.0,0.8024106189918998,1.0,0.0,0.0,1.0,1.0,0.0,1.0,1.0,0.0,-1.0,-0.5,0.0,0.0,0.5759493670886076,0.0,0.0,0.0,0.0,0.139889170134574,0.0,0.0,0.0,0.0,0.0,0.0,0.0,1,2010,一般保證契約,一般交易,233000,12.358798024384122,0,0,0,0,0,0,0,0,1,0,0,0,0,0,0,0,1,0,0,0,0,0,0,1,0,1,0,0,0,0,0,0,0,0,0,0,0,0,0,0,0,0,0,0,0,0,0,0,0,0,0,0,0,1,0,0,1,0,0,0,0,0,0,0,1,0,0,0,0,0,0,0,1,0,0,0,0,0,0,0,0,1,0,0,0,0,0,1,0,0,0,0,1,0,0,0,0,1,0,0,0,0,0,0,0,0,0,0,0,0,0,0,1,0,0,0,0,0,0,0,0,0,0,0,0,0,0,0,1,0,0,0,0,1,0,0,0,0,0,0,1,0,0,0,0,0,1,1,0,0,0,0,0,0,0,0,1,0,0
790,1,0.469964168048189,0.5670450485138487,0.0,0.0,-1.0,0.0,0.0,3.0,-0.125,0.34210526315789475,0.9866329586817556,0.0,0.0,-1.0,-0.3466451177569989,2.3495966477454164,-0.4,0.25591098748261476,0.0,0.0,-0.4487453076739443,-0.32486297957149973,0.0,0.0,-0.25208062824368616,1.1041230923168361,0.0,0.8058186267308874,0.0,0.0,0.0,1.0,2.0,0.0,1.0,1.5,0.0,-1.0,-0.5,1.0,0.0,-0.15822784810126583,0.0,0.0,0.0,0.9362643972172947,0.5600608209116564,0.0,0.0,0.0,0.0,0.0,0.0,0.0,7,2007,一般保證契約,一般交易,187500,12.141539457711714,0,0,0,0,0,0,0,0,1,0,0,0,0,0,0,0,1,0,0,0,1,0,0,0,0,1,0,0,0,0,0,0,0,0,0,0,0,0,0,0,0,0,0,0,1,0,0,0,0,0,0,0,0,0,0,0,1,0,0,0,0,0,0,0,1,0,0,0,0,0,0,0,1,0,0,0,0,0,0,0,0,1,0,0,0,0,0,1,0,0,0,0,1,0,0,0,0,0,0,0,0,0,0,0,0,0,0,0,1,0,0,0,0,0,0,0,0,0,0,0,0,0,0,0,1,0,0,0,0,0,1,0,0,0,1,0,0,0,0,0,1,0,0,0,0,0,1,0,0,0,0,0,0,1,0,0,1,0,0
791,0,-1.630543492870708,-2.360345429908148,0.0,0.0,0.0,0.0,0.5,0.0,0.6875,0.3157894736842105,0.3919741633176077,1.0,0.0,0.0,0.0,0.0,0.4,-0.5118219749652295,0.0,0.0,0.7170626765180743,0.29895366218236175,0.5,0.0,0.1004294958941096,0.0,0.0,-0.5542159380879197,0.0,0.0,0.0,0.0,-1.0,0.0,1.0,-0.5,0.0,0.0,0.5,1.0,0.0,-0.35654008438818563,0.0,0.0,0.0,0.8615537516526842,-0.13049406945601977,0.0,0.0,0.0,0.0,0.0,0.0,0.0,9,2009,一般保證契約,一般交易,160200,11.984184555794167,0,0,0,0,0,1,0,0,0,0,0,0,0,0,0,0,1,0,0,0,0,0,0,1,0,1,0,0,0,0,0,0,0,0,0,0,0,0,0,0,1,0,0,0,0,0,0,0,0,0,0,0,0,0,0,0,1,0,0,0,0,0,0,0,1,0,0,0,0,0,0,0,0,0,1,0,0,0,1,0,0,0,0,0,0,0,0,1,0,0,0,0,1,0,0,0,0,1,0,0,0,0,0,0,0,0,0,0,0,0,0,0,1,0,0,0,0,0,0,0,0,0,0,0,0,0,0,0,0,0,1,0,0,1,0,0,0,0,0,0,1,0,0,0,0,0,1,0,0,0,0,0,0,1,0,0,1,0,0
792,0,0.04944338438861053,0.38978141384044984,0.0,0.0,-1.0,0.0,0.0,0.0,0.08333333333333333,-0.47368421052631576,0.0,0.0,0.0,0.0,0.0,1.7473143510832982,0.2,0.21557719054242003,0.0,0.0,0.01621869256138196,0.06776283009466866,-0.5,0.0,-0.06673410541313891,0.0,0.0,-0.716185312326826,1.0,0.0,-1.0,0.0,0.0,0.0,0.0,-0.5,0.0,1.0,0.25,0.0,0.0,0.24261603375527427,0.0,0.0,0.0,0.9089310139773353,-0.7117967261714493,0.0,0.0,0.0,0.0,0.0,0.0,0.0,5,2007,一般保證契約,一般交易,146800,11.896833207128452,0,0,0,0,0,0,0,0,0,0,0,0,1,0,0,0,1,0,0,0,0,0,0,1,0,0,0,0,1,0,0,0,0,0,0,0,0,0,0,0,0,0,0,0,0,0,1,0,0,0,0,0,0,0,0,0,1,0,0,0,0,0,0,0,1,0,0,0,0,0,0,0,1,0,0,0,0,0,0,0,0,0,1,0,0,0,0,1,0,0,0,0,1,0,0,0,0,0,0,0,0,0,0,0,0,0,0,0,1,0,0,0,0,0,0,0,0,0,0,0,0,0,0,0,1,0,0,0,1,0,0,0,0,1,0,0,0,0,0,0,1,0,0,0,0,0,1,0,0,0,0,0,0,1,0,0,1,0,0
793,2,0.9727639507245631,0.07624603793501579,0.0,0.0,-1.0,0.0,0.5,0.0,0.5,0.07894736842105263,0.0,1.0,0.0,0.0,0.0,1.7473143510832982,0.4,0.6648122392211405,0.0,0.0,-0.4735449731991509,0.24314897857498755,0.5,0.0,0.06507237073315635,1.0475554992389746,0.0,0.7205119850761562,1.0,0.0,0.0,1.0,0.0,0.0,0.0,1.0,0.0,0.0,0.25,-1.0,0.0,-0.11181434599156118,0.0,0.0,0.0,1.019269494444633,0.47123880939868457,0.0,0.0,0.0,0.0,0.0,0.0,0.0,6,2007,一般保證契約,一般交易,269790,12.505402864156405,0,0,0,0,0,0,0,0,1,0,0,0,0,0,0,0,1,0,0,0,0,0,0,1,0,0,0,1,0,0,0,0,1,0,0,0,0,0,0,0,0,0,0,0,0,0,0,0,0,0,0,0,0,0,0,0,1,0,0,0,0,0,0,0,1,0,0,0,0,0,0,0,1,0,0,0,0,0,0,0,0,1,0,0,0,0,0,1,0,0,0,0,1,0,0,0,0,0,0,0,0,0,0,0,0,0,0,0,0,1,0,0,0,0,0,0,0,0,0,0,0,0,0,0,0,1,0,0,1,0,0,0,0,1,0,0,0,0,0,0,1,0,0,0,0,0,1,0,0,0,0,0,0,1,0,0,1,0,0
794,4,0.28823999813735185,-0.10894816929897468,0.0,0.0,0.0,0.0,1.0,0.0,0.7291666666666666,0.34210526315789475,0.9552372738435843,1.0,0.0,0.0,0.0,1.7473143510832982,-0.6,-0.5340751043115438,0.0,0.0,0.9740112296128709,0.9985052316890882,0.5,0.0,0.7099890115603792,0.0,0.0,0.036402908011056875,0.0,0.0,0.0,0.0,0.0,0.0,1.0,0.5,0.0,-1.0,-0.5,1.0,0.0,-0.03164556962025317,0.0,0.0,0.0,1.0,0.47123880939868457,0.0,0.0,0.0,0.0,0.0,0.0,0.0,6,2007,新屋,預售屋(估價時未完工),225000,12.323860125621126,0,0,0,1,0,0,0,0,0,0,0,0,0,0,0,0,1,0,0,0,0,0,0,1,0,1,0,0,0,0,0,0,0,0,0,0,0,0,0,0,0,0,0,0,0,0,0,0,0,0,1,0,0,0,0,0,1,0,0,0,0,0,0,0,1,0,0,0,0,0,0,0,1,0,0,0,0,0,1,0,0,0,0,0,0,0,0,1,0,0,0,0,1,0,0,0,0,0,0,0,0,0,1,0,0,0,0,0,0,0,0,0,0,0,0,0,0,0,1,0,0,0,0,0,0,0,0,0,0,1,0,0,0,1,0,0,0,0,0,0,1,0,0,0,0,0,1,0,0,0,0,0,0,1,0,0,1,0,0
795,3,-0.2564764364743176,0.2826227289244858,0.0,0.0,-1.0,0.0,0.5,0.0,0.4583333333333333,0.05263157894736842,0.0,1.0,0.0,0.0,0.0,0.0,-0.6,-0.5340751043115438,0.0,0.0,0.31906874047352096,-0.5640259093173892,0.5,0.0,-0.017289156234130597,1.0253672990635947,0.0,0.5788035003413433,0.0,0.0,0.0,1.0,0.0,0.0,1.0,0.5,0.0,0.0,0.25,1.0,0.0,-0.3059071729957806,0.0,0.0,0.0,0.9557953004482737,0.14618791727533317,0.0,0.0,0.0,0.0,0.0,0.0,10.272201962485878,10,2008,一般保證契約,一般交易,194500,12.178192583415596,0,0,0,0,0,0,0,0,1,0,0,0,0,0,0,0,1,0,0,0,0,0,0,1,0,0,0,0,1,0,0,0,0,0,0,1,0,0,0,0,0,0,0,0,0,0,0,0,0,0,0,0,0,0,0,0,1,0,0,0,0,0,0,0,1,0,0,0,0,0,0,0,1,0,0,0,0,0,0,0,0,1,0,0,0,0,0,1,0,0,0,0,1,0,0,0,0,0,0,0,0,0,0,0,0,0,0,0,0,1,0,0,0,0,0,0,0,0,0,0,0,0,0,0,0,1,0,0,1,0,0,0,0,1,0,0,0,0,0,0,1,0,0,0,0,0,1,0,0,0,0,0,0,1,1,0,0,0,0
796,1,0.0,-0.30665332785834487,0.0,0.0,0.0,0.0,0.0,1.0,0.16666666666666666,-0.34210526315789475,0.9352320472719625,0.0,0.0,0.0,0.0,0.0,-0.6,-0.5340751043115438,0.0,0.0,0.24364357781098445,-0.6875934230194319,-0.5,0.0,-0.4566922781054371,0.9824208457561772,0.0,0.1369156304629965,0.0,0.0,0.0,1.0,0.0,0.0,0.0,0.5,0.0,0.0,0.25,-1.0,0.0,-0.023206751054852322,0.0,0.0,0.0,0.0,0.17029580177297618,0.0,0.0,8.147315588624346,0.0,0.0,1.5409627556327752,0.0,4,2010,一般保證契約,一般交易,171000,12.049424683420915,0,0,0,0,0,0,0,0,1,0,0,0,0,0,0,0,1,0,0,0,0,0,0,1,0,1,0,0,0,0,0,0,0,0,0,0,0,0,0,0,0,0,0,0,0,0,0,0,0,0,0,0,0,1,0,0,1,0,0,0,0,0,0,0,1,0,0,0,0,0,0,0,1,0,0,0,0,0,0,0,0,1,0,0,0,0,0,1,0,0,0,0,1,0,0,0,0,0,0,0,0,0,0,0,0,0,0,0,1,0,0,0,0,0,0,0,0,0,0,0,0,0,0,0,1,0,0,0,0,0,1,0,0,0,1,0,0,0,0,0,1,0,0,0,0,0,1,0,0,0,0,0,0,1,0,0,1,0,0
798,3,-0.7034629278735134,-0.5099034546961682,0.0,0.0,0.0,0.0,-0.5,0.0,-0.3958333333333333,-1.0789473684210527,0.0,0.0,0.0,-1.0,0.0,0.0,0.0,0.25869262865090403,0.0,0.0,-0.6333545940027092,-0.44245142002989535,0.0,0.0,-0.751781953401776,0.0,0.0,-1.3799468632549445,0.0,0.0,-1.0,0.0,-1.0,0.0,0.0,-1.0,0.0,-1.0,-0.5,-1.0,-1.0,-1.018987341772152,0.0,0.0,0.0,0.0,-0.7117967261714493,0.0,0.0,0.0,0.0,0.0,0.0,0.0,4,2008,一般保證契約,異常交易(如法拍),110000,11.608244735642321,0,0,0,1,0,0,0,0,0,0,0,0,0,0,0,0,1,0,0,0,0,0,0,1,0,1,0,0,0,0,0,0,0,0,1,0,0,0,0,0,0,0,0,0,0,0,0,0,0,0,0,0,0,0,0,0,1,0,0,0,0,0,0,0,1,0,0,0,0,0,0,0,1,0,0,0,0,0,1,0,0,0,0,0,0,0,0,1,0,0,0,0,1,0,0,0,0,1,0,0,0,0,0,0,0,0,0,0,0,0,0,0,1,0,0,0,0,0,0,0,0,0,0,0,0,0,0,0,1,0,0,0,0,0,1,0,0,0,0,0,1,0,0,0,0,0,1,0,0,0,0,0,0,1,0,0,1,0,0
799,0,1.4231374309765314,0.814640044949443,0.0,0.0,0.0,0.0,1.5,0.0,0.75,0.39473684210526316,1.5236519008935716,1.8422747575632559,0.0,0.8422747575632559,0.0,0.0,-0.6,-0.5340751043115438,0.0,0.0,1.21411734755458,1.8555057299451918,0.5,0.0,1.3586794990493267,1.1182055056084745,0.0,1.8040444152469284,0.0,0.0,1.0,1.0,1.0,0.0,2.0,2.5,0.0,1.0,0.5,1.0,1.0,1.4282700421940928,0.0,0.0,0.0,0.9576843843402714,0.30461656634883394,0.0,0.0,0.0,0.0,0.0,0.0,0.0,7,2009,新屋,預售屋(估價時未完工),485000,13.091906231773164,0,0,0,0,0,0,0,0,1,0,0,0,0,0,0,0,1,0,0,0,0,0,0,1,0,1,0,0,0,0,0,0,0,1,0,0,0,0,0,0,0,0,0,0,0,0,0,0,0,0,0,0,0,0,0,0,1,0,0,0,0,0,0,0,1,0,0,0,0,0,0,0,1,0,0,0,0,0,0,0,0,1,0,0,0,1,0,0,0,0,0,0,1,0,0,0,0,1,0,0,0,0,0,0,0,0,0,0,0,0,0,0,1,0,0,0,0,0,0,0,0,0,0,0,0,0,0,0,0,1,0,0,0,1,0,0,0,0,0,0,1,0,0,0,0,0,1,1,0,0,0,0,0,0,0,0,1,0,0
800,4,-0.5300358319518109,-0.6530991973084603,0.0,0.0,0.0,0.0,-0.5,2.0,-0.7291666666666666,-1.1578947368421053,1.1223244183481267,0.0,0.0,0.0,0.0,0.0,0.2,0.2573018080667594,0.0,0.0,-0.786015252002033,-0.5261584454409567,0.5,0.0,-0.240932276172972,1.0186987649975292,0.0,0.417650659295308,1.0,0.0,-1.0,1.0,0.0,0.0,1.0,0.5,0.0,1.0,0.25,-1.0,-1.0,-1.018987341772152,0.0,0.0,0.0,0.0,-0.7117967261714493,8.728897992374552,0.0,0.0,0.0,0.0,1.5409627556327752,0.0,6,2007,一般保證契約,一般交易,175000,12.07254696717504,1,0,0,0,0,0,0,0,0,0,0,0,0,0,0,0,1,0,0,0,0,0,0,1,0,0,0,0,1,0,0,0,0,0,0,0,0,1,0,0,0,0,0,0,0,0,0,0,0,0,0,0,0,0,0,0,0,0,0,0,0,0,1,0,1,0,0,0,0,0,0,0,1,0,0,0,1,0,0,0,0,0,0,0,0,0,0,1,0,0,0,0,1,0,0,0,0,0,0,0,1,0,0,0,0,0,0,0,0,0,0,0,0,0,0,0,1,0,0,0,0,0,0,0,0,0,0,0,0,0,1,0,0,0,0,0,1,0,0,0,1,0,0,0,0,0,1,0,0,0,0,1,0,0,0,0,1,0,0
801,3,0.42526075804806646,0.6815378735964895,0.0,0.0,-1.0,-0.4638544907568095,0.0,0.0,0.5208333333333334,0.07894736842105263,0.0,0.0,0.0,0.0,0.0,2.3495966477454164,0.4,0.10848400556328233,0.0,0.0,-0.8195565912721731,-0.7553562531141006,0.0,0.0,-1.2216745122160741,1.0950617293799743,0.0,0.3110131322992479,1.0,0.0,0.0,1.0,1.0,0.0,1.0,1.0,0.0,-1.0,-0.5,0.0,0.0,0.5126582278481012,0.0,0.0,0.0,1.2601910219511179,0.42710626050754663,7.932756020284821,0.0,0.0,0.0,0.0,0.0,9.715841640087827,5,2008,一般保證契約,一般交易,200000,12.206077645517674,0,0,0,0,0,0,0,0,1,0,0,0,0,0,0,0,1,0,0,0,0,0,1,0,0,1,0,0,0,0,0,0,0,0,0,0,0,0,0,0,0,0,0,0,1,0,0,0,0,0,0,0,0,0,0,0,0,0,0,0,0,0,1,0,1,0,0,0,0,0,0,0,1,0,0,0,0,0,0,0,0,1,0,0,0,0,0,1,0,0,0,0,1,0,0,0,0,1,0,0,0,0,0,0,0,0,0,0,0,0,0,0,1,0,0,0,0,0,0,0,0,0,0,0,0,0,0,0,1,0,0,0,0,1,0,0,0,0,0,0,1,0,0,0,0,0,1,0,0,0,0,0,0,1,1,0,0,0,0
802,4,-1.8614282606963264,-1.5269901523941711,0.0,0.0,0.0,0.0,-1.0,2.0,-1.1666666666666667,-0.10526315789473684,0.0,0.0,0.0,-1.0,0.0,0.0,-0.4,-0.26008344923504867,0.0,0.0,0.6087381634313026,0.40059790732436473,0.5,0.0,0.19810527193107863,0.0,0.0,-0.45957521367609505,1.0,0.0,-1.0,0.0,-1.0,0.0,0.0,-0.5,0.0,-1.0,-0.5,-1.0,0.0,-0.1751054852320675,0.0,0.0,0.0,0.0,-0.7117967261714493,0.0,0.0,0.0,0.0,0.0,0.0,0.0,7,2007,一般保證契約,一般交易,109900,11.60733523953139,0,0,1,0,0,0,0,0,0,0,0,0,0,0,0,1,0,0,0,0,0,0,0,1,0,1,0,0,0,1,0,0,0,0,0,0,0,0,0,0,0,0,0,0,0,0,0,0,0,0,0,0,0,0,0,0,1,0,0,0,0,0,0,0,1,0,0,0,0,0,0,0,1,0,0,0,0,0,1,0,0,0,0,0,0,0,0,1,0,0,0,0,1,0,0,0,0,0,0,0,0,0,0,0,0,0,0,0,0,1,0,0,0,0,0,0,0,0,0,0,0,0,0,0,0,1,0,0,1,0,0,0,0,0,1,0,0,0,0,0,1,0,0,0,0,1,0,0,0,0,0,1,0,0,0,0,1,0,0
804,4,1.5288579846359944,0.8812403380609517,0.0,0.0,0.0,0.0,1.5,0.0,0.75,0.39473684210526316,1.283346835250917,1.8422747575632559,0.0,0.8422747575632559,0.0,2.3495966477454164,-0.6,-0.5340751043115438,0.0,0.0,1.113207093998401,1.4728450423517687,0.5,0.0,1.0572165192046294,1.0988125410404523,0.0,1.5371715019063659,0.0,0.0,1.0,1.0,1.0,0.0,2.0,3.0,0.0,0.0,0.5,0.0,1.0,2.2721518987341773,0.0,0.0,0.0,0.702554192269261,0.5642461380757211,0.0,0.0,8.013883697367243,0.0,0.0,0.0,0.0,1,2009,新屋,預售屋(估價時未完工),582933,13.275829251377,0,0,0,0,0,0,0,0,1,0,0,0,0,0,0,0,1,0,0,0,0,0,0,1,0,1,0,0,0,0,0,0,0,1,0,0,0,0,0,0,0,0,0,0,0,0,0,0,0,0,0,0,0,0,0,0,1,0,0,0,0,0,0,0,1,0,0,0,0,0,0,0,1,0,0,0,0,0,0,0,0,1,0,0,0,1,0,0,0,0,0,0,1,0,0,0,0,1,0,0,0,0,0,0,0,0,0,0,0,0,0,0,1,0,0,0,0,0,0,0,0,0,0,0,0,0,0,0,0,1,0,0,0,1,0,0,0,0,0,0,1,0,0,0,0,0,1,1,0,0,0,0,0,0,0,0,1,0,0
805,4,0.24155735878839998,-0.14897946196371506,0.0,0.0,0.0,0.0,-0.5,0.0,-0.375,-1.0526315789473684,0.0,0.0,0.0,-1.0,0.0,0.0,-0.4,0.5952712100139083,0.0,0.0,-0.9601067262627048,-0.11758844045839562,-0.5,0.0,0.0670491919672783,0.0,0.0,-0.5865590253189492,0.0,0.0,-1.0,0.0,-1.0,0.0,0.0,-0.5,-0.18059459163956637,-1.0,-0.5,-1.0,-1.0,-0.8248945147679325,0.0,0.0,0.0,0.0,-0.7117967261714493,0.0,0.0,0.0,0.0,0.0,1.1943176378757763,0.0,6,2006,一般保證契約,親友交易,118000,11.678448377988165,0,0,0,1,0,0,0,0,0,0,0,0,0,0,0,0,1,0,0,0,0,0,0,1,0,1,0,0,0,0,0,0,0,0,1,0,0,0,0,0,0,0,0,0,0,0,0,0,0,0,0,0,0,0,0,0,1,0,0,0,0,0,0,0,1,0,0,0,0,0,0,0,1,0,0,0,0,0,1,0,0,0,0,0,0,0,0,1,0,0,0,0,1,0,0,0,0,0,0,0,1,0,0,0,0,0,0,0,0,0,0,0,0,0,0,0,1,0,0,0,0,0,0,0,0,0,0,0,1,0,0,0,0,0,1,0,0,0,0,0,1,0,0,0,0,0,1,0,0,0,0,0,0,1,0,0,1,0,0
806,4,0.9330406239737735,0.5806071688249667,0.0,0.0,-1.0,0.0,0.5,0.0,0.75,0.3684210526315789,1.1270126110400929,1.0,0.0,0.0,0.0,0.0,-0.6,-0.5340751043115438,0.0,0.0,0.9236322519480108,0.841056302939711,0.5,0.0,0.6021672488539077,0.0,0.0,-0.06806853971041411,0.0,0.0,0.0,0.0,0.0,0.0,2.0,0.0,0.0,-1.0,-0.5,0.0,0.0,0.3059071729957806,0.0,0.0,0.0,0.0,0.22418808858595582,0.0,0.0,0.0,0.0,0.0,0.0,0.0,7,2008,新屋,預售屋(估價時未完工),227680,12.335700805443338,0,0,0,1,0,0,0,0,0,0,0,0,0,0,0,0,1,0,0,0,0,0,0,1,0,0,1,0,0,0,0,0,0,0,0,0,0,0,0,0,0,0,0,0,0,0,0,0,0,0,1,0,0,0,0,0,1,0,0,0,0,0,0,0,1,0,0,0,0,0,0,0,1,0,0,0,0,0,1,0,0,0,0,0,0,0,0,1,0,0,0,0,1,0,0,0,0,1,0,0,0,0,0,0,0,0,0,0,0,0,0,0,1,0,0,0,0,0,0,0,0,0,0,0,0,0,0,0,0,1,0,0,0,1,0,0,0,0,0,0,1,0,0,0,0,0,1,0,0,0,0,0,0,1,0,0,1,0,0
808,0,2.661633695975189,1.9739500091384237,0.0,0.0,0.0,0.0,-0.5,1.0,-1.0208333333333333,0.2631578947368421,0.0,0.0,0.0,-1.0,0.0,2.3495966477454164,0.4,1.2865090403337969,0.0,0.0,-2.097386838859915,0.6557050323866468,0.5,0.0,-0.04601787971398502,0.914678268869283,0.0,0.15426637192195017,2.0,0.0,-1.0,1.0,0.0,0.0,1.0,0.0,0.0,0.0,0.25,0.0,0.0,0.1962025316455696,0.0,0.0,0.0,0.0,0.7895611490980914,0.0,0.0,0.0,0.0,0.0,0.0,0.0,5,2009,一般保證契約,一般交易,223500,12.317171167298682,0,0,0,0,0,0,0,1,0,0,0,0,0,0,0,0,1,0,0,0,0,0,0,1,0,1,0,0,0,0,0,0,0,0,0,0,0,0,0,1,0,0,0,0,0,0,0,0,0,0,0,0,0,0,0,0,1,0,0,0,0,0,0,0,1,0,0,0,0,0,0,0,1,0,0,0,0,0,0,0,0,1,0,0,0,0,0,1,0,0,0,0,1,0,0,0,0,0,0,0,1,0,0,0,0,0,0,0,0,0,0,0,0,0,0,0,1,0,0,0,0,0,0,0,0,0,0,0,1,0,0,0,0,0,1,0,0,0,0,0,1,0,0,0,0,0,1,0,0,0,0,0,0,1,0,0,1,0,0
809,1,0.6866853341578308,0.7932455136974099,0.0,0.0,0.0,0.0,-0.5,0.0,-0.125,-0.7368421052631579,1.5952046395985535,0.0,0.0,-1.0,0.0,1.7473143510832982,0.2,0.1835883171070932,1.089870956523857,7.15298821355506,-0.18023422115009421,0.05779770802192327,-0.5,0.0,-0.017289156234130597,0.0,0.0,-0.6682767519992779,1.0,0.0,-1.0,0.0,0.0,0.0,0.0,0.0,0.0,0.0,0.5,0.0,0.0,0.010548523206751054,0.0,0.0,0.0,0.0,-0.7117967261714493,0.0,0.0,0.0,0.0,0.0,1.1943176378757763,0.0,6,2006,一般保證契約,一般交易,159950,11.982622797311857,0,0,0,0,0,0,0,0,0,0,0,0,1,0,0,0,1,0,0,0,0,0,0,1,0,1,0,0,0,0,0,0,0,0,1,0,0,0,0,0,0,0,0,0,0,0,0,0,0,0,0,0,0,0,0,0,1,0,0,0,0,0,0,0,1,0,0,0,0,0,0,0,1,0,0,0,0,0,0,0,0,0,1,0,0,0,0,1,0,0,0,0,1,0,0,0,0,1,0,0,0,0,0,0,0,0,0,0,0,0,0,0,1,0,0,0,0,0,0,0,0,0,0,0,0,0,0,0,0,0,1,0,0,0,1,0,0,0,0,0,1,0,0,0,0,0,1,0,0,0,0,0,0,1,0,0,1,0,0
810,4,0.8929485771758422,-0.3891117767139103,0.0,0.0,0.0,0.0,-0.5,0.0,-1.5416666666666667,-0.7631578947368421,0.0,0.0,0.0,-1.0,0.0,0.0,-0.6,-0.5340751043115438,0.0,0.0,0.46773558987540403,-0.2909815645241654,-0.5,-0.7304631471189668,-0.03983501528811333,1.0929309569859356,0.0,0.8631272164635396,0.0,0.0,0.0,0.0,-1.0,0.8104996085138084,0.0,2.5,0.0,-1.0,-0.5,-1.0,0.0,-0.5126582278481012,-0.3466451177569989,-0.8104996085138084,-1.1943176378757763,0.6434111977937839,0.5340261485381973,0.0,0.0,0.0,0.0,0.0,1.5409627556327752,0.0,11,2009,一般保證契約,一般交易,106000,11.571203807011969,0,0,0,0,0,0,1,0,0,0,0,0,0,0,0,1,0,0,0,0,0,0,0,1,0,0,0,0,1,0,0,0,0,0,0,0,0,0,0,0,0,0,0,0,0,0,0,0,1,0,0,0,0,0,0,0,1,0,0,0,0,0,0,0,1,0,0,0,0,0,0,0,1,0,0,0,0,0,0,0,1,0,0,0,0,1,0,0,0,0,0,0,1,0,0,0,0,0,0,0,0,0,0,0,0,0,0,1,0,0,0,0,0,0,0,0,0,0,0,0,0,0,0,1,0,0,0,0,1,0,0,0,0,1,0,0,0,0,0,0,1,0,0,0,0,1,0,0,0,0,0,1,0,0,0,0,1,0,0
811,4,0.3800798242425943,0.12746144812078475,0.0,0.0,0.0,0.0,0.0,1.0,0.041666666666666664,0.13157894736842105,0.86366220503593,0.0,0.0,-1.0,0.0,0.0,0.2,0.38803894297635605,0.4638544907568095,9.571332355620077,-3.1687229326517117,0.08968609865470852,-1.0,0.0,0.40251327764939837,0.0,0.0,-0.2615187198179228,1.0,0.0,-1.0,1.0,0.0,0.0,1.0,-0.5,0.0,0.0,0.0,0.0,0.0,0.010548523206751054,0.0,0.0,0.0,1.131174581787567,-0.7117967261714493,0.0,0.0,0.0,10.94276929201286,1.1943176378757763,1.8203341036428238,0.0,1,2006,一般保證契約,一般交易,181000,12.10625783509458,0,0,0,1,0,0,0,0,0,0,0,0,0,0,0,0,1,0,0,0,0,0,0,1,0,1,0,0,0,0,0,0,0,0,0,0,0,0,0,0,0,0,0,0,0,0,0,0,0,0,0,0,1,0,0,0,1,0,0,0,0,0,0,0,1,0,0,0,0,0,0,0,1,0,0,0,0,0,1,0,0,0,0,0,0,1,0,0,0,0,0,0,1,0,0,0,0,0,0,0,0,0,0,0,0,0,0,0,1,0,0,0,0,0,0,0,0,0,0,0,0,0,0,0,1,0,0,0,0,0,1,0,0,0,1,0,0,0,0,0,1,0,0,0,0,0,1,0,0,0,0,0,0,1,0,0,1,0,0
814,4,0.24155735878839998,0.03600505670095226,0.0,0.0,0.0,0.0,0.0,1.0,-0.2916666666666667,-0.9473684210526315,1.111541159787695,0.0,0.0,-1.0,0.0,0.0,-0.2,0.31154381084840055,0.0,0.0,0.45249605298954004,0.890881913303438,0.0,0.0,0.6247170735715445,0.0,0.0,-0.0462193992865994,0.0,0.0,-1.0,1.0,1.0,0.0,0.0,0.5,0.0,-1.0,-0.5,0.0,-1.0,-0.7616033755274262,0.0,0.0,0.0,0.0,-0.7117967261714493,8.823108115244976,0.0,0.0,0.0,0.0,0.0,10.272201962485878,4,2007,法院或遺產拍賣,一般交易,157900,11.969723533345908,0,0,0,1,0,0,0,0,0,0,0,0,0,0,0,0,1,0,0,0,0,0,0,1,0,1,0,0,0,0,0,0,0,0,1,0,0,0,0,0,0,0,0,0,0,0,0,0,0,0,0,0,0,0,0,0,1,0,0,0,0,0,0,0,1,0,0,0,0,0,0,0,1,0,0,0,0,0,1,0,0,0,0,0,0,0,0,1,0,0,0,0,1,0,0,0,0,0,0,0,0,0,0,0,0,0,0,0,0,1,0,0,0,0,0,0,0,0,0,0,0,0,0,0,0,1,0,0,0,0,1,0,0,0,1,0,0,0,0,0,1,0,0,0,0,0,1,0,0,0,0,0,0,1,1,0,0,0,0
815,4,-1.4839487694694355,-0.34811371477531594,0.0,0.7304631471189668,0.0,0.0,-0.5,2.0,-1.125,-1.1578947368421053,0.0,0.0,0.0,-1.0,0.0,0.0,-0.6,-0.5340751043115438,0.0,0.0,0.2881454863413409,-0.6158445440956651,0.0,0.0,-1.0009199559297592,0.9402735429660217,0.0,-0.3630324248929313,0.0,0.7304631471189668,-1.0,1.0,0.0,0.0,-1.0,0.5,0.0,-1.0,-0.5,-1.0,-1.0,-0.8502109704641351,0.0,0.0,-0.4638544907568095,1.0589401247150108,-0.7117967261714493,6.574446614595114,0.0,0.0,0.0,0.0,0.0,0.0,7,2006,一般保證契約,一般交易,116000,11.661354090741,1,0,0,0,0,0,0,0,0,0,0,0,0,0,0,0,1,0,0,0,0,0,0,1,0,1,0,0,0,0,0,0,0,0,0,0,0,0,0,0,0,1,0,0,0,0,0,0,0,0,0,0,0,0,0,0,1,0,0,0,0,0,0,0,1,0,0,0,0,0,0,0,1,0,0,0,1,0,0,0,0,0,0,0,0,0,0,1,0,0,0,0,1,0,0,0,0,0,0,0,0,0,0,0,1,0,0,0,0,0,0,0,0,0,0,0,0,0,0,0,1,0,0,0,0,0,0,0,1,0,0,0,0,0,0,0,1,0,0,1,0,0,0,0,0,0,1,0,0,0,0,1,0,0,0,0,1,0,0
816,1,-1.2739058724580279,0.5536155736410604,0.0,0.0,-2.338124978532008,0.0,0.5,0.0,0.5416666666666666,0.10526315789473684,1.296773025748574,0.0,0.0,0.0,0.0,0.0,-0.6,-0.5340751043115438,0.0,0.0,1.0654709590833873,1.303437967115097,0.5,0.0,0.955260371336278,0.0,0.0,0.274053020541298,0.0,0.0,0.0,0.0,0.0,0.0,1.0,0.0,0.0,-1.0,-0.5,0.0,0.0,0.49156118143459915,0.0,0.0,0.0,0.0,0.06159175694887233,0.0,0.0,0.0,0.0,0.0,0.0,0.0,5,2010,一般保證契約,一般交易,224900,12.323415584358154,0,0,0,1,0,0,0,0,0,0,0,0,0,0,0,0,1,0,0,0,0,0,0,1,0,0,0,1,0,0,0,0,0,0,0,0,1,0,0,0,0,0,0,0,0,0,0,0,0,0,0,0,0,0,0,0,1,0,0,0,0,0,0,0,1,0,0,0,0,0,0,0,1,0,0,0,0,0,1,0,0,0,0,0,0,0,0,1,0,0,0,0,1,0,0,0,0,1,0,0,0,0,0,0,0,0,0,0,0,0,0,0,1,0,0,0,0,0,0,0,0,0,0,0,0,0,0,0,0,0,1,0,0,1,0,0,0,0,0,0,1,0,0,0,0,0,1,0,0,0,0,0,0,1,0,0,1,0,0
817,2,0.21801994391840682,0.4090201104811048,0.0,0.0,-1.0,0.0,-0.5,1.0,-0.375,-1.0526315789473684,0.0,0.0,0.0,-1.0,0.0,0.0,0.0,0.14186369958275383,0.0,0.0,0.0662927208213615,0.025909317389138018,0.0,0.0,-0.18155184771202815,0.0,0.0,-0.8274353555553975,0.0,0.0,-1.0,0.0,-1.0,0.0,0.0,-1.0,0.0,0.0,0.5,0.0,-1.0,-0.8713080168776371,0.0,0.0,0.0,0.0,-0.7117967261714493,7.020909424392294,0.0,0.0,0.0,0.0,0.0,0.0,7,2006,一般保證契約,一般交易,137000,11.827743504053695,0,0,0,1,0,0,0,0,0,0,0,0,0,0,0,0,1,0,0,0,0,0,0,1,0,0,0,0,1,0,0,0,0,0,1,0,0,0,0,0,0,0,0,0,0,0,0,0,0,0,0,0,0,0,0,0,1,0,0,0,0,0,0,0,1,0,0,0,0,0,0,0,1,0,0,0,0,0,1,0,0,0,0,0,0,0,0,1,0,0,0,0,1,0,0,0,0,0,0,0,0,0,0,0,0,0,0,0,0,0,1,0,0,0,0,0,0,0,0,0,0,0,0,0,0,0,1,0,1,0,0,0,0,0,1,0,0,0,0,0,1,0,0,0,0,0,1,0,0,0,0,0,0,1,0,0,1,0,0
819,4,0.469964168048189,-0.1963580625170853,0.0,0.0,0.0,0.0,0.0,2.0,-0.020833333333333332,-0.6052631578947368,0.8097905954079107,0.0,0.0,-1.0,0.0,1.7473143510832982,0.4,0.16689847009735745,0.0,0.0,0.04159156817297587,0.029895366218236172,0.0,0.0,-0.08761665053846247,0.0,0.0,-0.736418980063187,1.0,0.0,-1.0,0.0,0.0,0.0,0.0,0.0,0.0,-1.0,-0.5,-1.0,0.0,-0.1751054852320675,0.0,0.0,0.0,0.0,-0.7117967261714493,0.0,0.0,0.0,0.0,0.0,1.5409627556327752,0.0,6,2010,一般保證契約,一般交易,155000,11.951186847493476,0,0,0,0,0,0,0,0,0,0,0,0,1,0,0,0,1,0,0,0,0,0,0,1,0,1,0,0,0,0,0,0,0,0,0,0,0,0,0,0,0,0,0,0,1,0,0,0,0,0,0,0,0,0,0,0,1,0,0,0,0,0,0,0,1,0,0,0,0,0,0,0,1,0,0,0,0,0,0,0,0,0,1,0,0,0,0,1,0,0,0,0,1,0,0,0,0,0,0,0,0,0,0,0,0,0,0,0,1,0,0,0,0,0,0,0,0,0,0,0,0,0,0,0,1,0,0,0,0,0,1,0,0,0,1,0,0,0,0,0,1,0,0,0,0,0,1,0,0,0,0,0,0,1,0,0,1,0,0
820,1,-1.5565538176877765,-0.9223690305594919,0.0,0.0,-1.0,0.0,0.5,0.0,0.7708333333333334,0.42105263157894735,0.9310759807038635,1.0,0.0,0.0,0.0,1.0,0.4,0.4853963838664812,0.0,0.0,0.21149196330079706,0.7234678624813154,0.5,0.0,0.48651870810411574,0.0,0.0,-0.1801235662257721,1.0,0.0,0.0,0.0,-1.0,0.0,1.0,0.0,0.0,0.0,0.5,0.0,0.0,0.010548523206751054,0.0,0.0,0.0,1.0374820403803926,0.06951502783946585,0.0,0.0,0.0,0.0,0.0,0.0,0.0,6,2010,新屋,預售屋(估價時未完工),224000,12.319405795112926,0,0,0,0,0,1,0,0,0,0,0,0,0,0,0,0,1,0,0,0,0,0,0,1,0,1,0,0,0,0,0,0,0,1,0,0,0,0,0,0,0,0,0,0,0,0,0,0,0,0,0,0,0,0,0,0,1,0,0,0,0,0,0,0,1,0,0,0,0,0,0,0,0,0,1,0,0,0,1,0,0,0,0,0,0,0,0,1,0,0,0,0,1,0,0,0,0,1,0,0,0,0,0,0,0,0,0,0,0,0,0,0,1,0,0,0,0,0,0,0,0,0,0,0,0,0,0,0,0,1,0,0,0,1,0,0,0,0,0,0,1,0,0,0,0,0,1,0,0,0,0,0,0,1,0,0,1,0,0
821,3,0.09830646769700241,-0.6450892274358325,0.0,0.0,-1.0,0.0,0.5,0.0,0.6458333333333334,0.23684210526315788,0.0,1.0,0.0,0.0,0.0,0.0,-0.6,-0.5340751043115438,0.0,0.0,0.4149490803546808,-0.3926258096661684,0.5,0.0,-0.6846052715535297,1.0350870192464519,0.0,0.244951747087486,0.0,0.0,0.0,1.0,0.0,0.0,1.0,0.0,0.0,-1.0,-0.5,0.0,0.0,0.47890295358649787,0.0,0.0,0.0,0.0,0.139889170134574,0.0,0.0,0.0,0.0,0.0,0.0,0.0,6,2008,一般保證契約,一般交易,183000,12.117246896289503,0,0,0,0,0,0,0,0,1,0,0,0,0,0,0,0,1,0,0,0,0,0,0,1,0,0,0,1,0,0,0,0,0,0,0,0,1,0,0,0,0,0,0,0,0,0,0,0,0,0,0,0,0,0,0,0,1,0,0,0,0,0,0,0,1,0,0,0,0,0,0,0,1,0,0,0,0,0,0,0,0,1,0,0,0,0,0,1,0,0,0,0,1,0,0,0,0,1,0,0,0,0,0,0,0,0,0,0,0,0,0,0,1,0,0,0,0,0,0,0,0,0,0,0,0,0,0,0,1,0,0,0,0,1,0,0,0,0,0,0,1,0,0,0,0,0,1,0,0,0,0,0,0,1,0,0,1,0,0
822,1,-0.5300358319518109,-1.0526421762248437,0.0,1.1943176378757763,0.0,-0.4638544907568095,-1.0,-1.0,-0.3958333333333333,-1.0789473684210527,0.0,-1.24080411332851,0.0,-2.24080411332851,0.0,0.0,-0.6,-0.5340751043115438,0.0,0.0,0.5518682928587928,-0.11758844045839562,-0.5,-0.7304631471189668,-0.3430569280284727,0.0,0.0,-0.9839220344178523,0.0,0.0,-1.0,0.0,-1.0,0.0,0.0,-1.0,-0.3846268403045294,-1.0,-0.5,-1.0,0.0,0.3987341772151899,0.0,0.0,0.0,0.0,0.04515002980664128,6.88118732376381,0.0,0.0,0.0,0.0,0.0,0.0,2,2009,一般保證契約,一般交易,93000,11.440365524765756,0,0,0,1,0,0,0,0,0,0,0,0,0,0,0,1,0,0,0,0,0,1,0,0,0,1,0,0,0,0,0,0,0,0,0,0,0,0,0,0,0,0,0,0,0,0,0,0,1,0,0,0,0,0,0,0,1,0,0,0,0,0,0,0,1,0,0,0,0,0,0,1,0,0,0,0,0,0,1,0,0,0,0,0,0,0,0,1,0,0,0,0,1,0,0,0,0,0,0,0,0,0,0,0,0,0,0,0,0,1,0,0,0,0,0,0,0,0,0,0,0,0,0,0,0,1,0,0,1,0,0,0,0,0,1,0,0,0,0,0,1,0,0,0,0,0,1,0,0,0,0,1,0,0,0,0,1,0,0
823,3,-0.2564764364743176,0.6040398800605438,0.0,0.0,-1.0,0.0,0.5,0.0,0.6458333333333334,0.23684210526315788,0.0,1.0,0.0,0.0,0.0,2.3495966477454164,-0.6,-0.5340751043115438,0.0,0.0,0.4657169235885509,-0.2949676133532636,0.5,0.0,-0.5579636378211756,1.0475554992389746,0.0,0.37151192500163965,0.0,0.0,0.0,1.0,0.0,0.0,1.0,0.5,0.0,0.0,0.5,1.0,0.0,-0.20464135021097046,0.0,0.0,0.0,0.8615537516526842,0.1584510203308132,0.0,0.0,0.0,0.0,0.0,0.0,0.0,10,2007,一般保證契約,親友交易,225000,12.323860125621126,0,0,0,0,0,0,0,0,1,0,0,0,0,0,0,0,1,0,0,0,0,0,0,1,0,0,0,0,1,0,0,0,0,0,0,1,0,0,0,0,0,0,0,0,0,0,0,0,0,0,0,0,0,0,0,0,1,0,0,0,0,0,0,0,1,0,0,0,0,0,0,0,1,0,0,0,0,0,0,0,0,1,0,0,0,0,0,1,0,0,0,0,1,0,0,0,0,1,0,0,0,0,0,0,0,0,0,0,0,0,0,0,1,0,0,0,0,0,0,0,0,0,0,0,0,0,0,0,1,0,0,0,0,1,0,0,0,0,0,0,1,0,0,0,0,0,1,1,0,0,0,0,0,0,0,0,1,0,0
824,3,-0.5300358319518109,0.0715423647485903,0.0,0.0,0.0,0.0,0.0,2.0,-0.6666666666666666,-1.1578947368421053,0.0,0.0,0.0,-1.0,0.0,0.0,-0.6,-0.5340751043115438,0.0,0.0,0.3934639129800033,-0.43248629795715,-0.5,0.0,-0.32460105610302364,0.9324292045564846,0.0,0.025836944375400957,0.0,0.0,0.0,0.0,0.0,0.0,0.0,0.5,0.0,0.0,0.5,-1.0,-1.0,-1.018987341772152,0.0,0.0,0.0,1.2022962261257306,-0.7117967261714493,0.0,0.0,0.0,0.0,0.0,1.1943176378757763,0.0,7,2009,一般保證契約,一般交易,139500,11.845827048676645,1,0,0,0,0,0,0,0,0,0,0,0,0,0,0,0,1,0,0,0,0,0,0,1,0,1,0,0,0,0,0,0,0,0,0,0,0,1,0,0,0,0,0,0,0,0,0,0,0,0,0,0,0,0,0,0,1,0,0,0,0,0,0,0,1,0,0,0,0,0,0,0,1,0,0,0,1,0,0,0,0,0,0,0,0,0,0,1,0,0,0,0,1,0,0,0,0,1,0,0,0,0,0,0,0,0,0,0,0,0,0,0,1,0,0,0,0,0,0,0,0,0,0,0,0,0,0,0,1,0,0,0,0,0,0,0,1,0,0,0,1,0,0,0,0,0,1,0,0,0,0,1,0,0,0,0,1,0,0
825,2,0.5142009041767117,0.3651221350867771,0.0,0.0,0.0,0.0,1.0,0.0,0.7083333333333334,0.3157894736842105,0.0,1.0,0.0,0.0,0.2793713480100486,0.0,-0.6,-0.5340751043115438,0.0,0.0,0.9696397331088507,0.9845540607872446,0.5,0.0,0.6990842060011971,0.0,0.0,0.025836944375400957,0.0,0.0,0.0,0.0,0.0,0.0,1.0,0.5,0.0,0.0,0.5,0.0,0.0,1.2426160337552743,0.0,0.0,0.0,0.0,0.4965447150296944,0.0,0.0,0.0,0.0,0.0,0.0,0.0,6,2006,新屋,預售屋(估價時未完工),232600,12.357079818283598,0,0,0,1,0,0,0,0,0,0,0,0,0,0,0,0,0,0,1,0,0,0,0,1,0,1,0,0,0,0,0,0,0,0,0,0,0,0,0,0,0,0,0,0,0,0,0,0,0,0,1,0,0,0,0,0,1,0,0,0,0,0,0,0,1,0,0,0,0,0,0,0,1,0,0,0,0,0,1,0,0,0,0,0,0,0,0,1,0,0,0,0,1,0,0,0,0,1,0,0,0,0,0,0,0,0,0,0,0,0,0,0,1,0,0,0,0,0,0,0,0,0,0,0,0,0,0,0,1,0,0,0,0,1,0,0,0,0,0,0,1,0,0,0,0,0,1,0,0,0,0,0,0,1,0,0,1,0,0
826,3,1.7661534075942174,1.0378952701521769,0.0,0.0,0.0,0.0,2.0,0.0,0.7291666666666666,0.3684210526315789,1.5049092547050278,1.8422747575632559,0.0,0.8422747575632559,0.0,1.7473143510832982,0.4,1.7413073713490959,0.0,0.0,-0.06436158340464265,2.1584454409566516,0.5,0.0,1.5005619714077565,0.0,0.0,0.8024106189918998,1.0,0.0,0.0,0.0,-1.0,0.0,2.0,0.5,0.0,0.0,0.5,1.0,1.0,3.1160337552742616,0.0,0.0,0.0,1.0315208682565356,0.139889170134574,0.0,0.0,0.0,0.0,0.0,0.0,0.0,6,2008,新屋,預售屋(估價時未完工),385000,12.861001210669146,0,0,0,1,0,0,0,0,0,0,0,0,0,0,0,0,1,0,0,0,0,0,0,1,0,1,0,0,0,0,0,0,0,1,0,0,0,0,0,0,0,0,0,0,0,0,0,0,0,0,0,0,0,0,0,0,0,0,0,0,0,1,0,0,0,0,0,0,0,1,0,0,1,0,0,0,0,0,1,0,0,0,0,0,0,1,0,0,0,0,0,0,1,0,0,0,0,0,0,0,0,0,1,0,0,0,0,0,0,0,0,0,0,0,0,0,0,0,1,0,0,0,0,0,0,0,0,0,0,0,1,0,0,1,0,0,0,0,0,0,1,0,0,0,0,0,1,0,0,0,0,0,0,1,0,0,1,0,0
827,4,-1.1398722399119068,-1.0062338121794945,0.0,0.0,0.0,0.0,-0.5,1.0,-1.0,-1.1578947368421053,0.0,0.0,0.0,-1.0,0.0,0.0,0.2,0.5563282336578581,0.0,0.0,-3.1687229326517117,-0.4205281514698555,0.0,0.0,-0.7220003309158421,0.0,0.0,-1.3510906366592994,1.0,0.0,-1.0,0.0,-1.0,0.0,1.0,-0.5,0.0,-1.0,-0.5,-2.0,-2.0,-2.0316455696202533,-1.5409627556327752,-1.5409627556327752,0.0,0.0,-0.7117967261714493,6.952063659629819,0.0,0.0,0.0,0.0,0.0,0.0,5,2008,一般保證契約,一般交易,109500,11.603688960617083,0,1,0,0,0,0,0,0,0,0,0,0,0,0,0,1,0,0,0,0,0,0,0,1,0,1,0,0,0,0,0,0,0,0,0,0,0,0,0,1,0,0,0,0,0,0,0,0,0,0,0,0,0,0,0,0,1,0,0,0,0,0,0,0,1,0,0,0,0,0,0,0,1,0,0,0,0,1,0,0,0,0,0,0,0,0,0,1,0,0,0,0,1,0,0,0,0,0,0,0,0,0,0,0,0,0,0,0,0,1,0,0,0,0,0,0,0,0,0,0,0,0,0,0,0,1,0,0,1,0,0,0,0,0,0,0,1,0,0,0,1,0,0,0,0,0,1,0,0,0,1,0,0,0,0,0,1,0,0
828,1,-0.2564764364743176,-0.27196379285869515,0.0,0.0,-1.0,0.0,0.5,0.0,0.6041666666666666,0.18421052631578946,0.0,1.0,0.0,0.0,0.0,0.0,0.4,-0.5062586926286509,0.0,0.0,0.9346712044913931,0.9147982062780269,0.5,0.0,0.6118543512104203,0.0,0.0,-0.05868244193193473,0.0,0.0,0.0,0.0,0.0,0.0,1.0,0.0,0.0,0.0,0.25,0.0,0.0,0.19198312236286919,0.0,0.0,0.0,1.1582269710933013,0.09944701964073181,0.0,0.0,0.0,0.0,0.0,0.0,0.0,4,2009,一般保證契約,一般交易,189000,12.149507585033072,0,0,0,1,0,0,0,0,0,0,0,0,0,0,0,0,1,0,0,0,0,0,0,1,0,1,0,0,0,0,0,0,0,0,0,0,0,0,0,0,0,0,0,0,0,0,0,0,0,0,0,0,0,1,0,0,1,0,0,0,0,0,0,0,1,0,0,0,0,0,0,0,1,0,0,0,0,0,1,0,0,0,0,0,0,0,0,1,0,0,0,0,1,0,0,0,0,1,0,0,0,0,0,0,0,0,0,0,0,0,0,0,1,0,0,0,0,0,0,0,0,0,0,0,0,0,0,0,1,0,0,0,0,1,0,0,0,0,0,0,1,0,0,0,0,0,1,0,0,0,0,0,0,1,0,0,1,0,0
829,1,0.469964168048189,2.760710320121706,0.0,0.0,-2.338124978532008,-1.1943176378757763,-0.5,0.0,-0.10416666666666667,-0.7105263157894737,0.0,0.0,0.0,-1.0,0.2793713480100486,2.3495966477454164,-0.4,-0.18776077885952713,1.3251783909391408,11.382533288080934,-3.1687229326517117,0.03587443946188341,-0.5,0.0,0.12953497924311302,1.0689368522884652,0.0,0.8497481808743794,0.0,0.7304631471189668,0.0,1.0,0.0,0.0,0.0,0.5,-0.3846268403045294,-1.0,-0.5,1.0,0.0,0.23839662447257384,0.0,0.0,0.0,1.3205422885081104,-0.7117967261714493,0.0,0.0,8.365618533147526,0.0,0.0,0.0,0.0,6,2009,一般保證契約,異常交易(如法拍),185000,12.128116509451258,0,0,0,0,0,0,0,0,1,0,0,0,0,0,0,0,1,0,0,0,1,0,0,0,0,0,0,1,0,0,0,0,0,0,0,0,0,0,0,0,0,0,0,0,1,0,0,0,0,0,0,0,0,0,0,0,1,0,0,0,0,0,0,0,1,0,0,0,0,0,0,0,1,0,0,0,0,0,0,0,0,1,0,0,0,0,0,0,1,0,0,0,0,1,0,0,0,0,0,1,0,0,0,0,0,0,0,0,0,0,0,0,0,0,0,1,0,0,0,0,0,0,0,0,0,0,0,0,1,0,0,0,0,1,0,0,0,0,0,0,1,0,0,0,0,0,1,0,0,0,0,0,0,1,0,0,1,0,0
830,3,-3.412047956290646,-2.7927795452652306,0.0,1.1943176378757763,0.0,0.0,0.5,0.0,0.6875,0.2894736842105263,0.0,1.0,0.0,0.0,0.0,0.0,-0.6,-0.5340751043115438,0.0,0.0,0.17822977640676732,-0.7872446437468859,0.5,0.0,-1.5619509844230581,0.9632802447288068,6.221213632878419,-0.41085123591278433,0.0,0.0,0.0,1.0,-1.0,0.0,1.0,-1.0,0.0,-1.0,-0.5,0.0,0.0,-0.006329113924050633,0.0,0.0,0.0,0.0,0.5558331890479232,0.0,0.0,0.0,0.0,0.0,0.0,0.0,7,2006,一般保證契約,一般交易,147400,11.900912042974875,0,0,0,0,0,0,0,0,0,1,0,0,0,0,0,0,0,0,1,0,0,0,0,1,0,1,0,0,0,0,0,0,0,0,0,0,0,0,0,0,0,0,0,0,0,0,0,0,0,0,1,0,0,0,0,0,1,0,0,0,0,0,0,0,1,0,0,0,0,0,0,0,0,1,0,0,0,0,0,0,0,1,0,0,0,0,0,1,0,0,0,0,1,0,0,0,0,0,0,0,0,0,0,0,0,0,0,0,0,1,0,0,0,0,0,0,0,0,0,0,0,0,0,0,0,1,0,0,1,0,0,0,0,1,0,0,0,0,0,0,1,0,0,0,0,0,1,0,0,0,0,1,0,0,0,0,1,0,0
831,4,0.469964168048189,0.5063044948911345,0.0,0.0,-1.0,0.0,0.0,0.0,-0.3125,-0.9736842105263158,1.254156853637031,0.0,0.0,-1.0,0.0,0.0,-0.2,0.9123783031988874,0.0,0.0,-0.23790602347824297,0.7912306925759841,-0.5,0.0,0.5433077218945629,0.0,0.0,-0.12509914131895777,1.0,0.0,-1.0,1.0,0.0,0.0,0.0,0.0,0.0,1.0,0.5,0.0,0.0,-0.09915611814345991,0.0,0.0,0.0,0.0,-0.7117967261714493,0.0,0.0,8.013883697367243,0.0,0.0,0.0,0.0,6,2008,一般保證契約,一般交易,166000,12.019749091416921,0,0,0,1,0,0,0,0,0,0,0,0,0,0,0,0,1,0,0,0,0,0,0,1,0,0,0,0,1,0,0,0,0,0,1,0,0,0,0,0,0,0,0,0,0,0,0,0,0,0,0,0,0,0,0,0,1,0,0,0,0,0,0,0,1,0,0,0,0,0,0,0,1,0,0,0,0,0,1,0,0,0,0,0,0,0,0,1,0,0,0,0,1,0,0,0,0,0,0,0,0,0,0,0,0,0,0,0,1,0,0,0,0,0,0,0,0,0,0,0,0,0,0,0,1,0,0,0,0,0,1,0,0,0,1,0,0,0,0,0,1,0,0,0,0,1,0,0,0,0,0,0,0,1,0,0,1,0,0
832,3,-2.751897978537715,-2.3615809270361336,0.0,1.1943176378757763,0.0,0.0,0.5,0.0,0.6875,0.2894736842105263,0.0,0.0,0.0,0.0,0.0,0.0,-0.6,-0.5340751043115438,0.0,0.0,0.17822977640676732,-0.7872446437468859,0.5,0.0,-1.5619509844230581,0.9545409040817515,6.221213632878419,-0.45229827203806827,0.0,0.0,0.0,1.0,-1.0,0.0,1.0,-1.0,0.0,-1.0,-0.5,0.0,0.0,-0.006329113924050633,0.0,0.0,0.0,0.0,0.5558331890479232,0.0,0.0,0.0,0.0,0.0,0.0,0.0,6,2006,一般保證契約,一般交易,151000,11.92504173829169,0,0,0,0,0,0,0,0,0,1,0,0,0,0,0,0,0,0,1,0,0,0,0,1,0,1,0,0,0,0,0,0,0,0,0,0,0,0,0,0,0,0,0,0,0,0,0,0,0,0,1,0,0,0,0,0,1,0,0,0,0,0,0,0,1,0,0,0,0,0,0,0,0,0,1,0,0,0,0,0,0,1,0,0,0,0,0,1,0,0,0,0,1,0,0,0,0,0,0,0,0,0,0,0,0,0,0,0,0,1,0,0,0,0,0,0,0,0,0,0,0,0,0,0,0,1,0,0,1,0,0,0,0,1,0,0,0,0,0,0,1,0,0,0,0,0,1,0,0,0,0,1,0,0,0,0,1,0,0
833,1,-1.5565538176877765,-0.012593402958032617,0.0,0.0,-1.0,0.0,0.5,1.0,0.6458333333333334,0.23684210526315788,1.0863120364810066,1.0,0.0,0.0,0.0,0.0,0.4,0.1376912378303199,0.0,0.0,-0.036710531733133336,-0.10762331838565023,0.5,0.0,-0.33150638911722985,1.048109652635972,0.0,0.49624085186517036,1.0,0.0,0.0,1.0,0.0,0.0,1.0,0.5,0.0,0.0,0.25,0.0,0.0,0.5548523206751055,0.0,0.0,0.0,1.0374820403803926,0.09944701964073181,0.0,0.0,0.0,0.0,0.0,0.0,0.0,1,2010,一般保證契約,一般交易,237000,12.37581963951765,0,0,0,0,0,0,0,0,1,0,0,0,0,0,0,0,1,0,0,0,0,0,0,1,0,0,0,1,0,0,0,0,0,0,0,0,1,0,0,0,0,0,0,0,0,0,0,0,0,0,0,0,0,0,0,0,1,0,0,0,0,0,0,0,1,0,0,0,0,0,0,0,1,0,0,0,0,0,0,0,0,1,0,0,0,0,0,1,0,0,0,0,1,0,0,0,0,1,0,0,0,0,0,0,0,0,0,0,0,0,0,0,1,0,0,0,0,0,0,0,0,0,0,0,0,0,0,0,0,0,1,0,0,1,0,0,0,0,0,0,1,0,0,0,0,0,1,0,0,0,0,0,0,1,0,0,1,0,0
834,0,1.2781087050015416,0.09591387402907375,0.0,0.0,0.0,0.0,0.0,1.0,-0.16666666666666666,-0.7894736842105263,1.0248235295832058,0.0,0.0,-1.0,0.0,0.0,-0.2,-0.2614742698191933,1.089870956523857,9.35730453472232,0.5874425309152956,1.0383657199800698,-0.5,0.0,0.7409085104771698,0.0,0.0,0.06636165412665611,0.0,0.0,-1.0,1.0,0.0,0.0,0.0,0.0,0.0,-1.0,-0.5,0.0,0.0,-0.04008438818565401,0.0,0.0,0.0,0.0,-0.7117967261714493,0.0,0.0,7.511251181446054,0.0,0.0,0.0,0.0,2,2009,一般保證契約,一般交易,167000,12.025755079404917,0,0,0,1,0,0,0,0,0,0,0,0,0,0,0,0,1,0,0,0,0,0,0,1,0,1,0,0,0,0,0,0,0,0,1,0,0,0,0,0,0,0,0,0,0,0,0,0,0,0,0,0,0,0,0,0,1,0,0,0,0,0,0,0,1,0,0,0,0,0,0,0,1,0,0,0,0,0,1,0,0,0,0,0,0,0,0,1,0,0,0,0,1,0,0,0,0,0,0,0,0,0,0,0,0,0,0,0,1,0,0,0,0,0,0,1,0,0,0,0,0,0,0,0,0,0,0,0,0,0,1,0,0,0,1,0,0,0,0,0,1,0,0,0,0,0,1,0,0,0,0,0,0,1,0,0,1,0,0
835,0,0.24155735878839998,-0.4526765528973731,0.0,0.0,0.0,0.0,-0.5,1.0,-0.22916666666666666,-0.868421052631579,0.9473845813491062,0.0,0.0,-1.0,0.0,0.0,-0.2,0.2614742698191933,0.0,0.0,0.13954978949443736,0.2969606377678127,0.0,0.0,0.09847763934521607,0.0,0.0,-0.5561071451530709,1.0,0.0,-1.0,0.0,0.0,0.0,0.0,0.0,0.0,-1.0,-0.5,-1.0,0.0,-0.10759493670886076,0.0,0.0,0.0,0.0,-0.7117967261714493,0.0,0.0,0.0,0.0,0.0,1.1943176378757763,0.0,9,2008,一般保證契約,一般交易,139950,11.849047640327147,0,0,0,1,0,0,0,0,0,0,0,0,0,0,0,0,1,0,0,0,0,0,0,1,0,1,0,0,0,0,0,0,0,0,1,0,0,0,0,0,0,0,0,0,0,0,0,0,0,0,0,0,0,0,0,0,1,0,0,0,0,0,0,0,1,0,0,0,0,0,0,0,1,0,0,0,0,0,1,0,0,0,0,0,0,0,0,1,0,0,0,0,1,0,0,0,0,1,0,0,0,0,0,0,0,0,0,0,0,0,0,0,1,0,0,0,0,0,0,0,0,0,0,0,0,0,0,0,0,0,1,0,0,0,1,0,0,0,0,0,1,0,0,0,0,0,1,0,0,0,0,0,0,1,0,0,1,0,0
836,2,-0.5300358319518109,0.0,0.0,0.0,0.0,0.0,-1.0,2.0,-0.4583333333333333,0.02631578947368421,0.0,0.0,0.0,0.0,0.0,0.0,0.0,0.08066759388038942,0.0,0.0,0.21149196330079706,0.14349775784753363,-0.5,0.0,-0.0563553829424583,0.0,0.0,-0.706129084949398,0.0,0.0,0.0,0.0,-1.0,0.0,1.0,-1.0,-0.3846268403045294,-1.0,-0.5,-1.0,0.0,-0.19198312236286919,0.0,0.0,0.0,1.1582269710933013,-0.7117967261714493,0.0,0.0,0.0,0.0,0.0,0.0,0.0,2,2010,一般保證契約,一般交易,128000,11.759793355371237,0,0,0,1,0,0,0,0,0,0,0,0,0,0,0,0,1,0,0,0,0,0,0,1,0,1,0,0,0,0,0,0,0,0,0,0,0,0,0,0,0,0,0,0,0,0,0,1,0,0,0,0,0,0,0,0,1,0,0,0,0,0,0,0,1,0,0,0,0,0,0,0,1,0,0,0,0,0,1,0,0,0,0,0,0,0,0,1,0,0,0,0,1,0,0,0,0,1,0,0,0,0,0,0,0,0,0,0,0,0,0,0,0,0,0,0,0,0,0,0,0,0,0,0,1,0,0,0,1,0,0,0,0,0,1,0,0,0,0,0,1,0,0,0,0,0,1,0,0,0,0,0,0,1,0,0,1,0,0
838,3,-3.7943801407173003,-3.5571411798186787,0.0,0.0,0.0,0.0,0.0,0.0,0.020833333333333332,-0.5526315789473685,0.9883887539319235,0.0,0.0,-1.0,0.0,0.0,0.0,-0.07510431154381085,0.0,0.0,-0.8238521325238797,-1.020428500249128,-0.5,0.0,-1.7074915753994082,0.914678268869283,0.0,-0.8720698800510897,1.0,0.0,-1.0,1.0,-1.0,0.0,0.0,-0.5,0.0,-1.0,-0.5,-1.0,-1.0,-0.9177215189873418,0.0,0.0,0.0,0.0,-0.7117967261714493,0.0,0.0,0.0,0.0,0.0,0.0,0.0,11,2008,一般保證契約,一般交易,100000,11.51293546492023,0,0,0,0,0,0,0,0,0,1,0,0,0,0,0,1,0,0,0,0,0,0,0,1,0,1,0,0,0,0,0,0,0,0,0,0,0,0,1,0,0,0,0,0,0,0,0,0,0,0,0,0,0,0,0,0,1,0,0,0,0,0,0,0,1,0,0,0,0,0,0,0,0,1,0,0,0,0,0,0,0,1,0,0,0,0,0,1,0,0,0,0,1,0,0,0,0,0,0,0,0,0,0,0,0,0,0,0,1,0,0,0,0,0,0,0,0,0,0,0,0,0,0,0,1,0,0,0,0,0,1,0,0,0,1,0,0,0,0,0,1,0,0,0,0,0,1,0,0,0,0,1,0,0,0,0,1,0,0
840,1,0.0,0.479402487335622,0.0,0.0,0.0,0.0,-0.5,1.0,-0.5416666666666666,0.02631578947368421,0.0,0.0,0.0,-1.0,0.0,0.0,0.0,-0.04450625869262865,0.0,0.0,-0.11116042974570488,-0.45241654210264076,0.5,0.0,-0.7654381374938951,0.8803019992619838,0.0,-0.45229827203806827,0.0,0.0,-1.0,0.0,0.0,0.0,0.0,0.0,0.0,-1.0,-0.5,-1.0,-1.0,-1.018987341772152,0.0,0.0,0.0,0.0,-0.7117967261714493,0.0,0.0,0.0,0.0,0.0,0.0,0.0,5,2008,一般保證契約,一般交易,130500,11.779136168550774,1,0,0,0,0,0,0,0,0,0,0,0,0,0,0,0,1,0,0,0,0,0,0,1,0,1,0,0,0,0,0,0,0,0,0,0,0,0,0,0,0,1,0,0,0,0,0,0,0,0,0,0,0,0,0,0,1,0,0,0,0,0,0,0,1,0,0,0,0,0,0,0,1,0,0,0,1,0,0,0,0,0,0,0,0,0,0,1,0,0,0,0,1,0,0,0,0,0,0,0,0,0,0,0,0,0,0,0,0,1,0,0,0,0,0,0,0,0,0,0,0,0,0,0,0,1,0,0,1,0,0,0,0,0,1,0,0,0,0,0,1,0,0,0,0,0,1,0,0,0,0,1,0,0,0,0,1,0,0
841,4,-0.5300358319518109,0.5571766457928835,0.0,0.0,-1.0,0.0,0.0,3.0,-0.9791666666666666,-1.1578947368421053,0.0,0.0,0.0,-1.0,0.0,0.0,0.0,-0.31710709318497915,0.0,0.0,0.05710605095092084,-0.6437468858993523,-0.5,-0.7304631471189668,-0.6529930676152986,0.9810215688568611,0.0,0.015228703219109248,0.0,0.0,0.0,0.0,1.0,0.0,-1.0,0.5,0.0,-1.0,-0.5,-1.0,-1.0,-0.3438818565400844,0.0,0.0,-0.4638544907568095,0.0,-0.7117967261714493,8.64032225948934,0.0,0.0,0.0,0.0,0.0,0.0,3,2008,一般保證契約,一般交易,140000,11.849404844423074,0,0,0,0,0,0,0,1,0,0,0,0,0,0,0,0,0,0,0,1,0,0,0,1,0,1,0,0,0,0,0,0,0,0,0,0,0,1,0,0,0,0,0,0,0,0,0,0,0,0,0,0,0,0,0,0,1,0,0,0,0,0,0,0,1,0,0,0,0,0,0,0,1,0,0,0,0,0,0,0,0,1,0,0,0,0,0,1,0,0,0,0,1,0,0,0,0,0,0,0,1,0,0,0,0,0,0,0,0,0,0,0,0,0,0,0,1,0,0,0,0,0,0,0,0,0,0,0,1,0,0,0,0,0,0,0,1,0,0,0,1,0,0,0,0,0,1,0,0,0,0,1,0,0,0,0,1,0,0
842,3,-0.5300358319518109,0.19579962359720846,0.0,0.7304631471189668,0.0,0.0,-0.5,3.0,-1.4166666666666667,0.21052631578947367,0.0,0.0,0.0,-1.0,0.0,0.0,-0.6,-0.5340751043115438,0.0,0.0,0.24364357781098445,-0.6875934230194319,0.0,0.0,-0.29262046493584043,0.9471043402750151,0.0,0.10040196691191837,0.0,0.0,0.0,0.0,0.0,0.0,1.0,1.0,0.0,0.0,-0.25,-1.0,0.0,0.8628691983122363,0.2793713480100486,0.0,-0.4638544907568095,0.7727476951976829,0.30461656634883394,5.914940018959451,0.0,0.0,0.0,0.0,0.0,0.0,6,2008,一般保證契約,一般交易,157500,11.967187086434018,0,0,0,0,0,0,0,1,0,0,0,0,0,0,0,1,0,0,0,0,0,0,0,1,0,1,0,0,0,0,0,0,0,0,0,0,0,0,0,0,0,0,0,0,0,0,0,0,1,0,0,0,0,0,0,0,1,0,0,0,0,0,0,0,1,0,0,0,0,0,0,0,1,0,0,0,0,0,0,0,0,1,0,0,0,0,0,1,0,0,0,0,1,0,0,0,0,0,0,0,0,0,0,0,0,0,0,0,0,1,0,0,0,0,0,0,0,0,0,0,0,0,0,0,0,1,0,0,1,0,0,0,0,1,0,0,0,0,0,0,1,0,0,0,0,0,1,0,0,0,0,1,0,0,0,0,1,0,0
843,1,0.5579814411897118,-0.14387934686978981,0.0,0.0,0.0,0.0,0.0,2.0,-0.125,-0.7368421052631579,1.0294960705671563,0.0,0.0,-1.0,0.0,2.3495966477454164,-0.2,-0.10013908205841446,1.3251783909391408,10.463745203158789,-0.416769680801945,0.26307922272047835,-0.5,0.0,0.13916578900577536,0.0,0.0,-0.5166832868015938,1.0,0.0,-1.0,1.0,0.0,0.0,0.0,0.0,0.0,-1.0,-0.5,0.0,0.0,0.035864978902953586,0.2793713480100486,0.2793713480100486,0.0,0.0,0.4686187643448176,0.0,0.0,0.0,0.0,0.0,1.8203341036428238,0.0,5,2008,一般保證契約,一般交易,174900,12.071975378543236,0,0,0,0,0,0,0,0,0,0,0,0,1,0,0,0,1,0,0,0,0,0,0,1,0,1,0,0,0,0,0,0,0,0,1,0,0,0,0,0,0,0,0,0,0,0,0,0,0,0,0,0,0,0,0,0,1,0,0,0,0,0,0,0,1,0,0,0,0,0,0,0,1,0,0,0,0,0,0,0,0,0,1,0,0,0,0,1,0,0,0,0,1,0,0,0,0,0,0,0,0,0,0,0,0,0,0,0,1,0,0,0,0,0,0,0,0,0,0,0,0,0,0,0,1,0,0,0,0,0,1,0,0,0,1,0,0,0,0,0,1,0,0,0,0,0,1,0,0,0,0,0,0,1,0,0,1,0,0
845,2,1.2781087050015416,0.6562574122011234,0.0,0.7304631471189668,-1.0,0.0,-0.5,3.0,-1.1875,-1.1578947368421053,0.0,0.0,0.0,-1.0,0.0,1.0,-0.6,-0.5340751043115438,0.0,0.0,0.49459982687309767,-0.2371699053313403,0.0,0.0,-0.48591452511732397,0.9303263769147285,0.0,-0.08694167243175605,0.0,0.0,-1.0,1.0,1.0,0.0,0.0,0.5,0.0,0.0,0.5,-1.0,1.0,1.0063291139240507,0.0,0.0,0.0,1.2718336832326291,-0.7117967261714493,8.03660334280616,0.0,0.0,0.0,0.0,0.0,0.0,6,2008,一般保證契約,一般交易,153900,11.944064817531656,1,0,0,0,0,0,0,0,0,0,0,0,0,0,0,1,0,0,0,0,0,0,0,1,0,1,0,0,0,0,0,0,0,0,0,0,0,0,0,0,0,0,0,0,0,0,0,0,1,0,0,0,0,0,0,0,0,0,0,0,1,0,0,0,1,0,0,0,0,0,0,0,1,0,0,0,1,0,0,0,0,0,0,0,0,0,0,1,0,0,0,0,1,0,0,0,0,0,0,0,1,0,0,0,0,0,0,0,0,0,0,0,0,0,0,0,1,0,0,0,0,0,0,0,0,0,0,0,1,0,0,0,0,0,0,0,1,0,0,0,1,0,0,0,0,0,1,0,0,0,0,1,0,0,0,0,1,0,0
846,2,0.0247951663920471,1.3310750918079295,0.0,0.0,-1.0,0.0,-0.5,0.0,0.0625,-0.34210526315789475,0.0,0.0,0.0,0.0,0.0,2.3495966477454164,0.2,1.3991655076495133,0.0,0.0,-3.1687229326517117,0.7872446437468859,-0.5,0.0,1.0115875107835401,0.0,0.0,0.32862992279510866,1.0,0.0,0.0,0.0,0.0,0.0,0.0,0.0,-0.3846268403045294,1.0,0.25,1.0,0.0,0.5464135021097046,0.0,0.0,0.0,0.0,-0.7117967261714493,0.0,0.0,0.0,0.0,0.0,0.0,0.0,1,2007,一般保證契約,一般交易,171000,12.049424683420915,0,0,0,0,0,0,0,0,0,0,0,0,0,1,0,0,1,0,0,0,0,0,0,1,0,0,0,1,0,0,0,0,0,0,0,0,0,0,0,0,0,0,0,0,0,0,0,1,0,0,0,0,0,0,0,0,0,0,0,1,0,0,0,0,1,0,0,0,0,0,0,0,1,0,0,0,0,0,0,0,0,0,0,1,0,0,0,1,0,0,0,0,1,0,0,0,0,0,0,0,0,0,0,0,0,0,0,0,1,0,0,0,0,0,0,0,0,0,0,0,0,0,0,0,1,0,0,0,1,0,0,0,0,0,1,0,0,0,0,0,1,0,0,0,0,0,1,0,1,0,0,0,0,0,0,0,1,0,0
848,1,-2.1927252561687918,1.1558762055513787,0.0,0.0,-1.0,0.0,-0.5,1.0,0.0,-0.5789473684210527,0.0,0.0,0.0,-1.0,0.0,1.7473143510832982,0.0,0.10570236439499305,0.0,0.0,-0.13360161909309345,-0.2610861983059293,0.5,0.0,-0.5154786426099094,0.0,0.0,-1.1509861380717596,1.0,0.0,-1.0,0.0,0.0,0.0,0.0,-0.5,0.0,0.0,0.0,-1.0,-1.0,-0.6054852320675106,0.0,0.0,0.0,0.0,-0.7117967261714493,0.0,0.0,0.0,0.0,0.0,0.0,0.0,8,2009,一般保證契約,一般交易,133500,11.80186424743109,0,0,0,1,0,0,0,0,0,0,0,0,0,0,0,0,1,0,0,0,0,0,0,1,0,0,0,1,0,0,0,0,0,0,0,0,1,0,0,0,0,0,0,0,0,0,0,0,0,0,0,0,0,0,0,0,1,0,0,0,0,0,0,0,1,0,0,0,0,0,0,0,1,0,0,0,0,0,1,0,0,0,0,0,0,0,0,1,0,0,0,0,1,0,0,0,0,0,0,0,0,0,0,0,0,0,0,0,1,0,0,0,0,0,0,1,0,0,0,0,0,0,0,0,0,0,0,0,1,0,0,0,0,0,1,0,0,0,0,0,1,0,0,0,0,0,1,0,0,0,0,0,0,1,0,0,1,0,0
849,1,0.24155735878839998,4.07170656112372,0.0,0.0,-2.338124978532008,0.0,0.0,3.0,-1.3333333333333333,0.07894736842105263,0.0,0.0,0.0,-1.0,0.0,0.0,-0.6,-0.5340751043115438,0.0,0.0,0.5245904127566112,-0.1753861484803189,-0.5,0.0,0.3990280988261554,1.0900659679129743,0.0,1.0977602170550285,0.0,0.0,1.0,0.0,2.0,0.0,0.0,2.0,0.0,0.0,0.5,-1.0,0.0,-0.5126582278481012,-0.3466451177569989,0.0,0.0,1.3205422885081104,0.10653066162035559,0.0,0.0,7.812235750158614,0.0,0.0,0.0,0.0,9,2008,一般保證契約,一般交易,240000,12.388398368982115,1,0,0,0,0,0,0,0,0,0,0,0,0,0,0,0,1,0,0,0,0,1,0,0,0,1,0,0,0,0,0,0,0,0,0,0,0,0,0,0,0,0,0,0,1,0,0,0,0,0,0,0,0,0,0,0,1,0,0,0,0,0,0,0,1,0,0,0,0,0,0,0,1,0,0,0,1,0,0,0,0,0,0,0,0,0,0,1,0,0,0,0,1,0,0,0,0,0,0,0,1,0,0,0,0,0,0,0,0,0,0,0,0,0,0,0,1,0,0,0,0,0,0,0,0,0,0,0,1,0,0,0,0,0,0,0,1,0,0,0,1,0,0,0,0,0,1,0,0,0,0,1,0,0,0,0,1,0,0
850,1,0.469964168048189,0.0,0.0,0.0,0.0,0.0,0.0,2.0,0.08333333333333333,0.0,1.2313232048835872,1.0,0.2793713480100486,-1.0,0.0,0.0,-0.6,-0.5340751043115438,0.0,0.0,0.07539024007941114,-0.9307424015944196,0.5,0.0,-0.0010136620965582198,1.0106106035490283,0.0,0.5290630275504163,0.0,0.0,0.0,1.0,0.0,0.0,0.0,0.5,0.0,0.0,0.25,0.0,0.0,0.12869198312236288,0.0,0.0,0.0,0.8931620037714428,0.3839769150857809,0.0,0.0,0.0,0.0,0.0,0.0,0.0,8,2007,一般保證契約,一般交易,187000,12.138869243416009,0,0,0,0,0,0,0,0,0,0,0,0,1,0,0,0,1,0,0,0,0,0,0,1,0,0,1,0,0,0,0,0,0,0,0,0,0,0,0,0,0,0,1,0,0,0,0,0,0,0,0,0,0,0,0,0,0,0,0,0,0,0,1,0,1,0,0,0,0,0,0,0,1,0,0,0,0,0,0,0,0,0,1,0,0,1,0,0,0,0,0,0,1,0,0,0,0,0,0,1,0,0,0,0,0,0,0,0,0,0,0,0,0,0,0,1,0,0,0,0,0,0,0,0,0,0,0,0,0,0,1,0,0,0,1,0,0,0,0,0,1,0,0,0,0,0,1,0,0,0,0,0,0,1,0,0,1,0,0
851,2,-2.1927252561687918,-1.6913333684840821,0.0,0.0,0.0,0.0,0.0,0.0,0.6458333333333334,0.23684210526315788,1.0087576784086483,1.0,0.0,0.0,0.0,1.7473143510832982,0.4,0.38247566063977745,0.0,0.0,-0.682285295555235,-0.2929745889387145,0.5,0.0,-0.5554445710810658,0.0,0.0,-1.189710216607566,1.0,0.0,-1.0,0.0,-2.0,0.0,1.0,-1.5,0.0,-1.0,-0.5,1.0,0.0,-0.25949367088607594,0.0,0.0,0.0,0.950060361690953,-0.7117967261714493,0.0,0.0,0.0,0.0,0.0,0.0,0.0,11,2007,一般保證契約,一般交易,131500,11.78676973513378,0,0,0,0,0,1,0,0,0,0,0,0,0,0,0,1,0,0,0,0,0,0,0,1,0,1,0,0,0,0,0,0,0,0,0,0,1,0,0,0,0,0,0,0,0,0,0,0,0,0,0,0,0,0,0,0,1,0,0,0,0,0,0,0,1,0,0,0,0,0,0,0,0,0,1,0,0,0,1,0,0,0,0,0,0,0,0,1,0,0,0,0,1,0,0,0,0,1,0,0,0,0,0,0,0,0,0,0,0,0,0,0,1,0,0,0,0,0,0,0,0,0,0,0,0,0,0,0,0,0,1,0,0,1,0,0,0,0,0,0,1,0,0,0,0,0,1,0,0,0,0,0,0,1,0,0,1,0,0
852,3,-1.630543492870708,-2.3517153784465865,0.0,0.0,0.0,0.0,1.0,0.0,0.6458333333333334,0.23684210526315788,0.6469171679229546,1.0,0.0,0.0,0.0,2.3495966477454164,-0.6,-0.5340751043115438,0.0,0.0,0.8253203314933264,0.5540607872446437,0.5,0.0,0.647081697023344,0.0,0.0,-0.024549705422330825,0.0,0.0,0.0,0.0,-1.0,0.0,1.0,0.5,0.0,0.0,0.25,1.0,0.0,-0.3438818565400844,0.0,0.0,0.0,0.9557953004482737,-0.07642330536929036,0.0,0.0,0.0,0.0,0.0,0.0,0.0,5,2006,一般保證契約,一般交易,215000,12.278397958261774,0,0,0,0,0,1,0,0,0,0,0,0,0,0,0,0,1,0,0,0,0,0,0,1,0,1,0,0,0,0,0,0,0,0,0,0,0,0,0,0,1,0,0,0,0,0,0,0,0,0,0,0,0,0,0,0,1,0,0,0,0,0,0,0,1,0,0,0,0,0,0,0,0,0,1,0,0,0,1,0,0,0,0,0,0,0,0,1,0,0,0,0,1,0,0,0,0,1,0,0,0,0,0,0,0,0,0,0,0,0,0,0,1,0,0,0,0,0,0,0,0,0,0,0,0,0,0,0,0,0,1,0,0,1,0,0,0,0,0,0,1,0,0,0,0,0,1,0,0,0,0,0,0,1,0,0,1,0,0
853,4,-0.9469680975410442,-0.6754096553521409,0.0,0.0,0.0,0.0,0.5,0.0,-0.6458333333333334,-1.1578947368421053,0.0,0.0,0.2793713480100486,-1.0,0.0,0.0,-0.2,-0.027816411682892908,0.0,0.0,0.11382687545140531,-0.15346287992027902,0.0,0.0,-0.3850774202496316,1.0,0.0,0.2532985465157871,0.0,0.0,0.0,0.0,1.0,0.0,0.0,0.5,0.0,1.0,0.5,-1.0,-1.0,-1.018987341772152,0.0,0.0,0.0,0.0,-0.7117967261714493,0.0,0.0,7.120635667155019,0.0,0.0,1.5409627556327752,0.0,8,2007,一般保證契約,一般交易,164000,12.00762780434872,0,0,0,0,0,0,1,0,0,0,0,0,0,0,0,0,1,0,0,0,0,0,0,1,0,1,0,0,0,0,1,0,0,0,0,0,0,0,0,0,0,0,0,0,0,0,0,0,0,0,0,0,0,0,0,0,1,0,0,0,0,0,0,0,1,0,0,0,0,0,0,0,1,0,0,0,0,0,0,0,1,0,0,0,0,0,0,1,0,0,0,0,1,0,0,0,0,0,0,0,0,0,0,0,0,0,0,0,0,1,0,0,0,0,0,0,0,0,0,0,0,0,0,0,0,1,0,0,1,0,0,0,0,0,1,0,0,0,0,0,1,0,0,0,0,0,1,0,0,0,0,1,0,0,0,0,1,0,0
854,1,0.21801994391840682,0.5452889166845256,0.0,0.0,-1.0,0.0,0.0,1.0,-0.16666666666666666,-0.7894736842105263,0.9026414456501877,0.0,0.2793713480100486,-1.0,0.0,2.3495966477454164,-0.2,0.25034770514603616,0.0,0.0,0.12677556171815624,0.26307922272047835,-0.5,0.0,0.629524970704498,0.0,0.0,-0.04156089657464721,0.0,0.0,-1.0,1.0,0.0,0.0,0.0,0.5,0.0,0.0,0.0,0.0,0.0,0.689873417721519,0.0,0.0,0.0,1.019269494444633,-0.7117967261714493,0.0,0.0,0.0,0.0,0.0,1.5409627556327752,0.0,8,2009,一般保證契約,一般交易,158000,11.970356641102999,0,0,0,0,0,0,0,0,0,0,0,0,1,0,0,0,1,0,0,0,0,0,0,1,0,0,0,0,1,0,0,0,0,0,1,0,0,0,0,0,0,0,0,0,0,0,0,0,0,0,0,0,0,0,0,0,1,0,0,0,0,0,0,0,1,0,0,0,0,0,0,0,1,0,0,0,0,0,0,0,0,0,1,0,0,0,0,1,0,0,0,0,1,0,0,0,0,0,0,0,0,0,0,0,0,0,0,0,0,1,0,0,0,0,0,0,0,0,0,0,0,0,0,0,1,0,0,0,0,0,1,0,0,0,1,0,0,0,0,0,1,0,0,0,0,0,1,0,0,0,0,0,0,1,0,0,1,0,0
855,4,1.3512215274983093,1.5177480568574895,0.0,0.0,0.0,0.0,-0.5,-1.0,-0.3541666666666667,-0.5263157894736842,0.0,0.0,0.0,-1.0,0.0,1.0,0.2,-0.10848400556328233,0.8104996085138084,12.356517601922222,-0.1963339501729593,1.5306427503736921,-0.5,0.0,1.118263450890209,0.0,0.0,0.4319911517367285,1.0,0.0,-1.0,1.0,0.0,0.0,0.0,0.0,0.0,0.0,0.5,-1.0,0.0,-0.1160337552742616,0.0,0.0,0.0,0.0,0.905794542482474,0.0,0.0,9.118180873967546,0.0,0.0,0.0,0.0,7,2006,一般保證契約,異常交易(如法拍),170000,12.04355959836804,0,0,0,1,0,0,0,0,0,0,0,0,0,0,0,0,1,0,0,0,0,0,0,1,0,1,0,0,0,0,0,0,0,0,0,0,0,0,0,0,0,0,0,0,0,0,0,1,0,0,0,0,0,0,0,0,1,0,0,0,0,0,0,0,1,0,0,0,0,0,0,0,1,0,0,0,0,0,1,0,0,0,0,0,0,1,0,0,0,0,0,0,1,0,0,0,0,0,0,0,1,0,0,0,0,0,0,0,0,0,0,0,0,0,0,1,0,0,0,0,0,0,0,0,0,0,0,0,1,0,0,0,0,0,1,0,0,0,0,0,1,0,0,0,0,0,1,0,0,0,0,0,0,1,0,0,1,0,0
857,3,0.0,0.3125529742894257,0.0,0.0,-1.0,-0.4638544907568095,0.0,1.0,0.125,-0.42105263157894735,0.0,0.0,0.0,0.0,0.2793713480100486,2.3495966477454164,0.4,0.16828929068150209,0.4638544907568095,9.922772885913936,-3.1687229326517117,-0.1096163428001993,-0.5,0.0,-0.14271092894356843,0.0,0.0,-0.7898013296155721,1.0,0.0,-1.0,0.0,0.0,0.0,0.0,-0.5,0.0,-1.0,-0.5,-1.0,0.0,0.3987341772151899,0.0,-0.3466451177569989,0.0,0.0,-0.7117967261714493,4.697012078927853,0.0,0.0,0.0,0.0,1.5409627556327752,0.0,10,2008,一般保證契約,一般交易,147000,11.898194668458823,0,0,0,0,0,0,0,0,0,0,0,0,1,0,0,0,1,0,0,0,1,0,0,0,0,1,0,0,0,0,0,0,0,0,0,0,1,0,0,0,0,0,0,0,0,0,0,0,0,0,0,0,0,0,0,0,1,0,0,0,0,0,0,0,1,0,0,0,0,0,0,0,1,0,0,0,0,0,0,0,0,0,1,0,0,0,0,1,0,0,0,0,1,0,0,0,0,0,0,1,0,0,0,0,0,0,0,0,0,0,0,0,0,0,0,0,0,0,0,0,0,0,0,0,1,0,0,0,1,0,0,0,0,0,1,0,0,0,0,0,1,0,0,0,0,0,1,0,0,0,0,1,0,0,0,0,1,0,0
858,3,-0.2564764364743176,-0.3821419792718811,0.0,0.0,0.0,0.0,0.0,0.0,0.4583333333333333,0.02631578947368421,0.0,0.0,0.0,0.0,0.0,0.0,-0.6,-0.5340751043115438,0.0,0.0,0.30729042124124945,-0.5839561534628799,0.0,0.0,-0.9531624448955615,1.0162345693999741,0.0,0.013709767462854083,0.0,0.0,0.0,1.0,0.0,0.0,0.0,0.0,0.0,0.0,0.25,1.0,0.0,-0.5843881856540084,0.0,0.0,0.0,0.0,0.07725337927507323,0.0,0.0,0.0,0.0,0.0,0.0,0.0,3,2009,一般保證契約,一般交易,174000,12.066816325306588,0,0,0,0,0,0,0,0,1,0,0,0,0,0,0,0,1,0,0,0,0,0,0,1,0,1,0,0,0,0,0,0,0,0,0,1,0,0,0,0,0,0,0,0,0,0,0,0,0,0,0,0,0,0,0,0,1,0,0,0,0,0,0,0,1,0,0,0,0,0,0,0,1,0,0,0,0,0,0,0,0,1,0,0,0,0,0,1,0,0,0,0,1,0,0,0,0,0,0,0,0,0,0,0,0,0,0,0,1,0,0,0,0,0,0,0,0,0,0,0,0,0,0,0,1,0,0,0,1,0,0,0,0,1,0,0,0,0,0,0,1,0,0,0,0,0,1,0,0,0,0,0,0,1,0,0,1,0,0
859,4,0.469964168048189,0.18678506831606595,0.0,0.0,0.0,0.0,0.5,0.0,0.08333333333333333,-0.47368421052631576,1.0386501103599826,0.0,0.0,0.0,0.0,0.0,-0.6,-0.5340751043115438,0.0,0.0,0.6857287484470105,0.18933731938216244,-0.5,0.0,0.5066983937001062,0.0,0.0,-0.16057091826437217,0.0,0.0,0.0,0.0,0.0,0.0,0.0,0.0,0.0,0.0,0.25,0.0,0.0,-0.010548523206751054,0.0,0.0,0.0,0.0,-0.7117967261714493,0.0,0.0,0.0,0.0,0.0,1.5409627556327752,0.0,6,2009,一般保證契約,親友交易,152000,11.931642378754141,0,0,0,1,0,0,0,0,0,0,0,0,0,0,0,0,1,0,0,0,0,0,0,1,0,1,0,0,0,0,0,0,0,0,0,0,0,0,0,0,0,0,0,0,0,0,0,0,0,0,0,0,1,0,0,0,1,0,0,0,0,0,0,0,1,0,0,0,0,0,0,0,1,0,0,0,0,0,1,0,0,0,0,0,0,0,0,1,0,0,0,0,1,0,0,0,0,0,0,0,0,0,0,0,0,0,0,0,1,0,0,0,0,0,0,0,0,0,0,0,0,0,0,0,1,0,0,0,0,0,1,0,0,0,1,0,0,0,0,0,1,0,0,0,0,0,1,0,0,0,0,0,0,1,0,0,1,0,0
860,3,0.469964168048189,0.32525167100238433,0.0,0.0,-1.0,0.0,0.0,2.0,-0.08333333333333333,-0.2631578947368421,1.0823638875326178,0.0,0.0,-1.0,0.0,1.0,0.0,0.32684283727399166,0.0,0.0,-0.07672664045081407,0.11758844045839562,-0.5,0.0,0.7347524460585603,1.1111349810987492,0.0,1.3856940333651582,1.0,0.0,0.0,1.0,1.0,0.0,1.0,1.5,0.0,0.0,0.5,-1.0,0.0,0.580168776371308,0.0,0.0,0.0,0.0,0.24836300042956466,0.0,0.0,8.335516734766312,0.0,0.0,0.0,0.0,8,2006,一般保證契約,一般交易,250000,12.429220196836383,0,0,0,0,0,0,0,0,1,0,0,0,0,0,0,0,1,0,0,0,0,0,0,1,0,0,0,0,1,0,0,0,0,0,0,0,0,0,0,0,0,0,0,0,0,0,0,0,0,0,0,0,1,0,0,0,0,1,0,0,0,0,0,0,1,0,0,0,0,0,0,0,1,0,0,0,0,0,0,0,0,1,0,0,0,0,0,1,0,0,0,0,1,0,0,0,0,0,0,0,0,0,0,0,0,0,0,0,1,0,0,0,0,0,0,0,0,0,0,0,0,0,0,0,1,0,0,0,0,0,1,0,0,0,1,0,0,0,0,0,1,0,0,0,0,0,1,0,0,0,0,0,0,1,0,0,1,0,0
861,2,-0.8233670642427064,-0.5201495165017995,0.0,0.0,0.0,0.0,0.5,3.0,-1.125,0.10526315789473684,0.0,1.0,0.0,-1.0,0.0,0.0,-0.6,-0.5340751043115438,0.0,0.0,0.5293458320783535,-0.1654210264075735,0.0,0.0,-0.3992397604519068,0.919117698451519,0.0,-0.0712046834862405,0.0,0.0,-1.0,1.0,0.0,0.0,1.0,0.5,0.0,0.0,0.5,-1.0,-1.0,-1.120253164556962,0.0,0.0,0.0,0.0,0.6896217054887105,0.0,0.0,0.0,0.0,0.0,1.8203341036428238,0.0,6,2007,一般保證契約,一般交易,189950,12.154521423145216,1,0,0,0,0,0,0,0,0,0,0,0,0,0,0,0,1,0,0,0,0,0,0,1,0,0,0,0,1,0,1,0,0,0,0,0,0,0,0,0,0,0,0,0,0,0,0,0,0,0,0,0,0,0,0,0,1,0,0,0,0,0,0,0,1,0,0,0,0,0,0,0,1,0,0,0,1,0,0,0,0,0,0,0,0,0,0,1,0,0,0,0,1,0,0,0,0,0,0,0,1,0,0,0,0,0,0,0,0,0,0,0,0,0,0,0,1,0,0,0,0,0,0,0,0,0,0,0,1,0,0,0,0,0,0,0,1,0,0,0,1,0,0,0,0,0,1,0,0,0,0,1,0,0,0,0,1,0,0
862,0,0.24155735878839998,0.45039326384109807,0.0,0.0,0.0,0.0,-0.5,-1.0,-0.14583333333333334,-0.7631578947368421,0.0,0.0,0.0,-1.0,0.0,1.0,0.0,0.6356050069541029,0.0,0.0,-0.6504925745892729,0.08769307424015944,0.5,0.0,-0.1150174415097032,0.0,0.0,-0.7629683540450604,1.0,0.0,-1.0,1.0,0.0,0.0,0.0,0.0,0.0,-1.0,-0.5,-1.0,0.0,0.0949367088607595,0.0,0.0,0.0,0.0,-0.7117967261714493,0.0,0.0,0.0,0.0,0.0,0.0,0.0,4,2010,一般保證契約,一般交易,131500,11.78676973513378,0,0,0,0,0,0,0,0,0,0,1,0,0,0,0,0,1,0,0,0,0,0,0,1,0,1,0,0,0,0,0,0,0,0,0,0,0,0,0,0,0,0,0,0,0,0,0,1,0,0,0,0,0,0,0,0,1,0,0,0,0,0,0,0,1,0,0,0,0,0,0,1,0,0,0,0,0,0,1,0,0,0,0,0,0,1,0,0,0,0,0,0,1,0,0,0,0,0,0,1,0,0,0,0,0,0,0,0,0,0,0,0,0,0,0,0,0,0,0,0,0,0,0,0,1,0,0,0,1,0,0,0,0,1,0,0,0,0,0,0,1,0,0,0,0,0,1,0,0,0,0,0,0,1,0,0,1,0,0
863,1,0.5142009041767117,0.01734164880893356,0.0,0.0,0.0,0.0,0.0,0.0,0.25,-0.23684210526315788,0.0,0.0,0.0,0.0,0.0,0.0,0.4,-0.06397774687065369,0.0,0.0,0.30729042124124945,0.08968609865470852,-0.5,0.0,0.005063598101642671,0.0,0.0,-0.646618558445367,0.0,0.0,0.0,0.0,0.0,0.0,0.0,0.0,0.0,-1.0,-0.5,-1.0,0.0,-0.006329113924050633,0.0,0.0,0.0,0.0,-0.7117967261714493,0.0,0.0,0.0,0.0,0.0,1.8203341036428238,0.0,5,2010,一般保證契約,一般交易,152000,11.931642378754141,0,0,0,1,0,0,0,0,0,0,0,0,0,0,0,0,1,0,0,0,0,0,0,1,0,0,0,0,1,0,0,0,0,0,0,0,0,0,0,0,0,0,0,0,0,0,0,0,0,0,0,0,0,1,0,0,1,0,0,0,0,0,0,0,1,0,0,0,0,0,0,0,1,0,0,0,0,0,1,0,0,0,0,0,0,1,0,0,0,0,0,0,1,0,0,0,0,0,0,0,0,0,0,0,0,0,0,0,1,0,0,0,0,0,0,1,0,0,0,0,0,0,0,0,0,0,0,0,1,0,0,0,0,1,0,0,0,0,0,0,1,0,0,0,0,0,1,0,0,0,0,0,0,1,0,0,1,0,0
864,3,0.0,-0.4367131143090871,0.0,0.0,0.0,0.0,-0.5,0.0,-0.2708333333333333,-0.9210526315789473,0.0,0.0,0.0,-1.0,0.0,0.0,0.0,1.062586926286509,0.0,0.0,-3.1687229326517117,0.30493273542600896,-0.5,0.0,0.10627639181453996,0.0,0.0,-0.5485507211024858,1.0,0.0,-1.0,0.0,0.0,0.0,0.0,0.0,0.0,-1.0,-0.5,-1.0,-1.0,0.8037974683544303,0.0,0.0,0.0,0.0,-0.7117967261714493,0.0,0.0,0.0,0.0,0.0,1.8203341036428238,0.0,7,2009,一般保證契約,一般交易,132500,11.794345471549745,0,0,0,1,0,0,0,0,0,0,0,0,0,0,0,0,1,0,0,0,0,0,0,1,0,1,0,0,0,0,0,0,0,0,1,0,0,0,0,0,0,0,0,0,0,0,0,0,0,0,0,0,0,0,0,0,1,0,0,0,0,0,0,0,1,0,0,0,0,0,0,0,1,0,0,0,0,0,1,0,0,0,0,0,0,1,0,0,0,0,0,0,1,0,0,0,0,0,0,0,0,0,0,0,0,0,0,0,0,0,1,0,0,0,0,1,0,0,0,0,0,0,0,0,0,0,0,0,1,0,0,0,0,0,1,0,0,0,0,0,1,0,0,0,0,0,1,0,0,0,0,0,0,1,0,0,1,0,0
865,0,0.09830646769700241,-0.24246978009248882,0.0,0.0,0.0,0.0,0.5,0.0,0.7291666666666666,0.3684210526315789,0.0,1.0,0.0,0.8422747575632559,0.0,0.0,-0.6,-0.5340751043115438,0.0,0.0,0.893858905265684,0.7513702042850025,0.5,0.0,0.5100470668925146,0.0,0.0,-0.15732629744223475,0.0,0.0,0.0,0.0,0.0,0.0,1.0,0.0,0.0,-1.0,-0.5,1.0,0.0,0.20042194092827004,0.0,0.0,0.0,0.0,0.4965447150296944,0.0,0.0,0.0,0.0,0.0,0.0,0.0,5,2008,新屋,預售屋(估價時未完工),250580,12.43153750053306,0,0,0,1,0,0,0,0,0,0,0,0,0,0,0,0,0,0,1,0,0,0,0,1,0,1,0,0,0,0,0,0,0,0,0,0,0,0,0,0,0,0,0,0,0,0,0,0,0,0,1,0,0,0,0,0,1,0,0,0,0,0,0,0,1,0,0,0,0,0,0,0,1,0,0,0,0,0,1,0,0,0,0,0,0,0,0,1,0,0,0,0,1,0,0,0,0,1,0,0,0,0,0,0,0,0,0,0,0,0,0,0,1,0,0,0,0,0,0,0,0,0,0,0,0,0,0,0,1,0,0,0,0,1,0,0,0,0,0,0,1,0,0,0,0,0,1,0,0,0,0,0,0,1,0,0,1,0,0
867,1,-0.15196723459603825,0.24397698000985632,0.0,0.0,-1.0,0.0,1.0,0.0,0.7083333333333334,0.34210526315789475,1.147371360146764,1.0,0.0,0.0,0.0,1.7473143510832982,-0.6,-0.5340751043115438,0.0,0.0,1.059141434727413,1.2815146985550574,0.5,0.0,0.9338403180845765,0.0,0.0,0.2532985465157871,0.0,0.0,0.0,0.0,0.0,0.0,1.0,0.0,0.0,0.0,0.5,0.0,1.0,1.639240506329114,0.0,0.0,0.0,1.0374820403803926,0.3125597996047345,0.0,0.0,0.0,0.0,0.0,0.0,0.0,11,2007,新屋,預售屋(估價時未完工),248900,12.424810506025395,0,0,0,1,0,0,0,0,0,0,0,0,0,0,0,0,1,0,0,0,0,0,1,0,0,1,0,0,0,0,0,0,0,0,0,0,0,0,0,0,0,0,0,1,0,0,0,0,0,0,0,0,0,0,0,0,1,0,0,0,0,0,0,0,1,0,0,0,0,0,0,0,1,0,0,0,0,0,1,0,0,0,0,0,0,0,0,1,0,0,0,0,1,0,0,0,0,1,0,0,0,0,0,0,0,0,0,0,0,0,0,0,1,0,0,0,0,0,0,0,0,0,0,0,0,0,0,0,0,1,0,0,0,1,0,0,0,0,0,0,1,0,0,0,0,0,1,0,0,0,0,0,0,1,0,0,1,0,0
868,0,0.6866853341578308,-0.7250480254504572,0.0,0.0,0.0,0.0,-1.0,0.0,-0.22916666666666666,-0.868421052631579,0.0,0.0,0.0,-1.0,0.0,0.0,0.2,0.7621696801112656,0.0,0.0,-1.047263491357971,0.08968609865470852,-0.5,0.0,0.05119275936866275,0.0,0.0,-0.6019227554945074,1.0,0.0,-1.0,1.0,0.0,0.0,-1.0,-0.5,0.0,-1.0,-0.5,0.0,0.0,0.26371308016877637,0.0,0.0,0.0,1.0,-0.7117967261714493,0.0,0.0,0.0,0.0,0.0,0.0,9.715841640087827,5,2007,一般保證契約,一般交易,129000,11.767575435251748,0,0,0,1,0,0,0,0,0,0,0,0,0,0,0,0,1,0,0,0,0,0,0,1,0,0,0,0,1,0,0,0,0,0,0,0,0,0,0,0,0,0,0,0,0,0,0,1,0,0,0,0,0,0,0,0,0,0,0,0,0,0,1,0,1,0,0,0,0,0,0,0,1,0,0,0,0,0,1,0,0,0,0,0,0,0,0,1,0,0,0,0,1,0,0,0,0,1,0,0,0,0,0,0,0,0,0,0,0,0,0,0,1,0,0,0,0,0,0,0,0,0,0,0,0,0,0,0,1,0,0,0,0,0,1,0,0,0,0,0,1,0,0,0,0,0,1,0,0,0,0,0,0,1,1,0,0,0,0
869,0,-0.2564764364743176,1.0310312226226306,0.0,0.0,-2.338124978532008,0.0,-0.5,1.0,-0.5,-1.1578947368421053,0.0,0.0,0.0,-6.515822458562748,-1.5409627556327752,-1.5747678672403655,-0.8,-0.5340751043115438,-0.7304631471189668,0.0,-3.1687229326517117,-1.9830592924763328,0.0,0.0,0.7881557708613514,0.997366356257112,5.460736201340262,1.0586002325234234,0.0,0.0,0.0,0.0,-1.0,0.0,0.0,0.5,0.0,0.0,0.25,-1.0,0.0,0.8037974683544303,0.0,0.0,-0.4638544907568095,0.9089310139773353,0.5062413857753625,0.0,0.0,0.0,0.0,0.0,0.0,0.0,5,2006,一般保證契約,一般交易,169000,12.037659911047468,0,0,0,0,0,0,0,0,1,0,0,0,0,0,0,0,1,0,0,0,0,0,0,1,0,0,0,0,1,0,0,0,0,0,0,1,0,0,0,0,0,0,0,0,0,0,0,0,0,0,0,0,0,0,0,0,0,0,0,0,0,0,1,0,1,0,0,0,0,0,0,0,1,0,0,0,0,0,0,0,0,1,0,0,0,0,0,1,0,0,0,0,1,0,0,0,0,0,0,1,0,0,0,0,0,0,0,0,0,0,0,0,0,0,0,1,0,0,0,0,0,0,0,0,0,0,0,0,1,0,0,0,1,0,0,0,0,0,0,0,1,0,0,0,0,0,1,0,0,0,0,0,0,1,0,0,1,0,0
870,3,0.469964168048189,0.08047245761243182,0.0,0.0,0.0,0.0,0.5,0.0,0.4375,0.0,1.1151726037401906,1.0,0.0,0.0,0.0,0.0,0.4,0.5090403337969402,0.0,0.0,-0.3562006852836907,0.1096163428001993,0.5,0.0,-0.06673410541313891,1.0478327085474093,0.0,0.6445569735539282,1.0,0.0,0.0,1.0,0.0,0.0,1.0,1.0,0.0,0.0,0.25,1.0,0.0,0.39029535864978904,0.0,0.0,0.0,0.9795301978329513,0.34993965557361234,0.0,0.0,0.0,0.0,0.0,1.8203341036428238,0.0,6,2010,一般保證契約,一般交易,236000,12.371591321286905,0,0,0,0,0,0,0,0,1,0,0,0,0,0,0,0,1,0,0,0,0,0,0,1,0,1,0,0,0,0,0,0,0,0,0,0,0,0,0,0,0,0,0,0,0,0,0,0,0,0,0,0,0,1,0,0,1,0,0,0,0,0,0,0,1,0,0,0,0,0,0,0,1,0,0,0,0,0,0,0,0,1,0,0,0,0,0,1,0,0,0,0,1,0,0,0,0,0,0,0,0,0,0,0,0,0,0,0,0,1,0,0,0,0,0,0,0,0,0,0,0,0,0,0,0,1,0,0,0,0,1,0,0,1,0,0,0,0,0,0,1,0,0,0,0,0,1,0,0,0,0,0,0,1,0,0,1,0,0
871,3,-0.5300358319518109,-0.8451420639924192,0.0,0.0,0.0,0.0,-0.5,0.0,-0.20833333333333334,-0.8421052631578947,0.0,0.0,0.0,-1.0,0.0,0.0,-0.6,-0.5340751043115438,0.0,0.0,0.5121213356236514,-0.2012954658694569,0.0,-0.7304631471189668,-0.44220669054566614,0.0,0.0,-1.0799909445469715,0.0,0.0,-1.0,0.0,-1.0,0.0,0.0,-0.5,0.0,-1.0,-0.5,-1.0,-1.0,-0.7320675105485233,0.0,0.0,0.0,0.0,-0.7117967261714493,0.0,0.0,0.0,0.0,0.0,0.0,0.0,8,2009,一般保證契約,一般交易,109500,11.603688960617083,0,0,0,1,0,0,0,0,0,0,0,0,0,0,0,0,1,0,0,0,0,0,0,1,0,1,0,0,0,0,0,0,0,0,1,0,0,0,0,0,0,0,0,0,0,0,0,0,0,0,0,0,0,0,0,0,0,0,0,0,0,1,0,0,1,0,0,0,0,0,0,0,1,0,0,0,0,0,1,0,0,0,0,0,0,1,0,0,0,0,0,0,1,0,0,0,0,0,0,0,0,0,0,0,0,0,0,0,0,1,0,0,0,0,0,0,0,0,0,0,0,0,0,0,0,1,0,0,1,0,0,0,0,0,1,0,0,0,0,0,1,0,0,0,0,0,1,0,0,0,0,1,0,0,0,0,1,0,0
872,4,0.0,-0.21355748823613027,0.0,0.0,0.0,0.0,0.0,0.0,0.5416666666666666,0.10526315789473684,0.9049224319340058,0.0,0.0,0.0,0.0,0.0,0.4,0.16828929068150209,0.0,0.0,-0.358640958332348,-0.38066766317887396,0.5,0.0,-0.668749100072606,1.045328210068537,0.0,0.30284340490253,0.0,0.0,0.0,1.0,0.0,0.0,1.0,0.5,0.0,-1.0,-0.5,0.0,0.0,0.1751054852320675,0.0,0.0,0.0,0.0,0.3005806567203382,0.0,0.0,0.0,0.0,0.0,0.0,0.0,6,2010,一般保證契約,一般交易,200500,12.208574513247495,0,0,0,0,0,0,0,0,1,0,0,0,0,0,0,0,1,0,0,0,0,0,0,1,0,1,0,0,0,0,0,0,0,0,0,0,1,0,0,0,0,0,0,0,0,0,0,0,0,0,0,0,0,0,0,0,1,0,0,0,0,0,0,0,1,0,0,0,0,0,0,0,1,0,0,0,0,0,0,0,0,1,0,0,0,0,0,1,0,0,0,0,1,0,0,0,0,1,0,0,0,0,0,0,0,0,0,0,0,0,0,0,1,0,0,0,0,0,0,0,0,0,0,0,0,0,0,0,0,0,1,0,0,1,0,0,0,0,0,0,1,0,0,0,0,0,1,0,0,0,0,0,0,1,0,0,1,0,0
873,4,0.19434965866058562,-0.17668770334562073,0.0,0.0,0.0,0.0,-0.5,2.0,-0.3958333333333333,0.05263157894736842,0.0,1.0,0.0,-1.0,0.0,1.7473143510832982,-0.6,-0.5340751043115438,0.0,0.0,-1.064804401997796,-1.7737917289486795,0.0,0.0,-0.4039781223116704,0.0,0.0,-1.0429502417475092,0.0,0.0,-1.0,0.0,0.0,0.0,1.0,-0.5,0.0,-1.0,-0.5,-1.0,0.0,-0.2848101265822785,0.0,0.0,0.0,1.0433391061070056,-0.7117967261714493,7.48329564229559,0.0,0.0,0.0,0.0,1.1943176378757763,0.0,10,2008,一般保證契約,一般交易,116000,11.661354090741,0,0,0,1,0,0,0,0,0,0,0,0,0,0,0,0,1,0,0,0,0,0,0,1,0,0,0,0,1,0,0,0,0,0,1,0,0,0,0,0,0,0,0,0,0,0,0,0,0,0,0,0,0,0,0,0,1,0,0,0,0,0,0,0,1,0,0,0,0,0,0,0,1,0,0,0,0,0,1,0,0,0,0,0,0,0,0,1,0,0,0,0,1,0,0,0,0,0,0,0,0,1,0,0,0,0,0,0,0,0,0,0,0,0,0,0,0,1,0,0,0,0,0,0,0,0,0,0,1,0,0,0,0,0,0,1,0,0,0,0,1,0,0,0,0,0,1,0,0,0,0,0,0,1,0,0,1,0,0
874,2,-0.5300358319518109,0.5550009680774047,0.0,0.0,0.0,0.0,-0.5,2.0,-0.4791666666666667,-1.1578947368421053,0.0,1.0,0.0,-1.0,0.0,0.0,-0.2,-0.012517385257301807,0.0,0.0,-0.03841452396094426,-0.32486297957149973,0.0,0.0,-0.1213820203470413,0.0,8.434556620289202,-0.331638310346223,0.0,0.0,-1.0,0.0,0.0,0.0,0.0,0.0,0.0,0.0,0.5,-1.0,-1.0,-0.8164556962025317,0.0,0.0,0.0,0.0,0.009549770389255476,0.0,0.0,0.0,0.0,0.0,0.0,0.0,9,2009,一般保證契約,一般交易,133000,11.798111925972618,0,0,0,0,1,0,0,0,0,0,0,0,0,0,0,0,1,0,0,0,0,0,0,1,0,1,0,0,0,0,0,0,0,0,1,0,0,0,0,0,0,0,0,0,0,0,0,0,0,0,0,0,0,0,0,0,1,0,0,0,0,0,0,0,1,0,0,0,0,0,0,0,1,0,0,0,0,0,1,0,0,0,0,0,0,0,0,1,0,0,0,0,1,0,0,0,0,0,0,0,0,0,0,0,0,0,0,0,1,0,0,0,0,0,0,0,0,0,0,0,0,0,0,0,1,0,0,0,1,0,0,0,0,0,1,0,0,0,0,0,1,0,0,0,0,0,1,0,0,0,0,0,0,1,0,1,0,0,0
876,1,0.24155735878839998,-0.14897946196371506,0.0,0.0,0.0,0.0,1.0,0.0,0.7291666666666666,0.34210526315789475,0.0,1.0,0.0,0.0,0.0,1.7473143510832982,0.4,-0.44506258692628653,0.0,0.0,0.7099143140202099,0.37668161434977576,0.5,0.0,0.1754456405052609,1.1687981673387786,0.0,1.3446771854640658,0.0,0.0,0.0,1.0,1.0,0.0,2.0,2.5,0.0,0.0,0.5,1.0,0.0,0.2890295358649789,0.0,0.0,0.0,1.0603233663617886,0.8501762462482788,0.0,0.0,0.0,0.0,0.0,0.0,0.0,8,2007,新屋,預售屋(估價時未完工),303477,12.623064399210183,0,0,0,0,0,0,0,0,1,0,0,0,0,0,0,0,0,0,1,0,0,0,0,1,0,1,0,0,0,0,0,0,0,0,0,0,0,0,0,0,0,0,0,0,0,0,0,0,0,0,1,0,0,0,0,0,1,0,0,0,0,0,0,0,1,0,0,0,0,0,0,0,1,0,0,0,0,0,0,0,0,1,0,0,0,0,0,1,0,0,0,0,1,0,0,0,0,0,0,0,0,0,1,0,0,0,0,0,0,0,0,0,0,0,0,0,0,0,1,0,0,0,0,0,0,0,0,0,1,0,0,0,0,1,0,0,0,0,0,0,1,0,0,0,0,0,1,1,0,0,0,0,0,0,0,0,1,0,0
877,4,1.0511334301644568,2.417936349057764,0.0,0.0,0.0,-0.4638544907568095,-1.0,0.0,-0.1875,-0.8157894736842105,0.0,0.0,0.0,-1.0,0.0,2.3495966477454164,0.2,0.3463143254520167,0.0,0.0,-0.08386834782931718,0.1375186846038864,0.0,0.0,-0.11289938297361748,0.0,0.0,-0.7609161093398232,1.0,0.0,-1.0,0.0,0.0,0.0,0.0,-0.5,0.0,-1.0,-0.5,-1.0,0.0,0.7025316455696202,0.0,0.0,0.0,0.0,-0.7117967261714493,0.0,0.0,0.0,0.0,0.0,0.0,0.0,1,2007,一般保證契約,一般交易,132250,11.792456911128632,0,0,0,1,0,0,0,0,0,0,0,0,0,0,0,0,1,0,0,0,0,0,1,0,0,1,0,0,0,0,0,0,0,0,0,0,0,0,0,0,0,0,0,0,0,0,1,0,0,0,0,0,0,0,0,0,1,0,0,0,0,0,0,0,1,0,0,0,0,0,0,0,1,0,0,0,0,0,1,0,0,0,0,0,0,0,0,1,0,0,0,0,1,0,0,0,0,0,0,0,0,0,0,0,0,0,0,0,1,0,0,0,0,0,0,1,0,0,0,0,0,0,0,0,0,0,0,0,1,0,0,0,0,1,0,0,0,0,0,0,1,0,0,0,0,0,1,0,0,0,0,0,0,1,0,0,1,0,0
878,3,0.19434965866058562,-0.19168630631193398,0.0,0.0,0.0,0.0,1.5,0.0,0.6666666666666666,0.2894736842105263,1.077028209681371,1.0,0.0,0.8422747575632559,0.0,0.0,0.4,1.0931849791376913,0.0,0.0,-0.37591917124526764,0.9307424015944196,0.5,0.0,0.6566106571026373,1.0109259929242904,0.0,0.9571863592553644,1.0,0.0,0.0,1.0,1.0,0.0,2.0,2.0,0.0,0.0,0.5,1.0,1.0,1.0822784810126582,0.0,0.0,0.0,1.0254514761129863,-0.7117967261714493,0.0,0.0,0.0,0.0,0.0,0.0,0.0,6,2009,一般保證契約,一般交易,350000,12.765691290604371,0,0,0,0,0,0,0,0,1,0,0,0,0,0,0,0,1,0,0,0,0,0,0,1,0,1,0,0,0,0,0,0,0,1,0,0,0,0,0,0,0,0,0,0,0,0,0,0,0,0,0,0,0,0,0,0,1,0,0,0,0,0,0,0,1,0,0,0,0,0,0,0,1,0,0,0,0,0,0,0,0,1,0,0,0,1,0,0,0,0,0,0,1,0,0,0,0,1,0,0,0,0,0,0,0,0,0,0,0,0,0,0,1,0,0,0,0,0,0,0,0,0,0,0,0,0,0,0,0,1,0,0,0,1,0,0,0,0,0,0,1,0,0,0,0,0,1,0,0,0,0,0,0,1,0,0,1,0,0
879,1,0.8116279582901716,0.4824494401888333,0.0,0.0,-1.0,0.0,-0.5,2.0,-0.22916666666666666,0.02631578947368421,0.0,0.0,0.0,-1.0,0.0,1.7473143510832982,0.2,0.7162726008344924,0.0,0.0,-0.6099516251479817,0.22720478325859492,-0.5,0.0,0.11986884981583179,0.0,0.0,-0.5353806176851076,1.0,0.0,-1.0,0.0,0.0,0.0,1.0,0.0,-0.3846268403045294,-1.0,-0.5,-1.0,0.0,0.3987341772151899,0.0,0.0,0.0,1.0374820403803926,-0.7117967261714493,0.0,0.0,0.0,0.0,0.0,1.5409627556327752,9.715841640087827,6,2010,一般保證契約,一般交易,148000,11.904974309480181,0,0,0,0,0,0,0,0,0,0,0,0,0,1,0,0,1,0,0,0,0,0,0,1,0,1,0,0,0,0,0,0,0,0,0,0,0,0,0,0,0,0,0,0,0,0,0,1,0,0,0,0,0,0,0,0,1,0,0,0,0,0,0,0,1,0,0,0,0,0,0,0,1,0,0,0,0,0,0,0,0,0,0,1,0,0,0,1,0,0,0,0,1,0,0,0,0,0,0,0,0,0,0,0,0,0,0,0,1,0,0,0,0,0,0,0,0,0,0,0,0,0,0,0,1,0,0,0,1,0,0,0,0,0,1,0,0,0,0,0,1,0,0,0,0,0,1,0,0,0,0,1,0,0,1,0,0,0,0
880,3,0.0,-0.7155499772837376,0.0,0.0,-1.0,0.0,-0.5,3.0,0.125,0.2894736842105263,0.8393407130277142,1.0,0.2793713480100486,-1.0,0.0,0.0,0.2,0.36439499304589706,0.0,0.0,-0.5840001163582147,-0.2610861983059293,0.5,0.0,-0.5154786426099094,0.0,0.0,-1.1509861380717596,1.0,0.0,-1.0,0.0,0.0,0.0,0.0,0.0,0.0,-1.0,-0.5,-1.0,-1.0,-0.6139240506329114,0.0,0.0,0.0,0.0,-0.7117967261714493,0.0,0.0,0.0,0.0,0.0,1.1943176378757763,0.0,7,2009,一般保證契約,一般交易,136500,11.824087219587643,0,0,0,1,0,0,0,0,0,0,0,0,0,0,0,0,1,0,0,0,0,0,0,1,0,0,0,1,0,0,0,0,0,0,0,0,1,0,0,0,0,0,0,0,0,0,0,0,0,0,0,0,0,0,0,0,1,0,0,0,0,0,0,0,1,0,0,0,0,0,0,0,1,0,0,0,0,0,1,0,0,0,0,0,0,0,0,1,0,0,0,0,1,0,0,0,0,1,0,0,0,0,0,0,0,0,0,0,0,0,0,0,1,0,0,0,0,0,0,0,0,0,0,0,0,0,0,0,0,0,1,0,0,0,1,0,0,0,0,0,1,0,0,0,0,0,1,0,0,0,0,0,0,1,0,0,1,0,0
881,0,-0.5300358319518109,-0.7079764151243839,0.0,0.0,0.0,0.0,-0.5,0.0,0.6875,0.3157894736842105,0.0,0.0,0.0,0.8422747575632559,0.2793713480100486,0.0,0.2,0.8289290681502086,0.0,0.0,-1.0357961818751933,0.18933731938216244,0.0,0.0,-0.009138728869299628,0.0,0.0,-0.6603795805472528,1.0,0.0,-1.0,1.0,-1.0,0.0,0.0,-0.5,0.0,-1.0,-0.5,1.0,0.0,-0.13291139240506328,0.0,0.0,0.0,0.0,0.16442375494366226,0.0,0.0,0.0,0.0,0.0,0.0,0.0,6,2007,一般保證契約,一般交易,157000,11.964007453736912,0,0,0,1,0,0,0,0,0,0,0,0,0,0,0,0,1,0,0,0,0,0,0,1,0,1,0,0,0,0,0,0,0,0,0,0,0,0,0,0,0,1,0,0,0,0,0,0,0,0,0,0,0,0,0,0,1,0,0,0,0,0,0,0,1,0,0,0,0,0,0,0,1,0,0,0,0,0,1,0,0,0,0,0,0,0,0,1,0,0,0,0,1,0,0,0,0,1,0,0,0,0,0,0,0,0,0,0,0,0,0,0,1,0,0,0,0,0,0,0,0,0,0,0,0,0,0,0,1,0,0,0,0,1,0,0,0,0,0,0,1,0,0,0,0,0,1,0,0,0,0,0,0,1,0,0,1,0,0
883,2,-0.2564764364743176,0.008684590508192994,0.0,0.0,-1.0,0.0,0.0,0.0,0.4166666666666667,-0.02631578947368421,0.0,0.0,0.0,0.0,0.0,0.0,-0.6,-0.5340751043115438,0.0,0.0,0.42552072785996053,-0.3726955655206776,0.0,0.0,-0.6582340368106286,1.018084716691432,0.0,0.1786554718338163,0.0,0.0,0.0,1.0,0.0,0.0,0.0,0.5,0.0,0.0,0.25,0.0,0.0,-0.39029535864978904,0.0,0.0,0.0,1.2086940735362341,0.10653066162035559,0.0,0.0,0.0,0.0,0.0,1.5409627556327752,0.0,12,2009,一般保證契約,一般交易,178000,12.08954444723597,0,0,0,0,0,0,0,0,1,0,0,0,0,0,0,0,1,0,0,0,0,0,0,1,0,0,0,0,1,0,0,0,0,0,0,1,0,0,0,0,0,0,0,0,0,0,0,0,0,0,0,0,0,0,0,0,1,0,0,0,0,0,0,0,1,0,0,0,0,0,0,0,1,0,0,0,0,0,0,0,0,1,0,0,0,0,0,1,0,0,0,0,1,0,0,0,0,1,0,0,0,0,0,0,0,0,0,0,0,0,0,0,1,0,0,0,0,0,0,0,0,0,0,0,0,0,0,0,1,0,0,0,0,1,0,0,0,0,0,0,1,0,0,0,0,0,1,1,0,0,0,0,0,0,0,0,1,0,0
884,2,-0.5300358319518109,-0.9801890745007789,0.0,0.0,0.0,0.0,-1.0,0.0,-1.25,-1.1578947368421053,0.0,1.0,0.0,-1.0,-0.3466451177569989,0.0,-0.6,-0.5340751043115438,0.0,0.0,0.4117556571067102,-0.39860488290981566,-0.5,-0.7304631471189668,-0.30171706382952235,1.0211417869345352,10.17425270756814,0.9636326284512294,1.0,0.0,-1.0,0.0,2.0,0.0,0.0,2.0,0.0,-1.0,-0.5,-1.0,-1.0,-0.1751054852320675,0.0,0.2793713480100486,0.0,0.0,0.6001508750943434,0.0,0.0,0.0,0.0,0.0,0.0,0.0,3,2006,一般保證契約,一般交易,118500,11.682676678340282,0,0,0,0,0,0,1,0,0,0,0,0,0,0,0,0,1,0,0,0,0,1,0,0,0,1,0,0,0,0,0,0,0,0,0,0,0,1,0,0,0,0,0,0,0,0,0,0,0,0,0,0,0,0,0,0,1,0,0,0,0,0,0,0,1,0,0,0,0,0,0,0,1,0,0,0,0,0,0,1,0,0,0,0,0,0,0,1,0,0,0,0,1,0,0,0,0,0,0,0,1,0,0,0,0,0,0,0,0,0,0,0,0,0,0,0,1,0,0,0,0,0,0,0,0,0,0,0,1,0,0,0,0,1,0,0,0,0,0,0,1,0,0,0,0,0,1,0,0,0,0,1,0,0,0,0,1,0,0
885,4,-0.2564764364743176,-0.6685723283139546,0.0,0.0,0.0,0.0,-0.5,0.0,-0.10416666666666667,-0.7105263157894737,0.7399295863916527,0.0,0.0,-1.0,0.0,0.0,0.0,0.06675938803894298,0.0,0.0,-0.03331199248431899,-0.20528151469855505,-0.5,0.0,-0.44702602371677896,0.0,0.0,-1.08466052794832,0.0,0.0,-1.0,0.0,0.0,0.0,0.0,-0.5,0.0,-1.0,-0.5,0.0,-1.0,-0.8164556962025317,0.0,0.0,0.0,0.0,-0.7117967261714493,0.0,0.0,0.0,0.0,0.0,1.1943176378757763,0.0,7,2009,一般保證契約,一般交易,100000,11.51293546492023,0,0,0,1,0,0,0,0,0,0,0,0,0,0,0,0,1,0,0,0,0,0,0,1,0,1,0,0,0,0,0,0,0,0,1,0,0,0,0,0,0,0,0,0,0,0,0,0,0,0,0,0,0,0,0,0,1,0,0,0,0,0,0,0,1,0,0,0,0,0,0,0,1,0,0,0,0,0,1,0,0,0,0,0,0,0,0,1,0,0,0,0,1,0,0,0,0,0,0,0,0,0,0,0,0,0,0,0,1,0,0,0,0,0,0,0,0,0,0,0,0,0,0,0,1,0,0,0,0,0,1,0,0,0,1,0,0,0,0,0,1,0,0,0,0,0,1,0,0,0,0,0,0,1,0,0,1,0,0
886,4,-1.1398722399119068,-1.3918393408019913,0.0,0.0,-1.0,0.0,1.5,0.0,0.5625,0.15789473684210525,0.7399295863916527,1.0,0.0,0.8422747575632559,0.0,1.7473143510832982,0.4,1.187760778859527,0.0,0.0,-0.03331199248431899,1.401096163428002,0.5,0.0,1.0227176896553622,0.0,0.0,0.3394142567825216,1.0,0.0,0.0,0.0,-1.0,0.0,1.0,-0.5,0.0,0.0,0.25,1.0,0.0,0.10337552742616034,0.0,0.0,0.0,0.8537709661998256,0.24836300042956466,0.0,0.0,0.0,0.0,0.0,0.0,0.0,1,2008,現金保證契約,異常交易(如法拍),328900,12.70351207261035,0,0,0,0,0,1,0,0,0,0,0,0,0,0,0,0,0,0,1,0,0,0,0,1,0,0,0,1,0,0,0,0,0,0,0,0,0,0,0,0,0,0,0,0,0,0,0,0,0,0,1,0,0,0,0,0,1,0,0,0,0,0,0,0,1,0,0,0,0,0,0,0,0,0,1,0,0,0,1,0,0,0,0,0,0,0,0,1,0,0,0,0,1,0,0,0,0,0,0,0,0,0,0,0,0,0,0,0,0,1,0,0,0,0,0,0,0,0,0,0,0,0,0,0,0,1,0,0,0,0,1,0,0,1,0,0,0,0,0,0,1,0,0,0,0,0,1,0,0,0,0,0,0,1,0,0,1,0,0
887,1,0.0,-0.30854862554031137,0.0,0.0,0.0,0.0,-0.5,0.0,-0.2708333333333333,0.2894736842105263,0.9182704246771743,0.0,0.0,-1.0,0.0,0.0,-0.4,0.20027816411682892,0.0,0.0,0.6922329713711894,1.2575984055804683,0.5,0.0,1.0268800979484558,0.0,0.0,0.3434473277458592,0.0,0.0,0.0,0.0,1.0,0.4638544907568095,0.0,1.0,0.0,-1.0,-0.5,1.0,0.0,0.44936708860759494,0.0,0.0,0.0,1.1389599621760087,0.19284669263052878,0.0,0.0,0.0,0.0,0.0,0.0,0.0,6,2006,一般保證契約,親友交易,145000,11.884495917930655,0,0,0,0,0,0,0,0,0,0,0,0,0,0,1,0,1,0,0,0,0,0,0,1,0,0,0,0,1,0,0,0,0,0,1,0,0,0,0,0,0,0,0,0,0,0,0,0,0,0,0,0,0,0,0,0,1,0,0,0,0,0,0,0,1,0,0,0,0,0,0,0,0,0,0,1,0,0,1,0,0,0,0,0,0,0,0,1,0,0,0,0,1,0,0,0,0,0,0,0,0,0,0,0,0,0,0,0,0,1,0,0,0,0,0,0,0,0,0,0,0,0,0,0,0,1,0,0,0,0,1,0,0,0,1,0,0,0,0,0,1,0,0,0,0,0,1,0,0,0,0,0,0,1,0,0,1,0,0
889,0,1.0897935338065554,1.2102950578454488,0.0,0.0,-1.0,-0.4638544907568095,1.0,1.0,-0.041666666666666664,-0.631578947368421,0.0,1.0,0.2793713480100486,-1.0,0.2793713480100486,2.3495966477454164,0.2,-0.0458970792767733,0.8104996085138084,11.584802231718578,0.6466764822417702,2.4354758345789738,0.5,0.0,1.6525201149670847,0.0,0.0,0.9496470103494425,1.0,0.0,0.0,0.0,1.0,0.0,1.0,1.0,0.0,0.0,0.25,-1.0,0.0,0.5886075949367089,0.0,0.0,0.0,0.8084756065614309,0.6350242633564623,0.0,0.0,8.355622538951035,0.0,0.0,0.0,0.0,10,2007,一般保證契約,一般交易,268000,12.498745990829315,0,0,0,1,0,0,0,0,0,0,0,0,0,0,0,0,1,0,0,0,0,0,0,1,0,1,0,0,0,0,0,0,0,0,1,0,0,0,0,0,0,0,0,0,0,0,0,0,0,0,0,0,0,0,0,0,1,0,0,0,0,0,0,0,1,0,0,0,0,0,0,0,1,0,0,0,0,0,1,0,0,0,0,0,0,0,0,0,1,0,0,0,0,1,0,0,0,0,0,0,1,0,0,0,0,0,0,0,0,0,0,0,0,0,0,0,1,0,0,0,0,0,0,0,0,0,0,0,1,0,0,0,0,1,0,0,0,0,0,0,1,0,0,0,0,0,1,0,0,0,0,0,0,1,0,0,1,0,0
890,1,2.206059695493657,0.5581650370432315,0.0,0.0,0.0,0.0,0.0,-1.0,-0.3958333333333333,-1.0789473684210527,0.8393407130277142,0.0,0.0,-1.0,0.0,0.0,0.0,0.8901251738525731,0.0,0.0,0.0016359992123352255,1.0164424514200299,0.5,0.0,0.7239459672500203,0.0,0.0,0.04992618318372016,1.0,0.0,-1.0,0.0,-1.0,0.0,0.0,0.0,0.0,0.0,0.25,0.0,0.0,0.09915611814345991,0.0,0.0,0.0,0.0,-0.7117967261714493,0.0,7.6465380079030645,0.0,0.0,0.0,0.0,0.0,2,2009,一般保證契約,一般交易,149500,11.915058360753719,0,0,0,1,0,0,0,0,0,0,0,0,0,0,0,0,1,0,0,0,0,0,0,1,0,1,0,0,0,0,0,0,0,0,1,0,0,0,0,0,0,0,0,0,0,0,0,0,0,0,0,0,0,0,0,0,0,0,0,0,0,0,1,0,1,0,0,0,0,0,0,0,1,0,0,0,0,0,1,0,0,0,0,0,0,1,0,0,0,0,0,0,1,0,0,0,0,0,0,0,1,0,0,0,0,0,0,0,0,0,0,0,0,0,0,0,1,0,0,0,0,0,0,0,0,0,0,0,0,0,1,0,0,0,1,0,0,0,0,0,1,0,0,0,0,0,1,0,0,0,0,0,0,1,0,0,1,0,0
891,0,-0.5300358319518109,-0.39918047333878537,0.0,0.0,0.0,0.0,-0.5,2.0,-0.4791666666666667,0.3157894736842105,0.0,0.0,0.2793713480100486,-1.0,0.0,1.0,-0.6,-0.5340751043115438,0.0,0.0,0.27108020568405655,-0.6437468858993523,0.5,0.0,-1.0434897183004757,0.7662521021215846,0.0,-1.010990499774285,0.0,0.0,-1.0,0.0,0.0,0.0,0.0,0.0,0.0,0.0,-0.25,-1.0,0.0,0.3987341772151899,0.0,0.0,0.0,0.0,-0.7117967261714493,0.0,0.0,0.0,0.0,0.0,1.5409627556327752,14.182841004523032,7,2007,一般保證契約,一般交易,122900,11.719134432217524,1,0,0,0,0,0,0,0,0,0,0,0,0,0,0,0,1,0,0,0,0,0,0,1,0,0,0,0,1,0,0,0,0,0,1,0,0,0,0,0,0,0,0,0,0,0,0,0,0,0,0,0,0,0,0,0,0,0,0,0,1,0,0,0,1,0,0,0,0,0,0,0,1,0,0,0,1,0,0,0,0,0,0,0,0,0,0,1,0,0,0,0,1,0,0,0,0,0,0,0,0,0,0,0,0,0,0,0,0,1,0,0,0,0,0,0,0,0,0,0,0,0,0,0,0,1,0,0,1,0,0,0,0,0,1,0,0,0,0,0,1,0,0,0,0,0,1,0,0,0,0,1,0,0,1,0,0,0,0
892,1,0.0,0.3583396505044274,0.0,0.0,0.0,0.0,0.0,0.0,0.125,-0.42105263157894735,0.8449166955588374,0.0,0.0,-1.0,0.0,0.0,-0.4,-0.21974965229485396,0.8104996085138084,10.272201962485878,-0.67154810427646,-0.15346287992027902,0.0,0.0,-0.3850774202496316,1.0118700575119888,0.0,0.30420674355235877,0.0,0.0,0.0,1.0,0.0,0.0,0.0,0.5,0.0,0.0,0.25,0.0,0.0,-0.1751054852320675,0.0,0.0,0.0,1.1055171581120684,-0.7117967261714493,0.0,0.0,0.0,0.0,0.0,0.0,0.0,7,2009,一般保證契約,一般交易,172500,12.058158312538197,0,0,0,0,0,0,0,0,1,0,0,0,0,0,0,0,1,0,0,0,0,0,0,1,0,1,0,0,0,0,0,0,0,0,0,0,0,0,0,0,0,0,0,0,0,0,0,1,0,0,0,0,0,0,0,0,1,0,0,0,0,0,0,0,1,0,0,0,0,0,0,0,1,0,0,0,0,0,0,0,0,1,0,0,0,1,0,0,0,0,0,0,1,0,0,0,0,0,0,0,0,0,0,0,0,0,0,0,1,0,0,0,0,0,0,0,0,0,0,0,0,0,0,0,1,0,0,0,0,0,1,0,0,0,1,0,0,0,0,0,1,0,0,0,0,0,1,0,0,0,0,0,0,1,0,0,1,0,0
894,1,0.0247951663920471,0.7720569480113916,0.0,0.0,0.0,0.0,-0.5,0.0,-0.375,-1.0526315789473684,0.0,0.0,0.0,0.0,0.0,1.0,0.0,0.9457579972183588,0.0,0.0,-0.31109682216036255,0.7732934728450424,-0.5,0.0,0.5283909994988534,0.0,0.0,-0.13955236063963883,1.0,0.0,-1.0,0.0,0.0,0.0,0.0,0.0,0.0,0.0,0.5,-1.0,-1.0,-0.5379746835443038,0.0,0.0,0.0,1.3370009188653516,0.43289821561892805,0.0,0.0,0.0,0.0,0.0,1.8203341036428238,0.0,6,2008,一般保證契約,一般交易,165000,12.013706813470414,0,0,0,1,0,0,0,0,0,0,0,0,0,0,0,0,1,0,0,0,0,0,0,1,0,1,0,0,0,0,0,0,0,0,0,0,0,0,0,0,0,0,0,0,0,0,0,1,0,0,0,0,0,0,0,0,0,0,0,0,0,1,0,0,1,0,0,0,0,0,0,0,1,0,0,0,0,0,1,0,0,0,0,0,0,0,0,1,0,0,0,0,1,0,0,0,0,0,0,0,1,0,0,0,0,0,0,0,0,0,0,0,0,0,0,1,0,0,0,0,0,0,0,0,0,0,0,0,1,0,0,0,0,1,0,0,0,0,0,0,1,0,0,0,0,0,1,0,0,0,0,0,0,1,0,0,1,0,0
896,2,0.04944338438861053,-0.6979124701004144,0.0,0.0,0.0,0.0,0.0,0.0,-0.1875,-0.8157894736842105,1.2764515528319462,0.0,0.0,-1.0,0.0,0.0,0.0,0.022253129346314324,0.0,0.0,-0.18023422115009421,-0.4285002491280518,-0.5,0.0,-0.2364864413086184,1.0265631827395556,0.0,0.4540062576381072,1.0,0.0,-1.0,1.0,1.0,0.0,0.0,1.0,0.0,0.0,0.25,0.0,0.0,0.006329113924050633,0.0,0.0,0.0,0.0,0.17029580177297618,0.0,0.0,0.0,0.0,0.0,0.0,0.0,10,2008,一般保證契約,一般交易,140000,11.849404844423074,0,0,0,0,0,0,0,0,1,0,0,0,0,0,0,0,1,0,0,0,0,0,0,1,0,1,0,0,0,0,0,0,0,0,1,0,0,0,0,0,0,0,0,0,0,0,0,0,0,0,0,0,0,0,0,0,1,0,0,0,0,0,0,0,1,0,0,0,0,0,0,0,1,0,0,0,0,0,0,0,0,1,0,0,0,1,0,0,0,0,0,0,1,0,0,0,0,0,0,0,0,0,0,0,0,0,0,0,1,0,0,0,0,0,0,0,0,0,0,0,0,0,0,0,1,0,0,0,0,0,1,0,0,0,1,0,0,0,0,0,1,0,0,0,0,0,1,0,0,0,0,0,0,1,0,0,1,0,0
897,2,-1.1398722399119068,-0.20963887004132517,0.0,0.7304631471189668,0.0,0.0,-1.0,1.0,-0.75,-1.1578947368421053,0.0,0.0,0.0,-1.0,0.0,0.0,0.2,-0.1376912378303199,0.0,0.0,0.26367399839250705,-0.08769307424015944,0.5,-0.7304631471189668,-0.30856079036674505,0.0,0.0,-0.950497785436403,0.0,0.0,-1.0,0.0,-1.0,0.0,0.0,0.0,0.0,-1.0,-0.5,-1.0,-1.0,-0.6518987341772152,0.0,0.0,0.0,0.0,0.009549770389255476,0.0,0.0,0.0,0.0,0.0,0.0,0.0,4,2006,一般保證契約,異常交易(如法拍),106500,11.575909653758895,0,0,1,0,0,0,0,0,0,0,0,0,0,0,0,1,0,0,0,0,0,0,0,1,0,1,0,0,0,1,0,0,0,0,0,0,0,0,0,0,0,0,0,0,0,0,0,0,0,0,0,0,0,0,0,0,1,0,0,0,0,0,0,0,1,0,0,0,0,0,0,0,1,0,0,0,0,0,1,0,0,0,0,0,0,0,0,1,0,0,0,0,1,0,0,0,0,0,0,0,1,0,0,0,0,0,0,0,0,0,0,0,0,0,0,0,1,0,0,0,0,0,0,0,0,0,0,0,1,0,0,0,0,0,0,0,1,0,0,0,1,0,0,0,0,0,1,0,0,0,0,1,0,0,0,0,1,0,0
898,4,-0.3097441784624688,-0.7098677413824683,0.0,0.0,0.0,0.0,-0.5,0.0,0.14583333333333334,-0.39473684210526316,0.0,0.0,0.0,-6.515822458562748,-1.5409627556327752,-1.5747678672403655,-0.8,-0.5340751043115438,-0.7304631471189668,0.0,-3.1687229326517117,-1.9830592924763328,-0.5,0.0,0.05119275936866275,1.1061757442891564,0.0,0.9743437372142632,0.0,0.0,0.0,0.0,3.0,0.4638544907568095,0.0,3.0,0.0,-1.0,-0.5,-1.0,0.0,0.1962025316455696,0.0,0.0,0.0,0.9759900914238847,-0.7117967261714493,0.0,0.0,0.0,0.0,0.0,0.0,0.0,6,2009,一般保證契約,兩筆相連物件分配,142953,11.870278179170796,0,0,0,0,0,0,0,0,0,0,0,0,0,0,1,0,1,0,0,0,0,0,0,1,0,1,0,0,0,0,0,0,0,0,0,0,0,0,0,0,0,0,0,0,0,0,0,0,0,0,0,0,0,1,0,0,0,0,0,0,0,0,1,0,1,0,0,0,0,0,0,0,0,0,0,1,0,0,0,0,0,1,0,0,0,0,0,1,0,0,0,0,1,0,0,0,0,0,0,1,0,0,0,0,0,0,0,0,0,0,0,0,0,0,0,1,0,0,0,0,0,0,0,0,0,0,0,0,1,0,0,0,1,0,0,0,0,0,0,0,1,0,0,0,0,0,1,0,0,0,0,1,0,0,0,0,1,0,0
900,2,-0.2564764364743176,-0.7177630897254943,0.0,0.0,0.0,0.0,-0.5,2.0,-0.22916666666666666,0.0,0.0,0.0,0.0,-1.0,0.0,0.0,0.0,0.11265646731571627,0.0,0.0,-0.055630684695949895,-0.1654210264075735,-0.5,0.0,0.2722682988868309,0.0,0.0,-0.3877166333766201,0.0,0.0,-1.0,0.0,0.0,0.0,0.0,0.0,0.0,0.0,0.25,-1.0,-1.0,-0.8164556962025317,0.0,0.0,0.0,0.0,-0.7117967261714493,0.0,0.0,0.0,0.0,0.0,0.0,0.0,6,2006,一般保證契約,一般交易,135000,11.813037464800539,0,0,0,1,0,0,0,0,0,0,0,0,0,0,0,0,1,0,0,0,0,0,0,1,0,1,0,0,0,0,0,0,0,0,0,0,0,0,0,0,0,0,0,0,0,0,0,1,0,0,0,0,0,0,0,0,0,0,0,0,0,0,1,0,1,0,0,0,0,0,0,0,1,0,0,0,0,0,1,0,0,0,0,0,0,0,0,1,0,0,0,0,1,0,0,0,0,0,0,0,0,0,0,0,0,0,0,0,1,0,0,0,0,0,0,1,0,0,0,0,0,0,0,0,0,0,0,0,1,0,0,0,0,0,1,0,0,0,0,0,1,0,0,0,0,0,1,0,0,0,0,0,0,1,0,0,1,0,0
901,0,0.21801994391840682,-0.6102551544651654,0.0,0.0,-1.0,0.0,-1.0,1.0,-0.020833333333333332,-0.6052631578947368,0.0,0.0,0.0,-1.0,0.0,0.0,0.2,-0.08623087621696801,0.0,0.0,0.08738479626480068,-0.2730443447932237,-0.5,0.0,-0.530391647389691,0.0,0.0,-1.1654357552929357,0.0,0.0,-1.0,0.0,-1.0,0.0,0.0,-1.0,0.0,-1.0,-0.5,-1.0,-1.0,0.8544303797468354,0.0,0.0,0.0,0.0,-0.7117967261714493,0.0,0.0,0.0,0.0,0.0,0.0,0.0,6,2007,一般保證契約,一般交易,110000,11.608244735642321,0,0,0,1,0,0,0,0,0,0,0,0,0,0,0,0,1,0,0,0,0,0,0,1,0,1,0,0,0,0,0,0,0,0,1,0,0,0,0,0,0,0,0,0,0,0,0,0,0,0,0,0,0,0,0,0,1,0,0,0,0,0,0,0,1,0,0,0,0,0,0,0,1,0,0,0,0,0,1,0,0,0,0,0,0,0,0,1,0,0,0,0,1,0,0,0,0,0,0,0,0,0,0,0,0,0,0,0,1,0,0,0,0,0,0,0,0,0,0,0,0,0,0,0,1,0,0,0,1,0,0,0,0,0,1,0,0,0,0,0,1,0,0,0,0,0,1,0,0,0,0,1,0,0,0,0,1,0,0
902,1,-0.3097441784624688,-0.22351026698622095,0.0,0.0,-1.0,0.0,-0.5,2.0,-0.3125,0.15789473684210525,0.0,0.0,0.2793713480100486,-1.0,0.0,1.0,0.0,0.6620305980528511,0.0,0.0,-0.9200381300449643,-0.005979073243647235,-0.5,0.0,0.39728381048605566,0.0,0.0,-0.2665856932345382,1.0,0.0,-1.0,0.0,-1.0,0.0,0.0,-0.5,0.0,-1.0,-0.5,-1.0,-1.0,1.1582278481012658,0.0,0.0,0.0,0.0,-0.7117967261714493,0.0,0.0,0.0,0.0,0.0,0.0,0.0,5,2009,一般保證契約,一般交易,153000,11.938199736300925,0,0,0,1,0,0,0,0,0,0,0,0,0,0,0,0,1,0,0,0,0,0,0,1,0,1,0,0,0,0,0,0,0,0,1,0,0,0,0,0,0,0,0,0,0,0,0,0,0,0,0,0,0,0,0,0,1,0,0,0,0,0,0,0,1,0,0,0,0,0,0,0,1,0,0,0,0,0,1,0,0,0,0,0,0,1,0,0,0,0,0,0,1,0,0,0,0,0,0,0,0,0,0,0,0,0,0,0,0,1,0,0,0,0,0,0,0,0,0,0,0,0,0,0,0,1,0,0,1,0,0,0,0,0,1,0,0,0,0,0,1,0,0,0,0,0,1,0,0,0,0,1,0,0,0,0,1,0,0
903,0,-0.3637131127598576,-0.4526765528973731,0.0,0.0,0.0,0.0,0.5,0.0,0.6458333333333334,0.23684210526315788,0.0,1.0,0.0,0.0,0.0,0.0,-0.6,-0.5340751043115438,0.0,0.0,0.3988787756581455,-0.4225211758844046,0.5,0.0,-0.6608586525379645,0.9913486140527524,0.0,0.055914488579372874,0.0,0.0,0.0,1.0,0.0,0.0,1.0,1.0,0.0,0.0,0.5,1.0,0.0,-0.37341772151898733,0.0,0.0,0.0,0.0,0.2923750990621071,0.0,0.0,0.0,0.0,0.0,0.0,0.0,7,2006,一般保證契約,一般交易,180000,12.100717685412471,0,0,0,0,0,0,0,0,1,0,0,0,0,0,0,0,1,0,0,0,0,0,0,1,0,1,0,0,0,0,0,0,0,0,0,1,0,0,0,0,0,0,0,0,0,0,0,0,0,0,0,0,0,0,0,0,1,0,0,0,0,0,0,0,1,0,0,0,0,0,0,0,1,0,0,0,0,0,0,0,0,1,0,0,0,0,0,1,0,0,0,0,1,0,0,0,0,1,0,0,0,0,0,0,0,0,0,0,0,0,0,0,1,0,0,0,0,0,0,0,0,0,0,0,0,0,0,0,1,0,0,0,0,1,0,0,0,0,0,0,1,0,0,0,0,0,1,0,0,0,0,0,0,1,0,0,1,0,0
904,1,-1.1398722399119068,1.0472444939456096,0.0,0.0,-1.0,0.0,0.5,0.0,0.7083333333333334,0.3157894736842105,0.5627008567734951,1.0,0.0,0.0,0.0,0.0,-0.6,-0.5340751043115438,0.0,0.0,1.0774556464986615,1.345291479820628,0.5,0.0,0.9680336540037919,0.0,0.0,0.28642940262720007,0.0,0.0,0.0,0.0,0.0,0.0,1.0,0.5,0.0,0.0,0.5,0.0,1.0,0.879746835443038,0.0,0.0,0.0,0.9576843843402714,0.22418808858595582,0.0,0.0,0.0,0.0,0.0,0.0,0.0,8,2006,新屋,預售屋(估價時未完工),240000,12.388398368982115,0,0,0,1,0,0,0,0,0,0,0,0,0,0,0,0,1,0,0,0,0,0,1,0,0,0,0,1,0,0,0,0,0,0,0,1,0,0,0,0,0,0,0,0,0,0,0,0,0,0,0,0,0,0,0,0,1,0,0,0,0,0,0,0,1,0,0,0,0,0,0,0,1,0,0,0,0,0,1,0,0,0,0,0,0,1,0,0,0,0,0,0,1,0,0,0,0,1,0,0,0,0,0,0,0,0,0,0,0,0,0,0,1,0,0,0,0,0,0,0,0,0,0,0,0,0,0,0,0,0,1,0,0,1,0,0,0,0,0,0,1,0,0,0,0,0,1,0,0,0,0,0,0,1,0,0,1,0,0
905,4,0.0247951663920471,-0.9910674002053057,0.0,0.0,-1.0,0.0,-0.5,1.0,-0.10416666666666667,-0.7105263157894737,0.7938338652468379,0.0,0.0,-1.0,0.0,0.0,0.4,0.29902642559109877,0.0,0.0,-0.4141585252562628,-0.2371699053313403,-0.5,0.0,-0.42302043580810816,0.0,0.0,-1.0614008588493158,0.0,0.0,-1.0,0.0,0.0,0.0,0.0,0.0,0.0,-1.0,-0.5,-1.0,-1.0,-0.8164556962025317,0.0,0.0,0.0,0.0,-0.7117967261714493,0.0,0.0,0.0,0.0,0.0,1.5409627556327752,0.0,8,2007,一般保證契約,一般交易,125500,11.74006900564972,0,0,0,1,0,0,0,0,0,0,0,0,0,0,0,0,1,0,0,0,0,0,0,1,0,1,0,0,0,0,0,0,0,0,0,0,0,0,0,0,0,0,0,0,0,0,0,1,0,0,0,0,0,0,0,0,1,0,0,0,0,0,0,0,1,0,0,0,0,0,0,0,1,0,0,0,0,0,1,0,0,0,0,0,0,0,0,1,0,0,0,0,1,0,0,0,0,0,0,0,0,0,0,0,0,0,0,0,1,0,0,0,0,0,0,0,1,0,0,0,0,0,0,0,0,0,0,0,0,0,1,0,0,0,1,0,0,0,0,0,1,0,0,0,0,0,1,0,0,0,0,0,0,1,0,0,1,0,0
906,3,0.469964168048189,0.07624603793501579,0.0,0.0,0.0,0.0,-0.5,0.0,-0.375,-1.0526315789473684,0.8909793561807442,0.0,0.0,-1.0,0.0,0.0,-0.2,-0.04172461752433936,0.4638544907568095,8.946560885133437,-0.11857912729626681,0.12157448928749377,-0.5,0.0,-0.06465504619763275,0.0,0.0,-0.7141708551273653,1.0,0.0,-1.0,0.0,0.0,0.0,0.0,0.0,0.0,-1.0,-0.5,0.0,-1.0,-0.8502109704641351,0.0,0.0,0.0,0.0,-0.7117967261714493,7.6727449866678565,0.0,0.0,0.0,0.0,1.5409627556327752,0.0,2,2010,一般保證契約,一般交易,128000,11.759793355371237,0,0,0,1,0,0,0,0,0,0,0,0,0,0,0,0,1,0,0,0,0,0,0,1,0,1,0,0,0,0,0,0,0,0,1,0,0,0,0,0,0,0,0,0,0,0,0,0,0,0,0,0,0,0,0,0,1,0,0,0,0,0,0,0,1,0,0,0,0,0,0,0,1,0,0,0,0,0,1,0,0,0,0,0,0,0,0,1,0,0,0,0,1,0,0,0,0,0,0,0,0,0,0,0,0,0,0,0,1,0,0,0,0,0,0,0,0,0,0,0,0,0,0,0,1,0,0,0,0,1,0,0,0,0,1,0,0,0,0,0,1,0,0,0,0,0,1,0,0,0,0,0,0,1,0,0,1,0,0
909,1,0.04944338438861053,-0.1784934599246238,0.0,0.0,-1.0,-0.4638544907568095,-0.5,0.0,0.22916666666666666,-0.2894736842105263,0.0,0.0,0.0,0.0,0.0,1.7473143510832982,0.0,-0.11543810848400557,1.3251783909391408,9.207511306740143,-0.5195240724668382,-0.2610861983059293,-0.5,0.0,-0.42302043580810816,0.0,0.0,-1.0614008588493158,1.0,0.0,-1.0,0.0,-1.0,0.0,0.0,-0.5,0.0,-1.0,-0.5,-1.0,0.0,0.010548523206751054,0.0,0.0,0.0,0.9933180246553567,-0.7117967261714493,0.0,0.0,0.0,0.0,0.0,1.5409627556327752,0.0,6,2006,一般保證契約,一般交易,131000,11.782960235741939,0,0,0,1,0,0,0,0,0,0,0,0,0,0,0,0,1,0,0,0,1,0,0,0,0,1,0,0,0,0,0,0,0,0,0,0,0,0,0,0,0,0,0,0,0,0,1,0,0,0,0,0,0,0,0,0,1,0,0,0,0,0,0,0,1,0,0,0,0,0,0,0,1,0,0,0,0,0,1,0,0,0,0,0,0,0,0,1,0,0,0,0,1,0,0,0,0,0,0,0,0,0,0,0,0,0,0,0,1,0,0,0,0,0,0,0,0,0,0,0,0,0,0,0,1,0,0,0,1,0,0,0,0,0,1,0,0,0,0,0,1,0,0,0,0,0,1,0,0,0,0,0,0,1,0,0,1,0,0
910,0,2.7952293248462943,0.6417099540000311,0.0,0.0,-2.338124978532008,0.0,0.0,0.0,0.6875,0.2894736842105263,0.0,1.0,0.0,0.0,0.0,0.0,-0.6,-0.5340751043115438,0.0,0.0,0.35358023968908214,-0.5042351768809168,0.5,0.0,-0.8376913541422599,1.004550331851569,0.0,0.018263964773292146,0.0,0.0,0.0,1.0,0.0,0.0,1.0,1.0,0.0,0.0,0.5,1.0,0.0,-0.3860759493670886,0.0,0.0,0.0,0.6203918884281814,-0.03050025401873223,0.0,0.0,0.0,0.0,0.0,0.0,0.0,6,2009,一般保證契約,一般交易,174000,12.066816325306588,0,0,0,0,0,0,0,0,1,0,0,0,0,0,0,0,1,0,0,0,0,0,0,1,0,1,0,0,0,0,0,0,0,0,0,1,0,0,0,0,0,0,0,0,0,0,0,0,0,0,0,0,0,0,0,0,1,0,0,0,0,0,0,0,1,0,0,0,0,0,0,0,1,0,0,0,0,0,0,0,0,1,0,0,0,0,0,1,0,0,0,0,1,0,0,0,0,1,0,0,0,0,0,0,0,0,0,0,0,0,0,0,1,0,0,0,0,0,0,0,0,0,0,0,0,0,0,0,1,0,0,0,0,1,0,0,0,0,0,0,1,0,0,0,0,0,1,0,0,0,0,0,0,1,0,0,1,0,0
912,4,0.0,-0.07694588673812428,0.0,0.0,-1.0,-0.4638544907568095,-0.5,2.0,0.10416666666666667,-0.13157894736842105,0.0,0.0,0.0,0.0,0.2793713480100486,1.7473143510832982,0.2,-0.2614742698191933,0.0,0.0,0.6709447086845566,0.5440956651718983,-0.5,0.0,0.3301450084628356,0.0,0.0,-0.331638310346223,0.0,0.0,-1.0,1.0,0.0,0.0,1.0,-0.5,0.0,-1.0,-0.5,-1.0,-1.0,-0.9683544303797469,0.0,0.0,0.0,1.0081659598352644,-0.7117967261714493,0.0,0.0,0.0,0.0,0.0,0.0,0.0,10,2009,一般保證契約,一般交易,143500,11.874097282798648,0,0,0,1,0,0,0,0,0,0,0,0,0,0,0,0,1,0,0,0,0,0,0,1,0,0,0,1,0,0,0,0,0,0,0,0,1,0,0,0,0,0,0,0,0,0,0,0,0,0,0,0,0,0,0,0,1,0,0,0,0,0,0,0,1,0,0,0,0,0,0,0,1,0,0,0,0,0,1,0,0,0,0,0,0,0,0,1,0,0,0,0,1,0,0,0,0,0,0,0,0,0,0,0,0,0,0,0,1,0,0,0,0,0,0,1,0,0,0,0,0,0,0,0,0,0,0,0,1,0,0,0,0,0,1,0,0,0,0,0,1,0,0,0,0,0,1,0,0,0,0,1,0,0,0,0,1,0,0
913,1,-1.0745234809577138,-1.0097738386911663,0.0,0.0,0.0,0.0,-0.5,2.0,-0.9791666666666666,-1.1578947368421053,0.0,0.0,0.0,-1.0,0.0,0.0,-0.2,0.14603616133518776,0.0,0.0,-0.4089600761284253,-0.45241654210264076,-0.5,-0.7304631471189668,-0.16637759449485534,0.0,0.0,-0.8127326075952671,0.0,0.0,-1.0,0.0,0.0,0.0,0.0,0.0,-0.18059459163956637,-1.0,-0.5,-1.0,-1.0,-0.13291139240506328,0.0,0.0,0.0,0.0,-0.7117967261714493,6.88118732376381,0.0,7.020909424392294,0.0,0.0,1.5409627556327752,10.82666301420213,7,2006,一般保證契約,異常交易(如法拍),88000,11.385103457032141,0,0,1,0,0,0,0,0,0,0,0,0,0,0,0,1,0,0,0,0,0,0,0,1,0,1,0,0,0,0,0,0,0,0,0,0,0,0,0,1,0,0,0,0,0,0,0,0,0,0,0,0,0,0,0,0,1,0,0,0,0,0,0,0,1,0,0,0,0,0,0,0,1,0,0,0,0,0,1,0,0,0,0,0,0,0,0,1,0,0,0,0,1,0,0,0,0,0,0,0,0,0,0,0,0,0,0,0,0,1,0,0,0,0,0,0,0,0,0,0,0,0,0,0,0,1,0,0,1,0,0,0,0,0,0,0,1,0,0,0,1,0,0,0,0,0,1,0,0,0,0,1,0,0,1,0,0,0,0
914,0,0.5579814411897118,-0.9571817859990532,0.0,0.0,0.0,0.0,-0.5,1.0,-0.4791666666666667,-1.1578947368421053,0.0,0.0,0.0,-1.0,0.0,0.0,0.0,-0.13908205841446453,0.0,0.0,0.3249053295061943,0.01195814648729447,-0.5,-0.7304631471189668,-0.1968158477837515,1.0778211178459132,0.0,0.7076046267317023,0.0,0.0,0.0,0.0,1.0,0.4638544907568095,0.0,1.0,0.0,-1.0,-0.5,-1.0,1.0,1.6434599156118144,0.0,0.0,0.0,0.0,-0.7117967261714493,0.0,0.0,0.0,0.0,0.0,0.0,0.0,8,2007,一般保證契約,一般交易,145000,11.884495917930655,0,0,0,0,0,0,0,0,0,0,0,0,0,0,1,0,0,0,0,1,0,0,1,0,0,1,0,0,0,0,1,0,0,0,0,0,0,0,0,0,0,0,0,0,0,0,0,0,0,0,0,0,0,0,0,0,1,0,0,0,0,0,0,0,1,0,0,0,0,0,0,0,0,0,0,1,0,0,0,0,0,1,0,0,0,0,0,1,0,0,0,0,1,0,0,0,0,0,0,0,0,0,0,0,0,0,0,0,0,1,0,0,0,0,0,0,0,0,0,0,0,0,0,0,0,1,0,0,1,0,0,0,0,0,1,0,0,0,0,0,1,0,0,0,0,1,0,0,0,1,0,0,0,0,0,0,1,0,0
915,0,-2.751897978537715,-2.4755774916232816,0.0,1.1943176378757763,0.0,0.0,0.0,0.0,0.7708333333333334,0.39473684210526316,0.7970951615352977,1.0,0.0,0.0,0.0,1.7473143510832982,0.4,-0.12517385257301808,0.0,0.0,-0.3134131816382253,-0.763328350772297,0.5,0.0,-1.2349213143892794,0.9591353470081326,0.0,-0.4090642549026167,0.0,0.0,0.0,1.0,-1.0,0.0,1.0,-1.0,0.0,-1.0,-0.5,0.0,0.0,0.1962025316455696,0.0,0.0,0.0,0.0,0.6801885944567333,0.0,0.0,0.0,0.0,0.0,0.0,0.0,6,2009,新屋,預售屋(估價時未完工),173733,12.065280672855897,0,0,0,0,0,0,0,0,0,1,0,0,0,0,0,0,0,0,1,0,0,0,0,1,0,1,0,0,0,0,0,0,0,0,0,0,0,0,0,0,0,0,0,0,0,0,0,0,0,0,1,0,0,0,0,0,1,0,0,0,0,0,0,0,1,0,0,0,0,0,0,0,0,0,1,0,0,0,0,0,0,1,0,0,0,0,0,1,0,0,0,0,1,0,0,0,0,1,0,0,0,0,0,0,0,0,0,0,0,0,0,0,1,0,0,0,0,0,0,0,0,0,0,0,0,0,0,0,0,1,0,0,0,1,0,0,0,0,0,0,1,0,0,0,0,0,1,0,0,0,0,1,0,0,0,0,1,0,0
919,0,1.387326425198947,0.7427570229362742,0.0,0.0,-1.0,0.0,0.5,0.0,0.3958333333333333,-0.07894736842105263,0.0,1.0,0.0,0.8422747575632559,0.0,1.0,0.0,-0.4673157162726008,1.5292106396041039,10.885260162478508,-0.10014500940757039,0.21723966118584953,0.5,0.0,-0.3992397604519068,1.1270292123623813,0.0,0.8508655476721755,1.0,0.0,0.0,1.0,1.0,0.0,1.0,1.0,0.0,0.0,0.25,0.0,1.0,1.4831223628691983,0.0,0.0,0.0,0.7795782642142528,0.6077326368495324,8.355622538951035,0.0,0.0,0.0,0.0,1.8203341036428238,0.0,11,2007,一般保證契約,一般交易,238000,12.380030154325457,0,0,0,0,0,0,0,0,1,0,0,0,0,0,0,0,1,0,0,0,0,0,0,1,0,0,0,0,1,0,0,0,0,0,0,0,0,0,0,0,0,0,0,0,0,0,0,0,0,0,0,0,0,1,0,0,1,0,0,0,0,0,0,0,1,0,0,0,0,0,0,0,1,0,0,0,0,0,0,0,0,1,0,0,0,0,0,1,0,0,0,0,1,0,0,0,0,0,0,0,0,0,0,0,0,0,0,0,1,0,0,0,0,0,0,0,0,0,0,0,0,0,0,0,1,0,0,0,1,0,0,0,0,1,0,0,0,0,0,0,1,0,0,0,0,0,1,0,0,0,0,0,0,1,0,0,1,0,0
920,3,0.7703835941214926,0.32525167100238433,0.0,0.0,-1.0,0.0,0.0,3.0,-0.2916666666666667,0.21052631578947367,0.0,1.8422747575632559,0.0,0.0,0.0,0.0,0.2,0.20027816411682892,1.089870956523857,9.782478121330218,-0.5019848967021205,0.37668161434977576,0.5,0.0,0.5794288520553232,0.0,0.0,-0.09010039276850554,1.0,0.0,-1.0,0.0,0.0,0.0,0.0,0.0,-0.18059459163956637,0.0,0.25,-1.0,0.0,0.5042194092827004,0.0,0.0,0.0,0.0,0.17607078341471197,0.0,0.0,7.990963041593332,0.0,0.0,0.0,0.0,5,2008,一般保證契約,一般交易,176500,12.081081821061819,0,0,0,1,0,0,0,0,0,0,0,0,0,0,0,0,1,0,0,0,0,0,0,1,0,0,0,0,1,0,0,0,0,0,1,0,0,0,0,0,0,0,0,0,0,0,0,0,0,0,0,0,0,0,0,0,1,0,0,0,0,0,0,0,1,0,0,0,0,0,0,0,1,0,0,0,0,0,1,0,0,0,0,0,0,1,0,0,0,0,0,0,1,0,0,0,0,0,0,0,0,0,0,0,0,0,0,0,0,1,0,0,0,0,0,0,0,0,0,0,0,0,0,0,0,1,0,0,1,0,0,0,0,0,1,0,0,0,0,0,1,0,0,0,0,0,1,0,0,0,0,0,0,1,0,0,1,0,0
921,4,0.0,-0.2899247469150062,0.0,0.0,-1.0,0.0,0.0,0.0,0.4583333333333333,0.0,0.8788618630322447,1.0,0.2793713480100486,0.0,0.2793713480100486,0.0,0.4,0.5980528511821975,0.0,0.0,-1.0133788001157535,-0.13353263577478824,0.5,0.0,-0.3430569280284727,1.018084716691432,0.0,0.35551062269153566,0.0,0.7304631471189668,0.0,1.0,0.0,0.0,1.0,0.5,0.0,-1.0,-0.5,0.0,0.0,-0.04430379746835443,0.0,0.0,0.0,1.168497009764084,0.33910837831011187,0.0,0.0,0.0,0.0,0.0,0.0,0.0,7,2007,一般保證契約,一般交易,201000,12.211065162153215,0,0,0,0,0,0,0,0,1,0,0,0,0,0,0,0,1,0,0,0,0,0,0,1,0,1,0,0,0,0,0,0,0,0,0,0,0,0,0,0,0,0,0,0,0,0,0,0,0,0,0,0,0,1,0,0,1,0,0,0,0,0,0,0,1,0,0,0,0,0,0,0,1,0,0,0,0,0,0,0,0,1,0,0,0,0,0,1,0,0,0,0,1,0,0,0,0,0,0,0,0,0,0,0,0,0,0,0,1,0,0,0,0,0,0,0,0,0,0,0,0,0,0,0,1,0,0,0,0,0,1,0,0,1,0,0,0,0,0,0,1,0,0,0,0,0,1,0,0,0,0,0,0,1,0,0,1,0,0
922,1,-0.15196723459603825,-0.206508077056391,0.0,0.0,0.0,0.0,-0.5,2.0,-1.5,0.23684210526315788,0.0,0.0,0.0,-1.0,0.0,0.0,0.2,0.9735744089012517,0.0,0.0,-0.6858963902186918,0.5520677628300946,0.0,0.0,0.3372921150538984,1.0589760775400927,0.0,0.9312526118732617,2.0,0.0,0.0,2.0,1.0,0.4638544907568095,0.0,1.5,0.0,-1.0,-0.5,-2.0,-2.0,-2.0316455696202533,-1.5409627556327752,-1.5409627556327752,-1.1943176378757763,0.0,0.2710282619567992,0.0,0.0,0.0,0.0,0.0,1.8203341036428238,0.0,9,2008,一般保證契約,一般交易,145900,11.890683588496984,0,0,0,0,0,0,0,0,0,0,0,0,0,0,1,0,1,0,0,0,0,0,0,1,0,1,0,0,0,0,0,0,0,0,0,0,0,0,0,0,0,1,0,0,0,0,0,0,0,0,0,0,0,0,0,0,0,0,0,0,0,0,1,0,1,0,0,0,0,0,0,0,0,0,0,1,1,0,0,0,0,0,0,0,0,0,0,1,0,0,0,0,1,0,0,0,0,0,0,0,0,0,0,0,0,0,0,0,0,1,0,0,0,0,0,0,0,0,0,0,0,0,0,0,0,1,0,0,1,0,0,0,0,0,1,0,0,0,0,0,1,0,0,0,0,0,1,0,0,0,1,0,0,0,0,0,1,0,0
924,1,-1.1398722399119068,-0.41379180141016875,0.0,0.0,0.0,0.0,0.0,0.0,0.4375,0.0,0.0,1.0,0.0,0.0,0.0,0.0,-0.4,-0.3045897079276773,1.5292106396041039,11.64405894253928,0.17551828856006704,1.2137518684603887,0.5,0.0,0.8919536832864389,0.0,0.0,0.21271344321475077,1.0,0.0,0.0,0.0,-1.0,0.0,1.0,-0.5,0.0,0.0,0.0,0.0,0.0,0.21729957805907174,0.0,0.0,0.0,0.0,0.26660623893465385,0.0,0.0,0.0,0.0,0.0,0.0,0.0,7,2008,一般保證契約,一般交易,193000,12.170450649220749,0,0,0,0,0,1,0,0,0,0,0,0,0,0,0,0,1,0,0,0,0,0,0,1,0,1,0,0,0,0,0,0,0,0,0,0,0,0,0,0,0,0,0,0,0,0,0,0,0,0,0,0,0,1,0,0,1,0,0,0,0,0,0,0,1,0,0,0,0,0,0,0,0,0,1,0,0,0,1,0,0,0,0,0,0,0,0,1,0,0,0,0,1,0,0,0,0,0,0,1,0,0,0,0,0,0,0,0,0,0,0,0,0,0,0,1,0,0,0,0,0,0,0,0,0,0,0,0,1,0,0,0,0,1,0,0,0,0,0,0,1,0,0,0,0,0,1,0,0,0,0,0,0,1,0,0,1,0,0
925,2,0.42526075804806646,0.15042956242597302,0.0,0.0,0.0,0.0,0.0,1.0,0.16666666666666666,-0.3684210526315789,0.9866329586817556,0.0,0.2793713480100486,0.0,0.0,0.0,0.0,0.33518776077885953,0.4638544907568095,12.292856842844163,-3.1687229326517117,1.377179870453413,-0.5,0.0,0.990598022264513,0.0,0.0,0.30829263468671864,1.0,0.0,0.0,0.0,0.0,0.0,0.0,0.5,0.0,0.0,0.25,-1.0,0.0,0.5506329113924051,0.0,0.0,0.0,1.2449041996358075,0.47384190896098016,0.0,0.0,0.0,0.0,0.0,0.0,0.0,5,2006,一般保證契約,一般交易,207500,12.242891437918386,0,0,0,1,0,0,0,0,0,0,0,0,0,0,0,0,1,0,0,0,0,0,0,1,0,1,0,0,0,0,0,0,0,0,0,0,0,0,0,0,0,0,0,0,0,0,0,0,0,0,0,0,1,0,0,0,1,0,0,0,0,0,0,0,1,0,0,0,0,0,0,0,1,0,0,0,0,0,1,0,0,0,0,0,0,0,0,1,0,0,0,0,1,0,0,0,0,0,0,1,0,0,0,0,0,0,0,0,0,0,0,0,0,0,0,1,0,0,0,0,0,0,0,0,0,0,0,0,0,0,1,0,0,0,1,0,0,0,0,0,1,0,0,0,0,0,1,0,0,0,0,0,0,1,0,0,1,0,0
927,2,1.0121258590460687,0.5261638830775911,0.0,0.0,0.0,0.0,1.0,0.0,0.6458333333333334,0.2631578947368421,1.2134538457021296,1.0,0.0,0.0,0.0,0.0,-0.6,-0.5340751043115438,0.0,0.0,0.7574414095374953,0.37070254110612855,0.5,0.0,0.2686089141358078,1.110687510221528,0.0,1.114088392307039,0.0,0.0,0.0,1.0,1.0,0.0,2.0,2.0,0.0,0.0,0.5,1.0,1.0,0.7362869198312236,0.0,0.0,0.0,0.8716306951678419,0.3839769150857809,0.0,0.0,0.0,0.0,0.0,0.0,0.0,5,2007,一般保證契約,一般交易,285000,12.560247968016562,0,0,0,0,0,0,0,0,1,0,0,0,0,0,0,0,1,0,0,0,0,0,0,1,0,1,0,0,0,0,0,0,0,1,0,0,0,0,0,0,0,0,0,0,0,0,0,0,0,0,0,0,0,0,0,0,1,0,0,0,0,0,0,0,1,0,0,0,0,0,0,0,1,0,0,0,0,0,0,0,0,1,0,0,0,1,0,0,0,0,0,0,1,0,0,0,0,1,0,0,0,0,0,0,0,0,0,0,0,0,0,0,1,0,0,0,0,0,0,0,0,0,0,0,0,0,0,0,0,0,1,0,0,1,0,0,0,0,0,0,1,0,0,0,0,0,1,1,0,0,0,0,0,0,0,0,1,0,0
928,3,0.469964168048189,0.0715423647485903,0.0,0.0,0.0,0.0,0.5,0.0,-0.08333333333333333,-0.6842105263157895,1.2152802898340767,0.0,0.0,-1.0,0.0,0.0,0.0,0.2336578581363004,0.0,0.0,-0.4063726775267849,-0.32486297957149973,0.0,0.0,0.00708621520569161,1.045886642653871,0.0,0.6792326434742547,0.0,0.0,0.0,1.0,1.0,0.0,0.0,1.5,0.0,0.0,0.5,0.0,0.0,0.0189873417721519,0.0,0.0,0.0,0.0,0.12693434360127892,0.0,0.0,0.0,0.0,0.0,1.8203341036428238,0.0,4,2008,一般保證契約,一般交易,176000,12.07824495582233,0,0,0,0,0,0,0,0,1,0,0,0,0,0,0,0,1,0,0,0,0,0,0,1,0,1,0,0,0,0,0,0,0,0,0,0,0,0,0,0,0,0,0,0,0,0,0,0,0,0,0,0,1,0,0,0,0,0,0,0,0,0,1,0,1,0,0,0,0,0,0,0,1,0,0,0,0,0,0,0,0,1,0,0,0,0,0,1,0,0,0,0,1,0,0,0,0,0,0,0,0,0,0,0,0,0,0,0,0,1,0,0,0,0,0,0,0,0,0,0,0,0,0,0,0,1,0,0,0,0,1,0,0,0,1,0,0,0,0,0,1,0,0,0,0,0,1,0,0,0,0,0,0,1,0,0,1,0,0
929,2,0.0,0.4937956779476879,0.0,0.0,0.0,0.0,1.0,0.0,0.6041666666666666,0.18421052631578946,0.0,1.0,0.0,0.0,0.0,1.7473143510832982,-0.6,-0.5340751043115438,0.0,0.0,1.1236049203896628,1.5107125062282012,0.5,0.0,1.1303151385528387,0.0,0.0,0.44366836073422494,0.0,0.0,0.0,0.0,0.0,0.0,2.0,0.5,0.0,0.0,0.25,0.0,0.0,0.17088607594936708,0.0,0.0,0.0,1.0519379273040677,0.5226763900052885,0.0,0.0,0.0,0.0,0.0,0.0,0.0,6,2009,一般保證契約,一般交易,236500,12.373707715234994,0,0,0,1,0,0,0,0,0,0,0,0,0,0,0,0,1,0,0,0,0,0,0,1,0,1,0,0,0,0,0,0,0,0,0,0,1,0,0,0,0,0,0,0,0,0,0,0,0,0,0,0,0,0,0,0,1,0,0,0,0,0,0,0,1,0,0,0,0,0,0,0,1,0,0,0,0,0,1,0,0,0,0,0,0,1,0,0,0,0,0,0,1,0,0,0,0,1,0,0,0,0,0,0,0,0,0,0,0,0,0,0,1,0,0,0,0,0,0,0,0,0,0,0,0,0,0,0,1,0,0,0,0,1,0,0,0,0,0,0,1,0,0,0,0,0,1,0,0,0,0,0,0,1,0,0,1,0,0
930,4,-0.2564764364743176,0.7206301102567803,0.0,0.0,-1.0,0.0,0.5,0.0,0.5208333333333334,0.07894736842105263,1.1592616141091374,0.0,0.0,0.0,0.0,0.0,-0.6,-0.5340751043115438,0.0,0.0,0.5775329327260362,-0.06178375685102142,0.0,0.0,-0.2143718068404768,1.1329109319286528,0.0,0.9700641784713413,0.0,0.0,0.0,1.0,1.0,0.0,1.0,1.0,0.0,0.0,0.25,1.0,0.0,0.6772151898734177,0.0,0.0,0.0,0.0,-0.7117967261714493,0.0,0.0,0.0,0.0,0.0,0.0,0.0,11,2006,一般保證契約,一般交易,222000,12.310437165348775,0,0,0,0,0,0,0,0,1,0,0,0,0,0,0,0,1,0,0,0,0,0,0,1,0,0,0,0,1,0,0,0,0,0,0,1,0,0,0,0,0,0,0,0,0,0,0,0,0,0,0,0,0,0,0,0,1,0,0,0,0,0,0,0,1,0,0,0,0,0,0,0,1,0,0,0,0,0,0,0,0,1,0,0,0,0,0,1,0,0,0,0,1,0,0,0,0,0,0,0,0,0,0,0,0,0,0,0,1,0,0,0,0,0,0,0,0,0,0,0,0,0,0,0,1,0,0,0,0,0,1,0,0,1,0,0,0,0,0,0,1,0,0,0,0,0,1,1,0,0,0,0,0,0,0,0,1,0,0
932,1,0.0,-0.12357451598818124,0.0,0.0,0.0,0.0,-0.5,1.0,-0.14583333333333334,-0.7631578947368421,0.0,0.0,0.0,-1.0,0.0,0.0,0.0,-0.06397774687065369,0.8104996085138084,10.094578286932387,-0.975696041739105,-0.1395117090184355,0.5,0.0,-0.3686536839328447,0.0,0.0,-1.0087234296017056,0.0,0.7304631471189668,-1.0,0.0,-1.0,0.0,0.0,-0.5,0.0,-1.0,-0.5,-1.0,-1.0,-0.22151898734177214,0.0,0.0,0.0,0.0,-0.7117967261714493,0.0,0.0,0.0,0.0,0.0,1.1943176378757763,0.0,7,2009,一般保證契約,一般交易,117500,11.674202123168433,0,0,0,1,0,0,0,0,0,0,0,0,0,0,0,0,1,0,0,0,0,0,0,1,0,1,0,0,0,0,0,0,0,0,1,0,0,0,0,0,0,0,0,0,0,0,0,0,0,0,0,0,0,0,0,0,1,0,0,0,0,0,0,0,1,0,0,0,0,0,0,0,1,0,0,0,0,0,1,0,0,0,0,0,0,0,0,1,0,0,0,0,1,0,0,0,0,1,0,0,0,0,0,0,0,0,0,0,0,0,0,0,1,0,0,0,0,0,0,0,0,0,0,0,0,0,0,0,1,0,0,0,0,0,1,0,0,0,0,0,1,0,0,0,0,0,1,0,0,0,0,1,0,0,0,0,1,0,0
933,3,0.6442140439022846,0.45961877242592986,0.0,0.0,-1.0,0.0,1.5,0.0,0.7083333333333334,0.3157894736842105,1.1768943166800108,1.8422747575632559,0.0,0.8422747575632559,0.2793713480100486,0.0,-0.6,-0.5340751043115438,0.0,0.0,1.2035078180609313,1.8136522172396612,0.5,0.0,1.2824738965923665,0.0,0.0,0.5910991329352471,0.0,0.0,0.0,0.0,0.0,0.0,2.0,1.0,0.0,0.0,0.5,1.0,1.0,1.2932489451476794,0.0,0.0,0.0,0.0,0.6058498087652932,0.0,0.0,0.0,0.0,0.0,0.0,0.0,3,2007,一般保證契約,一般交易,320000,12.676079399771027,0,0,0,1,0,0,0,0,0,0,0,0,0,0,0,0,1,0,0,0,0,0,0,1,0,0,0,0,1,0,0,0,0,0,0,0,0,0,0,0,0,0,0,0,0,0,0,0,0,0,1,0,0,0,1,0,0,0,0,0,0,0,0,0,1,0,0,0,0,0,0,0,1,0,0,0,0,0,1,0,0,0,0,0,0,1,0,0,0,0,0,0,1,0,0,0,0,1,0,0,0,0,0,0,0,0,0,0,0,0,0,0,0,1,0,0,0,0,0,0,0,0,0,0,0,0,0,0,0,1,0,0,0,1,0,0,0,0,0,0,1,0,0,0,0,0,1,0,0,0,0,0,0,1,0,0,1,0,0
934,1,-0.3637131127598576,-0.283208809976022,0.0,0.0,0.0,0.0,0.5,0.0,0.6666666666666666,0.2631578947368421,1.0688657786037146,1.0,0.0,0.0,0.0,1.7473143510832982,0.4,-0.5062586926286509,0.0,0.0,0.9639935142352147,1.0064773293472844,0.5,0.0,0.7162008837290705,0.0,0.0,0.04242176044153144,0.0,0.0,0.0,0.0,0.0,0.0,1.0,0.0,0.0,-1.0,-0.5,0.0,0.0,0.37341772151898733,0.0,0.0,0.0,1.0374820403803926,0.07725337927507323,0.0,0.0,0.0,0.0,0.0,0.0,0.0,8,2009,一般保證契約,一般交易,190000,12.154784614286667,0,0,0,1,0,0,0,0,0,0,0,0,0,0,0,0,1,0,0,0,0,0,0,1,0,0,1,0,0,0,0,0,0,0,0,0,1,0,0,0,0,0,0,0,0,0,0,0,0,0,0,0,0,0,0,0,1,0,0,0,0,0,0,0,1,0,0,0,0,0,0,0,1,0,0,0,0,0,1,0,0,0,0,0,0,0,0,1,0,0,0,0,1,0,0,0,0,1,0,0,0,0,0,0,0,0,0,0,0,0,0,0,1,0,0,0,0,0,0,0,0,0,0,0,0,0,0,0,0,0,1,0,0,1,0,0,0,0,0,0,1,0,0,0,0,0,1,0,0,0,0,0,0,1,0,0,1,0,0
935,2,5.881709762639589,2.6592904140522635,0.0,0.0,-2.338124978532008,-0.4638544907568095,0.5,2.0,-0.25,0.34210526315789475,0.0,0.0,0.0,0.0,0.0,2.3495966477454164,0.4,0.05702364394993046,0.0,0.0,-0.7942671240185731,-0.817140009965122,0.5,0.0,1.4829106765846356,0.0,0.0,0.7853077978355613,1.0,0.0,0.0,0.0,1.0,0.0,1.0,1.5,0.0,0.0,0.5,0.0,0.0,0.09915611814345991,0.0,0.0,0.0,0.0,-0.7117967261714493,0.0,0.0,0.0,0.0,0.0,0.0,0.0,11,2008,一般保證契約,一般交易,242000,12.396697137361691,0,0,0,1,0,0,0,0,0,0,0,0,0,0,0,0,1,0,0,0,0,0,1,0,0,1,0,0,0,0,0,0,0,0,1,0,0,0,0,0,0,0,0,0,0,0,0,0,0,0,0,0,0,0,0,0,0,1,0,0,0,0,0,0,1,0,0,0,0,0,0,0,1,0,0,0,0,0,1,0,0,0,0,0,0,0,0,0,1,0,0,0,0,1,0,0,0,0,0,0,1,0,0,0,0,0,0,0,0,0,0,0,0,0,0,0,1,0,0,0,0,0,0,0,0,0,0,0,1,0,0,0,0,0,1,0,0,0,0,0,1,0,0,0,0,0,1,0,0,0,0,0,0,1,0,0,1,0,0
936,4,-1.010234332078765,-1.1164835086332117,0.0,0.0,-1.0,0.0,-1.0,0.0,-0.9583333333333334,-1.0789473684210527,0.8861891607291794,0.0,0.2793713480100486,-2.24080411332851,0.0,1.0,-0.6,-0.5340751043115438,0.0,0.0,0.17822977640676732,-0.7872446437468859,0.0,0.0,-0.8236313811098769,0.0,0.0,-1.449563734118566,0.0,0.0,-1.0,0.0,-2.0,0.0,0.0,-0.5,0.0,-1.0,-0.5,-1.0,0.0,0.1962025316455696,0.0,0.0,0.0,0.0,-0.7117967261714493,4.597156711708116,0.0,0.0,0.0,0.0,0.0,0.0,6,2006,一般保證契約,一般交易,79900,11.288543647320601,0,0,1,0,0,0,0,0,0,0,0,0,0,0,0,0,1,0,0,0,0,0,0,1,0,1,0,0,0,0,0,0,0,0,0,0,0,0,0,1,0,0,0,0,0,0,0,0,0,0,0,0,0,0,0,0,1,0,0,0,0,0,0,0,1,0,0,0,0,0,0,0,1,0,0,0,0,0,1,0,0,0,0,0,0,0,0,1,0,0,0,0,1,0,0,0,0,0,0,0,0,0,0,0,0,0,0,0,0,1,0,0,0,0,0,0,0,0,0,0,0,0,0,0,0,1,0,0,0,0,1,0,0,1,0,0,0,0,0,0,1,0,0,0,0,0,1,0,0,0,0,1,0,0,0,0,1,0,0
937,4,-0.15196723459603825,0.11428334542625258,0.0,0.0,0.0,0.0,0.5,0.0,0.6458333333333334,0.23684210526315788,0.0,1.0,0.0,0.0,0.0,0.0,0.4,0.6244784422809457,0.0,0.0,-0.25727002181063474,0.36073741903338313,0.5,0.0,0.20561557921250928,0.0,0.0,-0.45229827203806827,1.0,0.0,0.0,0.0,-1.0,0.0,1.0,-0.5,0.0,-1.0,-0.5,0.0,0.0,0.310126582278481,0.0,0.0,0.0,0.0,0.11346893910087874,0.0,0.0,0.0,0.0,0.0,0.0,0.0,8,2009,一般保證契約,一般交易,184900,12.127575825689417,0,0,0,1,0,0,0,0,0,0,0,0,0,0,0,0,1,0,0,0,0,0,0,1,0,1,0,0,0,0,0,0,0,0,0,0,0,0,0,0,0,0,0,0,0,0,0,0,0,0,0,0,0,1,0,0,1,0,0,0,0,0,0,0,1,0,0,0,0,0,0,0,1,0,0,0,0,0,1,0,0,0,0,0,0,0,0,1,0,0,0,0,1,0,0,0,0,1,0,0,0,0,0,0,0,0,0,0,0,0,0,0,1,0,0,0,0,0,0,0,0,0,0,0,0,0,0,0,1,0,0,0,0,1,0,0,0,0,0,0,1,0,0,0,0,0,1,0,0,0,0,0,0,1,0,0,1,0,0
939,3,0.14660387181266663,-0.21094444239049306,0.0,0.0,0.0,0.0,0.5,0.0,0.7083333333333334,0.3157894736842105,0.0,1.0,0.0,0.0,0.2793713480100486,1.0,0.4,0.11126564673157163,0.0,0.0,0.5434804640358671,0.7892376681614349,0.5,0.0,0.5416543604901007,0.9431071024647584,0.0,0.6601550708012996,0.0,0.0,0.0,1.0,0.0,0.0,1.0,0.5,0.0,-1.0,-0.5,0.0,1.0,1.630801687763713,0.0,0.0,0.0,0.0,0.34993965557361234,0.0,0.0,0.0,0.0,0.0,0.0,0.0,8,2006,新屋,預售屋(估價時未完工),239799,12.387560521575551,0,0,0,0,0,0,0,0,1,0,0,0,0,0,0,0,1,0,0,0,0,0,0,1,0,1,0,0,0,0,0,0,0,0,0,0,1,0,0,0,0,0,0,0,0,0,0,0,0,0,0,0,0,0,0,0,1,0,0,0,0,0,0,0,1,0,0,0,0,0,0,0,1,0,0,0,0,0,0,0,0,1,0,0,0,0,0,1,0,0,0,0,1,0,0,0,0,1,0,0,0,0,0,0,0,0,0,0,0,0,0,0,1,0,0,0,0,0,0,0,0,0,0,0,0,0,0,0,1,0,0,0,0,1,0,0,0,0,0,0,1,0,0,0,0,0,1,0,0,0,0,0,0,1,0,0,1,0,0
941,3,-0.8233670642427064,0.6514802725967872,0.0,0.0,-1.0,0.0,0.0,0.0,0.08333333333333333,-0.47368421052631576,0.0,0.0,0.0,-1.0,0.0,2.3495966477454164,-0.2,0.7677329624478443,0.4638544907568095,9.69122459677165,-0.14887849353915222,1.4608868958644743,-0.5,0.0,1.0489755253304933,0.0,0.0,0.3648561901933243,0.0,0.0,0.0,0.0,1.0,0.4638544907568095,0.0,1.0,0.0,-1.0,-0.5,-1.0,0.0,0.39029535864978904,0.0,0.0,0.0,0.6434111977937839,-0.7117967261714493,0.0,0.0,0.0,0.0,0.0,0.0,0.0,7,2006,一般保證契約,一般交易,150900,11.924379271639218,0,0,0,0,0,0,0,0,0,0,0,0,0,0,1,0,1,0,0,0,0,0,0,1,0,1,0,0,0,0,0,0,0,0,0,0,0,0,0,0,0,0,0,0,0,0,1,0,0,0,0,0,0,0,0,0,1,0,0,0,0,0,0,0,1,0,0,0,0,0,0,0,0,0,0,1,0,0,1,0,0,0,0,0,0,0,0,1,0,0,0,0,1,0,0,0,0,0,0,1,0,0,0,0,0,0,0,0,0,0,0,0,0,0,0,1,0,0,0,0,0,0,0,0,0,0,0,0,1,0,0,0,0,0,1,0,0,0,0,0,1,0,0,0,0,0,1,0,0,0,0,0,0,1,0,0,1,0,0
942,4,-0.2564764364743176,-0.2122506482322981,0.0,0.0,-1.0,0.0,0.5,0.0,0.5625,0.13157894736842105,1.1728225666424819,1.0,0.0,0.0,0.0,0.0,0.2,0.5396383866481224,0.0,0.0,-0.5776383314452346,-0.005979073243647235,0.5,0.0,-0.15129194753817657,1.0869307105168786,0.0,0.7749954745433728,1.0,0.0,0.0,1.0,0.0,0.0,1.0,1.0,0.0,0.0,0.25,0.0,0.0,-0.3860759493670886,0.0,0.0,0.0,0.0,-0.7117967261714493,0.0,7.724358962810531,0.0,0.0,0.0,1.8203341036428238,0.0,6,2009,一般保證契約,一般交易,214000,12.273735966890268,0,0,0,0,0,0,0,0,1,0,0,0,0,0,0,0,1,0,0,0,0,0,0,1,0,0,1,0,0,0,0,0,0,0,0,1,0,0,0,0,0,0,0,0,0,0,0,0,0,0,0,0,0,0,1,0,0,0,0,0,0,0,0,0,1,0,0,0,0,0,0,0,1,0,0,0,0,0,0,0,0,1,0,0,0,0,0,1,0,0,0,0,1,0,0,0,0,1,0,0,0,0,0,0,0,0,0,0,0,0,0,0,1,0,0,0,0,0,0,0,0,0,0,0,0,0,0,0,0,0,1,0,0,1,0,0,0,0,0,0,1,0,0,0,0,0,1,1,0,0,0,0,0,0,0,0,1,0,0
943,0,-1.7059765883826772,-0.4999880824260581,0.0,0.0,-1.0,0.0,-1.0,-2.0,0.10416666666666667,-0.4473684210526316,0.0,0.0,0.0,0.0,0.0,2.3495966477454164,0.4,1.4687065368567456,0.0,0.0,-3.1687229326517117,0.8868958644743398,-0.5,0.0,0.6215070865015265,0.0,0.0,-0.049329643340806986,2.0,0.0,0.0,0.0,1.0,0.4638544907568095,0.0,1.0,0.0,-1.0,-0.5,-2.0,-2.0,-2.0316455696202533,-1.5409627556327752,-1.5409627556327752,-1.1943176378757763,1.1891530414438694,-0.7117967261714493,0.0,0.0,0.0,0.0,0.0,0.0,0.0,8,2007,其他,異常交易(如法拍),150000,11.918397239722838,0,0,0,0,0,0,0,0,0,0,0,0,0,0,1,0,1,0,0,0,0,0,0,1,0,1,0,0,0,0,0,0,0,0,0,0,0,0,0,0,0,1,0,0,0,0,0,0,0,0,0,0,0,0,0,0,1,0,0,0,0,0,0,0,1,0,0,0,0,0,0,0,0,0,0,1,0,0,1,0,0,0,0,0,0,0,0,1,0,0,0,0,1,0,0,0,0,0,0,0,0,0,0,0,0,0,0,0,0,1,0,0,0,0,0,0,0,0,0,0,0,0,0,0,0,1,0,0,1,0,0,0,0,1,0,0,0,0,0,0,1,0,0,0,0,0,1,0,0,0,1,0,0,0,0,0,1,0,0
944,0,1.2781087050015416,2.3874498619672333,0.0,0.0,0.0,0.0,-0.5,-1.0,-0.10416666666666667,-0.7105263157894737,0.0,0.0,0.0,-1.0,0.0,1.7473143510832982,-0.6,-0.5340751043115438,0.0,0.0,1.0556737329434236,1.2695565520677627,-0.5,0.0,0.9136981348495747,0.0,0.0,0.23378223561517272,0.0,0.0,0.0,0.0,1.0,0.4638544907568095,0.0,1.0,0.0,-1.0,-0.5,-1.0,0.0,0.3987341772151899,0.0,0.0,-0.4638544907568095,0.0,-0.7117967261714493,0.0,0.0,0.0,0.0,0.0,0.0,0.0,6,2007,一般保證契約,一般交易,143000,11.870606902224587,0,0,0,0,0,0,0,0,0,0,0,0,0,0,1,0,1,0,0,0,1,0,0,0,0,1,0,0,0,0,0,0,0,0,0,0,0,0,0,0,0,0,0,0,0,0,1,0,0,0,0,0,0,0,0,0,1,0,0,0,0,0,0,0,1,0,0,0,0,0,0,0,0,0,0,1,0,0,1,0,0,0,0,0,0,0,0,1,0,0,0,0,1,0,0,0,0,0,0,0,0,0,0,0,0,0,0,0,1,0,0,0,0,0,0,1,0,0,0,0,0,0,0,0,0,0,0,0,1,0,0,0,0,0,1,0,0,0,0,0,1,0,0,0,0,0,1,0,0,0,0,0,0,1,0,0,1,0,0
945,2,0.6866853341578308,0.9654302958240029,0.0,0.0,-1.0,0.0,0.0,1.0,-0.2916666666666667,-0.9473684210526315,1.3632608600079654,0.0,0.0,-1.0,0.0,0.0,0.4,-0.3796940194714882,0.8104996085138084,9.41914552756971,-0.23365998383730394,-0.3507722969606378,0.0,0.0,0.46278341478928714,0.0,0.0,-0.20312133951801922,0.0,0.7304631471189668,-1.0,0.0,0.0,0.0,1.0,0.5,0.0,0.0,0.5,0.0,0.0,0.18354430379746836,0.0,0.0,0.0,0.0,0.438606616804352,0.0,0.0,8.444260751716477,0.0,0.0,0.0,0.0,1,2009,法院或遺產拍賣,異常交易(如法拍),137500,11.83138646878959,0,0,0,1,0,0,0,0,0,0,0,0,0,0,0,0,1,0,0,0,0,0,0,1,0,0,0,1,0,0,0,0,0,0,0,0,0,0,0,0,0,0,0,1,0,0,0,0,0,0,0,0,0,0,0,0,1,0,0,0,0,0,0,0,1,0,0,0,0,0,0,0,1,0,0,0,0,0,0,0,0,0,1,0,0,0,0,1,0,0,0,0,1,0,0,0,0,0,0,0,0,0,0,0,0,0,0,0,1,0,0,0,0,0,0,0,0,0,0,0,0,0,0,0,1,0,0,0,0,0,1,0,0,0,1,0,0,0,0,0,1,0,0,0,0,1,0,0,1,0,0,0,0,0,0,0,1,0,0
946,2,1.2037547390811885,-0.19531919435141393,0.0,0.0,0.0,0.0,-0.5,1.0,-1.7083333333333333,0.05263157894736842,0.0,0.0,0.0,-1.0,0.0,0.0,-0.4,0.9791376912378303,0.0,0.0,-3.1687229326517117,0.18535127055306427,-0.5,0.0,0.1830204359150012,0.9390500172277704,7.020909424392294,0.5465749411319872,0.0,0.0,-1.0,0.0,-1.0,0.0,0.0,0.5,0.0,-1.0,-0.5,-1.0,0.0,-0.10759493670886076,0.0,0.0,0.0,0.6842336616220108,-0.7117967261714493,8.54874312625216,0.0,0.0,0.0,0.0,0.7304631471189668,0.0,9,2009,一般保證契約,一般交易,124900,11.735276702486741,1,0,0,0,0,0,0,0,0,0,0,0,0,0,0,1,0,0,0,0,0,0,0,1,0,0,0,0,1,0,0,0,0,0,0,0,0,0,0,0,0,0,0,0,0,0,0,0,1,0,0,0,0,0,0,0,1,0,0,0,0,0,0,0,1,0,0,0,0,0,0,0,1,0,0,0,1,0,0,0,0,0,0,0,0,1,0,0,0,0,0,0,1,0,0,0,0,1,0,0,0,0,0,0,0,0,0,0,0,0,0,0,1,0,0,0,0,0,0,0,0,0,0,0,0,0,0,0,1,0,0,0,0,0,0,0,1,0,0,0,1,0,0,0,0,0,1,0,0,0,0,1,0,0,0,0,1,0,0
948,1,0.6866853341578308,0.9929018102323052,0.0,0.0,0.0,0.0,1.0,0.0,0.625,0.23684210526315788,1.1029178905985926,1.0,0.0,0.0,0.0,1.7473143510832982,0.4,1.2739916550764951,0.0,0.0,-0.3180644776846775,1.2376681614349776,0.5,0.0,0.9093628659671328,0.0,0.0,0.22958167531044513,1.0,0.0,0.0,0.0,0.0,0.0,1.0,1.5,0.0,0.0,0.5,1.0,1.0,1.3776371308016877,0.0,0.0,0.0,0.0,0.7079040563422723,0.0,0.0,0.0,0.0,0.0,0.0,0.0,11,2007,一般保證契約,一般交易,270000,12.506180941677357,0,0,0,1,0,0,0,0,0,0,0,0,0,0,0,0,1,0,0,0,0,0,0,1,0,1,0,0,0,0,0,0,0,0,0,0,0,0,0,0,0,0,0,1,0,0,0,0,0,0,0,0,0,0,0,0,1,0,0,0,0,0,0,0,1,0,0,0,0,0,0,0,1,0,0,0,0,0,1,0,0,0,0,0,0,1,0,0,0,0,0,0,1,0,0,0,0,1,0,0,0,0,0,0,0,0,0,0,0,0,0,0,1,0,0,0,0,0,0,0,0,0,0,0,0,0,0,0,0,0,1,0,0,1,0,0,0,0,0,0,1,0,0,0,0,0,1,0,0,0,0,0,0,1,0,0,1,0,0
950,2,0.3800798242425943,-0.05861521124186808,0.0,0.0,0.0,0.0,0.0,2.0,0.0,0.3157894736842105,0.0,0.0,0.0,-1.0,0.0,0.0,0.2,0.8317107093184979,0.0,0.0,-0.7191485022500134,0.330842052815147,-0.5,0.0,0.5250649791185047,0.0,0.0,-0.1427750325341068,1.0,0.0,-1.0,1.0,0.0,0.0,1.0,-0.5,0.0,0.0,0.25,0.0,0.0,0.820675105485232,0.0,0.0,0.0,0.0,-0.7117967261714493,0.0,0.0,0.0,0.0,0.0,0.0,0.0,3,2010,一般保證契約,一般交易,197500,12.193498926601634,0,0,0,1,0,0,0,0,0,0,0,0,0,0,0,0,1,0,0,0,0,0,0,1,0,1,0,0,0,0,0,0,0,0,0,0,0,0,0,0,0,0,0,0,0,0,0,0,0,0,0,0,1,0,0,0,1,0,0,0,0,0,0,0,1,0,0,0,0,0,0,0,1,0,0,0,0,0,1,0,0,0,0,0,0,1,0,0,0,0,0,0,1,0,0,0,0,0,0,1,0,0,0,0,0,0,0,0,0,0,0,0,0,0,0,1,0,0,0,0,0,0,0,0,0,0,0,0,1,0,0,0,0,0,1,0,0,0,0,0,1,0,0,0,0,0,1,0,0,0,0,0,0,1,0,0,1,0,0
951,3,-0.5300358319518109,-0.6530991973084603,0.0,0.0,0.0,0.0,-0.5,3.0,-0.4583333333333333,0.21052631578947367,0.0,0.0,0.0,-1.0,0.0,0.0,0.2,0.019471488178025034,1.089870956523857,7.469199663707943,-0.31573572147861223,-0.2610861983059293,0.0,0.0,-0.5154786426099094,0.0,0.0,-1.1509861380717596,1.0,0.0,-1.0,0.0,0.0,0.0,1.0,-0.5,0.0,-1.0,-0.5,0.0,0.0,1.0063291139240507,0.0,0.0,0.0,1.0404233388814466,-0.7117967261714493,0.0,0.0,0.0,0.0,0.0,0.0,0.0,7,2007,一般保證契約,一般交易,129000,11.767575435251748,0,0,0,1,0,0,0,0,0,0,0,0,0,0,0,0,1,0,0,0,0,0,0,1,0,1,0,0,0,0,0,0,0,0,1,0,0,0,0,0,0,0,0,0,0,0,0,0,0,0,0,0,0,0,0,0,1,0,0,0,0,0,0,0,1,0,0,0,0,0,0,0,1,0,0,0,0,0,1,0,0,0,0,0,0,0,0,1,0,0,0,0,1,0,0,0,0,1,0,0,0,0,0,0,0,0,0,0,0,0,0,0,1,0,0,0,0,0,0,0,0,0,0,0,0,0,0,0,1,0,0,0,0,0,1,0,0,0,0,0,1,0,0,0,0,0,1,0,0,0,0,1,0,0,0,0,1,0,0
952,0,-0.5300358319518109,-0.4742079758703001,0.0,0.0,0.0,0.0,-0.5,0.0,-0.14583333333333334,-0.7631578947368421,0.0,0.0,0.0,-1.0,0.0,0.0,0.0,0.3574408901251738,0.0,0.0,-0.6895237619376061,-0.3328350772296961,0.0,0.0,-0.27677873440550543,0.0,0.0,-0.9197032842662212,1.0,0.0,-1.0,0.0,0.0,0.0,0.0,0.0,0.0,-1.0,-0.5,-1.0,-1.0,-0.7658227848101266,0.0,0.0,0.0,1.2741195933776075,-0.7117967261714493,0.0,0.0,0.0,0.0,0.0,1.5409627556327752,0.0,7,2006,一般保證契約,異常交易(如法拍),119900,11.694421681264394,0,0,0,1,0,0,0,0,0,0,0,0,0,0,0,0,0,0,0,1,0,0,0,1,0,0,0,0,1,0,0,0,0,0,0,0,0,0,0,0,0,0,0,0,0,0,0,0,0,0,0,0,0,1,0,0,1,0,0,0,0,0,0,0,1,0,0,0,0,0,0,0,1,0,0,0,0,0,1,0,0,0,0,0,0,0,0,1,0,0,0,0,1,0,0,0,0,1,0,0,0,0,0,0,0,0,0,0,0,0,0,0,1,0,0,0,0,0,0,0,0,0,0,0,0,0,0,0,1,0,0,0,0,0,1,0,0,0,0,0,1,0,0,0,0,0,1,0,0,0,0,1,0,0,0,0,1,0,0
954,3,0.04944338438861053,0.33511235547667706,0.0,0.0,-1.0,-0.4638544907568095,-0.5,-1.0,-0.0625,-0.6578947368421053,1.0978926348789493,0.0,0.0,-1.0,0.0,1.7473143510832982,0.2,0.24756606397774686,0.4638544907568095,8.025268406413499,-1.7860430266897531,-0.4205281514698555,0.5,0.0,0.14492743791583548,1.0226580980491922,0.0,0.6673245963779375,0.0,0.7304631471189668,0.0,1.0,1.0,0.0,0.0,0.5,-0.3846268403045294,0.0,-0.25,0.0,0.0,0.20464135021097046,0.0,0.0,0.0,1.1735236799231838,0.6020590095937528,0.0,0.0,0.0,0.0,0.0,1.5409627556327752,9.715841640087827,9,2008,一般保證契約,一般交易,172000,12.055255569732177,0,0,0,0,0,0,0,0,1,0,0,0,0,0,0,0,1,0,0,0,0,0,0,1,0,1,0,0,0,0,0,0,0,0,0,0,0,0,0,0,0,0,0,0,0,0,1,0,0,0,0,0,0,0,0,0,1,0,0,0,0,0,0,0,1,0,0,0,0,0,0,0,1,0,0,0,0,0,0,0,0,1,0,0,0,0,0,1,0,0,0,0,1,0,0,0,0,0,0,0,0,0,0,0,0,0,0,0,1,0,0,0,0,0,0,0,0,0,0,0,0,0,0,0,1,0,0,0,0,0,1,0,0,0,1,0,0,0,0,0,1,0,0,0,0,0,1,0,0,0,0,0,0,1,1,0,0,0,0
955,3,-2.280291190407216,-0.0487579645529739,0.0,0.0,-1.0,0.0,0.0,0.0,0.0625,-0.5,1.1199566514645258,0.0,0.0,0.0,0.2793713480100486,2.3495966477454164,0.4,0.780250347705146,0.0,0.0,-3.1687229326517117,-0.09965122072745392,-0.5,0.0,-0.24315808046313123,0.0,0.0,-0.8871273153473639,0.0,1.1943176378757763,0.0,0.0,1.0,-0.7304631471189668,0.0,-1.0,0.0,-1.0,-0.5,-2.0,-2.0,-2.0316455696202533,-1.5409627556327752,-1.5409627556327752,0.0,0.0,-0.7117967261714493,0.0,0.0,0.0,0.0,0.0,0.0,0.0,10,2006,一般保證契約,購買相鄰土地,127500,11.755879486687116,0,0,0,0,0,0,0,0,0,0,0,0,0,0,1,0,1,0,0,0,0,0,0,1,0,0,0,1,0,0,0,0,0,0,0,0,0,0,0,0,0,1,0,0,0,0,0,0,0,0,0,0,0,0,0,0,1,0,0,0,0,0,0,0,1,0,0,0,0,0,0,0,0,0,0,1,0,0,0,0,0,0,0,1,0,0,0,0,1,0,0,0,0,1,0,0,0,0,0,0,0,1,0,0,0,0,0,0,0,0,0,0,0,0,0,1,0,0,0,0,0,0,0,0,0,0,0,0,0,0,1,0,0,0,1,0,0,0,0,0,1,0,0,0,0,0,1,0,0,0,1,0,0,0,0,0,1,0,0
956,0,0.5579814411897118,-0.6729212821558275,0.0,0.0,-1.0,0.0,0.0,1.0,-0.5416666666666666,-1.1578947368421053,1.2825868560070506,0.0,0.0,0.0,0.0,0.0,-0.2,0.13908205841446453,0.0,0.0,0.02422228112698635,-0.03188839063278525,-0.5,-0.7304631471189668,-0.24538581416613514,1.0722681522898143,0.0,0.6553650318548805,0.0,0.0,0.0,0.0,1.0,0.4638544907568095,0.0,1.0,0.0,-1.0,-0.5,-1.0,0.0,0.04430379746835443,0.0,0.0,0.0,0.0,-0.7117967261714493,0.0,0.0,0.0,0.0,0.0,0.0,0.0,8,2007,一般保證契約,一般交易,145000,11.884495917930655,0,0,0,0,0,0,0,0,0,0,0,0,0,0,1,0,0,0,0,1,0,0,1,0,0,1,0,0,0,0,1,0,0,0,0,0,0,0,0,0,0,0,0,0,0,0,0,0,0,0,0,0,0,0,0,0,1,0,0,0,0,0,0,0,1,0,0,0,0,0,0,0,0,0,0,1,0,0,0,0,0,1,0,0,0,0,0,1,0,0,0,0,1,0,0,0,0,0,0,0,0,0,0,0,0,0,0,0,0,1,0,0,0,0,0,0,0,0,0,0,0,0,0,0,0,1,0,0,0,0,1,0,0,0,1,0,0,0,0,0,1,0,0,0,1,0,0,0,0,0,0,0,0,1,0,0,1,0,0
957,4,-3.412047956290646,-4.0061919566295225,0.0,0.0,0.0,0.0,0.0,1.0,0.16666666666666666,-0.3684210526315789,0.0,0.0,0.0,0.0,0.0,0.0,0.2,-0.1376912378303199,0.0,0.0,-0.416769680801945,-0.8649725959143,-0.5,0.0,-1.4106010988856668,0.9796152048559065,0.0,-0.40014790526361593,0.0,0.0,-1.0,1.0,-1.0,0.0,0.0,-0.5,0.0,0.0,0.25,1.0,0.0,-0.08227848101265822,0.0,0.0,0.0,0.9687918024426936,-0.7117967261714493,0.0,0.0,0.0,0.0,0.0,1.8203341036428238,0.0,5,2009,一般保證契約,一般交易,124000,11.728044909070785,0,0,0,0,0,0,0,0,0,1,0,0,0,0,0,1,0,0,0,0,0,0,0,1,0,1,0,0,0,0,0,0,0,0,0,0,0,0,0,0,0,0,0,0,0,0,0,0,0,0,0,1,0,0,0,0,1,0,0,0,0,0,0,0,1,0,0,0,0,0,0,0,0,0,1,0,0,0,0,0,0,1,0,0,0,0,0,1,0,0,0,0,1,0,0,0,0,0,0,0,0,0,0,0,0,0,0,0,0,1,0,0,0,0,0,0,0,0,0,0,0,0,0,0,0,1,0,0,1,0,0,0,0,0,1,0,0,0,0,0,1,0,0,0,0,0,1,0,0,0,0,0,0,1,0,0,1,0,0
958,1,0.0,-0.5860837276227793,0.0,0.0,0.0,0.0,-0.5,0.0,-0.20833333333333334,-0.8421052631578947,0.0,0.0,0.0,-1.0,0.0,0.0,-0.2,0.0458970792767733,0.0,0.0,0.2309110365646423,0.12356751370204284,-0.5,0.0,-0.07715440652773492,0.0,0.0,-0.7262818263867854,0.0,0.0,-1.0,0.0,0.0,0.0,0.0,0.0,0.0,-1.0,-0.5,1.0,0.0,0.3987341772151899,0.0,0.0,0.0,0.0,-0.7117967261714493,0.0,0.0,0.0,0.0,0.0,0.0,0.0,4,2007,一般保證契約,一般交易,132000,11.790564777297387,0,0,0,1,0,0,0,0,0,0,0,0,0,0,0,0,1,0,0,0,0,0,0,1,0,1,0,0,0,0,0,0,0,0,0,0,0,0,0,0,0,0,0,0,0,0,0,1,0,0,0,0,0,0,0,0,1,0,0,0,0,0,0,0,1,0,0,0,0,0,0,0,1,0,0,0,0,0,1,0,0,0,0,0,0,1,0,0,0,0,0,0,1,0,0,0,0,0,0,0,0,0,0,0,0,0,0,0,0,1,0,0,0,0,0,0,0,0,0,0,0,0,0,0,0,1,0,0,1,0,0,0,0,0,1,0,0,0,0,0,1,0,0,0,0,0,1,0,0,0,0,1,0,0,0,0,1,0,0
960,2,-3.412047956290646,-2.7719630037285294,0.0,0.0,0.0,0.0,0.5,0.0,0.5625,0.13157894736842105,0.0,1.0,0.0,0.0,0.0,0.0,0.2,0.30598052851182195,0.0,0.0,-1.146066167785478,-0.5959142999501744,0.5,0.0,-0.9709621870399652,0.997366356257112,0.0,-0.08694167243175605,1.0,0.0,0.0,1.0,0.0,0.0,1.0,0.0,0.0,-1.0,-0.5,-1.0,0.0,0.010548523206751054,0.0,0.0,0.0,0.0,0.13347293779491828,0.0,0.0,0.0,0.0,0.0,0.0,0.0,5,2010,一般保證契約,一般交易,155000,11.951186847493476,0,0,0,0,0,0,0,0,0,1,0,0,0,0,0,0,0,0,1,0,0,0,0,1,0,0,1,0,0,0,0,0,0,0,0,0,0,0,0,0,0,0,0,0,0,0,0,0,0,0,1,0,0,0,0,0,1,0,0,0,0,0,0,0,1,0,0,0,0,0,0,0,0,1,0,0,0,0,0,0,0,1,0,0,0,1,0,0,0,0,0,0,1,0,0,0,0,0,0,0,0,0,0,0,0,0,0,0,0,1,0,0,0,0,0,0,0,0,0,0,0,0,0,0,0,1,0,0,1,0,0,0,0,1,0,0,0,0,0,0,1,0,0,0,0,0,1,0,0,0,0,1,0,0,0,0,1,0,0
961,4,-1.1398722399119068,-0.6509402518029689,0.0,0.0,-1.0,0.0,-0.5,2.0,-0.2916666666666667,0.3684210526315789,0.0,0.0,0.2793713480100486,-1.0,0.0,2.3495966477454164,0.0,0.4339360222531293,0.0,0.0,-0.786015252002033,-0.2730443447932237,0.0,0.0,-0.530391647389691,0.0,0.0,-1.1654357552929357,1.0,0.0,-1.0,0.0,-1.0,0.0,0.0,-1.0,0.0,-1.0,-0.5,-2.0,-2.0,-2.0316455696202533,-1.5409627556327752,-1.5409627556327752,0.0,0.9022704037142963,-0.7117967261714493,0.0,0.0,0.0,0.0,0.0,0.0,0.0,2,2010,一般保證契約,一般交易,116500,11.665655135642039,0,0,0,1,0,0,0,0,0,0,0,0,0,0,0,0,1,0,0,0,0,0,0,1,0,1,0,0,0,0,0,0,0,0,0,0,0,0,0,1,0,0,0,0,0,0,0,0,0,0,0,0,0,0,0,0,1,0,0,0,0,0,0,0,1,0,0,0,0,0,0,0,1,0,0,0,0,0,1,0,0,0,0,0,0,0,0,1,0,0,0,0,1,0,0,0,0,0,0,0,1,0,0,0,0,0,0,0,0,0,0,0,0,0,0,1,0,0,0,0,0,0,0,0,0,0,0,0,1,0,0,0,0,0,1,0,0,0,0,0,1,0,0,0,0,0,1,0,0,0,1,0,0,0,0,0,1,0,0
962,0,0.469964168048189,0.5713762637642221,0.0,0.0,-1.0,0.0,0.0,2.0,0.10416666666666667,0.02631578947368421,1.283346835250917,0.0,0.2793713480100486,0.0,0.2793713480100486,0.0,0.2,0.7121001390820584,0.0,0.0,-0.07850682951079618,0.6676631788739412,-0.5,0.0,0.7805899622989113,1.1504948225162326,0.0,1.580773327893765,1.0,0.0,0.0,1.0,1.0,0.0,0.0,2.5,0.0,0.0,0.25,1.0,0.0,0.580168776371308,0.0,0.0,0.0,1.3613609408846472,0.7505757355918996,0.0,0.0,0.0,0.0,0.0,0.0,0.0,7,2008,一般保證契約,一般交易,272000,12.513561021741964,0,0,0,0,0,0,0,0,1,0,0,0,0,0,0,0,1,0,0,0,0,0,0,1,0,0,0,0,1,0,0,0,0,0,0,0,0,0,0,0,0,0,0,0,0,0,0,0,0,0,0,0,1,0,0,0,0,0,0,0,0,1,0,0,1,0,0,0,0,0,0,0,1,0,0,0,0,0,0,0,0,1,0,0,0,0,0,1,0,0,0,0,1,0,0,0,0,0,0,0,0,0,0,0,0,0,0,0,1,0,0,0,0,0,0,0,0,0,0,0,0,0,0,0,1,0,0,0,0,0,1,0,0,0,1,0,0,0,0,0,1,0,0,0,0,0,1,0,0,0,0,0,0,1,0,0,1,0,0
963,1,-3.412047956290646,-2.976424457398734,0.0,0.0,0.0,0.0,0.0,1.0,0.08333333333333333,-0.47368421052631576,0.0,0.0,0.0,0.0,0.0,0.0,0.2,0.23922114047287898,0.0,0.0,-0.49335128671643363,-0.38066766317887396,-0.5,0.0,-0.668749100072606,1.0051944181889345,0.0,0.11360454179315002,1.0,0.0,0.0,1.0,0.0,0.0,1.0,0.5,0.0,0.0,0.25,-1.0,0.0,-0.1751054852320675,0.0,0.0,0.0,0.6842336616220108,-0.7117967261714493,0.0,0.0,0.0,0.0,0.0,0.0,0.0,7,2007,一般保證契約,一般交易,155000,11.951186847493476,0,0,0,0,0,0,0,0,0,1,0,0,0,0,0,0,1,0,0,0,0,0,0,1,0,0,0,0,1,0,0,1,0,0,0,0,0,0,0,0,0,0,0,0,0,0,0,0,0,0,0,0,0,0,0,0,1,0,0,0,0,0,0,0,1,0,0,0,0,0,0,0,0,0,1,0,0,0,0,0,0,1,0,0,0,0,0,1,0,0,0,0,1,0,0,0,0,0,0,1,0,0,0,0,0,0,0,0,0,0,0,1,0,0,0,0,0,0,0,0,0,0,0,0,0,0,0,0,1,0,0,0,0,0,1,0,0,0,0,0,1,0,0,0,0,0,1,0,0,0,0,1,0,0,0,0,1,0,0
964,4,2.022759222067785,0.510930779508005,0.0,0.0,-1.0,0.0,1.5,0.0,0.7291666666666666,0.34210526315789475,0.0,1.0,0.0,0.8422747575632559,0.0,0.0,-0.6,-0.5340751043115438,0.0,0.0,1.1489203615140944,1.604384653712008,0.5,0.0,1.1463041434961145,0.0,0.0,0.45916054387166044,0.0,0.0,0.0,0.0,-1.0,0.0,2.0,0.5,0.0,-1.0,-0.5,1.0,0.0,0.930379746835443,0.0,0.0,0.0,1.156137046565607,0.4866113361447737,0.0,0.0,0.0,0.0,0.0,0.0,0.0,5,2009,一般保證契約,一般交易,239000,12.384223015005313,0,0,0,1,0,0,0,0,0,0,0,0,0,0,0,0,1,0,0,0,0,0,0,1,0,0,0,0,1,0,0,0,0,0,0,0,1,0,0,0,0,0,0,0,0,0,0,0,0,0,0,0,0,0,0,0,1,0,0,0,0,0,0,0,1,0,0,0,0,0,0,0,1,0,0,0,0,0,1,0,0,0,0,0,0,0,0,1,0,0,0,0,1,0,0,0,0,1,0,0,0,0,0,0,0,0,0,0,0,0,0,0,1,0,0,0,0,0,0,0,0,0,0,0,0,0,0,0,1,0,0,0,0,1,0,0,0,0,0,0,1,0,0,0,0,0,1,0,0,0,0,0,0,1,0,0,1,0,0
965,4,0.469964168048189,0.3862119162671906,0.0,0.0,0.0,0.0,0.5,0.0,0.625,0.23684210526315788,0.6682160041348015,1.0,0.0,0.0,0.0,0.0,0.4,0.3337969401947149,0.0,0.0,-0.6680005597983654,-0.3547583457897359,0.5,0.0,-0.616610799759055,1.0945895408776634,0.0,0.5775709073983544,1.0,0.0,0.0,1.0,1.0,0.0,1.0,1.0,0.0,0.0,0.5,1.0,0.0,0.12025316455696203,0.0,0.0,0.0,0.0,0.10653066162035559,0.0,0.0,0.0,0.0,0.0,0.0,0.0,2,2010,一般保證契約,一般交易,214900,12.277932735946903,0,0,0,0,0,0,0,0,1,0,0,0,0,0,0,0,1,0,0,0,0,0,0,1,0,0,0,0,1,0,0,0,0,0,0,0,0,0,0,0,0,0,0,1,0,0,0,0,0,0,0,0,0,0,0,0,1,0,0,0,0,0,0,0,1,0,0,0,0,0,0,0,1,0,0,0,0,0,0,0,0,1,0,0,0,0,0,1,0,0,0,0,1,0,0,0,0,1,0,0,0,0,0,0,0,0,0,0,0,0,0,0,1,0,0,0,0,0,0,0,0,0,0,0,0,0,0,0,0,0,1,0,0,1,0,0,0,0,0,0,1,0,0,0,0,0,1,1,0,0,0,0,0,0,0,0,1,0,0
966,1,-0.2564764364743176,0.14974329845065387,0.0,0.0,0.0,0.0,0.0,0.0,0.6875,0.34210526315789475,0.0,1.0,0.0,0.0,0.0,0.0,-0.6,-0.5340751043115438,0.0,0.0,0.3988787756581455,-0.4225211758844046,0.5,0.0,-0.724693041915777,0.9910104701513525,0.0,0.018263964773292146,0.0,0.0,0.0,1.0,0.0,0.0,1.0,1.0,0.0,0.0,0.5,1.0,0.0,-0.37341772151898733,0.0,0.0,0.0,0.0,0.2797157727113956,0.0,0.0,0.0,0.0,0.0,0.0,0.0,7,2007,新屋,預售屋(估價時未完工),178900,12.094587859196112,0,0,0,0,0,0,0,0,1,0,0,0,0,0,0,0,1,0,0,0,0,0,0,1,0,1,0,0,0,0,0,0,0,0,0,1,0,0,0,0,0,0,0,0,0,0,0,0,0,0,0,0,0,0,0,0,0,0,1,0,0,0,0,0,1,0,0,0,0,0,0,0,1,0,0,0,0,0,0,0,0,1,0,0,0,0,0,1,0,0,0,0,1,0,0,0,0,1,0,0,0,0,0,0,0,0,0,0,0,0,0,0,1,0,0,0,0,0,0,0,0,0,0,0,0,0,0,0,1,0,0,0,0,1,0,0,0,0,0,0,1,0,0,0,0,0,1,0,0,0,0,0,0,1,0,0,1,0,0
968,1,0.21801994391840682,-0.5951219381340268,0.0,0.0,-1.0,0.0,-0.5,2.0,-0.3541666666666667,-1.0263157894736843,0.975895300717048,0.0,0.0,-1.0,0.0,0.0,0.2,0.7204450625869263,0.0,0.0,-0.657450397972768,0.20528151469855505,-0.5,0.0,0.00708621520569161,0.0,0.0,-0.6446587895476774,1.0,0.0,-1.0,0.0,0.0,0.0,0.0,0.0,0.0,-1.0,-0.5,-1.0,-1.0,-0.9345991561181435,0.0,0.0,0.0,0.0,-0.7117967261714493,0.0,0.0,0.0,0.0,0.0,0.0,0.0,7,2008,一般保證契約,一般交易,135000,11.813037464800539,0,0,0,1,0,0,0,0,0,0,0,0,0,0,0,0,1,0,0,0,0,0,0,1,0,1,0,0,0,0,0,0,0,0,1,0,0,0,0,0,0,0,0,0,0,0,0,0,0,0,0,0,0,0,0,0,1,0,0,0,0,0,0,0,1,0,0,0,0,0,0,0,1,0,0,0,0,0,1,0,0,0,0,0,0,1,0,0,0,0,0,0,1,0,0,0,0,0,0,0,1,0,0,0,0,0,0,0,0,0,0,0,0,0,0,0,1,0,0,0,0,0,0,0,0,0,0,0,0,0,1,0,0,0,1,0,0,0,0,0,1,0,0,0,0,0,1,0,0,0,0,0,0,1,0,0,1,0,0
969,1,-1.1398722399119068,-1.079806356653124,0.0,0.0,0.0,0.0,-1.5,1.0,-1.2916666666666667,-1.1578947368421053,0.0,0.0,0.0,-1.0,0.0,0.0,-0.6,-0.5340751043115438,0.0,0.0,0.17822977640676732,-0.7872446437468859,-1.0,-0.7304631471189668,-1.27510739806398,0.8453891815570387,0.0,-0.9131538605195295,0.0,0.0,-1.0,0.0,-1.0,0.0,0.0,0.0,0.0,-1.0,-0.5,-2.0,-2.0,-2.0316455696202533,-1.5409627556327752,-1.5409627556327752,0.0,0.0,-0.7117967261714493,0.0,0.0,0.0,0.0,0.0,1.1943176378757763,0.0,5,2009,一般保證契約,異常交易(如法拍),37900,10.542732775946709,1,0,0,0,0,0,0,0,0,0,0,0,0,0,0,1,0,0,0,0,0,0,0,1,0,1,0,0,0,0,0,0,0,0,0,0,0,0,0,0,0,0,0,0,0,0,0,0,1,0,0,0,0,0,0,0,1,0,0,0,0,0,0,0,1,0,0,0,0,0,0,0,1,0,0,0,1,0,0,0,0,0,0,0,0,0,0,1,0,0,0,0,1,0,0,0,0,1,0,0,0,0,0,0,0,0,0,0,0,0,0,0,1,0,0,0,0,0,0,0,0,0,0,0,0,0,0,0,1,0,0,0,0,0,0,0,1,0,0,0,0,1,0,0,0,0,1,0,0,0,1,0,0,0,0,0,1,0,0
970,0,0.24155735878839998,0.1827189013722202,0.0,0.0,0.0,0.0,0.0,0.0,-0.2916666666666667,-0.9473684210526315,0.8788618630322447,0.0,-0.3466451177569989,-1.0,0.0,2.3495966477454164,0.2,0.17941585535465926,0.0,0.0,-1.268354001417101,-0.8111609367214748,-0.5,0.0,0.0010136620965596004,0.0,0.0,-0.65054265194013,1.0,0.0,-1.0,0.0,-1.0,0.0,0.0,0.0,0.0,-1.0,-0.5,0.0,-1.0,-0.9177215189873418,0.0,0.0,0.0,0.0,-0.7117967261714493,0.0,0.0,0.0,0.0,0.0,0.0,0.0,3,2006,低頭期合約,一般交易,140000,11.849404844423074,0,0,0,0,0,0,0,0,0,0,1,0,0,0,0,0,1,0,0,0,0,0,0,1,0,1,0,0,0,0,0,0,0,0,1,0,0,0,0,0,0,0,0,0,0,0,0,0,0,0,0,0,0,0,0,0,1,0,0,0,0,0,0,0,1,0,0,0,0,0,0,1,0,0,0,0,0,0,0,0,0,0,1,0,0,1,0,0,0,0,0,0,1,0,0,0,0,0,0,0,0,0,0,0,0,0,0,0,1,0,0,0,0,0,0,0,0,0,0,0,0,0,0,0,1,0,0,0,0,0,1,0,0,0,1,0,0,0,0,0,1,0,0,0,0,0,1,0,0,0,0,0,0,1,0,0,1,0,0
971,4,-0.5300358319518109,0.2756361220897776,0.0,0.0,0.0,0.0,-1.0,-1.0,-0.4791666666666667,-1.1578947368421053,0.0,0.0,0.0,-1.0,0.0,0.0,-0.6,-0.5340751043115438,0.0,0.0,0.32839072033495037,-0.5480817140009965,-0.5,-0.7304631471189668,-0.9005272297819747,0.8999514061293433,0.0,-0.46687285442783893,0.0,0.0,-1.0,1.0,1.0,0.0,0.0,0.0,0.0,-1.0,-0.5,-2.0,-2.0,-2.0316455696202533,-1.5409627556327752,-1.5409627556327752,0.0,0.0,-0.7117967261714493,0.0,0.0,0.0,0.0,0.0,0.0,0.0,12,2006,一般保證契約,異常交易(如法拍),135000,11.813037464800539,1,0,0,0,0,0,0,0,0,0,0,0,0,0,0,0,1,0,0,0,0,0,0,1,0,1,0,0,0,0,0,0,0,0,1,0,0,0,0,0,0,0,0,0,0,0,0,0,0,0,0,0,0,0,0,0,1,0,0,0,0,0,0,0,1,0,0,0,0,0,0,0,1,0,0,0,1,0,0,0,0,0,0,0,0,0,0,1,0,0,0,0,1,0,0,0,0,0,0,0,0,0,0,0,0,0,0,1,0,0,0,0,0,0,0,0,0,0,0,0,0,0,0,1,0,0,0,0,1,0,0,0,0,0,1,0,0,0,0,0,1,0,0,0,0,1,0,0,0,0,1,0,0,0,0,0,1,0,0
972,4,-2.1927252561687918,-3.009119103410478,0.0,0.0,0.0,0.0,0.5,0.0,0.6458333333333334,0.2631578947368421,0.8813236641011549,1.0,0.0,0.0,0.0,0.0,0.4,0.2545201668984701,0.0,0.0,-0.6539640188862965,-0.46038863976083705,0.5,0.0,-0.7764175324967041,1.0408214438106314,0.0,0.22537453842881294,0.0,0.0,0.0,0.0,-1.0,0.0,1.0,0.0,0.0,-1.0,-0.5,0.0,0.0,-0.03164556962025317,0.0,0.0,0.0,0.0,0.0,0.0,0.0,0.0,0.0,0.0,0.0,0.0,7,2009,一般保證契約,一般交易,173000,12.06105265381003,0,0,0,0,0,0,0,0,0,1,0,0,0,0,0,0,1,0,0,0,0,0,0,1,0,1,0,0,0,0,0,0,0,1,0,0,0,0,0,0,0,0,0,0,0,0,0,0,0,0,0,0,0,0,0,0,1,0,0,0,0,0,0,0,1,0,0,0,0,0,0,0,0,1,0,0,0,0,0,0,0,1,0,0,0,0,0,1,0,0,0,0,1,0,0,0,0,1,0,0,0,0,0,0,0,0,0,0,0,0,0,0,0,0,0,0,0,1,0,0,0,0,0,0,0,0,0,0,0,1,0,0,0,1,0,0,0,0,0,0,1,0,0,0,0,0,1,1,0,0,0,0,0,0,0,0,1,0,0
973,2,-0.8233670642427064,-0.4478203379421787,0.0,0.0,0.0,0.0,0.0,0.0,0.14583333333333334,-0.39473684210526316,0.0,0.0,0.0,0.0,0.0,0.0,-0.6,-0.5340751043115438,0.0,0.0,0.5350232025135248,-0.15346287992027902,-0.5,0.0,-0.3850774202496316,0.0,0.0,-1.0246368358282525,0.0,0.0,0.0,0.0,-1.0,0.0,0.0,-0.5,0.0,0.0,0.25,-1.0,-1.0,-0.9177215189873418,0.0,0.0,0.0,0.5671598192856189,-0.7117967261714493,0.0,0.0,0.0,0.0,0.0,0.0,0.0,4,2010,一般保證契約,一般交易,99500,11.507922973347437,0,0,0,0,0,1,0,0,0,0,0,0,0,0,0,0,1,0,0,0,0,0,0,1,0,1,0,0,0,0,0,0,0,0,0,0,0,0,0,0,0,0,0,0,0,0,0,0,0,0,0,0,0,1,0,0,1,0,0,0,0,0,0,0,1,0,0,0,0,0,0,0,0,0,1,0,0,0,1,0,0,0,0,0,0,0,0,1,0,0,0,0,1,0,0,0,0,0,0,1,0,0,0,0,0,0,0,0,0,0,0,0,0,0,0,1,0,0,0,0,0,0,0,0,0,0,0,0,1,0,0,0,0,0,1,0,0,0,0,0,1,0,0,0,0,0,1,0,0,0,0,0,0,1,0,0,1,0,0
974,4,1.0897935338065554,0.4532666698147957,0.0,0.0,0.0,0.0,0.5,0.0,0.7291666666666666,0.3684210526315789,0.0,1.0,0.0,0.0,0.0,0.0,-0.6,-0.5340751043115438,0.0,0.0,0.9307878583963384,0.8629795714997509,0.5,0.0,0.6021672488539077,0.0,0.0,-0.06806853971041411,0.0,0.0,0.0,0.0,0.0,0.0,1.0,0.0,0.0,-1.0,-0.5,1.0,0.0,-0.006329113924050633,0.0,0.0,0.0,0.0,0.44423404373352443,0.0,0.0,0.0,0.0,0.0,0.0,0.0,12,2008,新屋,預售屋(估價時未完工),182000,12.111767460549332,0,0,0,1,0,0,0,0,0,0,0,0,0,0,0,0,0,0,1,0,0,0,0,1,0,0,0,0,1,0,0,0,0,0,0,0,0,0,0,0,0,0,0,0,0,0,0,0,0,0,1,0,0,0,0,0,1,0,0,0,0,0,0,0,1,0,0,0,0,0,0,0,1,0,0,0,0,0,1,0,0,0,0,0,0,0,0,1,0,0,0,0,1,0,0,0,0,0,0,0,0,0,1,0,0,0,0,0,0,0,0,0,0,0,0,0,0,0,1,0,0,0,0,0,0,0,0,0,1,0,0,0,0,1,0,0,0,0,0,0,1,0,0,0,0,0,1,0,0,0,0,0,0,1,0,0,1,0,0
975,4,-0.5300358319518109,0.40672677683136566,0.0,0.0,-1.0,0.0,0.5,3.0,-1.2916666666666667,-0.02631578947368421,0.0,0.0,0.2793713480100486,0.0,0.0,0.0,-0.6,-0.5340751043115438,0.0,0.0,0.3376251921341799,-0.5321375186846039,-0.5,-0.7304631471189668,0.08281040671121409,1.0467222744512252,0.0,0.7275271256504767,0.0,0.0,-1.0,0.0,0.0,0.0,1.0,1.0,0.0,-1.0,-0.5,-1.0,0.0,0.21308016877637131,0.0,0.0,0.0,1.3357096692102133,0.484089512008457,0.0,0.0,0.0,0.0,0.0,1.8203341036428238,0.0,10,2009,一般保證契約,一般交易,167500,12.02874460037869,0,0,0,0,0,0,0,1,0,0,0,0,0,0,0,0,1,0,0,0,0,0,0,1,0,0,0,0,1,0,0,0,0,0,0,0,0,0,0,1,0,0,0,0,0,0,0,0,0,0,0,0,0,0,0,0,0,0,1,0,0,0,0,0,0,0,0,0,0,0,1,0,1,0,0,0,0,0,0,0,0,1,0,0,0,0,0,1,0,0,0,0,1,0,0,0,0,0,0,0,0,0,0,0,0,0,0,0,1,0,0,0,0,0,0,0,0,0,0,0,0,0,0,0,1,0,0,0,1,0,0,0,0,0,0,0,1,0,0,0,1,0,0,0,0,0,1,0,0,0,0,1,0,0,0,0,1,0,0
976,0,0.17054485960394422,-2.7142515330506374,0.0,0.0,0.0,0.0,0.5,0.0,0.5833333333333334,0.15789473684210525,0.0,1.0,0.0,0.0,0.0,0.0,0.4,0.3574408901251738,0.0,0.0,-1.7362209827737418,-0.6417538614848032,0.5,0.0,-1.0404241795755411,0.9937042402359763,0.0,-0.14116320141851466,1.0,0.0,0.0,1.0,0.0,0.0,1.0,0.0,0.0,-1.0,-0.5,-1.0,0.0,0.035864978902953586,0.0,0.0,0.0,0.9742054559022868,0.17029580177297618,0.0,0.0,0.0,0.0,0.0,0.0,0.0,4,2006,一般保證契約,一般交易,165000,12.013706813470414,0,0,0,0,0,0,0,0,0,1,0,0,0,0,0,0,0,0,1,0,0,0,0,1,0,0,1,0,0,0,0,0,0,0,0,0,0,0,0,0,0,0,0,0,0,0,0,0,0,0,1,0,0,0,0,0,1,0,0,0,0,0,0,0,1,0,0,0,0,0,0,0,0,1,0,0,0,0,0,0,0,1,0,0,0,0,0,1,0,0,0,0,1,0,0,0,0,0,0,0,0,0,0,0,0,0,0,0,0,1,0,0,0,0,0,0,0,0,0,0,0,0,0,0,0,1,0,0,1,0,0,0,0,1,0,0,0,0,0,0,1,0,0,0,0,0,1,0,0,0,0,1,0,0,0,0,1,0,0
977,2,-1.0745234809577138,-1.088926034320361,0.0,0.0,-1.0,0.0,-1.0,2.0,-1.0208333333333333,-0.9473684210526315,0.0,0.0,0.0,0.0,0.0,0.0,-0.6,-0.5340751043115438,0.0,0.0,-0.06787741093503648,-1.1061285500747384,-0.5,0.0,-0.5031181553117086,0.0,0.0,-1.1390097246819941,0.0,0.0,-1.0,0.0,-1.0,0.0,-1.0,-1.0,0.0,-1.0,-0.5,-2.0,-2.0,-2.0316455696202533,-1.5409627556327752,-1.5409627556327752,0.0,0.0,-0.7117967261714493,0.0,0.0,0.0,0.0,0.0,0.0,0.0,8,2006,一般保證契約,一般交易,85500,11.356283350762888,0,0,1,0,0,0,0,0,0,0,0,0,0,0,0,0,1,0,0,0,0,1,0,0,0,1,0,0,0,0,0,0,0,0,0,0,0,0,0,1,0,0,0,0,0,0,0,0,0,0,0,0,0,0,0,0,1,0,0,0,0,0,0,0,1,0,0,0,0,0,0,0,1,0,0,0,0,0,1,0,0,0,0,0,0,0,0,1,0,0,0,0,1,0,0,0,0,0,0,0,1,0,0,0,0,0,0,0,0,0,0,0,0,0,0,0,1,0,0,0,0,0,0,0,0,0,0,0,1,0,0,0,0,1,0,0,0,0,0,0,1,0,0,0,0,1,0,0,0,0,1,0,0,0,0,0,1,0,0
978,2,-2.280291190407216,-1.7675043110416233,0.0,1.1943176378757763,-1.0,0.0,0.5,0.0,0.7083333333333334,0.34210526315789475,0.0,1.0,0.0,0.0,0.0,0.0,0.4,1.004172461752434,0.0,0.0,-0.9055394861339341,0.49028400597907323,0.5,0.0,0.28139480648921605,0.0,0.0,-0.3788737111508183,1.0,0.0,-1.0,1.0,-2.0,0.0,1.0,-1.0,0.0,-1.0,-0.5,1.0,0.0,0.3691983122362869,0.0,0.0,0.0,0.0,0.43289821561892805,0.0,0.0,0.0,0.0,0.0,0.0,0.0,11,2007,新屋,預售屋(估價時未完工),199900,12.20557752297723,0,0,0,0,0,1,0,0,0,0,0,0,0,0,0,0,0,0,1,0,0,0,0,1,0,1,0,0,0,0,0,0,0,0,0,0,0,0,0,0,0,0,0,0,0,0,0,0,0,0,1,0,0,0,0,0,1,0,0,0,0,0,0,0,1,0,0,0,0,0,0,0,0,0,1,0,0,0,1,0,0,0,0,0,0,0,0,1,0,0,0,0,1,0,0,0,0,1,0,0,0,0,0,0,0,0,0,0,0,0,0,0,1,0,0,0,0,0,0,0,0,0,0,0,0,0,0,0,1,0,0,0,0,1,0,0,0,0,0,0,1,0,0,0,0,0,1,0,0,0,0,0,0,1,0,0,1,0,0
979,1,-0.10068914480903793,-0.036486416080315644,0.0,0.0,0.0,-0.4638544907568095,-1.0,0.0,-0.375,-1.0526315789473684,0.0,0.0,0.0,-1.0,0.0,0.0,-0.4,0.2336578581363004,0.0,0.0,-0.2594480747135802,-0.2012954658694569,0.5,0.0,-0.44220669054566614,0.0,0.0,-1.0799909445469715,0.0,0.0,-1.0,0.0,0.0,0.0,0.0,-0.5,0.0,-1.0,-0.5,-1.0,0.0,-0.3438818565400844,0.0,0.0,0.0,0.0,-0.7117967261714493,0.0,0.0,0.0,0.0,0.0,0.0,0.0,5,2007,一般保證契約,異常交易(如法拍),110000,11.608244735642321,0,0,0,1,0,0,0,0,0,0,0,0,0,0,0,0,1,0,0,0,0,1,0,0,0,1,0,0,0,0,0,0,0,0,0,0,0,0,0,0,0,1,0,0,0,0,0,0,0,0,0,0,0,0,0,0,1,0,0,0,0,0,0,0,1,0,0,0,0,0,0,0,1,0,0,0,0,0,1,0,0,0,0,0,0,0,0,1,0,0,0,0,1,0,0,0,0,0,0,0,0,0,0,0,0,0,0,0,0,1,0,0,0,0,0,0,0,0,0,0,0,0,0,0,0,1,0,0,1,0,0,0,0,0,1,0,0,0,0,0,1,0,0,0,0,0,1,0,0,0,0,1,0,0,0,0,1,0,0
981,3,0.21801994391840682,0.5506445829706637,0.0,0.0,-1.0,0.0,0.5,4.0,-0.22916666666666666,0.34210526315789475,1.0688657786037146,1.8422747575632559,0.0,-1.0,0.0,1.7473143510832982,0.2,0.6717663421418637,0.0,0.0,-1.2528251980337461,-0.10164424514200299,0.0,0.0,-0.2011936370024468,0.0,0.0,-0.8464668211102354,1.0,0.0,-1.0,0.0,0.0,0.0,2.0,0.0,0.0,-1.0,-0.5,0.0,0.0,0.44936708860759494,0.0,0.0,0.0,0.9576843843402714,0.2965005237762466,0.0,0.0,0.0,0.0,0.0,0.0,0.0,7,2008,一般保證契約,一般交易,178400,12.091789104493502,0,0,0,0,0,0,0,0,0,0,0,0,0,1,0,0,1,0,0,0,0,0,0,1,0,0,0,0,1,0,0,0,0,0,1,0,0,0,0,0,0,0,0,0,0,0,0,0,0,0,0,0,0,0,0,0,1,0,0,0,0,0,0,0,1,0,0,0,0,0,0,0,1,0,0,0,0,0,0,0,0,0,0,1,0,0,0,1,0,0,0,0,1,0,0,0,0,0,0,0,0,0,1,0,0,0,0,0,0,0,0,0,0,0,0,0,0,0,1,0,0,0,0,0,0,0,0,0,0,1,0,0,0,0,1,0,0,0,0,0,1,0,0,0,0,0,1,0,0,0,0,0,0,1,0,0,1,0,0
982,1,1.2037547390811885,0.5666509727168817,0.0,0.0,-1.0,0.0,1.0,0.0,0.5416666666666666,0.13157894736842105,1.5690486723085468,1.0,0.0,0.0,0.0,0.0,0.4,0.6536856745479833,0.0,0.0,-0.19836700355806478,0.458395615346288,0.5,0.0,0.3444201581752113,1.1516711283520578,0.0,1.3465542867407738,1.0,0.0,0.0,1.0,1.0,0.0,1.0,1.0,0.0,0.0,0.25,1.0,1.0,0.820675105485232,0.0,0.0,0.0,1.1138870419987459,-0.7117967261714493,0.0,0.0,0.0,0.0,0.0,0.0,0.0,7,2009,一般保證契約,一般交易,336000,12.724869415131389,0,0,0,0,0,0,0,0,1,0,0,0,0,0,0,0,1,0,0,0,0,0,0,1,0,0,0,0,1,0,0,0,1,0,0,0,0,0,0,0,0,0,0,0,0,0,0,0,0,0,0,0,0,0,0,0,1,0,0,0,0,0,0,0,1,0,0,0,0,0,0,0,1,0,0,0,0,0,0,0,0,1,0,0,0,1,0,0,0,0,0,0,1,0,0,0,0,1,0,0,0,0,0,0,0,0,0,0,0,0,0,0,1,0,0,0,0,0,0,0,0,0,0,0,0,0,0,0,0,0,1,0,0,1,0,0,0,0,0,0,1,0,0,0,0,0,1,0,0,0,0,0,0,1,0,0,1,0,0
983,2,-1.630543492870708,-2.360345429908148,0.0,0.0,0.0,0.0,0.5,0.0,0.7291666666666666,0.34210526315789475,0.45954061173876937,1.0,0.0,0.0,0.0,1.7473143510832982,-0.6,-0.5340751043115438,0.0,0.0,0.8203046915997732,0.5401096163428002,0.5,0.0,0.3265642716191668,0.0,0.0,-0.33510778397174773,0.0,0.0,0.0,0.0,-1.0,0.0,1.0,0.0,0.0,0.0,0.5,1.0,0.0,-0.39451476793248946,0.0,0.0,0.0,0.8615537516526842,-0.13049406945601977,0.0,0.0,0.0,0.0,0.0,0.0,0.0,3,2008,一般保證契約,一般交易,159895,11.982278882874377,0,0,0,1,0,0,0,0,0,0,0,0,0,0,0,0,1,0,0,0,0,0,0,1,0,1,0,0,0,0,0,0,0,0,0,0,0,0,0,0,1,0,0,0,0,0,0,0,0,0,0,0,0,0,0,0,1,0,0,0,0,0,0,0,1,0,0,0,0,0,0,0,1,0,0,0,0,0,1,0,0,0,0,0,0,0,0,1,0,0,0,0,1,0,0,0,0,1,0,0,0,0,0,0,0,0,0,0,0,0,0,0,1,0,0,0,0,0,0,0,0,0,0,0,0,0,0,0,0,0,1,0,0,1,0,0,0,0,0,0,1,0,0,0,0,0,1,0,0,0,0,0,0,1,0,0,1,0,0
984,0,0.0,0.37231052793405106,0.0,0.0,0.0,0.0,1.0,0.0,0.625,0.21052631578947367,0.0,1.0,0.0,0.0,0.0,1.0,-0.6,-0.5340751043115438,0.0,0.0,0.7162708088054575,0.2650722471350274,0.5,0.0,0.1082224736376227,1.110911328924214,0.0,1.027297622351779,0.0,0.0,0.0,1.0,1.0,0.0,1.0,1.5,0.0,0.0,0.5,-1.0,0.0,1.2552742616033756,0.0,0.0,0.0,0.0,-0.7117967261714493,0.0,0.0,0.0,0.0,0.0,0.0,0.0,5,2008,一般保證契約,一般交易,255900,12.45254592991672,0,0,0,0,0,0,0,0,1,0,0,0,0,0,0,0,1,0,0,0,0,0,0,1,0,0,0,0,1,0,0,0,0,0,0,0,1,0,0,0,0,0,0,0,0,0,0,0,0,0,0,0,0,0,0,0,1,0,0,0,0,0,0,0,1,0,0,0,0,0,0,0,1,0,0,0,0,0,0,0,0,1,0,0,0,0,0,1,0,0,0,0,1,0,0,0,0,0,0,0,0,0,1,0,0,0,0,0,0,0,0,0,0,0,0,0,0,0,1,0,0,0,0,0,0,0,0,0,1,0,0,0,0,1,0,0,0,0,0,0,1,0,0,0,0,0,1,0,0,0,0,0,0,1,0,0,1,0,0
986,1,-0.10068914480903793,0.2930698183859802,0.0,0.0,0.0,0.0,-0.5,0.0,-0.4583333333333333,-1.1578947368421053,0.0,0.0,0.0,-1.0,0.0,0.0,0.2,0.9123783031988874,0.0,0.0,-0.9601067262627048,0.3368211260587942,-0.5,-0.7304631471189668,0.13724243915219178,0.0,0.0,-0.5185468729518757,1.0,0.0,-1.0,0.0,0.0,0.0,0.0,-0.5,0.0,-1.0,-0.5,-1.0,-1.0,-1.018987341772152,0.0,0.0,0.0,0.0,0.1584510203308132,0.0,0.0,0.0,0.0,0.0,0.0,0.0,8,2008,低頭期合約,一般交易,125000,11.736077016252437,0,0,0,0,0,0,0,0,0,0,1,0,0,0,0,0,1,0,0,0,0,0,0,1,0,1,0,0,0,0,0,0,0,0,0,0,0,0,0,0,0,1,0,0,0,0,0,0,0,0,0,0,0,0,0,0,1,0,0,0,0,0,0,0,1,0,0,0,0,0,0,1,0,0,0,0,0,0,1,0,0,0,0,0,0,0,0,1,0,0,0,0,1,0,0,0,0,0,0,0,0,0,0,0,0,0,0,0,0,1,0,0,0,0,0,0,0,0,0,0,0,0,0,0,0,1,0,0,1,0,0,0,0,0,1,0,0,0,0,1,0,0,0,0,0,0,1,0,0,0,0,1,0,0,0,0,1,0,0
987,2,-0.5870231824252673,-1.3143080775359919,0.0,0.0,0.0,0.0,0.0,3.0,-1.2916666666666667,0.23684210526315788,0.0,0.0,0.2793713480100486,-1.0,-0.3466451177569989,0.0,-0.6,-0.5340751043115438,0.0,0.0,0.008145524083681762,-1.0164424514200299,0.0,0.0,-0.1968158477837515,0.9673634938818165,0.0,0.23797624167708262,0.0,0.0,-1.0,0.0,-1.0,0.0,1.0,-0.5,0.0,-1.0,-0.5,-1.0,-1.0,-0.9556962025316456,-0.3466451177569989,0.0,0.0,1.2530278522874017,-0.7117967261714493,0.0,0.0,0.0,0.0,0.0,0.0,0.0,6,2006,一般保證契約,一般交易,117000,11.669937760751914,1,0,0,0,0,0,0,0,0,0,0,0,0,0,0,1,0,0,0,0,0,0,0,1,0,0,0,0,1,0,0,0,0,0,0,0,0,0,0,0,0,0,0,0,0,0,0,0,1,0,0,0,0,0,0,0,0,0,0,0,0,0,1,0,1,0,0,0,0,0,0,0,1,0,0,0,1,0,0,0,0,0,0,0,0,1,0,0,0,0,0,0,1,0,0,0,0,1,0,0,0,0,0,0,0,0,0,0,0,0,0,0,1,0,0,0,0,0,0,0,0,0,0,0,0,0,0,0,1,0,0,0,0,0,1,0,0,0,0,0,1,0,0,0,0,0,1,0,0,0,0,0,0,1,0,0,1,0,0
988,2,0.6013158959809177,0.1318401589245962,0.0,0.0,-1.0,0.0,1.5,0.0,0.7708333333333334,0.42105263157894735,1.3025918510793977,1.8422747575632559,0.0,0.8422747575632559,0.0,1.7473143510832982,0.4,1.7552155771905424,0.0,0.0,-0.3961007222656214,1.863477827603388,0.5,0.0,1.326447576218701,0.0,0.0,0.6337064309137616,1.0,0.0,0.0,1.0,0.0,0.0,2.0,1.0,0.0,0.0,0.5,1.0,1.0,0.5253164556962026,0.0,0.0,0.0,1.0,0.3673351811964858,0.0,0.0,0.0,0.0,0.0,0.0,0.0,4,2010,新屋,預售屋(估價時未完工),395192,12.887129532148373,0,0,0,1,0,0,0,0,0,0,0,0,0,0,0,0,1,0,0,0,0,0,0,1,0,1,0,0,0,0,0,0,0,1,0,0,0,0,0,0,0,0,0,0,0,0,0,0,0,0,0,0,0,0,0,0,1,0,0,0,0,0,0,0,1,0,0,0,0,0,0,0,1,0,0,0,0,0,1,0,0,0,0,0,0,1,0,0,0,0,0,0,1,0,0,0,0,1,0,0,0,0,0,0,0,0,0,0,0,0,0,0,1,0,0,0,0,0,0,0,0,0,0,0,0,0,0,0,0,1,0,0,0,1,0,0,0,0,0,0,1,0,0,0,0,0,1,0,0,0,0,0,0,1,0,0,1,0,0
989,4,0.469964168048189,0.5355433661399186,0.0,0.0,-1.0,0.0,0.0,1.0,0.08333333333333333,-0.47368421052631576,1.1728225666424819,0.0,0.0,-1.0,0.0,0.0,-0.4,-0.31710709318497915,0.0,0.0,0.29536881853535085,-0.2929745889387145,-0.5,0.0,0.04721362622483279,1.0546781532013114,0.0,0.7403423438002634,0.0,0.0,0.0,1.0,1.0,0.0,1.0,1.0,0.0,0.0,0.25,1.0,0.0,0.29324894514767935,0.0,0.0,0.0,0.0,0.6640017883600207,0.0,0.0,0.0,0.0,0.0,0.0,0.0,6,2007,一般保證契約,一般交易,195000,12.180759965737863,0,0,0,0,0,0,0,0,1,0,0,0,0,0,0,0,1,0,0,0,0,0,0,1,0,1,0,0,0,0,0,0,0,0,0,0,0,0,0,0,0,0,0,0,0,0,0,0,0,0,0,0,1,0,0,0,1,0,0,0,0,0,0,0,1,0,0,0,0,0,0,0,1,0,0,0,0,0,0,0,0,1,0,0,0,0,0,1,0,0,0,0,1,0,0,0,0,0,0,1,0,0,0,0,0,0,0,0,0,0,0,0,0,0,0,1,0,0,0,0,0,0,0,0,0,0,0,0,0,0,1,0,0,0,1,0,0,0,0,0,1,0,0,0,0,0,1,0,0,0,0,0,0,1,0,0,1,0,0
992,3,1.9914732984538899,1.4821417122366998,0.0,0.7304631471189668,0.0,0.0,1.0,4.0,-1.875,-0.21052631578947367,0.0,1.0,0.2793713480100486,-1.0,0.0,0.0,0.0,-0.2336578581363004,0.0,0.0,0.30491768428552124,-0.1574489287493772,0.0,0.0,-0.3897894449210148,1.0304156111666172,0.0,0.3834512471549568,0.0,0.0,-1.0,1.0,1.0,0.0,1.0,1.0,0.0,0.0,0.5,-1.0,0.0,-0.24261603375527427,0.0,0.0,-0.4638544907568095,0.0,0.5621587111722389,0.0,0.0,0.0,0.0,0.0,0.0,0.0,11,2009,一般保證契約,一般交易,168000,12.031725210748633,0,0,0,0,0,0,0,1,0,0,0,0,0,0,0,1,0,0,0,0,0,0,0,1,0,0,0,0,1,0,0,0,0,0,0,0,0,0,0,0,0,0,0,0,0,0,0,0,1,0,0,0,0,0,0,0,0,0,0,0,1,0,0,0,1,0,0,0,0,0,0,0,1,0,0,0,0,0,0,0,0,1,0,0,0,0,0,1,0,0,0,0,1,0,0,0,0,0,0,0,1,0,0,0,0,0,0,0,0,0,0,0,0,0,0,0,1,0,0,0,0,0,0,0,0,0,0,0,1,0,0,0,0,0,0,0,1,0,0,0,1,0,0,0,0,0,1,0,0,0,0,0,0,1,0,0,1,0,0
993,1,0.469964168048189,0.038388615606841016,0.0,0.0,0.0,-0.4638544907568095,0.0,3.0,-0.16666666666666666,-0.02631578947368421,1.2134538457021296,0.0,0.0,-1.0,0.0,2.3495966477454164,0.0,0.2114047287899861,0.8104996085138084,6.969460479809202,-0.7577955673651402,-0.34479322371699056,0.0,0.0,-0.15559315655121325,1.031883617695725,0.0,0.524039003116458,0.0,0.0,0.0,1.0,0.0,0.0,1.0,0.5,0.0,0.0,0.0,0.0,0.0,-0.1751054852320675,0.0,0.0,0.0,1.1006422968896734,0.12026819188344327,0.0,0.0,0.0,0.0,0.0,0.7304631471189668,0.0,7,2007,一般保證契約,一般交易,187000,12.138869243416009,0,0,0,0,0,0,0,0,1,0,0,0,0,0,0,0,1,0,0,0,0,0,0,1,0,1,0,0,0,0,0,0,0,0,1,0,0,0,0,0,0,0,0,0,0,0,0,0,0,0,0,0,0,0,0,0,1,0,0,0,0,0,0,0,1,0,0,0,0,0,0,0,1,0,0,0,0,0,0,0,0,1,0,0,0,1,0,0,0,0,0,0,1,0,0,0,0,0,0,0,1,0,0,0,0,0,0,0,0,0,0,0,0,0,0,0,1,0,0,0,0,0,0,0,0,0,0,0,0,0,1,0,0,0,1,0,0,0,0,0,1,0,0,0,0,0,1,0,0,0,0,0,0,1,0,0,1,0,0
994,4,-0.10068914480903793,-0.18857629478438814,0.0,0.0,0.0,0.0,0.0,0.0,0.6875,0.3157894736842105,0.0,0.0,0.0,0.0,0.0,0.0,-0.6,-0.5340751043115438,0.0,0.0,0.3625830199970878,-0.48829098156452416,0.5,0.0,-0.8152336972138943,1.0071178978739972,0.0,0.04242176044153144,0.0,0.0,0.0,1.0,0.0,0.0,1.0,0.0,0.0,-1.0,-0.5,0.0,0.0,0.34810126582278483,0.0,0.0,0.0,0.0,0.06951502783946585,0.0,0.0,0.0,0.0,0.0,0.0,0.0,8,2006,新屋,預售屋(估價時未完工),173900,12.066241450757124,0,0,0,0,0,0,0,0,1,0,0,0,0,0,0,0,1,0,0,0,0,0,0,1,0,1,0,0,0,0,0,0,0,0,0,0,1,0,0,0,0,0,0,0,0,0,0,0,0,0,0,0,0,0,0,0,1,0,0,0,0,0,0,0,1,0,0,0,0,0,0,0,1,0,0,0,0,0,0,0,0,1,0,0,0,0,0,1,0,0,0,0,1,0,0,0,0,1,0,0,0,0,0,0,0,0,0,0,0,0,0,0,1,0,0,0,0,0,0,0,0,0,0,0,0,0,0,0,1,0,0,0,0,1,0,0,0,0,0,0,1,0,0,0,0,0,1,0,0,0,0,0,0,1,0,0,1,0,0
996,4,-1.0745234809577138,-1.5656149408569762,0.0,0.0,-1.0,-0.4638544907568095,-1.0,2.0,-0.5416666666666666,-1.1578947368421053,0.0,0.0,0.0,-1.0,0.0,0.0,0.2,0.0,0.0,0.0,-0.21480083025017332,-0.4942700548081714,-0.5,0.0,-0.7490597188456659,0.8922677212157973,0.0,-0.3983683333905628,1.0,0.0,-1.0,1.0,0.0,0.0,0.0,-0.5,0.0,-1.0,-0.5,-1.0,-1.0,-0.7447257383966245,0.0,0.0,0.0,0.0,0.2088620393823371,0.0,0.0,5.7737732204907655,0.0,0.0,1.5409627556327752,0.0,8,2006,一般保證契約,異常交易(如法拍),121600,11.7085004721646,1,0,0,0,0,0,0,0,0,0,0,0,0,0,0,0,1,0,0,0,0,0,0,1,0,1,0,0,0,0,0,0,0,0,0,0,0,0,0,1,0,0,0,0,0,0,0,0,0,0,0,0,0,0,0,0,0,0,0,0,0,0,1,0,1,0,0,0,0,0,0,0,1,0,0,0,1,0,0,0,0,0,0,0,0,0,0,1,0,0,0,0,1,0,0,0,0,0,0,0,0,0,0,0,0,0,0,0,0,1,0,0,0,0,0,0,0,0,0,0,0,0,0,0,0,1,0,0,1,0,0,0,0,0,1,0,0,0,0,0,1,0,0,0,0,0,1,0,0,0,0,1,0,0,0,0,1,0,0
997,0,0.21801994391840682,0.2446402440670389,0.0,0.0,-1.0,0.0,-0.5,1.0,-0.22916666666666666,-0.868421052631579,0.0,0.0,0.0,-1.0,0.0,0.0,-0.2,0.7385257301808067,0.0,0.0,-0.9055394861339341,0.1096163428001993,-0.5,0.0,-0.09181337468455276,0.0,0.0,-0.7404853005927751,1.0,0.0,-1.0,0.0,0.0,0.0,0.0,0.0,0.0,-1.0,-0.5,-1.0,-1.0,-0.47890295358649787,0.0,0.0,0.0,0.0,0.7981982963965689,0.0,0.0,0.0,0.0,0.0,0.0,0.0,1,2006,法院或遺產拍賣,一般交易,136500,11.824087219587643,0,0,0,1,0,0,0,0,0,0,0,0,0,0,0,0,1,0,0,0,0,0,0,1,0,1,0,0,0,0,0,0,0,0,1,0,0,0,0,0,0,0,0,0,0,0,0,0,0,0,0,0,0,0,0,0,1,0,0,0,0,0,0,0,1,0,0,0,0,0,0,0,1,0,0,0,0,0,1,0,0,0,0,0,0,1,0,0,0,0,0,0,1,0,0,0,0,0,0,0,1,0,0,0,0,0,0,0,0,0,0,0,0,0,0,0,1,0,0,0,0,0,0,0,0,0,0,0,1,0,0,0,0,0,1,0,0,0,0,0,1,0,0,0,0,0,1,0,0,0,0,0,0,1,0,0,1,0,0
998,3,0.469964168048189,0.4692220789324477,0.0,0.0,-1.0,0.0,0.0,1.0,-0.041666666666666664,-0.631578947368421,1.3813627751011306,0.0,0.0,-1.0,0.0,0.0,-0.6,-0.5340751043115438,0.0,0.0,0.9398275867421971,0.890881913303438,-0.5,0.0,0.6247170735715445,0.0,0.0,-0.0462193992865994,0.0,0.0,0.0,0.0,-1.0,0.0,0.0,0.0,0.0,0.0,0.25,0.0,0.0,0.5632911392405063,0.0,0.0,0.0,1.2340709568889607,-0.7117967261714493,0.0,0.0,0.0,0.0,0.0,0.0,0.0,2,2009,一般保證契約,一般交易,185000,12.128116509451258,0,0,0,1,0,0,0,0,0,0,0,0,0,0,0,0,1,0,0,0,0,0,0,1,0,1,0,0,0,0,0,0,0,0,0,0,0,0,0,0,0,0,0,0,0,0,0,0,0,0,0,0,1,0,0,0,0,1,0,0,0,0,0,0,1,0,0,0,0,0,0,0,1,0,0,0,0,0,1,0,0,0,0,0,0,1,0,0,0,0,0,0,1,0,0,0,0,0,0,0,0,0,0,0,0,0,0,0,1,0,0,0,0,0,0,0,0,0,0,0,0,0,0,0,1,0,0,0,0,0,1,0,0,0,1,0,0,0,0,0,1,0,0,0,0,0,1,0,0,0,0,0,0,1,0,0,1,0,0
1000,1,-0.3097441784624688,-0.7918738515857238,0.0,0.0,0.0,0.0,0.5,0.0,0.7083333333333334,0.3157894736842105,0.5385893113882527,1.0,0.0,0.0,0.0,1.7473143510832982,0.4,0.4200278164116829,0.0,0.0,0.03373655861965546,0.38266068759342303,0.5,0.0,0.22057262955143828,0.0,0.0,-0.4378059778728845,1.0,0.0,0.0,0.0,-1.0,0.0,1.0,0.0,0.0,-1.0,-0.5,0.0,0.0,0.6350210970464135,0.0,0.0,0.0,0.8740988677180975,0.22915446575410042,0.0,0.0,0.0,0.0,0.0,0.0,0.0,2,2010,一般保證契約,一般交易,206000,12.235636302128867,0,0,0,1,0,0,0,0,0,0,0,0,0,0,0,0,1,0,0,0,0,0,0,1,0,1,0,0,0,0,0,0,0,0,0,0,1,0,0,0,0,0,0,0,0,0,0,0,0,0,0,0,0,0,0,0,1,0,0,0,0,0,0,0,1,0,0,0,0,0,0,0,1,0,0,0,0,0,1,0,0,0,0,0,0,0,0,1,0,0,0,0,1,0,0,0,0,1,0,0,0,0,0,0,0,0,0,0,0,0,0,0,1,0,0,0,0,0,0,0,0,0,0,0,0,0,0,0,0,1,0,0,0,1,0,0,0,0,0,0,1,0,0,0,0,0,1,0,0,0,0,0,0,1,0,0,1,0,0
1001,2,0.19434965866058562,0.14264187701926168,0.0,0.0,0.0,0.0,-1.5,-2.0,-0.4166666666666667,-1.105263157894737,0.0,0.0,0.0,-6.515822458562748,-1.5409627556327752,-1.5747678672403655,-0.8,-0.5340751043115438,-0.7304631471189668,0.0,-3.1687229326517117,-1.9830592924763328,-1.0,-0.7304631471189668,-0.32460105610302364,0.0,0.0,-0.966039636554791,0.0,0.0,-1.0,0.0,-1.0,0.0,-1.0,-1.0,-0.18059459163956637,-1.0,-0.5,-1.0,0.0,0.1962025316455696,0.0,-0.3466451177569989,0.0,0.0,-0.7117967261714493,0.0,0.0,0.0,0.0,0.0,0.0,0.0,7,2009,一般保證契約,一般交易,82000,11.314486721293981,0,0,0,1,0,0,0,0,0,0,0,0,0,0,0,0,1,0,0,0,0,0,0,1,0,0,0,0,1,0,0,0,0,0,0,0,0,0,0,0,0,1,0,0,0,0,0,0,0,0,0,0,0,0,0,0,1,0,0,0,0,0,0,0,1,0,0,0,0,0,0,0,1,0,0,0,0,0,1,0,0,0,0,0,0,0,0,0,1,0,0,0,0,1,0,0,1,0,0,0,0,0,0,0,0,0,0,0,0,0,0,1,0,0,0,0,0,0,0,0,0,0,0,0,0,0,0,0,1,0,0,0,1,0,0,0,0,0,0,1,0,0,0,0,1,0,0,0,0,0,0,1,0,0,0,0,1,0,0
1003,3,0.24155735878839998,0.5177557603470272,0.0,0.0,-1.0,0.0,1.0,0.0,0.7083333333333334,0.3157894736842105,0.7108022776261544,1.0,0.0,0.0,0.0,0.0,0.4,-0.5006954102920723,0.0,0.0,1.0071623477811829,1.1539611360239164,0.5,0.0,0.8286557953412245,0.0,0.0,0.1513823925496785,0.0,0.0,0.0,0.0,0.0,0.0,1.0,0.5,0.0,0.0,0.5,0.0,1.0,1.4451476793248945,0.0,0.0,0.0,0.9576843843402714,0.39679335174706437,0.0,0.0,0.0,0.0,0.0,0.0,0.0,7,2008,一般保證契約,一般交易,232000,12.354496960983985,0,0,0,1,0,0,0,0,0,0,0,0,0,0,0,0,1,0,0,0,0,0,0,1,0,1,0,0,0,0,0,0,0,0,0,0,0,0,0,0,0,0,0,0,0,0,0,0,0,0,1,0,0,0,0,0,0,0,1,0,0,0,0,0,1,0,0,0,0,0,0,0,1,0,0,0,0,0,1,0,0,0,0,0,0,0,0,1,0,0,0,0,1,0,0,0,0,1,0,0,0,0,0,0,0,0,0,0,0,0,0,0,1,0,0,0,0,0,0,0,0,0,0,0,0,0,0,0,0,0,1,0,0,1,0,0,0,0,0,0,1,0,0,0,0,0,1,0,0,0,0,0,0,1,0,0,1,0,0
1004,2,0.469964168048189,0.42460665031148026,0.0,0.0,-1.0,0.0,-0.5,1.0,0.08333333333333333,-0.47368421052631576,0.9987306493270285,0.0,0.0,-1.0,0.0,0.0,-0.6,-0.5340751043115438,0.0,0.0,1.0831177005908401,1.3652217239661186,-1.0,0.0,0.9821577872117215,0.0,0.0,0.3001146606586452,0.0,0.0,0.0,0.0,1.0,0.4638544907568095,0.0,1.0,0.0,-1.0,-0.5,-1.0,0.0,0.1962025316455696,0.0,0.0,0.0,0.0,-0.7117967261714493,0.0,0.0,0.0,0.0,0.0,0.0,0.0,6,2007,一般保證契約,一般交易,136905,11.827049837927534,0,0,0,0,0,0,0,0,0,0,0,0,0,0,1,0,1,0,0,0,0,0,0,1,0,0,0,0,1,0,0,0,0,0,0,0,0,0,0,0,0,0,0,0,0,0,0,0,0,0,0,0,1,0,0,0,0,0,0,0,0,0,1,0,0,0,1,0,0,0,0,0,0,0,0,1,0,0,1,0,0,0,0,0,0,0,0,1,0,0,0,0,1,0,0,0,0,1,0,0,0,0,0,0,0,0,0,0,0,0,0,0,1,0,0,0,0,0,0,0,0,0,0,0,0,0,0,0,0,0,1,0,0,0,1,0,0,0,0,0,1,0,0,0,0,0,1,0,0,0,0,1,0,0,0,0,1,0,0
1005,1,-1.630543492870708,-2.360345429908148,0.0,0.0,0.0,0.0,0.5,0.0,0.6875,0.3157894736842105,0.45954061173876937,1.0,0.0,0.0,0.0,0.0,0.4,-0.5118219749652295,0.0,0.0,0.865312430853958,0.6995515695067265,0.5,0.0,0.722398700935409,0.0,0.0,0.04842699463550328,0.0,0.0,0.0,0.0,-2.0,0.0,1.0,0.5,0.0,0.0,0.5,1.0,0.0,-0.10337552742616034,0.0,0.0,0.0,0.9795301978329513,-0.7117967261714493,0.0,0.0,0.0,0.0,0.0,0.0,0.0,5,2009,一般保證契約,一般交易,181000,12.10625783509458,0,0,0,0,0,1,0,0,0,0,0,0,0,0,0,0,1,0,0,0,0,0,0,1,0,1,0,0,0,0,0,0,0,0,0,0,0,0,0,0,1,0,0,0,0,0,0,0,0,0,0,0,0,0,0,0,1,0,0,0,0,0,0,0,1,0,0,0,0,0,0,0,0,0,1,0,0,0,1,0,0,0,0,0,0,0,0,1,0,0,0,0,1,0,0,0,0,1,0,0,0,0,0,0,0,0,0,0,0,0,0,0,1,0,0,0,0,0,0,0,0,0,0,0,0,0,0,0,0,0,1,0,0,1,0,0,0,0,0,0,1,0,0,0,0,0,1,0,0,0,0,0,0,1,0,0,1,0,0
1006,0,-0.2564764364743176,-0.3107163257941018,0.0,0.0,0.0,0.0,-0.5,3.0,0.10416666666666667,-0.4473684210526316,1.0823638875326178,1.0,0.0,0.0,0.2793713480100486,1.7473143510832982,0.4,0.29346314325452016,0.0,0.0,-0.16050882183880003,-0.019930244145490782,-0.5,0.0,-0.2320482806330241,0.0,0.0,-0.8763627271694953,0.0,0.0,0.0,0.0,0.0,0.0,0.0,0.0,0.0,-1.0,-0.5,-1.0,-1.0,-0.6476793248945147,0.0,0.0,0.0,1.063073056323814,-0.7117967261714493,0.0,0.0,0.0,0.0,0.0,0.0,0.0,11,2008,一般保證契約,一般交易,149900,11.917730355182513,0,0,0,0,0,0,0,0,0,0,0,0,1,0,0,0,1,0,0,0,0,0,0,1,0,1,0,0,0,0,0,0,0,0,0,0,1,0,0,0,0,0,0,0,0,0,0,0,0,0,0,0,0,0,0,0,1,0,0,0,0,0,0,0,1,0,0,0,0,0,0,0,1,0,0,0,0,0,0,0,0,0,1,0,0,0,0,1,0,0,0,0,1,0,0,0,0,0,0,0,0,0,0,0,0,0,0,0,1,0,0,0,0,0,0,0,0,0,0,0,0,0,0,0,1,0,0,0,0,0,1,0,0,0,1,0,0,0,0,0,1,0,0,0,0,0,1,0,0,0,0,0,0,1,0,0,1,0,0
1008,4,-3.7943801407173003,-3.0515228861760586,0.0,0.0,0.0,0.0,-1.0,-1.0,-0.041666666666666664,-0.631578947368421,0.0,0.0,0.0,-1.0,0.0,0.0,0.0,-0.15438108484005564,0.4638544907568095,8.806219318423938,-3.1687229326517117,-0.8948679621325362,-0.5,0.0,-1.4648498156689003,0.9328478046631533,0.0,-0.6564402199381536,0.0,0.0,-1.0,1.0,0.0,0.0,0.0,0.0,0.0,-1.0,-0.5,0.0,-1.0,-0.8248945147679325,0.0,0.0,0.0,1.0994127973850691,-0.7117967261714493,0.0,0.0,0.0,0.0,0.0,0.0,0.0,8,2009,一般保證契約,一般交易,88000,11.385103457032141,0,0,0,0,0,0,0,0,0,1,0,0,0,0,0,1,0,0,0,0,0,0,0,1,0,1,0,0,0,0,0,0,0,0,0,0,0,0,0,0,0,0,0,0,0,0,0,0,0,1,0,0,0,0,0,0,1,0,0,0,0,0,0,0,1,0,0,0,0,0,0,0,0,0,1,0,0,0,0,0,0,1,0,0,0,0,0,1,0,0,0,0,1,0,0,0,0,0,0,0,0,0,1,0,0,0,0,0,0,0,0,0,0,0,0,0,0,0,1,0,0,0,0,0,0,0,0,0,1,0,0,0,0,0,1,0,0,0,0,0,1,0,0,0,0,0,1,0,0,0,0,0,0,1,0,0,1,0,0
1009,4,-1.630543492870708,0.5498517910909498,0.0,0.0,-1.0,0.0,0.5,0.0,0.6666666666666666,0.2894736842105263,0.8861891607291794,1.0,0.0,0.8422747575632559,0.0,1.0,-0.6,-0.5340751043115438,0.0,0.0,1.0999337548829264,1.425012456402591,0.5,0.0,1.0241058482839909,0.0,0.0,0.34075928155265717,0.0,0.0,0.0,0.0,0.0,0.0,1.0,0.5,0.0,0.0,0.5,1.0,0.0,0.2890295358649789,0.0,0.0,0.0,0.8615537516526842,0.1584510203308132,0.0,0.0,7.873203454932759,0.0,0.0,0.0,0.0,4,2009,一般保證契約,一般交易,240000,12.388398368982115,0,0,0,1,0,0,0,0,0,0,0,0,0,0,0,0,1,0,0,0,0,0,0,1,0,0,0,1,0,0,0,0,0,0,0,0,0,0,0,0,0,0,0,0,0,0,1,0,0,0,0,0,0,0,0,0,1,0,0,0,0,0,0,0,1,0,0,0,0,0,0,0,1,0,0,0,0,0,1,0,0,0,0,0,0,1,0,0,0,0,0,0,1,0,0,0,0,1,0,0,0,0,0,0,0,0,0,0,0,0,0,0,1,0,0,0,0,0,0,0,0,0,0,0,0,0,0,0,0,1,0,0,0,1,0,0,0,0,0,0,1,0,0,0,0,0,1,0,0,0,0,0,0,1,0,0,1,0,0
1011,2,1.7990438871897905,1.9619387785079923,0.0,0.0,0.0,0.0,-0.5,0.0,-0.5,-1.1578947368421053,0.0,0.0,0.0,-1.0,0.0,0.0,-0.6,-0.5340751043115438,0.0,0.0,0.32839072033495037,-0.5480817140009965,-0.5,0.0,-0.9005272297819747,0.9349310993143092,0.0,-0.3264428045478709,0.0,0.0,0.0,0.0,1.0,0.0,0.0,0.5,0.0,0.0,0.5,-1.0,-1.0,-0.7151898734177216,0.0,0.0,0.0,0.0,-0.7117967261714493,6.8081453641238445,0.0,0.0,0.0,0.0,0.0,0.0,8,2008,一般保證契約,一般交易,135000,11.813037464800539,1,0,0,0,0,0,0,0,0,0,0,0,0,0,0,0,1,0,0,0,0,0,0,1,0,1,0,0,0,0,0,0,0,0,0,0,0,0,0,0,0,0,0,0,0,0,0,1,0,0,0,0,0,0,0,0,1,0,0,0,0,0,0,0,1,0,0,0,0,0,0,0,1,0,0,0,1,0,0,0,0,0,0,0,0,0,0,1,0,0,0,0,1,0,0,0,0,0,0,0,1,0,0,0,0,0,0,0,0,0,0,0,0,0,0,0,1,0,0,0,0,0,0,0,0,0,0,0,1,0,0,0,0,0,1,0,0,0,0,0,1,0,0,0,0,0,1,0,0,0,0,0,0,1,0,0,1,0,0
1012,0,0.24155735878839998,0.053831351850077196,0.0,0.0,0.0,0.0,-0.5,0.0,-0.14583333333333334,-0.7631578947368421,0.0,0.0,0.0,-6.515822458562748,-1.5409627556327752,-1.5747678672403655,-0.8,-0.5340751043115438,-0.7304631471189668,0.0,-3.1687229326517117,-1.9830592924763328,-0.5,-0.7304631471189668,0.9595246508780614,0.0,0.0,0.27818479733697105,0.0,0.0,0.0,0.0,1.0,0.4638544907568095,0.0,1.0,0.0,-1.0,-0.5,-2.0,-2.0,-2.0316455696202533,-1.5409627556327752,-1.5409627556327752,0.0,0.0,-0.7117967261714493,0.0,0.0,0.0,0.0,0.0,0.0,0.0,5,2010,一般保證契約,一般交易,100000,11.51293546492023,0,0,0,0,0,0,0,0,0,0,0,0,0,0,1,0,1,0,0,0,0,0,0,1,0,1,0,0,0,0,0,0,0,0,0,0,0,0,0,0,0,1,0,0,0,0,0,0,0,0,0,0,0,0,0,0,1,0,0,0,0,0,0,0,1,0,0,0,0,0,0,0,0,0,0,1,0,0,1,0,0,0,0,0,0,1,0,0,0,0,0,0,1,0,0,0,0,0,0,0,0,0,0,1,0,0,0,0,0,0,0,0,0,0,0,0,0,0,0,1,0,0,0,0,0,0,0,0,1,0,0,0,0,0,1,0,0,0,0,0,1,0,0,0,0,0,1,0,0,0,1,0,0,0,0,0,1,0,0
1013,0,-0.8233670642427064,0.22978940107496515,0.0,0.0,0.0,0.0,0.0,2.0,-1.0208333333333333,0.05263157894736842,0.0,0.0,0.2793713480100486,-1.0,-0.3466451177569989,0.0,-0.6,-0.5340751043115438,0.0,0.0,0.18093360530459898,-0.7832585949177877,-0.5,0.0,-0.42780341269960065,0.9553120279980332,0.0,0.04542607562589792,0.0,0.0,-1.0,1.0,0.0,0.0,1.0,0.5,0.0,1.0,0.25,-1.0,-1.0,-1.2721518987341771,0.0,0.0,0.0,0.8511316791785893,-0.7117967261714493,6.88118732376381,0.0,5.460736201340262,0.0,0.0,0.0,0.0,8,2007,一般保證契約,一般交易,165000,12.013706813470414,0,0,0,0,0,0,0,1,0,0,0,0,0,0,0,0,1,0,0,0,0,0,0,1,0,1,0,0,0,0,1,0,0,0,0,0,0,0,0,0,0,0,0,0,0,0,0,0,0,0,0,0,0,0,0,0,1,0,0,0,0,0,0,0,1,0,0,0,0,0,0,0,1,0,0,0,0,0,0,0,0,1,0,0,0,1,0,0,0,0,0,0,1,0,0,0,0,0,0,0,1,0,0,0,0,0,0,0,0,0,0,0,0,0,0,0,1,0,0,0,0,0,0,0,0,0,0,0,1,0,0,0,0,1,0,0,0,0,0,0,1,0,0,0,0,0,1,0,0,0,0,1,0,0,0,0,1,0,0
1014,3,-0.5300358319518109,-0.6530991973084603,0.0,0.0,0.0,0.0,-0.5,-1.0,-1.2916666666666667,0.3157894736842105,0.0,0.0,0.0,-1.0,0.0,0.0,0.2,-0.1905424200278164,0.8104996085138084,10.089189683419605,-0.3321696161198583,0.053811659192825115,-0.5,-0.7304631471189668,-0.15129194753817657,0.0,0.0,-0.7981157126584842,1.0,0.0,-1.0,0.0,-1.0,0.0,0.0,-1.0,-1.2459507404868606,-1.0,-0.5,-1.0,-1.0,-0.8502109704641351,0.0,0.0,0.0,0.0,0.027838329044302983,8.375577002227505,0.0,0.0,0.0,0.0,0.0,0.0,6,2009,一般保證契約,一般交易,85000,11.350418300109132,0,0,1,0,0,0,0,0,0,0,0,0,0,0,0,1,0,0,0,0,0,0,0,1,0,1,0,0,0,0,0,0,0,0,0,0,0,0,0,0,0,0,0,0,0,0,0,0,1,0,0,0,0,0,0,0,1,0,0,0,0,0,0,0,1,0,0,0,0,0,0,0,1,0,0,0,0,0,1,0,0,0,0,0,0,1,0,0,0,0,0,0,1,0,0,0,0,0,0,0,0,0,0,0,0,0,0,0,0,1,0,0,0,0,0,0,0,0,0,0,1,0,0,0,0,0,0,0,1,0,0,0,0,0,0,0,1,0,0,1,0,0,0,0,0,0,1,0,0,0,0,1,0,0,0,0,1,0,0
1015,0,-0.5300358319518109,0.45839045338880174,0.0,0.0,0.0,0.0,0.0,0.0,-0.5,-1.1578947368421053,1.0633138523952435,0.0,0.0,-1.0,-0.3466451177569989,0.0,0.0,-0.06675938803894298,0.0,0.0,0.35809187402268833,0.17339312406576982,-0.5,0.0,-0.02546511711013234,0.0,0.0,-0.676198663566939,0.0,0.0,-1.0,0.0,-1.0,0.0,0.0,-0.5,0.0,0.0,0.5,-1.0,-1.0,-1.018987341772152,0.0,0.0,0.0,0.0,0.47123880939868457,0.0,0.0,0.0,0.0,0.0,0.0,0.0,11,2007,一般保證契約,一般交易,119200,11.688566422839942,0,0,0,1,0,0,0,0,0,0,0,0,0,0,0,0,1,0,0,0,0,0,0,1,0,1,0,0,0,0,0,0,0,0,1,0,0,0,0,0,0,0,0,0,0,0,0,0,0,0,0,0,0,0,0,0,0,0,0,0,1,0,0,0,1,0,0,0,0,0,0,0,1,0,0,0,0,0,1,0,0,0,0,0,0,0,0,1,0,0,0,0,1,0,0,0,0,0,0,0,0,0,0,0,0,0,0,0,0,1,0,0,0,0,0,0,0,0,0,0,0,0,0,0,0,1,0,0,0,0,1,0,0,0,1,0,0,0,0,0,1,0,0,0,0,0,1,0,0,0,0,1,0,0,0,0,1,0,0
1016,0,0.0,-0.30665332785834487,0.0,0.0,0.0,0.0,1.0,1.0,0.6041666666666666,0.18421052631578946,0.0,1.0,0.0,0.0,0.0,0.0,0.4,0.36022253129346316,0.0,0.0,-0.7657559912698321,-0.3687095166915795,0.5,0.0,-0.6529930676152986,1.0388273673386041,0.0,0.2795606500933424,1.0,0.0,0.0,1.0,0.0,0.0,1.0,0.0,0.0,-1.0,-0.5,1.0,0.0,0.1962025316455696,0.0,0.0,0.0,0.0,0.139889170134574,0.0,0.0,0.0,0.0,0.0,0.0,0.0,11,2009,一般保證契約,一般交易,227000,12.33270970174018,0,0,0,0,0,0,0,0,1,0,0,0,0,0,0,0,1,0,0,0,0,0,0,1,0,1,0,0,0,0,0,0,0,0,0,0,0,0,0,0,0,0,0,0,0,0,0,0,0,0,0,0,1,0,0,0,1,0,0,0,0,0,0,0,1,0,0,0,0,0,0,0,1,0,0,0,0,0,0,0,0,1,0,0,0,0,0,1,0,0,0,0,1,0,0,0,0,1,0,0,0,0,0,0,0,0,0,0,0,0,0,0,1,0,0,0,0,0,0,0,0,0,0,0,0,0,0,0,1,0,0,0,0,1,0,0,0,0,0,0,1,0,0,0,0,0,1,0,0,0,0,0,0,1,0,0,1,0,0
1017,1,0.14660387181266663,0.5028801801474241,0.0,0.0,0.0,0.0,0.5,0.0,0.5,0.05263157894736842,1.0490242974017012,1.0,0.0,0.0,0.0,2.3495966477454164,0.4,0.42559109874826145,0.0,0.0,0.43181051708772494,1.014449427005481,0.5,0.0,0.722398700935409,0.0,0.0,0.04842699463550328,1.0,0.0,0.0,0.0,0.0,0.0,1.0,0.0,0.0,0.0,0.25,1.0,0.0,-0.014767932489451477,0.0,0.0,0.0,0.8977495767947642,0.2530101222758353,0.0,0.0,0.0,0.0,0.0,0.0,0.0,6,2009,一般保證契約,一般交易,203000,12.220966184120165,0,0,0,1,0,0,0,0,0,0,0,0,0,0,0,0,1,0,0,0,0,0,0,1,0,1,0,0,0,0,0,0,0,0,0,0,1,0,0,0,0,0,0,0,0,0,0,0,0,0,0,0,0,0,0,0,1,0,0,0,0,0,0,0,1,0,0,0,0,0,0,0,1,0,0,0,0,0,1,0,0,0,0,0,0,1,0,0,0,0,0,0,1,0,0,0,0,1,0,0,0,0,0,0,0,0,0,0,0,0,0,0,1,0,0,0,0,0,0,0,0,0,0,0,0,0,0,0,0,0,1,0,0,1,0,0,0,0,0,0,1,0,0,0,0,0,1,0,0,0,0,0,0,1,0,0,1,0,0
1018,1,-0.9157076349691868,-1.1205505952300825,0.0,0.0,-1.0,0.0,1.0,0.0,0.25,-0.2631578947368421,0.0,1.0,0.0,0.0,0.0,1.7473143510832982,0.4,0.9068150208623088,0.0,0.0,-0.7005051571124806,0.4484304932735426,0.0,0.0,0.4898924797894922,0.0,0.0,-0.17685462678900446,1.0,0.0,-1.0,0.0,-2.0,0.0,1.0,-1.0,0.0,0.0,0.75,0.0,0.0,0.35232067510548526,0.0,0.0,0.0,0.7474760363013944,-0.7117967261714493,0.0,0.0,0.0,0.0,0.0,0.0,0.0,8,2009,法院或遺產拍賣,異常交易(如法拍),187500,12.141539457711714,0,0,0,0,0,1,0,0,0,0,0,0,0,0,0,0,1,0,0,0,0,0,0,1,0,0,0,1,0,0,0,0,0,0,0,0,0,0,0,0,0,0,0,0,0,1,0,0,0,0,0,0,0,0,0,0,1,0,0,0,0,0,0,0,1,0,0,0,0,0,0,0,0,0,1,0,0,0,1,0,0,0,0,0,0,0,0,1,0,0,0,0,1,0,0,0,0,0,0,0,0,0,0,0,0,0,0,0,1,0,0,0,0,0,0,0,0,0,0,0,0,0,0,0,1,0,0,0,1,0,0,0,0,0,1,0,0,0,0,0,1,0,0,0,0,0,1,0,0,0,0,0,0,1,0,0,1,0,0
1020,1,-1.630543492870708,-2.467152373944179,0.0,0.0,0.0,0.0,0.5,0.0,0.6875,0.2894736842105263,0.9647911157992038,1.0,0.0,0.0,0.0,2.3495966477454164,0.4,-0.5118219749652295,0.0,0.0,0.8762763662644915,0.7314399601395117,0.5,0.0,0.7254923605198571,0.0,0.0,0.05142452581503476,0.0,0.0,0.0,0.0,-1.0,0.0,1.0,0.0,0.0,0.0,0.5,1.0,0.0,-0.1751054852320675,0.0,0.0,0.0,0.9538950326100597,-0.07642330536929036,0.0,0.0,0.0,0.0,0.0,0.0,0.0,4,2006,一般保證契約,一般交易,213490,12.271349956195543,0,0,0,0,0,1,0,0,0,0,0,0,0,0,0,0,1,0,0,0,0,0,0,1,0,1,0,0,0,0,0,0,0,0,0,0,0,0,0,0,1,0,0,0,0,0,0,0,0,0,0,0,0,0,0,0,1,0,0,0,0,0,0,0,1,0,0,0,0,0,0,0,0,0,1,0,0,0,1,0,0,0,0,0,0,0,0,1,0,0,0,0,1,0,0,0,0,1,0,0,0,0,0,0,0,0,0,0,0,0,0,0,1,0,0,0,0,0,0,0,0,0,0,0,0,0,0,0,0,0,1,0,0,1,0,0,0,0,0,0,1,0,0,0,0,0,1,0,0,0,0,0,0,1,0,0,1,0,0
1021,4,-0.5300358319518109,-0.7079764151243839,0.0,0.0,0.0,0.0,-1.0,0.0,0.6875,0.2894736842105263,0.0,0.0,0.0,0.0,0.0,0.0,0.4,0.8901251738525731,0.0,0.0,-1.047263491357971,0.2730443447932237,0.5,0.0,0.07494162375419555,0.0,0.0,-0.5789118328215785,1.0,0.0,-1.0,1.0,-1.0,0.0,1.0,-0.5,0.0,-1.0,-0.5,1.0,0.0,-0.12869198312236288,0.0,0.0,0.0,1.1162419767604332,0.24365563892796488,0.0,0.0,0.0,0.0,0.0,0.0,0.0,6,2008,一般保證契約,一般交易,176000,12.07824495582233,0,0,0,1,0,0,0,0,0,0,0,0,0,0,0,0,1,0,0,0,0,0,0,1,0,1,0,0,0,0,0,0,0,0,0,0,0,0,0,0,0,1,0,0,0,0,0,0,0,0,0,0,0,0,0,0,1,0,0,0,0,0,0,0,1,0,0,0,0,0,0,0,1,0,0,0,0,0,1,0,0,0,0,0,0,0,0,1,0,0,0,0,1,0,0,0,0,1,0,0,0,0,0,0,0,0,0,0,0,0,0,0,1,0,0,0,0,0,0,0,0,0,0,0,0,0,0,0,1,0,0,0,0,1,0,0,0,0,0,0,1,0,0,0,0,0,1,0,0,0,0,0,0,1,0,0,1,0,0
1022,0,-0.3097441784624688,-0.590297686809113,0.0,0.0,0.0,0.0,0.5,0.0,0.7083333333333334,0.3157894736842105,0.8219638675560355,1.0,0.0,0.0,0.0,1.7473143510832982,0.4,0.4172461752433936,0.0,0.0,0.055566137746838946,0.40657698056801195,0.5,0.0,0.2428512292162946,0.0,0.0,-0.416219634802879,1.0,0.0,0.0,0.0,-1.0,0.0,1.0,0.0,0.0,-1.0,-0.5,0.0,0.0,0.6350210970464135,0.0,0.0,0.0,0.8740988677180975,0.19284669263052878,0.0,0.0,0.0,0.0,0.0,0.0,0.0,7,2006,新屋,預售屋(估價時未完工),194000,12.175618592671356,0,0,0,1,0,0,0,0,0,0,0,0,0,0,0,0,1,0,0,0,0,0,0,1,0,1,0,0,0,0,0,0,0,0,0,0,1,0,0,0,0,0,0,0,0,0,0,0,0,0,0,0,0,0,0,0,1,0,0,0,0,0,0,0,1,0,0,0,0,0,0,0,1,0,0,0,0,0,1,0,0,0,0,0,0,0,0,1,0,0,0,0,1,0,0,0,0,1,0,0,0,0,0,0,0,0,0,0,0,0,0,0,1,0,0,0,0,0,0,0,0,0,0,0,0,0,0,0,0,1,0,0,0,1,0,0,0,0,0,0,1,0,0,0,0,0,1,0,0,0,0,0,0,1,0,0,1,0,0
1023,1,-1.010234332078765,-0.039181413765793836,0.0,0.0,0.0,0.0,-0.5,0.0,-0.875,-1.1578947368421053,0.0,0.0,0.0,-1.0,0.0,0.0,-0.4,-0.08344923504867872,0.0,0.0,0.16184429094092045,-0.1654210264075735,0.0,0.0,-0.3992397604519068,0.8259567835075801,0.0,-0.3665443192797964,0.0,0.0,-1.0,0.0,-1.0,0.0,0.0,0.0,0.0,-1.0,-0.5,-1.0,-1.0,-1.3565400843881856,-0.3466451177569989,-0.3466451177569989,0.0,0.0,-0.7117967261714493,8.013883697367243,0.0,0.0,0.0,0.0,0.0,0.0,3,2007,一般保證契約,一般交易,87000,11.373674891823535,1,0,0,0,0,0,0,0,0,0,0,0,0,0,0,1,0,0,0,0,0,0,0,1,0,1,0,0,0,0,0,0,0,0,0,0,0,0,0,0,0,0,0,0,0,0,0,0,1,0,0,0,0,0,0,0,1,0,0,0,0,0,0,0,1,0,0,0,0,0,0,0,1,0,0,0,1,0,0,0,0,0,0,0,0,0,0,1,0,0,0,0,1,0,0,0,0,0,0,0,1,0,0,0,0,0,0,0,0,0,0,0,0,0,0,0,1,0,0,0,0,0,0,0,0,0,0,0,1,0,0,0,0,0,1,0,0,0,0,0,1,0,0,0,0,1,0,0,0,0,0,1,0,0,0,0,1,0,0
1024,2,-1.630543492870708,-2.360345429908148,0.0,0.0,0.0,0.0,0.5,0.0,0.6875,0.3157894736842105,0.43485346117834256,1.0,0.0,0.0,0.2793713480100486,0.0,0.4,-0.5118219749652295,0.0,0.0,0.865312430853958,0.6995515695067265,0.5,0.0,0.722398700935409,0.0,0.0,0.04842699463550328,0.0,0.0,0.0,0.0,-1.0,0.0,1.0,0.5,0.0,0.0,0.5,1.0,0.0,-0.1877637130801688,0.0,0.0,0.0,0.9795301978329513,-0.07642330536929036,0.0,0.0,0.0,0.0,0.0,0.0,0.0,5,2008,一般保證契約,一般交易,191000,12.160033942617156,0,0,0,0,0,1,0,0,0,0,0,0,0,0,0,0,1,0,0,0,0,0,0,1,0,1,0,0,0,0,0,0,0,0,0,0,0,0,0,0,1,0,0,0,0,0,0,0,0,0,0,0,0,0,0,0,1,0,0,0,0,0,0,0,1,0,0,0,0,0,0,0,0,0,1,0,0,0,1,0,0,0,0,0,0,0,0,1,0,0,0,0,1,0,0,0,0,1,0,0,0,0,0,0,0,0,0,0,0,0,0,0,1,0,0,0,0,0,0,0,0,0,0,0,0,0,0,0,0,0,1,0,0,1,0,0,0,0,0,0,1,0,0,0,0,0,1,0,0,0,0,0,0,1,0,0,1,0,0
1026,4,0.0,-0.503191923907666,0.0,0.0,0.0,0.0,-0.5,0.0,0.0,-0.5789473684210527,0.0,0.0,0.0,-1.0,0.0,0.0,-0.4,-0.34214186369958277,0.8104996085138084,10.105326135535593,-0.416769680801945,-0.22521175884404585,-0.5,0.0,-0.4712612060621816,0.0,0.0,-1.108142657361384,1.0,0.0,-1.0,0.0,0.0,0.0,0.0,-0.5,0.0,-1.0,-0.5,-1.0,0.0,-0.08649789029535865,0.0,0.0,0.0,0.8511316791785893,-0.7117967261714493,0.0,0.0,0.0,0.0,0.0,1.5409627556327752,0.0,3,2007,一般保證契約,一般交易,112500,11.630717389475995,0,0,0,1,0,0,0,0,0,0,0,0,0,0,0,0,1,0,0,0,0,0,0,1,0,0,0,0,1,0,0,0,0,0,0,0,1,0,0,0,0,0,0,0,0,0,0,0,0,0,0,0,0,0,0,0,1,0,0,0,0,0,0,0,1,0,0,0,0,0,0,0,1,0,0,0,0,0,1,0,0,0,0,0,0,0,0,1,0,0,0,0,1,0,0,0,0,1,0,0,0,0,0,0,0,0,0,0,0,0,0,0,1,0,0,0,0,0,0,0,0,0,0,0,0,0,0,0,1,0,0,0,0,0,1,0,0,0,0,0,1,0,0,0,0,0,1,0,0,0,0,1,0,0,0,0,1,0,0
1027,0,0.14660387181266663,-0.07346842216232624,0.0,0.0,0.0,0.0,-0.5,0.0,-0.25,-0.8947368421052632,1.1985050672275934,0.0,0.0,-1.0,0.0,0.0,-0.2,0.43532684283727396,0.0,0.0,0.13813888754784964,0.5440956651718983,-0.5,0.0,0.32297872708658276,0.0,0.0,-0.3385819158982366,1.0,0.0,-1.0,0.0,0.0,0.0,0.0,0.0,0.0,1.0,0.5,-1.0,0.0,-0.08649789029535865,0.0,0.0,0.0,0.0,-0.7117967261714493,0.0,0.0,7.382905995629807,0.0,0.0,0.0,0.0,4,2010,一般保證契約,一般交易,167500,12.02874460037869,0,0,0,1,0,0,0,0,0,0,0,0,0,0,0,0,1,0,0,0,0,0,0,1,0,1,0,0,0,0,0,0,0,0,1,0,0,0,0,0,0,0,0,0,0,0,0,0,0,0,0,0,0,0,0,0,0,0,0,0,0,0,1,0,1,0,0,0,0,0,0,0,1,0,0,0,0,0,1,0,0,0,0,0,0,0,0,1,0,0,0,0,1,0,0,0,0,0,0,0,0,0,0,0,0,0,0,0,0,1,0,0,0,0,0,0,0,0,0,0,0,0,0,0,1,0,0,0,0,0,1,0,0,0,1,0,0,0,0,0,1,0,0,0,0,0,1,0,0,0,0,0,0,1,0,0,1,0,0
1029,3,0.42526075804806646,-0.02622088797886462,0.0,0.0,0.0,0.0,-0.5,0.0,-0.6458333333333334,-1.1578947368421053,0.0,0.0,0.0,-1.0,0.0,0.0,-0.2,-0.022253129346314324,1.089870956523857,5.0120772195485275,-0.22313317237869762,-0.45241654210264076,-0.5,0.0,-0.2700192759268346,0.8677586115353974,0.0,-0.15084908967276184,1.0,0.0,-1.0,0.0,0.0,0.0,0.0,0.0,0.0,0.0,0.5,-1.0,-1.0,-1.018987341772152,0.0,0.0,0.0,0.0,-0.7117967261714493,0.0,0.0,0.0,0.0,0.0,0.0,0.0,4,2007,一般保證契約,一般交易,105000,11.561725152903833,1,0,0,0,0,0,0,0,0,0,0,0,0,0,0,0,1,0,0,0,0,0,0,1,0,1,0,0,0,0,0,0,0,0,1,0,0,0,0,0,0,0,0,0,0,0,0,0,0,0,0,0,0,0,0,0,0,0,0,0,1,0,0,0,1,0,0,0,0,0,0,0,1,0,0,0,1,0,0,0,0,0,0,0,0,0,0,1,0,0,0,0,1,0,0,0,0,0,0,0,0,1,0,0,0,0,0,0,0,0,0,0,0,0,0,0,0,1,0,0,0,0,0,0,0,0,0,0,1,0,0,0,0,0,1,0,0,0,0,0,1,0,0,0,0,0,1,0,0,0,0,0,0,1,0,0,1,0,0
1030,3,-3.7943801407173003,-3.5571411798186787,0.0,0.0,0.0,0.0,0.0,2.0,0.0,-0.5789473684210527,1.1549835955836905,0.0,0.0,-1.0,0.0,0.0,0.0,-0.09318497913769123,0.0,0.0,-0.23154458396381614,-0.6437468858993523,0.0,0.0,-1.0434897183004757,0.9328478046631533,0.0,-0.41980479945217886,0.0,0.7304631471189668,-1.0,1.0,0.0,0.0,0.0,0.5,0.0,-1.0,-0.5,-1.0,-1.0,-0.9177215189873418,0.0,0.0,0.0,0.0,0.009549770389255476,0.0,0.0,0.0,0.0,0.0,0.0,0.0,5,2006,一般保證契約,一般交易,118000,11.678448377988165,0,0,0,0,0,0,0,0,0,1,0,0,0,0,0,1,0,0,0,0,0,0,0,1,0,1,0,0,0,0,0,0,0,0,0,0,0,0,1,0,0,0,0,0,0,0,0,0,0,0,0,0,0,0,0,0,1,0,0,0,0,0,0,0,1,0,0,0,0,0,0,0,0,1,0,0,0,0,0,0,0,1,0,0,0,0,0,1,0,0,0,0,1,0,0,0,0,0,0,0,0,0,0,0,0,0,0,0,1,0,0,0,0,0,0,0,0,0,0,0,0,0,0,0,1,0,0,0,0,0,1,0,0,0,1,0,0,0,0,0,1,0,0,0,0,0,1,0,0,0,0,1,0,0,0,0,1,0,0
1031,2,-0.5300358319518109,-0.6897640368296029,0.0,0.0,0.0,0.0,-0.5,3.0,-1.1666666666666667,0.02631578947368421,0.0,0.0,0.0,-1.0,0.0,1.0,-0.6,-0.5340751043115438,0.0,0.0,0.2881454863413409,-0.6158445440956651,0.0,0.0,-0.3154228729306125,1.0725228473090274,0.0,0.619172322147556,0.0,0.0,0.0,0.0,2.0,0.4638544907568095,0.0,2.0,0.0,-1.0,-0.5,-2.0,-2.0,-2.0316455696202533,-1.5409627556327752,-1.5409627556327752,-1.1943176378757763,0.0,-0.7117967261714493,8.39538258223558,0.0,0.0,0.0,0.0,0.0,0.0,7,2006,一般保證契約,一般交易,160000,11.982935344196433,0,0,0,0,0,0,0,0,0,0,1,0,0,0,0,0,0,0,0,1,0,0,0,1,0,1,0,0,0,0,0,0,0,0,0,0,0,1,0,0,0,0,0,0,0,0,0,0,0,0,0,0,0,0,0,0,1,0,0,0,0,0,0,0,1,0,0,0,0,0,0,1,0,0,0,0,0,0,0,0,0,1,0,0,0,0,0,1,0,0,0,0,1,0,0,0,0,1,0,0,0,0,0,0,0,0,0,0,0,0,0,0,1,0,0,0,0,0,0,0,0,0,0,0,0,0,0,0,1,0,0,0,0,1,0,0,0,0,0,0,1,0,0,0,0,0,1,0,0,0,1,0,0,0,0,0,1,0,0
1032,1,1.3512215274983093,1.2099797296441972,0.0,0.0,0.0,0.0,0.5,-2.0,-1.0833333333333333,-0.631578947368421,0.0,0.0,0.0,-1.0,0.0,0.0,0.4,0.1933240611961057,0.0,0.0,-0.353767293668705,-0.34080717488789236,0.5,0.0,0.9920022466145951,1.077070034966981,9.697398554008169,1.757137257607083,1.0,0.0,0.0,1.0,2.0,0.0,0.0,3.0,0.0,1.0,0.25,1.0,0.0,0.8037974683544303,0.0,0.0,0.0,0.9422502268942519,0.2388863118622446,0.0,0.0,0.0,0.0,0.0,0.0,0.0,8,2009,一般保證契約,一般交易,197000,12.190964083849375,0,0,0,0,0,0,1,0,0,0,0,0,0,0,0,0,1,0,0,0,0,0,0,1,0,0,0,0,1,0,0,0,0,0,0,0,0,1,0,0,0,0,0,0,0,0,0,0,0,0,0,0,0,0,0,0,1,0,0,0,0,0,0,0,1,0,0,0,0,0,0,0,1,0,0,0,0,0,0,1,0,0,0,0,0,0,0,1,0,0,0,0,1,0,0,0,0,0,0,0,1,0,0,0,0,0,0,0,0,0,0,0,0,0,0,1,0,0,0,0,0,0,0,0,0,0,0,0,1,0,0,0,0,0,0,0,1,0,0,0,1,0,0,0,0,0,1,0,1,0,0,0,0,0,0,0,1,0,0
1035,1,-1.1398722399119068,-0.9450643481006702,0.0,0.0,0.0,0.0,-0.5,2.0,-0.7083333333333334,-1.1578947368421053,0.0,0.0,0.2793713480100486,-2.24080411332851,-0.3466451177569989,0.0,-0.6,-0.5340751043115438,0.0,0.0,0.5369086584621106,-0.14947683109118087,0.5,0.0,-0.30171706382952235,0.0,0.0,-0.9438667120685903,0.0,0.0,-1.0,0.0,-1.0,0.0,-1.0,-0.5,0.0,0.0,0.5,-1.0,-1.0,-1.018987341772152,-0.3466451177569989,0.0,0.0,0.0,-0.7117967261714493,0.0,0.0,0.0,0.0,0.0,1.5409627556327752,0.0,6,2007,一般保證契約,一般交易,119750,11.693169865968983,0,0,1,0,0,0,0,0,0,0,0,0,0,0,0,0,1,0,0,0,0,1,0,0,0,1,0,0,0,0,1,0,0,0,0,0,0,0,0,0,0,0,0,0,0,0,0,0,0,0,0,0,0,0,0,0,1,0,0,0,0,0,0,0,1,0,0,0,0,0,0,0,1,0,0,0,0,0,1,0,0,0,0,0,0,0,0,1,0,0,0,0,1,0,0,0,0,0,0,0,0,0,0,0,0,0,0,0,0,1,0,0,0,0,0,0,0,0,0,0,0,0,0,0,0,1,0,0,1,0,0,0,0,1,0,0,0,0,0,0,1,0,0,0,0,0,1,0,1,0,0,0,0,0,0,0,1,0,0
1036,0,-0.23009937662782295,0.42460665031148026,0.0,0.0,-1.0,0.0,-1.0,-2.0,-0.3125,-0.9736842105263158,0.0,0.0,0.2793713480100486,-6.515822458562748,-1.5409627556327752,-1.5747678672403655,-0.8,-0.5340751043115438,-0.7304631471189668,0.0,-3.1687229326517117,-1.9830592924763328,0.5,-0.7304631471189668,-0.5630093556460306,0.0,0.0,-1.1970399427719802,0.0,0.0,-1.0,0.0,0.0,0.0,0.0,-0.5,0.0,-1.0,-0.5,-1.0,-1.0,-0.8080168776371308,0.0,0.0,-1.1943176378757763,1.0284999665375714,-0.7117967261714493,0.0,0.0,0.0,0.0,0.0,0.0,0.0,1,2009,一般保證契約,一般交易,84000,11.338583982516495,0,0,0,1,0,0,0,0,0,0,0,0,0,0,0,0,1,0,0,0,0,0,0,1,0,0,0,1,0,0,0,0,0,0,0,0,0,0,0,0,0,1,0,0,0,0,0,0,0,0,0,0,0,0,0,0,1,0,0,0,0,0,0,0,1,0,0,0,0,0,0,0,1,0,0,0,0,0,1,0,0,0,0,0,0,0,0,1,0,0,0,0,1,0,0,0,0,0,0,0,1,0,0,0,0,0,0,0,0,0,0,0,0,0,0,0,1,0,0,0,0,0,0,0,0,0,0,0,1,0,0,0,1,0,0,0,0,0,0,0,1,0,0,0,0,0,1,0,0,0,0,1,0,0,0,0,1,0,0
1038,0,0.0,-0.08840330192665066,0.0,0.0,0.0,0.0,1.0,0.0,0.6041666666666666,0.21052631578947367,1.261468099242956,1.0,0.0,0.0,0.0,0.0,-0.6,-0.5340751043115438,0.0,0.0,0.6567871530780722,0.11958146487294469,0.5,0.0,-0.08133425042137146,1.1255408098857957,0.0,0.9988259468624958,0.0,0.0,0.0,1.0,0.0,0.0,1.0,0.5,0.0,0.0,0.25,1.0,0.0,1.7869198312236287,0.0,0.0,0.0,0.0,0.139889170134574,0.0,0.0,7.979426117078211,0.0,0.0,0.0,0.0,9,2008,一般保證契約,一般交易,287000,12.567240979056246,0,0,0,0,0,0,0,0,1,0,0,0,0,0,0,0,1,0,0,0,0,0,0,1,0,1,0,0,0,0,0,0,0,0,0,0,1,0,0,0,0,0,0,0,0,0,0,0,0,0,0,0,0,0,0,0,1,0,0,0,0,0,0,0,1,0,0,0,0,0,0,0,1,0,0,0,0,0,0,0,0,1,0,0,0,0,0,1,0,0,0,0,1,0,0,0,0,1,0,0,0,0,0,0,0,0,0,0,0,0,0,0,1,0,0,0,0,0,0,0,0,0,0,0,0,0,0,0,0,0,1,0,0,1,0,0,0,0,0,0,1,0,0,0,0,0,1,1,0,0,0,0,0,0,0,0,1,0,0
1039,3,-3.7943801407173003,-3.7194843590053552,0.0,0.0,0.0,0.0,-1.0,1.0,-0.041666666666666664,0.3684210526315789,0.0,0.0,0.0,-1.0,0.0,0.0,-0.6,-0.5340751043115438,0.0,0.0,0.10216621793957156,-0.8948679621325362,-0.5,0.0,-0.6846052715535297,0.9328478046631533,0.0,-0.20312133951801922,0.0,0.0,-1.0,1.0,0.0,0.0,0.0,0.0,0.0,0.0,0.25,-2.0,-2.0,-2.0316455696202533,-1.5409627556327752,-1.5409627556327752,0.0,0.0,-0.7117967261714493,0.0,0.0,0.0,0.0,0.0,0.0,0.0,5,2009,一般保證契約,一般交易,97000,11.48247656671073,0,0,0,0,0,0,0,0,0,1,0,0,0,0,0,1,0,0,0,0,0,0,0,1,0,1,0,0,0,0,0,0,0,0,0,0,0,0,0,0,0,0,0,0,0,0,0,0,0,1,0,0,0,0,0,0,1,0,0,0,0,0,0,0,1,0,0,0,0,0,0,0,0,1,0,0,0,0,0,0,0,1,0,0,0,0,0,1,0,0,0,0,1,0,0,0,0,0,0,0,0,0,1,0,0,0,0,0,0,0,0,0,0,0,0,0,0,0,1,0,0,0,0,0,0,0,0,0,1,0,0,0,0,0,1,0,0,0,0,0,1,0,0,0,0,0,1,0,0,0,1,0,0,0,0,0,1,0,0
1040,2,-3.7943801407173003,-3.7848249463357875,0.0,0.0,0.0,0.0,-1.0,-1.0,-0.041666666666666664,-0.631578947368421,0.0,0.0,0.0,0.0,0.0,1.7473143510832982,0.4,0.17385257301808066,0.0,0.0,-0.975696041739105,-0.7274539113104136,-0.5,0.0,-1.175878341807391,0.0,0.0,-1.7908654251300475,1.0,0.0,-1.0,0.0,-2.0,0.0,0.0,-1.5,0.0,-1.0,-0.5,-1.0,-1.0,-0.8248945147679325,0.0,0.0,0.0,0.0,-0.7117967261714493,0.0,0.0,0.0,0.0,0.0,0.0,0.0,4,2009,一般保證契約,一般交易,80000,11.289794413577894,0,0,0,0,0,0,0,0,0,0,0,1,0,0,0,1,0,0,0,0,0,0,0,1,0,1,0,0,0,0,0,0,0,0,0,0,0,0,0,0,0,0,0,0,0,0,0,0,0,1,0,0,0,0,0,0,1,0,0,0,0,0,0,0,1,0,0,0,0,0,0,0,0,0,1,0,0,0,0,0,0,0,0,1,0,0,0,1,0,0,0,0,1,0,0,0,0,0,0,0,0,0,1,0,0,0,0,0,0,0,0,0,0,0,0,0,0,0,1,0,0,0,0,0,0,0,0,0,1,0,0,0,0,0,1,0,0,0,0,0,1,0,0,0,0,0,1,0,0,0,0,0,0,1,0,0,1,0,0
1044,0,0.7287389043336142,0.493997874397027,0.0,0.0,0.0,0.0,0.5,0.0,0.375,-0.10526315789473684,0.86366220503593,0.0,0.0,0.0,0.0,0.0,0.4,0.9749652294853964,0.0,0.0,-0.16050882183880003,0.9566517189835575,0.5,0.0,0.7653956159483949,1.0217492802204184,0.0,1.067923946298446,1.0,0.0,0.0,1.0,1.0,0.0,1.0,2.0,0.0,0.0,0.75,-1.0,0.0,0.1371308016877637,0.0,0.0,0.0,1.0374820403803926,0.4470181647893804,0.0,0.0,0.0,0.0,0.0,0.0,0.0,5,2008,一般保證契約,一般交易,262280,12.47717172708952,0,0,0,0,0,0,0,0,1,0,0,0,0,0,0,0,1,0,0,0,0,0,0,1,0,1,0,0,0,0,0,0,0,0,0,0,0,0,0,0,0,0,0,0,0,0,0,0,0,0,0,0,0,1,0,0,1,0,0,0,0,0,0,0,1,0,0,0,0,0,0,0,1,0,0,0,0,0,0,0,0,1,0,0,0,1,0,0,0,0,0,0,1,0,0,0,0,0,0,0,0,0,0,0,0,0,0,0,1,0,0,0,0,0,0,0,0,0,0,0,0,0,0,0,1,0,0,0,0,0,1,0,0,1,0,0,0,0,0,0,1,0,0,0,0,0,1,0,0,0,0,0,0,1,0,0,1,0,0
1045,4,0.469964168048189,0.0,0.0,0.0,0.0,0.0,1.0,0.0,0.1875,-0.34210526315789475,0.0,1.0,0.0,0.0,0.0,0.0,0.2,1.0013908205841446,0.0,0.0,0.9255884472324803,3.0473343298455404,-0.5,0.0,1.975696872883701,0.0,0.0,1.2627817887280361,1.0,0.0,0.0,1.0,1.0,0.0,1.0,1.5,0.0,0.0,0.5,1.0,0.0,0.2552742616033755,0.0,0.0,0.0,1.3123856128178077,0.44423404373352443,0.0,0.0,0.0,0.0,0.0,1.5409627556327752,0.0,7,2009,一般保證契約,一般交易,278000,12.535379989788607,0,0,0,1,0,0,0,0,0,0,0,0,0,0,0,0,1,0,0,0,0,0,0,1,0,1,0,0,0,0,0,0,0,0,0,0,0,0,0,0,0,0,0,0,0,0,0,0,0,0,0,0,1,0,0,0,0,0,0,0,0,1,0,0,1,0,0,0,0,0,0,0,1,0,0,0,0,0,1,0,0,0,0,0,0,1,0,0,0,0,0,0,0,0,0,1,0,0,0,0,0,0,0,0,0,0,0,0,0,0,1,0,0,0,0,0,0,0,0,0,0,0,0,0,0,0,1,0,1,0,0,0,0,1,0,0,0,0,0,0,1,0,0,0,0,0,1,0,0,0,0,0,0,1,0,0,1,0,0
1046,2,-0.23009937662782295,0.8437551165393375,0.0,0.0,-1.0,0.0,-1.5,0.0,-0.3541666666666667,-1.0263157894736843,0.0,0.0,0.0,-6.515822458562748,-1.5409627556327752,-1.5747678672403655,-0.8,-0.5340751043115438,-0.7304631471189668,0.0,-3.1687229326517117,-1.9830592924763328,0.5,0.0,1.0558447041807053,0.0,0.0,0.37151192500163965,0.0,0.0,0.0,0.0,1.0,0.0,0.0,1.0,-0.3846268403045294,0.0,0.5,-1.0,0.0,-0.12447257383966245,0.0,0.0,0.0,0.0,-0.7117967261714493,0.0,0.0,0.0,0.0,0.0,0.0,0.0,6,2009,一般保證契約,一般交易,139600,11.846543632608535,0,0,0,1,0,0,0,0,0,0,0,0,0,0,0,0,1,0,0,0,0,0,0,1,0,0,0,1,0,0,0,0,0,0,0,0,0,0,0,0,0,1,0,0,0,0,0,0,0,0,0,0,0,0,0,0,1,0,0,0,0,0,0,0,1,0,0,0,0,0,0,0,1,0,0,0,0,0,1,0,0,0,0,0,0,1,0,0,0,0,0,0,1,0,0,0,0,0,0,0,0,0,0,0,0,0,0,0,0,0,1,0,0,0,0,0,1,0,0,0,0,0,0,0,0,0,0,0,1,0,0,0,1,0,0,0,0,0,0,0,1,0,0,0,0,1,0,0,0,0,0,0,0,1,0,0,1,0,0
1049,0,1.2781087050015416,2.0183985765898407,0.0,0.0,0.0,0.0,-0.5,-1.0,-0.25,0.3157894736842105,0.7938338652468379,0.0,-0.3466451177569989,-6.515822458562748,-1.5409627556327752,-1.5747678672403655,-0.8,-0.5340751043115438,-0.7304631471189668,0.0,-3.1687229326517117,-1.9830592924763328,-0.5,0.0,1.1075072785736129,0.0,0.0,0.4215692029051597,0.0,0.0,-1.0,0.0,0.0,0.0,0.0,1.5,-0.18059459163956637,0.0,0.25,-1.0,0.0,-0.6139240506329114,0.0,0.0,0.0,0.0,-0.7117967261714493,0.0,0.0,0.0,0.0,0.0,1.8203341036428238,0.0,11,2009,一般保證契約,一般交易,115000,11.652696102959753,0,0,0,1,0,0,0,0,0,0,0,0,0,0,0,0,1,0,0,0,0,0,0,1,0,1,0,0,0,0,0,0,0,0,0,0,0,0,0,0,0,0,0,0,0,0,1,0,0,0,0,0,0,0,0,0,1,0,0,0,0,0,0,0,1,0,0,0,0,0,0,0,1,0,0,0,0,0,1,0,0,0,0,0,0,1,0,0,0,0,0,0,1,0,0,0,0,0,0,0,0,0,0,0,0,0,0,0,1,0,0,0,0,0,0,0,0,0,0,0,0,0,0,0,1,0,0,0,0,0,1,0,1,0,0,0,0,0,0,0,1,0,0,0,0,0,1,0,0,0,0,0,0,1,0,0,1,0,0
1051,1,0.14660387181266663,-0.1507667780432807,0.0,0.0,-1.0,0.0,0.5,0.0,0.7291666666666666,0.34210526315789475,0.0,1.0,0.0,0.0,0.0,1.7473143510832982,-0.6,-0.5340751043115438,0.0,0.0,0.8458530553603806,0.611858495266567,0.5,0.0,0.3902952934576761,0.0,0.0,-0.2733570580597317,0.0,0.0,0.0,0.0,0.0,0.0,1.0,0.0,0.0,-1.0,-0.5,1.0,0.0,-0.19198312236286919,0.0,0.0,0.0,0.0,-0.05261205992788781,0.0,0.0,0.0,0.0,0.0,0.0,0.0,8,2007,新屋,預售屋(估價時未完工),176485,12.080996832096167,0,0,0,1,0,0,0,0,0,0,0,0,0,0,0,0,1,0,0,0,0,0,0,1,0,1,0,0,0,0,0,0,0,0,0,1,0,0,0,0,0,0,0,0,0,0,0,0,0,0,0,0,0,0,0,0,1,0,0,0,0,0,0,0,1,0,0,0,0,0,0,0,1,0,0,0,0,0,1,0,0,0,0,0,0,0,0,1,0,0,0,0,1,0,0,0,0,1,0,0,0,0,0,0,0,0,0,0,0,0,0,0,1,0,0,0,0,0,0,0,0,0,0,0,0,0,0,0,1,0,0,0,0,1,0,0,0,0,0,0,1,0,0,0,0,0,1,0,0,0,0,0,0,1,0,0,1,0,0
1052,4,1.387326425198947,0.35642910507848247,0.0,0.0,-1.0,0.0,0.5,0.0,0.7291666666666666,0.34210526315789475,0.0,1.0,0.0,0.0,0.0,1.7473143510832982,-0.6,-0.5340751043115438,0.0,0.0,0.8556267011952253,0.6397608370702541,0.5,0.0,0.4146758934044627,0.0,0.0,-0.2497340295650776,0.0,0.0,0.0,0.0,0.0,0.0,1.0,0.0,0.0,0.0,0.5,1.0,0.0,-0.1751054852320675,0.0,0.0,0.0,0.0,-0.07642330536929036,0.0,0.0,0.0,0.0,0.0,0.0,0.0,10,2007,新屋,預售屋(估價時未完工),200141,12.206782393599413,0,0,0,1,0,0,0,0,0,0,0,0,0,0,0,0,1,0,0,0,0,0,0,1,0,0,0,0,1,0,0,0,0,0,0,0,1,0,0,0,0,0,0,0,0,0,0,0,0,0,0,0,0,0,0,0,1,0,0,0,0,0,0,0,1,0,0,0,0,0,0,0,1,0,0,0,0,0,1,0,0,0,0,0,0,0,0,1,0,0,0,0,1,0,0,0,0,1,0,0,0,0,0,0,0,0,0,0,0,0,0,0,1,0,0,0,0,0,0,0,0,0,0,0,0,0,0,0,1,0,0,0,0,1,0,0,0,0,0,0,1,0,0,0,0,0,1,0,0,0,0,0,0,1,0,0,1,0,0
1053,4,1.2781087050015416,-0.024269927745667205,0.0,0.0,0.0,0.0,0.0,1.0,-0.16666666666666666,-0.42105263157894735,1.145166194861114,0.0,0.0,-1.0,0.0,0.0,-0.2,0.08066759388038942,0.0,0.0,-0.1922817036272689,-0.356751370204285,-0.5,0.0,0.06507237073315635,1.0373945234851916,0.0,0.6780441432984488,0.0,0.7304631471189668,-1.0,1.0,1.0,0.0,0.0,1.5,0.0,0.0,0.25,0.0,0.0,0.2468354430379747,0.0,0.0,0.0,0.0,0.18175212550108566,0.0,0.0,0.0,0.0,0.0,1.8203341036428238,0.0,6,2007,一般保證契約,一般交易,165000,12.013706813470414,0,0,0,0,0,0,0,0,1,0,0,0,0,0,0,0,1,0,0,0,0,0,0,1,0,0,0,0,1,0,0,0,0,0,1,0,0,0,0,0,0,0,0,0,0,0,0,0,0,0,0,0,0,0,0,0,0,0,0,0,1,0,0,0,1,0,0,0,0,0,0,0,1,0,0,0,0,0,0,0,0,1,0,0,0,0,0,1,0,0,0,0,1,0,0,0,0,1,0,0,0,0,0,0,0,0,0,0,0,0,0,0,1,0,0,0,0,0,0,0,0,0,0,0,0,0,0,1,0,0,0,0,0,0,1,0,0,0,0,0,1,0,0,0,0,0,1,0,0,0,0,0,0,1,0,0,1,0,0
1056,0,1.4231374309765314,0.3956506780332162,0.0,0.0,0.0,0.0,0.0,0.0,0.08333333333333333,-0.47368421052631576,0.9918723682777081,0.0,0.0,0.0,0.0,0.0,0.2,0.3616133518776078,0.0,0.0,0.10655584760340941,0.39461883408071746,-0.5,0.0,0.7516485007067738,0.0,0.0,0.07676792369262234,0.0,0.7304631471189668,0.0,0.0,0.0,0.0,0.0,0.5,0.0,0.0,0.25,1.0,0.0,-0.014767932489451477,0.0,0.0,0.0,0.0,-0.7117967261714493,0.0,0.0,7.979426117078211,0.0,0.0,1.5409627556327752,0.0,5,2008,法院或遺產拍賣,異常交易(如法拍),180000,12.100717685412471,0,0,0,1,0,0,0,0,0,0,0,0,0,0,0,0,1,0,0,0,0,0,0,1,0,1,0,0,0,0,0,0,0,0,0,0,0,0,0,0,0,0,0,0,0,0,0,0,0,0,0,0,1,0,0,0,1,0,0,0,0,0,0,0,1,0,0,0,0,0,0,0,1,0,0,0,0,0,1,0,0,0,0,0,0,0,0,1,0,0,0,0,1,0,0,0,0,0,0,1,0,0,0,0,0,0,0,0,0,0,0,0,0,0,0,1,0,0,0,0,0,0,0,0,0,0,0,0,0,0,1,0,0,0,1,0,0,0,0,0,1,0,0,0,0,0,1,0,0,0,0,0,0,1,0,0,1,0,0
1057,2,-1.630543492870708,-0.6991683393230601,0.0,0.0,-1.0,0.0,0.5,0.0,0.6875,0.2894736842105263,1.1078715638871819,1.0,0.0,0.0,0.0,1.7473143510832982,0.4,0.38247566063977745,0.0,0.0,0.3108387907287177,0.7354260089686099,0.5,0.0,0.4966274001235555,0.0,0.0,-0.17032897872012778,1.0,0.0,0.0,0.0,-1.0,0.0,1.0,0.0,0.0,0.0,0.5,0.0,0.0,0.010548523206751054,0.0,0.0,0.0,1.0374820403803926,0.07725337927507323,0.0,0.0,0.0,0.0,0.0,0.0,0.0,6,2006,一般保證契約,一般交易,185850,12.13270055639427,0,0,0,0,0,1,0,0,0,0,0,0,0,0,0,0,1,0,0,0,0,0,0,1,0,1,0,0,0,0,0,0,0,1,0,0,0,0,0,0,0,0,0,0,0,0,0,0,0,0,0,0,0,0,0,0,1,0,0,0,0,0,0,0,1,0,0,0,0,0,0,0,0,0,1,0,0,0,1,0,0,0,0,0,0,0,0,1,0,0,0,0,1,0,0,0,0,1,0,0,0,0,0,0,0,0,0,0,0,0,0,0,1,0,0,0,0,0,0,0,0,0,0,0,0,0,0,0,0,1,0,0,0,1,0,0,0,0,0,0,1,0,0,0,0,0,1,0,0,0,0,0,0,1,0,0,1,0,0
1058,2,0.9130411557936503,2.878651540823623,0.0,0.0,-2.338124978532008,0.0,0.5,1.0,0.4583333333333333,0.0,0.0,1.0,0.0,0.0,0.0,0.0,0.4,0.29346314325452016,0.0,0.0,-0.1842320172500066,-0.04384653712007972,0.5,0.0,-0.24538581416613514,1.0433651526081105,0.0,0.522781555972446,0.0,0.0,0.0,1.0,0.0,0.0,1.0,0.5,0.0,0.0,0.5,1.0,0.0,-0.06118143459915612,0.0,0.0,0.0,1.0,0.37740612789636735,0.0,0.0,0.0,0.0,0.0,0.0,0.0,1,2009,一般保證契約,一般交易,248000,12.421188057397055,0,0,0,0,0,0,0,0,1,0,0,0,0,0,0,0,1,0,0,0,0,0,0,1,0,0,1,0,0,0,0,0,1,0,0,0,0,0,0,0,0,0,0,0,0,0,0,0,0,0,0,0,0,0,0,0,1,0,0,0,0,0,0,0,1,0,0,0,0,0,0,0,1,0,0,0,0,0,0,0,0,1,0,0,0,0,0,1,0,0,0,0,1,0,0,0,0,0,0,0,0,0,0,0,0,0,0,0,1,0,0,0,0,0,0,0,0,0,0,0,0,0,0,0,1,0,0,0,1,0,0,0,0,1,0,0,0,0,0,0,1,0,0,0,0,0,1,1,0,0,0,0,0,0,0,0,1,0,0
1059,4,1.1281128366448911,0.38453057541834823,0.0,0.0,-1.0,0.0,1.5,0.0,0.75,0.3684210526315789,0.9813082955810891,1.8422747575632559,0.0,0.8422747575632559,0.0,1.7473143510832982,0.4,0.7677329624478443,0.0,0.0,-0.7617657698465964,0.21723966118584953,0.5,0.0,0.07099837363029471,1.090784809190347,0.0,0.9138295872704161,1.0,0.0,0.0,1.0,0.0,0.0,2.0,2.0,0.0,0.0,0.5,1.0,1.0,1.4957805907172996,0.0,0.0,0.0,0.0,0.3904380203072325,0.0,0.0,0.0,0.0,0.0,0.0,0.0,7,2009,一般保證契約,一般交易,335000,12.721888795877375,0,0,0,0,0,0,0,0,1,0,0,0,0,0,0,0,1,0,0,0,0,0,0,1,0,1,0,0,0,0,0,0,0,1,0,0,0,0,0,0,0,0,0,0,0,0,0,0,0,0,0,0,0,0,0,0,1,0,0,0,0,0,0,0,1,0,0,0,0,0,0,0,1,0,0,0,0,0,0,0,0,1,0,0,0,0,0,1,0,0,0,0,1,0,0,0,0,1,0,0,0,0,0,0,0,0,0,0,0,0,0,0,1,0,0,0,0,0,0,0,0,0,0,0,0,0,0,0,0,1,0,0,0,1,0,0,0,0,0,0,1,0,0,0,0,0,1,0,0,0,0,0,0,1,0,0,1,0,0
1060,1,-0.10068914480903793,0.37758434027651083,0.0,0.0,-1.0,-0.4638544907568095,0.0,2.0,-0.8333333333333334,-1.1578947368421053,1.3236591483318503,0.0,0.0,-1.0,0.0,1.0,-0.2,-0.12100139082058414,0.4638544907568095,10.548208222959307,-3.1687229326517117,-0.28101644245142005,-0.5,0.0,0.003039414612797602,1.050040881217095,0.0,0.6946368755846081,0.0,0.0,-1.0,1.0,0.0,0.0,0.0,0.5,0.0,0.0,0.5,-1.0,0.0,-0.2088607594936709,0.0,-0.3466451177569989,0.0,0.0,-0.7117967261714493,3.782056917753864,0.0,0.0,0.0,0.0,0.0,0.0,3,2007,一般保證契約,一般交易,220000,12.301387370778713,1,0,0,0,0,0,0,0,0,0,0,0,0,0,0,0,1,0,0,0,0,0,1,0,0,0,0,0,1,0,1,0,0,0,0,0,0,0,0,0,0,0,0,0,0,0,0,0,0,0,0,0,0,0,0,0,1,0,0,0,0,0,0,0,1,0,0,0,0,0,0,0,1,0,0,0,1,0,0,0,0,0,0,0,0,0,0,1,0,0,0,0,1,0,0,0,0,0,0,0,0,0,0,0,0,0,0,0,0,1,0,0,0,0,0,0,0,0,0,0,0,0,0,0,0,1,0,0,0,0,1,0,0,0,1,0,0,0,0,0,1,0,0,0,0,0,1,0,0,0,0,1,0,0,0,0,1,0,0
1061,2,-1.7829158340324498,-1.4752784670024075,0.0,0.0,0.0,0.0,1.0,0.0,0.6041666666666666,0.18421052631578946,0.0,1.0,0.0,0.0,0.0,1.0,0.4,0.3226703755215577,0.0,0.0,0.33070747213576707,0.6836073741903338,0.5,0.0,0.45254681122195944,0.0,0.0,-0.2130398640123819,1.0,0.0,0.0,0.0,-1.0,0.0,1.0,0.0,0.0,-1.0,-0.5,1.0,0.0,0.4240506329113924,0.0,0.0,0.0,0.0,-0.7117967261714493,7.74977760519119,0.0,0.0,0.0,0.0,0.0,0.0,4,2010,一般保證契約,一般交易,213500,12.271396795480596,0,0,0,0,0,1,0,0,0,0,0,0,0,0,0,0,1,0,0,0,0,0,0,1,0,1,0,0,0,0,0,0,0,0,0,0,0,0,0,0,0,0,0,0,0,1,0,0,0,0,0,0,0,0,0,0,1,0,0,0,0,0,0,0,1,0,0,0,0,0,0,0,0,0,1,0,0,0,1,0,0,0,0,0,0,0,0,1,0,0,0,0,1,0,0,0,0,0,0,0,0,0,1,0,0,0,0,0,0,0,0,0,0,0,0,0,0,0,1,0,0,0,0,0,0,0,0,0,1,0,0,0,0,1,0,0,0,0,0,0,1,0,0,0,0,0,1,0,0,0,0,0,0,1,0,0,1,0,0
1063,2,0.6866853341578308,0.8294141451158711,0.0,0.7304631471189668,0.0,0.0,-0.5,0.0,-1.5,-1.1578947368421053,0.0,0.0,0.0,-1.0,0.0,0.0,-0.6,-0.5340751043115438,0.0,0.0,0.2587050036692825,-0.6636771300448431,-0.5,-0.7304631471189668,0.5924455120014701,1.0554888646169007,0.0,1.0761860280286402,0.0,0.0,0.0,0.0,2.0,0.4638544907568095,0.0,2.0,-0.3846268403045294,-1.0,-0.5,-1.0,0.0,0.33122362869198313,0.0,0.0,0.0,0.0,0.2088620393823371,0.0,0.0,0.0,0.0,0.0,0.0,0.0,9,2007,一般保證契約,一般交易,90000,11.407576060361786,0,0,0,0,0,0,0,0,0,0,1,0,0,0,0,1,0,0,0,0,0,0,0,1,0,1,0,0,0,0,0,0,0,0,0,0,0,0,0,0,0,0,0,0,0,0,0,0,1,0,0,0,0,0,0,0,1,0,0,0,0,0,0,0,1,0,0,0,0,0,0,1,0,0,0,0,0,0,0,0,0,1,0,0,0,0,0,1,0,0,0,0,1,0,0,0,0,0,0,0,1,0,0,0,0,0,0,0,0,0,0,0,0,0,0,0,1,0,0,0,0,0,0,0,0,0,0,0,1,0,0,0,0,0,0,0,1,0,0,0,1,0,0,0,0,0,1,0,0,0,0,1,0,0,0,0,1,0,0
1064,3,-1.1398722399119068,-1.0526421762248437,0.0,0.0,0.0,0.0,0.0,1.0,-0.9791666666666666,-0.3684210526315789,0.0,0.0,0.2793713480100486,-1.0,0.0,0.0,0.0,0.01808066759388039,0.0,0.0,0.3120187326440631,0.21524663677130046,0.0,0.0,0.01717589696693576,0.0,0.0,-0.6348826215998794,0.0,0.0,-1.0,0.0,-1.0,0.0,1.0,-0.5,0.0,0.0,0.5,-1.0,0.0,-0.1751054852320675,0.0,0.0,0.0,0.9966760177871894,0.44423404373352443,0.0,0.0,0.0,0.0,0.0,1.5409627556327752,0.0,7,2006,一般保證契約,一般交易,110500,11.612779849672751,0,0,1,0,0,0,0,0,0,0,0,0,0,0,0,1,0,0,0,0,0,0,0,1,0,1,0,0,0,0,0,0,0,0,0,0,0,0,0,0,0,0,0,0,0,0,0,0,1,0,0,0,0,0,0,0,0,0,0,0,1,0,0,0,1,0,0,0,0,0,0,0,1,0,0,0,0,0,1,0,0,0,0,0,0,0,0,1,0,0,0,0,1,0,0,0,0,0,0,0,0,0,0,0,0,0,0,0,0,1,0,0,0,0,0,0,0,0,0,0,0,0,0,0,0,1,0,0,1,0,0,0,0,0,0,0,1,0,0,0,1,0,0,0,0,0,1,0,0,0,0,1,0,0,0,0,1,0,0
1065,0,0.21801994391840682,0.3190171729325078,0.0,0.0,-1.0,0.0,-0.5,1.0,-0.125,-0.7368421052631579,1.0548125035123372,0.0,0.0,-1.0,0.0,1.0,0.0,0.4951321279554937,0.8104996085138084,8.415041675666915,-0.7005051571124806,0.31689088191330345,0.5,0.0,0.11793136071571206,0.0,0.0,-0.5372579037371369,0.0,0.0,-1.0,1.0,0.0,0.0,0.0,0.0,0.0,0.0,-0.25,0.0,0.0,-0.006329113924050633,0.0,0.0,0.0,0.0,0.2140440924050722,0.0,0.0,0.0,0.0,0.0,1.5409627556327752,0.0,11,2009,一般保證契約,一般交易,154000,11.944714374881176,0,0,0,1,0,0,0,0,0,0,0,0,0,0,0,0,1,0,0,0,0,0,0,1,0,0,0,1,0,0,0,0,0,0,1,0,0,0,0,0,0,0,0,0,0,0,0,0,0,0,0,0,0,0,0,0,1,0,0,0,0,0,0,0,1,0,0,0,0,0,0,0,1,0,0,0,0,0,1,0,0,0,0,0,0,0,0,1,0,0,0,0,1,0,0,0,0,0,0,1,0,0,0,0,0,0,0,0,0,0,0,0,0,0,0,1,0,0,0,0,0,0,0,0,0,0,0,0,0,0,1,0,0,0,1,0,0,0,0,0,1,0,0,0,0,0,1,0,0,0,0,0,0,1,0,0,1,0,0
1066,2,0.469964168048189,0.9004155278840859,0.0,0.0,0.0,-0.4638544907568095,0.5,0.0,0.5,0.07894736842105263,0.0,1.0,0.0,0.8422747575632559,0.0,2.3495966477454164,0.4,1.1363004172461753,0.0,0.0,-1.064804401997796,0.6198305929247633,0.5,0.0,0.39728381048605566,1.0658278454003651,0.0,0.9956446375665808,1.0,0.0,0.0,1.0,0.0,0.0,1.0,0.5,0.0,-1.0,-0.5,0.0,0.0,0.21729957805907174,0.0,0.0,0.0,1.1644243125262708,0.13347293779491828,0.0,0.0,0.0,0.0,0.0,0.0,0.0,4,2010,一般保證契約,一般交易,328000,12.700771936142122,0,0,0,0,0,0,0,0,1,0,0,0,0,0,0,0,1,0,0,0,0,0,0,1,0,1,0,0,0,0,0,0,0,0,0,0,0,0,0,0,0,0,0,0,1,0,0,0,0,0,0,0,0,0,0,0,1,0,0,0,0,0,0,0,1,0,0,0,0,0,0,0,1,0,0,0,0,0,0,0,0,1,0,0,0,0,0,1,0,0,0,0,1,0,0,0,0,0,0,0,1,0,0,0,0,0,0,0,0,0,0,0,0,0,0,0,1,0,0,0,0,0,0,0,0,0,0,0,1,0,0,0,0,1,0,0,0,0,0,0,1,0,0,0,0,0,1,0,0,0,0,0,0,1,0,0,1,0,0
1067,2,-0.5870231824252673,-0.4635639209411848,0.0,0.0,-1.0,0.0,0.0,2.0,0.4375,0.0,0.0,1.0,0.0,0.0,0.0,0.0,-0.6,-0.5340751043115438,0.0,0.0,0.4160112900468601,-0.3906327852516193,0.0,0.0,-0.6819555633481951,1.0140607122992222,0.0,0.14705058142347638,0.0,0.0,0.0,1.0,0.0,0.0,0.0,0.5,0.0,0.0,0.25,0.0,0.0,-0.4282700421940928,0.0,0.0,0.0,0.0,0.10653066162035559,0.0,0.0,0.0,0.0,0.0,0.0,0.0,5,2009,一般保證契約,一般交易,178000,12.08954444723597,0,0,0,0,0,0,0,0,1,0,0,0,0,0,0,0,1,0,0,0,0,0,0,1,0,1,0,0,0,0,0,0,0,0,0,1,0,0,0,0,0,0,0,0,0,0,0,0,0,0,0,0,0,0,0,0,1,0,0,0,0,0,0,0,1,0,0,0,0,0,0,0,1,0,0,0,0,0,0,0,0,1,0,0,0,0,0,1,0,0,0,0,1,0,0,0,0,1,0,0,0,0,0,0,0,0,0,0,0,0,0,0,1,0,0,0,0,0,0,0,0,0,0,0,0,0,0,0,1,0,0,0,0,1,0,0,0,0,0,0,1,0,0,0,0,0,1,0,0,0,0,0,0,1,0,0,1,0,0
1068,3,0.469964168048189,0.038388615606841016,0.0,0.0,0.0,-0.4638544907568095,0.0,1.0,-0.16666666666666666,-0.7894736842105263,1.2313232048835872,0.0,0.0,-1.0,0.0,2.3495966477454164,0.4,0.40333796940194716,0.4638544907568095,6.7707662019989225,-3.1687229326517117,-0.4285002491280518,-0.5,0.0,-0.6846052715535297,1.0265631827395556,0.0,0.20423941540498733,1.0,0.0,-1.0,1.0,1.0,0.0,0.0,0.5,0.0,-1.0,-0.5,0.0,0.0,-0.16666666666666666,0.0,0.0,0.0,1.1957840625284053,0.46598153185713964,0.0,0.0,7.979426117078211,0.0,0.0,0.0,0.0,6,2008,一般保證契約,一般交易,167900,12.031129798974042,0,0,0,0,0,0,0,0,1,0,0,0,0,0,0,0,1,0,0,0,0,0,0,1,0,1,0,0,0,0,0,0,0,0,1,0,0,0,0,0,0,0,0,0,0,0,0,0,0,0,0,0,0,0,0,0,1,0,0,0,0,0,0,0,1,0,0,0,0,0,0,0,1,0,0,0,0,0,0,0,0,1,0,0,0,0,0,1,0,0,0,0,1,0,0,0,0,0,0,0,0,0,0,0,0,0,0,0,1,0,0,0,0,0,0,0,0,0,0,0,0,0,0,0,1,0,0,0,0,0,1,0,0,0,1,0,0,0,0,0,1,0,0,0,0,0,1,0,0,0,0,0,0,1,0,0,1,0,0
1069,0,-1.7059765883826772,-1.921308136225037,0.0,0.0,0.0,0.0,0.0,-1.0,0.020833333333333332,-0.5526315789473685,0.0,0.0,0.0,0.0,0.0,0.0,0.2,0.6300417246175244,0.0,0.0,-1.064804401997796,-0.10563029397110114,0.0,0.0,0.3709824076423436,1.130194280319744,0.0,1.2598824205255161,1.0,0.0,0.0,1.0,2.0,0.0,0.0,2.0,-0.8993056227298617,0.0,0.5,1.0,0.0,0.3987341772151899,0.0,0.0,0.0,1.456755516454445,-0.07642330536929036,0.0,0.0,0.0,0.0,0.0,1.8203341036428238,0.0,6,2006,一般保證契約,一般交易,151400,11.927687224983487,0,0,0,0,0,0,0,0,0,1,0,0,0,0,0,1,0,0,0,0,0,0,0,1,0,1,0,0,0,0,0,0,0,0,0,0,0,0,0,0,0,0,0,0,0,0,0,0,0,1,0,0,0,0,0,0,1,0,0,0,0,0,0,0,1,0,0,0,0,0,0,0,0,0,1,0,0,0,0,0,0,1,0,0,0,0,0,1,0,0,0,0,1,0,0,0,0,0,0,0,0,0,1,0,0,0,0,0,0,0,0,0,0,0,0,0,0,0,1,0,0,0,0,0,0,0,0,0,1,0,0,0,0,0,1,0,0,0,0,0,1,0,0,0,0,0,1,0,0,0,0,0,0,1,0,0,1,0,0
1070,3,-0.5300358319518109,0.0,0.0,0.0,0.0,0.0,-0.5,2.0,-0.4791666666666667,0.23684210526315788,0.0,0.0,0.0,-1.0,0.0,0.0,0.2,-0.22809457579972184,0.0,0.0,0.21149196330079706,-0.29895366218236175,-0.5,0.0,-0.4446152115959588,0.0,0.0,-1.0823246263072737,0.0,0.7304631471189668,-1.0,0.0,-1.0,0.0,1.0,-1.0,0.0,-1.0,-0.5,-1.0,0.0,0.3987341772151899,0.0,0.0,0.0,0.0,-0.7117967261714493,0.0,0.0,0.0,0.0,0.0,0.0,0.0,5,2007,一般保證契約,一般交易,135000,11.813037464800539,0,1,0,0,0,0,0,0,0,0,0,0,0,0,0,0,1,0,0,0,0,0,0,1,0,1,0,0,0,0,0,0,0,0,1,0,0,0,0,0,0,0,0,0,0,0,0,0,0,0,0,0,0,0,0,0,1,0,0,0,0,0,0,0,1,0,0,0,0,0,0,0,1,0,0,0,0,1,0,0,0,0,0,0,0,0,0,1,0,0,0,0,1,0,0,0,0,0,0,0,0,0,0,0,0,0,0,0,0,1,0,0,0,0,0,0,0,0,0,0,0,0,0,0,0,1,0,0,1,0,0,0,0,0,1,0,0,0,0,0,1,0,0,0,0,0,1,0,0,0,0,1,0,0,0,0,1,0,0
1071,3,0.09830646769700241,0.13022776009624729,0.0,0.0,0.0,0.0,-0.5,0.0,-0.3333333333333333,-1.0,0.9138838108751953,0.0,0.0,-1.0,0.0,0.0,0.0,0.2809457579972184,0.0,0.0,-0.02992596278615277,0.10563029397110114,-0.5,0.0,-0.0960168925607107,0.0,0.0,-0.7445582037527876,1.0,0.0,-1.0,0.0,0.0,0.0,0.0,0.0,0.0,-1.0,-0.5,-1.0,-1.0,-0.8248945147679325,0.0,0.0,0.0,0.0,-0.07642330536929036,0.0,0.0,8.013883697367243,0.0,0.0,0.0,0.0,6,2007,一般保證契約,一般交易,135000,11.813037464800539,0,0,0,1,0,0,0,0,0,0,0,0,0,0,0,0,1,0,0,0,0,0,0,1,0,1,0,0,0,0,0,0,0,0,1,0,0,0,0,0,0,0,0,0,0,0,0,0,0,0,0,0,0,0,0,0,1,0,0,0,0,0,0,0,1,0,0,0,0,0,0,0,1,0,0,0,0,0,1,0,0,0,0,0,0,1,0,0,0,0,0,0,1,0,0,0,0,0,0,0,0,0,0,0,0,0,0,0,0,1,0,0,0,0,0,0,0,0,0,0,0,0,0,0,0,1,0,0,0,0,1,0,0,0,1,0,0,0,0,0,1,0,0,0,0,0,1,0,0,0,0,0,0,1,0,0,1,0,0
1072,0,0.3800798242425943,0.46575232828592733,0.0,0.0,0.0,0.0,0.0,1.0,-0.08333333333333333,-0.6842105263157895,0.0,0.0,0.0,-1.0,0.0,0.0,-0.2,-0.11961057023643949,0.0,0.0,-0.08746030245517014,-0.534130543099153,0.5,0.0,-0.6037442547040803,0.9996721419800726,0.0,0.1252855383029119,0.0,0.0,-1.0,1.0,1.0,0.0,0.0,1.0,0.0,-1.0,-0.5,-1.0,0.0,-0.17088607594936708,0.0,0.0,0.0,0.0,-0.7117967261714493,0.0,0.0,0.0,0.0,0.0,0.0,0.0,5,2009,一般保證契約,一般交易,154000,11.944714374881176,0,0,0,0,0,0,0,0,1,0,0,0,0,0,0,0,1,0,0,0,0,0,0,1,0,1,0,0,0,0,0,0,0,0,0,0,0,0,0,0,0,0,0,0,0,0,0,0,0,0,0,0,1,0,0,0,0,0,1,0,0,0,0,0,1,0,0,0,0,0,0,0,1,0,0,0,0,0,0,0,0,1,0,0,0,0,0,1,0,0,0,0,1,0,0,0,0,0,0,0,0,0,0,0,0,0,0,0,0,1,0,0,0,0,0,0,0,0,0,0,0,0,0,0,0,1,0,0,1,0,0,0,0,0,1,0,0,0,0,0,1,0,0,0,0,0,1,0,0,0,0,0,0,1,0,0,1,0,0
1073,3,-1.1398722399119068,-0.5369216438061447,0.0,0.0,0.0,0.0,-0.5,-2.0,-0.5,-1.1578947368421053,0.0,0.0,0.0,-2.24080411332851,-0.3466451177569989,1.0,-0.6,-0.5340751043115438,0.0,0.0,0.42762171704227303,-0.3687095166915795,-1.0,0.0,-0.19462973779718842,0.8912912458140207,0.0,-0.024549705422330825,1.0,0.7304631471189668,-1.0,0.0,1.0,0.0,0.0,0.5,0.0,0.0,0.25,-1.0,-1.0,-0.8502109704641351,0.0,0.0,-0.4638544907568095,0.0,-0.7117967261714493,0.0,0.0,0.0,0.0,0.0,0.0,0.0,8,2006,一般保證契約,一般交易,91500,11.424105180165641,1,0,0,0,0,0,0,0,0,0,0,0,0,0,0,0,1,0,0,0,0,0,0,1,0,1,0,0,0,0,0,0,0,0,0,0,0,0,0,0,0,1,0,0,0,0,0,0,0,0,0,0,0,0,0,0,0,0,0,0,1,0,0,0,1,0,0,0,0,0,0,0,1,0,0,0,1,0,0,0,0,0,0,0,0,0,0,1,0,0,0,0,1,0,0,0,0,0,0,0,0,0,0,0,0,0,0,0,0,1,0,0,0,0,0,0,0,0,0,0,0,0,0,0,0,1,0,0,1,0,0,0,0,0,1,0,0,0,0,0,1,0,0,0,0,1,0,0,0,0,0,1,0,0,0,0,1,0,0
1074,4,0.24155735878839998,-0.4313187100827031,0.0,0.0,-1.0,0.0,0.0,1.0,0.10416666666666667,-0.4473684210526316,0.9552372738435843,0.0,0.0,-1.0,0.0,0.0,0.0,0.21001390820584145,0.0,0.0,-0.8152845419743654,-0.6078724464374688,-0.5,0.0,-0.9650145175895836,1.0,0.0,-0.0712046834862405,0.0,0.0,-1.0,1.0,0.0,0.0,0.0,0.0,0.0,-1.0,-0.5,1.0,0.0,-0.1751054852320675,0.0,0.0,0.0,1.1162419767604332,-0.7117967261714493,0.0,0.0,0.0,0.0,0.0,1.5409627556327752,0.0,7,2009,一般保證契約,一般交易,159500,11.979805470779858,0,0,0,0,0,0,0,0,1,0,0,0,0,0,0,0,1,0,0,0,0,1,0,0,0,0,0,0,1,0,0,0,0,0,0,0,0,0,0,0,0,1,0,0,0,0,0,0,0,0,0,0,0,0,0,0,1,0,0,0,0,0,0,0,1,0,0,0,0,0,0,0,1,0,0,0,0,0,0,0,0,1,0,0,0,1,0,0,0,0,0,0,1,0,0,0,0,0,0,0,0,0,0,0,0,0,0,0,1,0,0,0,0,0,0,1,0,0,0,0,0,0,0,0,0,0,0,0,0,0,1,0,0,0,1,0,0,0,0,0,1,0,0,0,0,0,1,0,0,0,0,0,0,1,0,0,1,0,0
1075,2,0.19434965866058562,-0.2647596804537222,0.0,0.0,0.0,0.0,0.5,0.0,0.7083333333333334,0.3157894736842105,0.0,1.0,0.0,0.0,0.0,1.7473143510832982,-0.6,-0.5340751043115438,0.0,0.0,0.8014665269592267,0.48829098156452416,0.5,0.0,0.2795720065428709,0.0,0.0,-0.3806398717525487,0.0,0.0,0.0,0.0,-1.0,0.0,1.0,-0.5,0.0,-1.0,-0.5,0.0,1.0,1.4535864978902953,0.0,0.0,0.0,0.950060361690953,0.36047155588705154,0.0,0.0,0.0,0.0,0.0,0.0,0.0,5,2007,一般保證契約,一般交易,194000,12.175618592671356,0,0,0,1,0,0,0,0,0,0,0,0,0,0,0,0,1,0,0,0,0,0,0,1,0,1,0,0,0,0,0,0,0,0,0,0,1,0,0,0,0,0,0,0,0,0,0,0,0,0,0,0,0,0,0,0,1,0,0,0,0,0,0,0,1,0,0,0,0,0,0,0,1,0,0,0,0,0,1,0,0,0,0,0,0,0,0,1,0,0,0,0,1,0,0,0,0,1,0,0,0,0,0,0,0,0,0,0,0,0,0,0,1,0,0,0,0,0,0,0,0,0,0,0,0,0,0,0,1,0,0,0,0,1,0,0,0,0,0,0,1,0,0,0,0,0,1,0,0,0,0,0,0,1,0,0,1,0,0
1076,4,0.24155735878839998,0.7427570229362742,0.0,0.0,0.0,0.0,0.5,1.0,-0.6666666666666666,-0.2631578947368421,0.0,0.0,0.0,-1.0,0.0,0.0,0.0,0.03616133518776078,0.0,0.0,-0.16050882183880003,-0.38863976083707025,-0.5,0.0,-0.2880842536468032,1.016543765463514,0.0,0.3808026006840237,0.0,0.0,-1.0,1.0,0.0,0.0,0.0,0.0,0.0,1.0,0.5,-1.0,-1.0,-1.018987341772152,0.0,0.0,0.0,0.0,-0.7117967261714493,0.0,0.0,0.0,0.0,0.0,0.0,0.0,7,2007,現金保證契約,一般交易,219500,12.299112067295642,0,0,0,0,0,0,0,1,0,0,0,0,0,0,0,0,1,0,0,0,0,0,0,1,0,1,0,0,0,0,1,0,0,0,0,0,0,0,0,0,0,0,0,0,0,0,0,0,0,0,0,0,0,0,0,0,1,0,0,0,0,0,0,0,1,0,0,0,0,0,0,0,1,0,0,0,0,0,0,0,0,1,0,0,0,0,0,1,0,0,0,0,1,0,0,0,0,0,0,0,1,0,0,0,0,0,0,0,0,0,0,0,0,0,0,0,1,0,0,0,0,0,0,0,0,0,0,0,1,0,0,0,0,0,1,0,0,0,0,0,1,0,0,0,0,0,1,0,0,0,0,0,0,1,0,0,1,0,0
1077,2,-0.5300358319518109,0.2756361220897776,0.0,0.7304631471189668,0.0,0.0,-0.5,3.0,-0.75,-0.13157894736842105,0.0,0.0,0.0,-2.24080411332851,0.0,0.0,0.2,0.33657858136300417,0.0,0.0,-0.7538451665134949,-0.3966118584952666,0.0,0.0,0.003039414612797602,0.8465554814677211,0.0,-0.009179454623695045,0.0,0.7304631471189668,0.0,0.0,0.0,0.0,1.0,0.5,-0.18059459163956637,0.0,0.25,-1.0,0.0,0.35654008438818563,0.0,0.0,0.0,1.2853461049883148,-0.06428760333406293,0.0,0.0,0.0,0.0,0.0,0.0,10.272201962485878,4,2006,一般保證契約,一般交易,170000,12.04355959836804,1,0,0,0,0,0,0,0,0,0,0,0,0,0,0,0,1,0,0,0,0,0,0,1,0,1,0,0,0,0,0,0,0,0,0,0,0,0,0,0,0,0,0,0,0,0,0,0,1,0,0,0,0,0,0,0,1,0,0,0,0,0,0,0,1,0,0,0,0,0,0,0,1,0,0,0,1,0,0,0,0,0,0,0,0,0,0,1,0,0,0,0,1,0,0,0,0,0,0,0,1,0,0,0,0,0,0,0,0,0,0,0,0,0,0,0,1,0,0,0,0,0,0,0,0,0,0,0,1,0,0,0,0,0,1,0,0,0,0,0,1,0,0,0,0,0,1,0,0,0,0,0,0,1,1,0,0,0,0
1078,3,0.21801994391840682,1.2110832305574288,0.0,0.0,-1.0,0.0,-0.5,0.0,-0.0625,-0.6578947368421053,0.0,0.0,0.0,-1.0,0.0,1.0,0.0,-0.4297635605006954,0.8104996085138084,11.476684989266223,-0.546544842007886,0.2012954658694569,0.5,0.0,0.003039414612797602,0.0,0.0,-0.6485798450560231,1.0,0.0,-1.0,0.0,0.0,0.0,0.0,0.0,0.0,-1.0,-0.5,1.0,-1.0,-0.770042194092827,0.0,0.0,0.0,1.1018674496009326,0.04515002980664128,0.0,0.0,0.0,0.0,0.0,0.0,0.0,3,2006,一般保證契約,異常交易(如法拍),138800,11.840796531639839,0,0,0,1,0,0,0,0,0,0,0,0,0,0,0,0,1,0,0,0,0,0,0,1,0,0,0,0,1,0,0,0,0,0,1,0,0,0,0,0,0,0,0,0,0,0,0,0,0,0,0,0,0,0,0,0,1,0,0,0,0,0,0,0,1,0,0,0,0,0,0,0,1,0,0,0,0,0,1,0,0,0,0,0,0,0,0,1,0,0,0,0,1,0,0,0,0,1,0,0,0,0,0,0,0,0,0,0,0,0,0,0,0,0,0,1,0,0,0,0,0,0,0,0,0,0,0,0,1,0,0,0,0,0,1,0,0,0,0,0,1,0,0,0,0,0,1,0,0,0,0,0,0,1,0,0,1,0,0
1080,2,-0.2564764364743176,-0.20702962314874626,0.0,0.0,0.0,0.0,-0.5,0.0,0.4583333333333333,0.0,0.0,0.0,0.0,0.0,0.0,0.0,0.4,0.15438108484005564,0.0,0.0,0.02422228112698635,-0.009965122072745391,0.0,0.0,-0.2209862651055885,0.0,0.0,-0.8656444385062435,0.0,0.0,-1.0,0.0,0.0,0.0,0.0,-0.5,0.0,-1.0,-0.5,-1.0,-1.0,-0.770042194092827,0.0,0.0,0.0,0.0,0.24365563892796488,0.0,0.0,0.0,0.0,0.0,0.0,0.0,4,2007,一般保證契約,一般交易,126000,11.744045122410057,0,0,0,1,0,0,0,0,0,0,0,0,0,0,0,0,1,0,0,0,0,0,0,1,0,1,0,0,0,0,0,0,0,0,0,0,1,0,0,0,0,0,0,0,0,0,0,0,0,0,0,0,0,0,0,0,1,0,0,0,0,0,0,0,1,0,0,0,0,0,0,0,1,0,0,0,0,0,1,0,0,0,0,0,0,0,0,1,0,0,0,0,1,0,0,0,0,1,0,0,0,0,0,0,0,0,0,0,0,0,0,0,1,0,0,0,0,0,0,0,0,0,0,0,0,0,0,0,1,0,0,0,0,1,0,0,0,0,0,0,1,0,0,0,0,0,1,0,0,0,0,0,0,1,0,0,1,0,0
1081,4,0.469964168048189,0.3276128362520722,0.0,0.0,0.0,0.0,0.0,2.0,-0.020833333333333332,0.2631578947368421,0.9629028400590766,1.0,0.2793713480100486,-1.0,0.0,0.0,0.2,0.37830319888734354,0.0,0.0,0.18093360530459898,0.5241654210264076,0.5,0.0,0.3121931063223814,0.0,0.0,-0.34903239813416875,0.0,0.7304631471189668,0.0,0.0,0.0,0.0,1.0,-0.5,0.0,-1.0,-0.5,0.0,0.0,0.1962025316455696,0.0,0.0,0.0,0.7155381779600719,-0.7117967261714493,0.0,8.27426574111943,0.0,0.0,0.0,0.0,0.0,10,2008,法院或遺產拍賣,異常交易(如法拍),145000,11.884495917930655,0,0,0,1,0,0,0,0,0,0,0,0,0,0,0,0,1,0,0,0,0,0,0,1,0,1,0,0,0,0,0,0,0,0,0,0,0,0,0,0,0,0,0,0,0,0,0,0,0,0,0,0,1,0,0,0,1,0,0,0,0,0,0,0,1,0,0,0,0,0,0,0,1,0,0,0,0,0,1,0,0,0,0,0,0,0,0,1,0,0,0,0,1,0,0,0,0,1,0,0,0,0,0,0,0,0,0,0,0,0,0,0,1,0,0,0,0,0,0,0,0,0,0,0,0,0,0,0,0,0,1,0,0,0,1,0,0,0,0,0,1,0,0,0,0,0,1,0,0,0,0,0,0,1,0,0,1,0,0
1082,3,0.24155735878839998,-0.5621327824353822,0.0,0.0,0.0,0.0,-0.5,0.0,-0.1875,-0.8157894736842105,0.0,0.0,0.0,-1.0,0.0,0.0,0.2,0.6119610570236439,0.0,0.0,-0.5904114781444286,0.08968609865470852,-1.0,0.0,-0.11289938297361748,0.0,0.0,-0.7609161093398232,1.0,0.0,-1.0,1.0,0.0,0.0,0.0,-0.5,0.0,-1.0,-0.5,1.0,-1.0,-0.7320675105485233,0.0,0.0,0.0,0.0,-0.7117967261714493,8.315257068972656,0.0,0.0,0.0,0.0,1.5409627556327752,0.0,6,2010,一般保證契約,一般交易,133000,11.798111925972618,0,0,0,1,0,0,0,0,0,0,0,0,0,0,0,0,1,0,0,0,0,0,0,1,0,0,0,0,1,0,0,0,0,0,0,0,0,0,0,0,0,0,0,0,0,0,0,1,0,0,0,0,0,0,0,0,0,0,0,0,0,0,1,0,1,0,0,0,0,0,0,0,1,0,0,0,0,0,1,0,0,0,0,0,0,0,0,1,0,0,0,0,1,0,0,0,0,0,0,0,0,0,0,0,0,0,0,0,1,0,0,0,0,0,0,0,0,0,0,0,0,0,0,0,1,0,0,0,1,0,0,0,0,0,1,0,0,0,0,0,1,0,0,0,0,0,1,0,0,0,0,0,0,1,0,0,1,0,0
1083,1,0.0,-0.2138189323953251,0.0,0.0,0.0,0.0,0.5,0.0,0.625,0.21052631578947367,0.8662483881904485,1.0,0.0,0.0,0.0,0.0,-0.6,-0.5340751043115438,0.0,0.0,0.9507047151050162,0.9247633283507724,0.5,0.0,0.6518503378277838,0.0,0.0,-0.019929239238154692,0.0,0.0,0.0,0.0,0.0,0.0,1.0,0.0,0.0,0.0,0.5,0.0,0.0,0.19198312236286919,0.0,0.0,0.0,1.0374820403803926,0.09944701964073181,0.0,0.0,0.0,0.0,0.0,0.0,0.0,9,2007,一般保證契約,一般交易,192000,12.165255859329688,0,0,0,1,0,0,0,0,0,0,0,0,0,0,0,0,1,0,0,0,0,0,0,1,0,1,0,0,0,0,0,0,0,0,0,0,1,0,0,0,0,0,0,0,0,0,0,0,0,0,0,0,0,0,0,0,1,0,0,0,0,0,0,0,1,0,0,0,0,0,0,0,1,0,0,0,0,0,1,0,0,0,0,0,0,0,0,1,0,0,0,0,1,0,0,0,0,1,0,0,0,0,0,0,0,0,0,0,0,0,0,0,1,0,0,0,0,0,0,0,0,0,0,0,0,0,0,0,0,0,1,0,0,1,0,0,0,0,0,0,1,0,0,0,0,0,1,0,0,0,0,0,0,1,0,0,1,0,0
1084,4,0.469964168048189,-0.20051754538953576,0.0,0.0,0.0,0.0,0.0,1.0,-0.16666666666666666,-0.7894736842105263,1.2841052960532466,0.0,0.0,-1.0,0.0,0.0,0.0,0.23504867872044508,0.0,0.0,0.30253918619481757,0.510214250124564,-0.5,0.0,0.29955452232784985,0.0,0.0,-0.36127826700066684,1.0,0.0,-1.0,0.0,0.0,0.0,0.0,0.0,0.0,1.0,0.5,0.0,-1.0,-0.08649789029535865,0.0,0.0,0.0,0.0,0.43289821561892805,0.0,0.0,0.0,0.0,0.0,1.5409627556327752,11.147538247731708,3,2006,一般保證契約,一般交易,160000,11.982935344196433,0,0,0,1,0,0,0,0,0,0,0,0,0,0,0,0,1,0,0,0,0,0,0,1,0,1,0,0,0,0,0,0,0,0,1,0,0,0,0,0,0,0,0,0,0,0,0,0,0,0,0,0,0,0,0,0,1,0,0,0,0,0,0,0,1,0,0,0,0,0,0,0,1,0,0,0,0,0,1,0,0,0,0,0,0,1,0,0,0,0,0,0,1,0,0,0,0,0,0,0,0,0,0,0,0,0,0,0,1,0,0,0,0,0,0,0,0,0,0,0,0,0,0,0,1,0,0,0,0,0,1,0,0,0,1,0,0,0,0,0,1,0,0,0,0,0,1,0,0,0,0,0,0,1,1,0,0,0,0
1085,1,-0.2564764364743176,0.7252928570904204,0.0,0.0,-2.338124978532008,0.0,0.0,0.0,0.4791666666666667,0.05263157894736842,0.0,0.0,0.0,0.0,0.0,0.0,0.2,0.28929068150208626,0.0,0.0,-1.1011910555359472,-0.6058794220229198,0.0,0.0,-0.9858950737622223,1.0247674737262376,0.0,0.03941404070600631,0.0,0.0,0.0,1.0,0.0,0.0,0.0,0.0,0.0,0.0,0.25,1.0,0.0,-0.3059071729957806,0.0,0.0,0.0,1.1833710587306518,0.13347293779491828,0.0,0.0,0.0,0.0,0.0,0.0,0.0,7,2006,一般保證契約,一般交易,187500,12.141539457711714,0,0,0,0,0,0,0,0,1,0,0,0,0,0,0,0,1,0,0,0,0,0,0,1,0,0,0,0,1,0,0,0,0,0,0,1,0,0,0,0,0,0,0,0,0,0,0,0,0,0,0,0,0,0,0,0,1,0,0,0,0,0,0,0,1,0,0,0,0,0,0,0,1,0,0,0,0,0,0,0,0,1,0,0,0,0,0,1,0,0,0,0,1,0,0,0,0,0,0,0,0,0,0,0,0,0,0,0,1,0,0,0,0,0,0,0,0,0,0,0,0,0,0,0,1,0,0,0,1,0,0,0,0,1,0,0,0,0,0,0,1,0,0,0,0,0,1,0,0,0,0,0,0,1,0,0,1,0,0
1087,0,-3.7943801407173003,-3.2657257834674573,0.0,0.0,0.0,0.0,-1.0,0.0,0.020833333333333332,-0.5526315789473685,0.0,0.0,0.0,-1.0,0.0,0.0,0.0,-0.06954102920723226,0.0,0.0,-0.6033863495813122,-0.8948679621325362,-0.5,0.0,-1.4648498156689003,0.9328478046631533,0.0,-0.6564402199381536,0.0,0.0,-1.0,1.0,0.0,0.0,0.0,0.0,0.0,-1.0,-0.5,0.0,-1.0,-0.8248945147679325,0.0,0.0,0.0,0.9089310139773353,0.37072152355335625,0.0,0.0,0.0,0.0,0.0,0.0,0.0,5,2010,一般保證契約,一般交易,83500,11.332613886815139,0,0,0,0,0,0,0,0,0,1,0,0,0,0,0,1,0,0,0,0,0,0,0,1,0,1,0,0,0,0,0,0,0,0,0,0,0,0,0,0,0,0,0,0,0,0,0,0,0,1,0,0,0,0,0,0,1,0,0,0,0,0,0,0,1,0,0,0,0,0,0,0,0,0,1,0,0,0,0,0,0,1,0,0,0,0,0,1,0,0,0,0,1,0,0,0,0,0,0,0,0,0,1,0,0,0,0,0,0,0,0,0,0,0,0,0,0,0,1,0,0,0,0,0,0,0,0,0,1,0,0,0,0,0,1,0,0,0,0,0,1,0,0,0,0,0,1,0,0,0,0,0,0,1,0,0,1,0,0
1088,2,0.6866853341578308,0.22578601832801845,0.0,0.0,0.0,0.0,1.0,0.0,0.6875,0.3157894736842105,0.0,1.0,0.0,0.0,0.0,1.0,-0.6,-0.5340751043115438,0.0,0.0,0.6791838587898097,0.17339312406576982,0.5,0.0,-0.02546511711013234,1.0433651526081105,0.0,0.6493657784698857,0.0,0.0,0.0,1.0,0.0,0.0,1.0,1.5,0.0,0.0,0.5,0.0,1.0,2.369198312236287,0.0,0.0,0.0,0.9864969120870855,0.17029580177297618,0.0,0.0,0.0,0.0,0.0,0.0,0.0,5,2009,一般保證契約,一般交易,252000,12.437188334739655,0,0,0,0,0,0,0,0,1,0,0,0,0,0,0,0,0,0,1,0,0,0,0,1,0,1,0,0,0,0,0,0,0,0,0,0,0,0,0,0,0,0,0,0,0,0,0,0,0,0,1,0,0,0,0,0,1,0,0,0,0,0,0,0,1,0,0,0,0,0,0,0,1,0,0,0,0,0,0,0,0,1,0,0,0,0,0,1,0,0,0,0,1,0,0,0,0,1,0,0,0,0,0,0,0,0,0,0,0,0,0,0,1,0,0,0,0,0,0,0,0,0,0,0,0,0,0,0,1,0,0,0,0,1,0,0,0,0,0,0,1,0,0,0,0,0,1,0,0,0,0,0,0,1,0,0,1,0,0
1091,1,-0.5300358319518109,-0.26795911930283883,0.0,0.0,0.0,0.0,-1.5,-1.0,-0.4583333333333333,-1.1578947368421053,0.0,0.0,0.0,-6.515822458562748,-1.5409627556327752,-1.5747678672403655,-0.8,-0.5340751043115438,-0.7304631471189668,0.0,-3.1687229326517117,-1.9830592924763328,-1.0,-0.7304631471189668,-0.11289938297361748,0.0,0.0,-0.7609161093398232,0.0,0.0,0.0,0.0,-1.0,0.4638544907568095,0.0,0.0,0.0,-1.0,-0.5,-1.0,0.0,-0.3438818565400844,0.0,0.0,0.0,0.0,-0.7117967261714493,0.0,0.0,0.0,0.0,0.0,0.0,0.0,6,2009,一般保證契約,一般交易,92900,11.439289689006644,0,0,0,0,0,0,0,0,0,0,0,0,0,0,1,0,1,0,0,0,0,0,0,1,0,0,0,0,1,0,0,0,0,0,1,0,0,0,0,0,0,0,0,0,0,0,0,0,0,0,0,0,0,0,0,0,1,0,0,0,0,0,0,0,1,0,0,0,0,0,0,0,0,0,0,1,0,0,1,0,0,0,0,0,0,0,0,1,0,0,0,0,1,0,0,0,0,0,0,0,0,0,0,0,0,0,0,0,0,0,1,0,0,0,0,0,0,0,0,0,0,0,0,0,0,0,1,0,1,0,0,0,1,0,0,0,0,0,1,0,0,0,0,0,0,1,0,0,0,0,0,1,0,0,0,0,1,0,0
1092,0,-3.412047956290646,-3.0999075599692585,0.0,1.1943176378757763,0.0,0.0,0.5,0.0,0.5625,0.15789473684210525,1.0716082661248687,1.0,0.0,0.0,0.0,0.0,0.0,0.17524339360222532,0.0,0.0,-1.1594145828974467,-0.7872446437468859,0.5,0.0,-1.1953984335578183,0.965143789295989,0.0,-0.3595252996262973,1.0,0.0,0.0,1.0,-1.0,0.0,1.0,-1.0,0.0,-1.0,-0.5,-1.0,0.0,-0.08227848101265822,0.0,0.0,0.0,0.0,0.1584510203308132,0.0,0.0,0.0,0.0,0.0,0.0,0.0,3,2008,一般保證契約,一般交易,160000,11.982935344196433,0,0,0,0,0,0,0,0,0,1,0,0,0,0,0,0,0,0,1,0,0,0,0,1,0,1,0,0,0,0,0,0,0,0,0,0,0,0,0,0,0,0,0,0,0,0,0,0,0,0,1,0,0,0,0,0,1,0,0,0,0,0,0,0,1,0,0,0,0,0,0,0,0,1,0,0,0,0,0,0,0,1,0,0,0,0,0,1,0,0,0,0,1,0,0,0,0,0,0,0,0,0,0,0,0,0,0,0,0,1,0,0,0,0,0,0,0,0,0,0,0,0,0,0,0,1,0,0,0,0,1,0,0,1,0,0,0,0,0,0,1,0,0,0,0,0,1,0,0,0,0,1,0,0,0,0,1,0,0
1094,2,0.04944338438861053,-0.09090045738619626,0.0,0.0,0.0,0.0,-0.5,3.0,-0.14583333333333334,0.10526315789473684,1.00210694028093,0.0,0.0,-1.0,0.0,1.0,0.4,0.3852573018080668,0.0,0.0,-0.6333545940027092,-0.2610861983059293,0.0,0.0,0.20561557921250928,0.0,0.0,-0.45229827203806827,1.0,0.0,-1.0,1.0,-2.0,0.0,1.0,0.0,0.0,-1.0,-0.5,-1.0,0.0,1.6983122362869199,0.0,0.0,0.0,0.0,0.24365563892796488,0.0,0.0,0.0,0.0,0.0,1.5409627556327752,0.0,10,2006,一般保證契約,一般交易,146000,11.891368749982085,0,0,0,1,0,0,0,0,0,0,0,0,0,0,0,0,1,0,0,0,0,0,0,1,0,0,0,0,1,0,0,0,0,0,1,0,0,0,0,0,0,0,0,0,0,0,0,0,0,0,0,0,0,0,0,0,0,0,0,0,0,0,1,0,1,0,0,0,0,0,0,0,1,0,0,0,0,0,1,0,0,0,0,0,0,1,0,0,0,0,0,0,1,0,0,0,0,0,0,0,0,0,0,0,0,0,0,0,0,1,0,0,0,0,0,0,0,0,0,0,0,0,0,0,0,1,0,0,0,0,1,0,0,0,1,0,0,0,0,0,1,0,0,0,0,0,1,0,0,0,0,1,0,0,0,0,1,0,0
1096,4,0.3800798242425943,-0.0692517630208862,0.0,0.0,-1.0,0.0,0.0,0.0,0.7083333333333334,0.3157894736842105,0.0,1.0,0.0,0.0,0.0,0.0,0.4,-0.5006954102920723,0.0,0.0,0.8374043412340813,0.635774788241156,0.0,0.0,0.4112064783433743,0.0,0.0,-0.2530956404781296,0.0,0.0,0.0,0.0,0.0,0.0,1.0,0.0,0.0,0.0,0.5,0.0,0.0,-0.1751054852320675,0.0,0.0,0.0,0.0,-0.05261205992788781,0.0,0.0,0.0,0.0,0.0,0.0,0.0,3,2007,一般保證契約,一般交易,176432,12.080696479888445,0,0,0,1,0,0,0,0,0,0,0,0,0,0,0,0,1,0,0,0,0,0,0,1,0,1,0,0,0,0,0,0,0,0,0,0,1,0,0,0,0,0,0,0,0,0,0,0,0,0,0,0,0,0,0,0,1,0,0,0,0,0,0,0,1,0,0,0,0,0,0,0,1,0,0,0,0,0,1,0,0,0,0,0,0,0,0,1,0,0,0,0,1,0,0,0,0,1,0,0,0,0,0,0,0,0,0,0,0,0,0,0,1,0,0,0,0,0,0,0,0,0,0,0,0,0,0,0,1,0,0,0,0,1,0,0,0,0,0,0,1,0,0,0,0,0,1,0,0,0,0,0,0,1,0,0,1,0,0
1097,4,-0.5300358319518109,-0.7531108084113866,0.0,0.0,0.0,0.0,0.0,2.0,-1.2083333333333333,0.3157894736842105,0.0,0.0,0.0,-1.0,0.0,0.0,-0.6,-0.5340751043115438,0.0,0.0,0.2857257912003581,-0.6198305929247633,-0.5,0.0,-0.751781953401776,0.9475008459653584,0.0,-0.185034650883649,0.0,0.0,-1.0,1.0,0.0,0.0,1.0,0.5,0.0,-1.0,-0.5,-2.0,-2.0,-2.0316455696202533,-1.5409627556327752,-1.5409627556327752,0.0,0.9422502268942519,-0.7117967261714493,6.934539989873998,0.0,0.0,0.0,0.0,0.0,0.0,3,2007,一般保證契約,一般交易,127000,11.751950239425476,0,0,0,0,0,0,0,1,0,0,0,0,0,0,0,1,0,0,0,0,0,0,0,1,0,1,0,0,0,1,0,0,0,0,0,0,0,0,0,0,0,0,0,0,0,0,0,0,0,0,0,0,0,0,0,0,1,0,0,0,0,0,0,0,1,0,0,0,0,0,0,0,1,0,0,0,0,0,0,0,0,1,0,0,0,0,0,1,0,0,0,0,1,0,0,0,0,0,0,0,1,0,0,0,0,0,0,0,0,0,0,0,0,0,0,0,1,0,0,0,0,0,0,0,0,0,0,0,1,0,0,0,0,1,0,0,0,0,0,0,1,0,0,0,0,0,1,0,0,0,1,0,0,0,0,0,1,0,0
1098,1,-0.9157076349691868,-2.062745994940663,0.0,0.0,0.0,0.0,1.0,0.0,0.2916666666666667,-0.21052631578947367,0.0,1.0,0.0,0.0,0.0,0.0,-0.6,-0.5340751043115438,0.0,0.0,0.6725977448999442,0.1574489287493772,0.5,0.0,-0.01321076171268808,0.0,0.0,-0.6643250842715452,0.0,0.0,-1.0,1.0,-1.0,0.0,1.0,-0.5,0.0,-1.0,-0.5,0.0,0.0,-0.08649789029535865,0.0,0.0,0.0,0.0,0.28820327382855077,7.293500021268774,0.0,0.0,0.0,0.0,0.0,0.0,10,2007,一般保證契約,一般交易,170000,12.04355959836804,0,0,0,0,0,1,0,0,0,0,0,0,0,0,0,0,1,0,0,0,0,0,0,1,0,1,0,0,0,0,0,0,0,0,0,0,0,0,0,0,0,0,0,0,0,1,0,0,0,0,0,0,0,0,0,0,1,0,0,0,0,0,0,0,1,0,0,0,0,0,0,0,0,0,1,0,0,0,1,0,0,0,0,0,0,0,0,1,0,0,0,0,1,0,0,0,0,0,0,0,0,0,0,0,0,0,0,0,1,0,0,0,0,0,0,0,0,0,0,0,0,0,0,0,1,0,0,0,1,0,0,0,0,0,1,0,0,0,0,0,1,0,0,0,0,0,1,0,0,0,0,0,0,1,0,0,1,0,0
1099,2,-1.1398722399119068,-1.0526421762248437,0.0,0.0,0.0,0.0,-1.0,1.0,-0.75,-1.1578947368421053,0.0,0.0,0.0,-1.0,0.0,0.0,0.0,0.40055632823365783,0.0,0.0,-3.1687229326517117,-0.6437468858993523,-0.5,0.0,-0.7957494408209258,0.9414915590028157,0.0,-0.23633082873234423,0.0,0.0,-1.0,0.0,0.0,0.0,0.0,0.0,0.0,-1.0,-0.5,-1.0,-1.0,-1.018987341772152,0.0,0.0,0.0,0.0,-0.7117967261714493,0.0,0.0,0.0,0.0,0.0,0.0,0.0,7,2009,一般保證契約,一般交易,128000,11.759793355371237,1,0,0,0,0,0,0,0,0,0,0,0,0,0,0,1,0,0,0,0,0,0,0,1,0,1,0,0,0,0,0,0,0,0,0,0,0,0,0,1,0,0,0,0,0,0,0,0,0,0,0,0,0,0,0,0,1,0,0,0,0,0,0,0,1,0,0,0,0,0,0,0,1,0,0,0,1,0,0,0,0,0,0,0,0,0,0,1,0,0,0,0,1,0,0,0,0,0,0,0,0,0,0,0,0,0,0,0,0,1,0,0,0,0,0,0,0,0,0,0,0,0,0,0,0,1,0,0,1,0,0,0,0,0,0,0,1,0,0,0,1,0,0,0,0,0,1,0,0,0,0,1,0,0,0,0,1,0,0
1100,2,0.5579814411897118,0.5022754571440052,0.0,0.0,-1.0,0.0,0.5,0.0,0.125,-0.42105263157894735,1.0633138523952435,0.0,0.0,0.0,0.0,0.0,0.2,0.44506258692628653,0.0,0.0,0.1324742297595568,0.5500747384155455,-0.5,0.0,0.8685699148142586,0.0,0.0,0.19005627193363483,0.0,0.0,0.0,0.0,0.0,0.0,0.0,0.5,0.0,0.0,0.25,0.0,0.0,-0.014767932489451477,0.0,0.0,0.0,0.0,-0.7117967261714493,0.0,0.0,0.0,0.0,0.0,0.0,0.0,4,2009,法院或遺產拍賣,異常交易(如法拍),157000,11.964007453736912,0,0,0,1,0,0,0,0,0,0,0,0,0,0,0,0,1,0,0,0,0,0,0,1,0,1,0,0,0,0,0,0,0,0,0,0,0,0,0,0,0,0,0,0,0,0,0,0,0,0,0,0,1,0,0,0,0,0,1,0,0,0,0,0,1,0,0,0,0,0,0,0,1,0,0,0,0,0,1,0,0,0,0,0,0,0,0,1,0,0,0,0,1,0,0,0,0,0,0,1,0,0,0,0,0,0,0,0,0,0,0,0,0,0,0,1,0,0,0,0,0,0,0,0,0,0,0,0,0,0,1,0,0,0,1,0,0,0,0,0,1,0,0,0,0,0,1,0,0,0,0,0,0,1,0,0,1,0,0
1101,0,-0.5300358319518109,-0.30665332785834487,0.0,0.0,0.0,0.0,-2.0,0.0,-1.0833333333333333,-1.1578947368421053,0.0,0.0,0.0,-1.0,-0.3466451177569989,0.0,-0.2,-0.13073713490959665,0.0,0.0,-3.1687229326517117,-1.4050822122571,-0.5,-0.7304631471189668,-1.8978320227764627,0.0,0.0,-2.4903860445806227,0.0,0.0,-1.0,0.0,-2.0,0.0,-1.0,-1.5,0.0,-1.0,-0.5,-1.0,-1.0,-0.9936708860759493,0.0,0.0,-1.1943176378757763,0.0,-0.7117967261714493,0.0,0.0,0.0,0.0,0.0,0.0,0.0,1,2009,一般保證契約,一般交易,60000,11.002116507732017,0,0,1,0,0,0,0,0,0,0,0,0,0,0,0,0,1,0,0,0,0,1,0,0,0,1,0,0,0,0,0,0,0,0,0,0,0,1,0,0,0,0,0,0,0,0,0,0,0,0,0,0,0,0,0,0,1,0,0,0,0,0,0,0,1,0,0,0,0,0,0,0,1,0,0,0,0,0,1,0,0,0,0,0,0,0,0,1,0,0,0,0,1,0,0,0,0,0,0,0,1,0,0,0,0,0,0,0,0,0,0,0,0,0,0,0,1,0,0,0,0,0,0,0,0,0,0,0,1,0,0,0,0,0,1,0,0,0,0,0,1,0,0,0,1,0,0,0,0,0,0,1,0,0,0,0,1,0,0
1104,3,0.42526075804806646,-0.172049870923747,0.0,0.0,0.0,0.0,0.0,1.0,-0.2708333333333333,-0.9210526315789473,0.0,0.0,0.0,-1.0,0.0,1.0,0.2,0.3769123783031989,0.0,0.0,-3.1687229326517117,-0.6776283009466866,0.5,0.0,0.1943421154603773,0.0,0.0,-0.4632214386554331,0.0,0.7304631471189668,-1.0,0.0,0.0,0.0,0.0,0.0,0.0,0.0,0.0,1.0,0.0,0.24261603375527427,0.0,0.0,0.0,0.0,-0.7117967261714493,8.013883697367243,0.0,0.0,0.0,0.0,0.0,0.0,7,2006,一般保證契約,一般交易,159500,11.979805470779858,0,0,0,1,0,0,0,0,0,0,0,0,0,0,0,0,1,0,0,0,0,0,0,1,0,0,0,0,1,0,0,0,0,0,1,0,0,0,0,0,0,0,0,0,0,0,0,0,0,0,0,0,0,0,0,0,1,0,0,0,0,0,0,0,1,0,0,0,0,0,0,0,1,0,0,0,0,0,1,0,0,0,0,0,0,1,0,0,0,0,0,0,1,0,0,0,0,0,0,0,0,0,0,0,0,0,0,0,0,0,1,0,0,0,0,0,0,0,0,0,0,0,0,0,0,0,1,0,1,0,0,0,0,0,1,0,0,0,0,0,1,0,0,0,0,0,1,1,0,0,0,0,0,0,0,0,1,0,0
1105,3,-3.412047956290646,-3.2271573218912764,0.0,0.0,0.0,0.0,-0.5,0.0,-0.041666666666666664,-0.631578947368421,1.1789130841358317,0.0,0.0,-1.0,0.0,0.0,-0.6,-0.5340751043115438,0.0,0.0,0.21800852075655988,-0.7274539113104136,-0.5,0.0,-1.175878341807391,0.9810215688568611,0.0,-0.2733570580597317,0.0,0.0,0.0,1.0,0.0,0.0,0.0,0.0,0.0,-1.0,-0.5,-1.0,0.0,-0.1751054852320675,0.0,0.0,0.0,0.0,-0.7117967261714493,0.0,0.0,0.0,0.0,0.0,0.0,0.0,4,2007,一般保證契約,一般交易,106000,11.571203807011969,0,0,0,0,0,0,0,0,0,1,0,0,0,0,0,1,0,0,0,0,0,0,0,1,0,1,0,0,0,0,0,0,0,0,0,0,0,0,1,0,0,0,0,0,0,0,0,0,0,0,0,0,0,0,0,0,1,0,0,0,0,0,0,0,1,0,0,0,0,0,0,0,0,0,1,0,0,0,0,0,0,1,0,0,0,0,0,1,0,0,0,0,1,0,0,0,0,0,0,0,0,0,0,0,0,0,0,0,1,0,0,0,0,0,0,0,0,0,0,0,0,0,0,0,1,0,0,0,0,0,1,0,0,0,1,0,0,0,0,0,1,0,0,0,0,0,1,0,0,0,0,1,0,0,0,0,1,0,0
1107,4,1.7661534075942174,0.17706149578695998,0.0,0.0,-1.0,0.0,0.5,0.0,0.375,-0.07894736842105263,0.0,1.0,0.0,0.0,0.0,1.0,0.4,0.49235048678720444,0.0,0.0,-0.7460029184357454,-0.16940707523667164,0.0,0.0,0.6247170735715445,0.0,0.0,-0.0462193992865994,1.0,0.0,0.0,0.0,0.0,0.0,1.0,0.0,0.0,0.0,0.25,1.0,0.0,1.0021097046413503,0.0,0.0,0.0,0.0,0.6958001392184702,0.0,0.0,0.0,0.0,0.0,0.0,0.0,5,2007,一般保證契約,一般交易,179900,12.100161978566867,0,0,0,1,0,0,0,0,0,0,0,0,0,0,0,0,1,0,0,0,0,0,0,1,0,0,0,0,1,0,0,0,0,0,0,0,0,0,0,0,0,0,0,0,0,0,0,0,0,0,0,0,0,1,0,0,0,0,0,0,0,0,1,0,1,0,0,0,0,0,0,0,1,0,0,0,0,0,1,0,0,0,0,0,0,1,0,0,0,0,0,0,1,0,0,0,0,0,0,0,0,0,0,0,0,0,0,0,1,0,0,0,0,0,0,0,0,0,0,0,0,0,0,0,1,0,0,0,1,0,0,0,0,1,0,0,0,0,0,0,1,0,0,0,0,0,1,0,0,0,0,0,0,1,0,0,1,0,0
1108,0,3.270645726135581,2.19496935497915,0.0,0.0,-4.4453611970759175,0.0,0.5,0.0,0.7083333333333334,0.3157894736842105,0.0,1.0,0.0,0.8422747575632559,0.2793713480100486,0.0,-0.6,-0.5340751043115438,0.0,0.0,0.48671420074374905,-0.25311410064773293,0.5,0.0,-0.45911461711247686,1.1093410857408352,0.0,0.7298615701138635,0.0,0.0,0.0,1.0,0.0,0.0,1.0,1.5,0.0,0.0,0.5,0.0,0.0,-0.2510548523206751,0.0,0.0,0.0,0.0,0.3839769150857809,0.0,0.0,0.0,0.0,0.0,0.0,0.0,9,2006,新屋,預售屋(估價時未完工),274725,12.52352951631214,0,0,0,0,0,0,0,0,1,0,0,0,0,0,0,0,1,0,0,0,0,0,1,0,0,0,0,1,0,0,0,0,0,0,0,1,0,0,0,0,0,0,0,0,0,0,0,0,0,0,0,0,0,0,0,0,1,0,0,0,0,0,0,0,1,0,0,0,0,0,0,0,1,0,0,0,0,0,0,0,0,1,0,0,0,0,0,1,0,0,0,0,1,0,0,0,0,1,0,0,0,0,0,0,0,0,0,0,0,0,0,0,1,0,0,0,0,0,0,0,0,0,0,0,0,0,0,0,1,0,0,0,0,1,0,0,0,0,0,0,1,0,0,0,0,0,1,1,0,0,0,0,0,0,0,0,1,0,0
1110,4,1.5288579846359944,0.39586006713345884,0.0,0.0,-1.0,0.0,1.0,0.0,0.6666666666666666,0.2894736842105263,0.6577771786040508,1.0,0.0,0.8422747575632559,0.0,1.0,0.4,0.9109874826147427,0.0,0.0,0.41388574005048706,1.6761335326357747,0.5,0.0,1.1937337538237713,0.0,0.0,0.5051163873991391,1.0,0.0,0.0,0.0,0.0,0.0,1.0,0.5,0.0,0.0,0.5,1.0,1.0,1.6054852320675106,0.0,0.0,0.0,0.9197263780054459,0.5943745253387417,0.0,0.0,0.0,0.0,0.0,0.0,0.0,3,2009,一般保證契約,一般交易,280000,12.54254845357358,0,0,0,1,0,0,0,0,0,0,0,0,0,0,0,0,1,0,0,0,0,0,0,1,0,1,0,0,0,0,0,0,0,1,0,0,0,0,0,0,0,0,0,0,0,0,0,0,0,0,0,0,0,0,0,0,1,0,0,0,0,0,0,0,1,0,0,0,0,0,0,0,1,0,0,0,0,0,1,0,0,0,0,0,0,0,0,1,0,0,0,0,1,0,0,0,0,0,0,0,0,0,0,0,0,0,0,0,0,1,0,0,0,0,0,0,0,0,0,0,0,0,0,0,0,1,0,0,0,1,0,0,0,1,0,0,0,0,0,0,1,0,0,0,0,0,1,0,0,0,0,0,0,1,0,0,1,0,0
1111,1,-0.2564764364743176,-0.41717508839471784,0.0,0.0,0.0,0.0,0.0,0.0,0.4791666666666667,0.05263157894736842,0.0,0.0,0.0,0.0,0.0,0.0,0.4,-0.22948539638386647,0.0,0.0,0.11382687545140531,-0.44245142002989535,0.0,0.0,-0.751781953401776,1.0472780241572375,0.0,0.2699148995062541,1.0,0.0,0.0,1.0,0.0,0.0,0.0,1.0,0.0,0.0,0.25,1.0,0.0,-0.21308016877637131,0.0,0.0,0.0,1.0817237493984635,0.3279585592787707,0.0,0.0,0.0,0.0,0.0,0.0,0.0,6,2008,一般保證契約,一般交易,188000,12.144202560946876,0,0,0,0,0,0,0,0,1,0,0,0,0,0,0,0,1,0,0,0,0,0,0,1,0,1,0,0,0,0,0,0,0,0,0,1,0,0,0,0,0,0,0,0,0,0,0,0,0,0,0,0,0,0,0,0,1,0,0,0,0,0,0,0,1,0,0,0,0,0,0,0,1,0,0,0,0,0,0,0,0,1,0,0,0,0,0,1,0,0,0,0,1,0,0,0,0,0,0,0,0,0,0,0,0,0,0,0,1,0,0,0,0,0,0,0,0,0,0,0,0,0,0,0,1,0,0,0,1,0,0,0,0,1,0,0,0,0,0,0,1,0,0,0,0,0,1,0,0,0,0,0,0,1,0,0,1,0,0
1112,2,0.469964168048189,0.20478487158481823,0.0,0.0,0.0,0.0,0.5,1.0,0.08333333333333333,-0.47368421052631576,1.4306845648006707,0.0,0.0,-1.0,0.0,0.0,0.2,0.02642559109874826,0.0,0.0,-0.14120767334265066,-0.38266068759342303,-0.5,0.0,0.00708621520569161,1.0419547513794152,0.0,0.6625469798054681,0.0,0.0,0.0,1.0,1.0,0.0,0.0,1.0,0.0,0.0,0.5,0.0,0.0,0.006329113924050633,0.0,0.0,0.0,0.0,0.26660623893465385,0.0,0.0,0.0,0.0,0.0,0.0,0.0,9,2008,一般保證契約,一般交易,205000,12.230770136157428,0,0,0,0,0,0,0,0,1,0,0,0,0,0,0,0,1,0,0,0,0,0,0,1,0,1,0,0,0,0,0,0,0,0,0,0,0,0,0,0,0,0,0,0,0,0,0,0,0,0,0,0,1,0,0,0,1,0,0,0,0,0,0,0,1,0,0,0,0,0,0,0,1,0,0,0,0,0,0,0,0,1,0,0,0,1,0,0,0,0,0,0,1,0,0,0,0,0,0,1,0,0,0,0,0,0,0,0,0,0,0,0,0,0,0,1,0,0,0,0,0,0,0,0,0,0,0,0,0,0,1,0,0,0,1,0,0,0,0,0,1,0,0,0,0,0,1,0,0,0,0,0,0,1,0,0,1,0,0
1113,4,0.14660387181266663,-0.6841376945008677,0.0,0.0,-1.0,0.0,-0.5,2.0,-0.3125,-0.9736842105263158,0.0,0.0,0.0,-1.0,0.0,0.0,0.4,0.4506258692628651,0.0,0.0,-1.047263491357971,-0.356751370204285,-0.5,0.0,-0.6373358078737213,0.0,0.0,-1.2690568702763714,1.0,0.0,-1.0,0.0,-1.0,0.0,0.0,-0.5,0.0,-1.0,-0.5,-1.0,-1.0,-0.7320675105485233,0.0,0.0,0.0,0.0,-0.7117967261714493,0.0,0.0,0.0,0.0,0.0,0.0,0.0,7,2006,一般保證契約,一般交易,129900,11.774527900858468,0,0,0,1,0,0,0,0,0,0,0,0,0,0,0,0,1,0,0,0,0,0,0,1,0,0,0,0,1,0,0,0,0,0,1,0,0,0,0,0,0,0,0,0,0,0,0,0,0,0,0,0,0,0,0,0,1,0,0,0,0,0,0,0,1,0,0,0,0,0,0,0,1,0,0,0,0,0,1,0,0,0,0,0,0,0,0,1,0,0,0,0,1,0,0,0,0,0,0,0,0,1,0,0,0,0,0,0,0,0,0,0,0,0,0,0,0,1,0,0,0,0,0,0,0,0,0,0,1,0,0,0,0,0,1,0,0,0,0,0,1,0,0,0,0,1,0,0,0,0,0,1,0,0,0,0,1,0,0
1115,0,0.8929485771758422,-1.2785937116516177,0.0,0.0,0.0,0.0,-0.5,2.0,-0.375,0.15789473684210525,0.0,0.0,0.2793713480100486,-1.0,0.0,0.0,-0.2,0.043115438108484005,0.0,0.0,-0.1074737388981229,-0.32286995515695066,0.5,0.0,-0.593498368556785,0.0,0.0,-1.2265815792508463,0.0,0.0,-1.0,0.0,-1.0,0.0,1.0,-1.0,0.0,-1.0,-0.5,-1.0,-1.0,-0.6561181434599156,0.0,0.0,0.0,0.0,-0.7117967261714493,0.0,0.0,0.0,0.0,0.0,1.5409627556327752,0.0,8,2006,一般保證契約,一般交易,117000,11.669937760751914,0,0,0,1,0,0,0,0,0,0,0,0,0,0,0,0,1,0,0,0,0,0,0,1,0,1,0,0,0,0,0,0,0,0,0,0,0,0,0,0,0,0,0,0,0,0,0,0,1,0,0,0,0,0,0,0,1,0,0,0,0,0,0,0,1,0,0,0,0,0,0,0,1,0,0,0,0,0,1,0,0,0,0,0,0,0,0,1,0,0,0,0,1,0,0,0,0,0,0,0,0,0,0,0,0,0,0,0,0,1,0,0,0,0,0,0,0,0,0,0,0,0,0,0,0,1,0,0,1,0,0,0,0,0,1,0,0,0,0,0,1,0,0,0,0,0,1,0,0,0,0,1,0,0,0,0,1,0,0
1116,1,1.0121258590460687,0.5433027576790409,0.0,0.0,0.0,0.0,1.0,0.0,0.7291666666666666,0.34210526315789475,1.2022999317245562,1.0,0.0,0.8422747575632559,0.0,0.0,0.4,0.8623087621696801,0.0,0.0,0.3399203453956182,1.4728450423517687,0.5,0.0,1.0572165192046294,0.0,0.0,0.372841114007254,1.0,0.0,0.0,0.0,0.0,0.0,2.0,0.5,0.0,0.0,0.5,0.0,1.0,1.8839662447257384,0.0,0.0,0.0,0.0,-0.7117967261714493,0.0,0.0,0.0,0.0,0.0,0.0,0.0,11,2007,新屋,預售屋(估價時未完工),318000,12.669809806411457,0,0,0,1,0,0,0,0,0,0,0,0,0,0,0,0,1,0,0,0,0,0,0,1,0,1,0,0,0,0,0,0,0,1,0,0,0,0,0,0,0,0,0,0,0,0,0,0,0,0,0,0,0,0,0,0,1,0,0,0,0,0,0,0,1,0,0,0,0,0,0,0,1,0,0,0,0,0,1,0,0,0,0,0,0,1,0,0,0,0,0,0,1,0,0,0,0,1,0,0,0,0,0,0,0,0,0,0,0,0,0,0,1,0,0,0,0,0,0,0,0,0,0,0,0,0,0,0,0,1,0,0,0,1,0,0,0,0,0,0,1,0,0,0,0,0,1,0,0,0,0,0,0,1,0,0,1,0,0
1117,1,-0.2564764364743176,-0.48866021866464027,0.0,0.0,0.0,0.0,1.0,0.0,0.625,0.21052631578947367,0.0,1.0,0.0,0.0,0.0,0.0,0.4,-0.043115438108484005,0.0,0.0,-1.4464531899501953,-1.169905331340309,0.5,0.0,-0.7354931648690446,0.9695654419436592,0.0,-0.08221069003258712,1.0,0.0,0.0,1.0,0.0,0.0,1.0,0.5,0.0,0.0,0.25,1.0,0.0,0.19198312236286919,0.0,0.0,0.0,0.9089310139773353,-0.7117967261714493,0.0,0.0,0.0,0.0,0.0,0.0,0.0,3,2009,一般保證契約,一般交易,184100,12.123239799036943,0,0,0,0,0,0,0,0,0,0,0,0,1,0,0,0,1,0,0,0,0,0,0,1,0,1,0,0,0,0,0,0,0,0,0,1,0,0,0,0,0,0,0,0,0,0,0,0,0,0,0,0,0,0,0,0,1,0,0,0,0,0,0,0,1,0,0,0,0,0,0,0,1,0,0,0,0,0,0,0,0,0,1,0,0,1,0,0,0,0,0,0,1,0,0,0,0,1,0,0,0,0,0,0,0,0,0,0,0,0,0,0,1,0,0,0,0,0,0,0,0,0,0,0,0,0,0,0,1,0,0,0,0,1,0,0,0,0,0,0,1,0,0,0,0,0,1,1,0,0,0,0,0,0,0,0,1,0,0
1118,0,-0.7034629278735134,0.03934145802472629,0.0,0.0,-1.0,0.0,-0.5,2.0,-0.10416666666666667,0.23684210526315788,0.0,0.0,0.0,-1.0,0.0,0.0,0.0,0.4422809457579972,0.0,0.0,-0.67154810427646,-0.2012954658694569,0.5,0.0,-0.44220669054566614,0.0,0.0,-1.0799909445469715,1.0,0.0,-1.0,0.0,0.0,0.0,1.0,-0.5,0.0,-1.0,-0.5,0.0,0.0,-0.13291139240506328,0.0,0.0,0.0,0.0,-0.7117967261714493,0.0,0.0,0.0,0.0,0.0,0.0,0.0,5,2008,一般保證契約,一般交易,130000,11.775297421715827,0,0,0,1,0,0,0,0,0,0,0,0,0,0,0,0,1,0,0,0,0,0,0,1,0,0,1,0,0,0,0,0,0,0,0,0,0,0,0,0,0,0,0,0,0,0,0,1,0,0,0,0,0,0,0,0,0,0,0,0,0,0,1,0,1,0,0,0,0,0,0,0,1,0,0,0,0,0,1,0,0,0,0,0,0,0,0,1,0,0,0,0,1,0,0,0,0,1,0,0,0,0,0,0,0,0,0,0,0,0,0,0,1,0,0,0,0,0,0,0,0,0,0,0,0,0,0,0,1,0,0,0,0,0,1,0,0,0,0,0,1,0,0,0,0,0,1,0,0,0,0,0,0,1,0,0,1,0,0
1119,1,0.6866853341578308,0.8695674222669102,0.0,0.0,0.0,0.0,-0.5,1.0,-0.2916666666666667,-0.18421052631578946,0.0,0.0,0.2793713480100486,-1.0,0.0,0.0,-0.6,-0.5340751043115438,0.0,0.0,0.08290474991563453,-0.9207772795216741,-0.5,0.0,-0.15344165771292237,0.946707255072118,0.0,0.19005627193363483,0.0,0.7304631471189668,-1.0,0.0,0.0,0.0,0.0,0.0,-0.3846268403045294,-1.0,-0.5,0.0,-1.0,-0.7658227848101266,0.0,0.0,0.0,1.1476524376136505,0.06159175694887233,0.0,0.0,0.0,0.0,0.0,0.0,0.0,12,2008,一般保證契約,一般交易,140000,11.849404844423074,0,0,0,0,0,0,0,0,0,0,0,0,1,0,0,0,1,0,0,0,0,0,0,1,0,1,0,0,0,0,0,0,0,0,0,0,0,0,0,0,0,0,0,0,0,0,0,1,0,0,0,0,0,0,0,0,1,0,0,0,0,0,0,0,1,0,0,0,0,0,0,0,1,0,0,0,0,0,0,0,0,0,1,0,0,0,0,1,0,0,0,0,1,0,0,0,0,0,0,0,0,0,0,0,0,0,0,0,0,1,0,0,0,0,0,0,0,0,0,0,0,0,0,0,0,1,0,0,1,0,0,0,0,0,1,0,0,0,0,0,1,0,0,0,0,0,1,1,0,0,0,0,0,0,0,0,1,0,0
1120,0,0.0,-0.5443116544811724,0.0,0.0,0.0,0.0,-0.5,0.0,-0.2708333333333333,-0.9210526315789473,0.0,0.0,0.0,-1.0,0.0,0.0,-0.4,-0.02086230876216968,0.0,0.0,0.2698497455973926,0.08968609865470852,-0.5,0.0,-0.11289938297361748,0.0,0.0,-0.7609161093398232,0.0,0.0,-1.0,0.0,0.0,0.0,0.0,0.0,0.0,-1.0,-0.5,0.0,-1.0,-0.8248945147679325,0.0,0.0,0.0,0.950060361690953,-0.7117967261714493,8.622253717854797,0.0,0.0,0.0,0.0,1.1943176378757763,0.0,7,2006,一般保證契約,一般交易,133700,11.803361242493628,0,0,0,1,0,0,0,0,0,0,0,0,0,0,0,0,1,0,0,0,0,0,0,1,0,1,0,0,0,0,0,0,0,0,1,0,0,0,0,0,0,0,0,0,0,0,0,0,0,0,0,0,0,0,0,0,1,0,0,0,0,0,0,0,1,0,0,0,0,0,0,0,1,0,0,0,0,0,1,0,0,0,0,0,0,0,0,1,0,0,0,0,1,0,0,0,0,0,0,0,0,0,0,0,0,0,0,0,0,0,1,0,0,0,0,0,1,0,0,0,0,0,0,0,0,0,0,0,1,0,0,0,0,0,1,0,0,0,0,0,1,0,0,0,0,1,0,0,0,0,0,0,0,1,0,0,1,0,0
1122,3,0.6442140439022846,0.11451508524759325,0.0,0.0,0.0,0.0,0.5,0.0,0.6875,0.3157894736842105,1.0490242974017012,1.0,0.0,0.0,0.0,1.7473143510832982,0.4,-0.5006954102920723,0.0,0.0,0.9937766261670897,1.1101145989038366,0.5,0.0,0.7957008360993535,0.0,0.0,0.11945143338911485,0.0,0.0,0.0,0.0,0.0,0.0,1.0,0.5,0.0,-1.0,-0.5,0.0,1.0,1.2679324894514767,0.0,0.0,0.0,0.9576843843402714,-0.07642330536929036,0.0,0.0,0.0,0.0,0.0,0.0,0.0,7,2006,新屋,預售屋(估價時未完工),212900,12.268582547911404,0,0,0,1,0,0,0,0,0,0,0,0,0,0,0,0,1,0,0,0,0,0,0,1,0,1,0,0,0,0,0,0,0,0,0,0,1,0,0,0,0,0,0,0,0,0,0,0,0,0,0,0,0,0,0,0,1,0,0,0,0,0,0,0,1,0,0,0,0,0,0,0,1,0,0,0,0,0,1,0,0,0,0,0,0,0,0,1,0,0,0,0,1,0,0,0,0,1,0,0,0,0,0,0,0,0,0,0,0,0,0,0,1,0,0,0,0,0,0,0,0,0,0,0,0,0,0,0,0,0,1,0,0,1,0,0,0,0,0,0,1,0,0,0,0,0,1,0,0,0,0,0,0,1,0,0,1,0,0
1123,4,-0.23009937662782295,-0.16793403344822516,0.0,0.0,-1.0,0.0,-1.0,-2.0,-0.3333333333333333,-1.0,0.0,0.0,0.0,-1.0,0.0,0.0,-0.6,-0.5340751043115438,0.0,0.0,0.27108020568405655,-0.6437468858993523,0.5,0.0,-0.2880842536468032,0.0,0.0,-0.9306575103216483,0.0,0.0,-1.0,0.0,0.0,0.0,0.0,-0.5,0.0,-1.0,-0.5,-1.0,-1.0,-0.8164556962025317,0.0,0.0,0.0,0.7512259272201205,-0.7117967261714493,0.0,0.0,7.620056264664791,0.0,0.0,1.5409627556327752,0.0,10,2009,法院或遺產拍賣,異常交易(如法拍),112000,11.626263078808801,0,0,0,1,0,0,0,0,0,0,0,0,0,0,0,0,1,0,0,0,0,0,0,1,0,0,0,0,1,0,0,0,0,0,0,0,0,0,0,0,0,1,0,0,0,0,0,0,0,0,0,0,0,0,0,0,1,0,0,0,0,0,0,0,1,0,0,0,0,0,0,0,1,0,0,0,0,0,1,0,0,0,0,0,0,0,0,1,0,0,0,0,1,0,0,0,0,0,0,0,0,0,0,0,0,0,0,1,0,0,0,0,0,0,0,0,0,0,0,0,0,0,0,1,0,0,0,0,1,0,0,0,0,0,1,0,0,0,0,0,1,0,0,0,0,1,0,0,1,0,0,0,0,0,0,0,1,0,0
1124,2,-1.1398722399119068,-0.047528316588749786,0.0,0.0,0.0,0.0,-0.5,4.0,-0.5208333333333334,0.3684210526315789,0.0,0.0,0.5146787824253323,-1.0,0.0,0.0,-0.6,-0.5340751043115438,0.0,0.0,0.30253918619481757,-0.5919282511210763,0.5,0.0,-0.9650145175895836,0.0,0.0,-1.586553712585601,0.0,0.7304631471189668,-1.0,0.0,-1.0,0.0,0.0,-1.0,0.0,-1.0,-0.5,-2.0,-2.0,-2.0316455696202533,-1.5409627556327752,-1.5409627556327752,0.0,0.0,0.622503866562529,0.0,0.0,0.0,0.0,0.0,0.0,0.0,6,2009,一般保證契約,一般交易,118000,11.678448377988165,0,0,0,1,0,0,0,0,0,0,0,0,0,0,0,0,1,0,0,0,0,0,0,1,0,1,0,0,0,0,0,0,0,0,0,0,0,0,0,0,0,1,0,0,0,0,0,0,0,0,0,0,0,0,0,0,1,0,0,0,0,0,0,0,1,0,0,0,0,0,0,0,1,0,0,0,0,0,1,0,0,0,0,0,0,1,0,0,0,0,0,0,1,0,0,0,0,1,0,0,0,0,0,0,0,0,0,0,0,0,0,0,1,0,0,0,0,0,0,0,0,0,0,0,0,0,0,0,1,0,0,0,0,0,1,0,0,0,0,0,1,0,0,0,0,0,1,0,0,0,1,0,0,0,0,0,1,0,0
1125,2,-0.2564764364743176,-0.11726036901200221,0.0,0.0,-1.0,0.0,0.5,0.0,0.4166666666666667,-0.05263157894736842,1.0087576784086483,0.0,0.0,0.0,0.0,0.0,-0.6,-0.5340751043115438,0.0,0.0,-0.1722918523321359,-1.2177379172894869,0.0,0.0,-0.647763072931558,0.9803192776248514,0.0,0.015228703219109248,0.0,0.0,0.0,1.0,0.0,0.0,1.0,0.5,0.0,0.0,0.25,1.0,0.0,-0.37763713080168776,0.0,0.0,0.0,0.8615537516526842,-0.02000336422115729,0.0,0.0,0.0,0.0,0.0,0.0,0.0,7,2007,一般保證契約,一般交易,163900,12.007017865994577,0,0,0,0,0,0,0,0,0,0,0,0,1,0,0,0,1,0,0,0,0,0,0,1,0,1,0,0,0,0,0,0,0,0,0,1,0,0,0,0,0,0,0,0,0,0,0,0,0,0,0,0,0,0,0,0,1,0,0,0,0,0,0,0,1,0,0,0,0,0,0,0,1,0,0,0,0,0,0,0,0,0,1,0,0,0,0,1,0,0,0,0,1,0,0,0,0,0,0,0,0,0,0,0,0,0,0,0,1,0,0,0,0,0,0,0,0,0,0,0,0,0,0,0,1,0,0,0,0,0,1,0,0,1,0,0,0,0,0,0,1,0,0,0,0,0,1,0,0,0,0,0,0,1,0,0,1,0,0
1127,2,-0.9469680975410442,-2.0692805495346813,0.0,0.0,0.0,0.0,0.5,0.0,0.7291666666666666,0.34210526315789475,0.9352320472719625,1.0,0.0,0.0,0.0,0.0,-0.6,-0.5340751043115438,0.0,0.0,0.8945294867597248,0.7533632286995515,0.5,0.0,0.8002179698208888,0.0,0.0,0.12382820749848435,0.0,0.0,0.0,0.0,-1.0,0.0,1.0,0.5,0.0,0.0,0.25,1.0,1.0,0.7531645569620253,0.0,0.0,0.0,0.9557953004482737,-0.07642330536929036,0.0,0.0,0.0,0.0,0.0,0.0,0.0,6,2009,一般保證契約,一般交易,174000,12.066816325306588,0,0,0,0,0,1,0,0,0,0,0,0,0,0,0,0,1,0,0,0,0,0,0,1,0,1,0,0,0,0,0,0,0,0,0,0,0,0,0,0,1,0,0,0,0,0,0,0,0,0,0,0,0,0,0,0,1,0,0,0,0,0,0,0,1,0,0,0,0,0,0,0,0,0,1,0,0,0,1,0,0,0,0,0,0,1,0,0,0,0,0,0,1,0,0,0,0,1,0,0,0,0,0,0,0,0,0,0,0,0,0,0,1,0,0,0,0,0,0,0,0,0,0,0,0,0,0,0,0,0,1,0,0,1,0,0,0,0,0,0,1,0,0,0,0,0,1,0,0,0,0,0,0,1,0,0,1,0,0
1128,3,3.5926674698998773,0.9990091091789851,0.0,0.0,-4.4453611970759175,0.0,0.5,0.0,0.6666666666666666,0.2631578947368421,0.0,1.0,0.0,0.0,0.0,1.7473143510832982,0.4,1.2739916550764951,0.0,0.0,-0.546544842007886,1.0662680617837568,0.5,0.0,0.7623466414100785,0.0,0.0,0.0871336441107244,1.0,0.0,0.0,0.0,0.0,0.0,1.0,0.5,0.0,0.0,0.5,1.0,1.0,0.6265822784810127,0.0,0.0,0.0,0.9576843843402714,0.07725337927507323,0.0,0.0,0.0,0.0,0.0,0.0,0.0,11,2007,一般保證契約,親友交易,259000,12.464587201678082,0,0,0,1,0,0,0,0,0,0,0,0,0,0,0,0,1,0,0,0,0,0,0,1,0,0,0,0,1,0,0,0,0,0,0,1,0,0,0,0,0,0,0,0,0,0,0,0,0,0,0,0,0,0,0,0,1,0,0,0,0,0,0,0,1,0,0,0,0,0,0,0,1,0,0,0,0,0,1,0,0,0,0,0,0,1,0,0,0,0,0,0,1,0,0,0,0,1,0,0,0,0,0,0,0,0,0,0,0,0,0,0,1,0,0,0,0,0,0,0,0,0,0,0,0,0,0,0,1,0,0,0,0,1,0,0,0,0,0,0,1,0,0,0,0,0,1,0,0,0,0,0,0,1,0,0,1,0,0
1129,4,-0.5870231824252673,0.4852902896698693,0.0,0.0,-1.0,0.0,0.5,0.0,0.6666666666666666,0.2894736842105263,0.0,1.0,0.0,0.0,0.0,1.7473143510832982,-0.6,-0.5340751043115438,0.0,0.0,0.4657169235885509,-0.2949676133532636,0.5,0.0,-0.5579636378211756,1.1043518606390217,0.0,0.6565633204316198,0.0,0.0,0.0,1.0,1.0,0.0,1.0,1.0,0.0,0.0,0.5,1.0,0.0,-0.20042194092827004,0.0,0.0,0.0,0.8615537516526842,0.1584510203308132,0.0,0.0,0.0,0.0,0.0,0.0,0.0,7,2007,一般保證契約,一般交易,215000,12.278397958261774,0,0,0,0,0,0,0,0,1,0,0,0,0,0,0,0,1,0,0,0,0,0,0,1,0,1,0,0,0,0,0,0,0,0,0,1,0,0,0,0,0,0,0,0,0,0,0,0,0,0,0,0,0,0,0,0,1,0,0,0,0,0,0,0,1,0,0,0,0,0,0,0,1,0,0,0,0,0,0,0,0,1,0,0,0,0,0,1,0,0,0,0,1,0,0,0,0,1,0,0,0,0,0,0,0,0,0,0,0,0,0,0,1,0,0,0,0,0,0,0,0,0,0,0,0,0,0,0,1,0,0,0,0,1,0,0,0,0,0,0,1,0,0,0,0,0,1,1,0,0,0,0,0,0,0,0,1,0,0
1130,4,-0.5300358319518109,-0.6530991973084603,0.0,0.7304631471189668,0.0,0.0,-0.5,0.0,0.16666666666666666,-0.3684210526315789,1.0248235295832058,0.0,0.0,0.0,0.0,2.3495966477454164,0.4,0.7677329624478443,0.0,0.0,-3.1687229326517117,-0.11758844045839562,-0.5,0.0,-0.3430569280284727,0.0,0.0,-0.9839220344178523,1.0,0.0,-1.0,0.0,-1.0,0.0,0.0,-1.0,0.0,-1.0,-0.5,-1.0,0.0,0.8037974683544303,0.0,0.0,0.0,0.6889297336204411,-0.7117967261714493,0.0,0.0,0.0,0.0,0.0,0.0,0.0,8,2007,一般保證契約,一般交易,140000,11.849404844423074,0,0,0,0,0,0,0,0,0,0,0,0,0,0,1,1,0,0,0,0,0,0,0,1,0,1,0,0,0,0,0,0,0,0,0,0,0,0,0,0,0,0,0,0,0,0,0,0,1,0,0,0,0,0,0,0,1,0,0,0,0,0,0,0,1,0,0,0,0,0,0,0,0,0,0,1,0,0,0,0,0,0,0,1,0,0,0,1,0,0,0,0,1,0,0,0,0,0,0,0,0,0,0,0,0,0,0,0,0,1,0,0,0,0,0,0,0,0,0,0,0,0,0,0,0,1,0,0,0,0,1,0,0,0,1,0,0,0,0,0,1,0,0,0,0,0,1,0,0,0,0,1,0,0,0,0,1,0,0
1131,2,-0.2564764364743176,-0.47305520096115256,0.0,0.0,0.0,0.0,-1.0,-2.0,-0.9166666666666666,-1.1578947368421053,0.0,0.0,0.0,-1.0,0.0,0.0,0.0,0.33101529902642557,0.0,0.0,0.032157581890037784,0.25311410064773293,-0.5,0.0,0.43539883597834306,0.9742768627648382,0.0,0.6827950837302497,1.0,0.0,0.0,0.0,1.0,0.0,1.0,0.5,-0.3846268403045294,1.0,0.25,-1.0,0.0,0.3987341772151899,0.0,0.0,0.0,1.281640833701936,0.13347293779491828,0.0,0.0,0.0,0.0,0.0,1.5409627556327752,0.0,12,2009,一般保證契約,一般交易,135000,11.813037464800539,1,0,0,0,0,0,0,0,0,0,0,0,0,0,0,0,1,0,0,0,0,0,0,1,0,1,0,0,0,0,0,0,0,0,0,0,0,1,0,0,0,0,0,0,0,0,0,0,0,0,0,0,0,0,0,0,1,0,0,0,0,0,0,0,1,0,0,0,0,0,0,0,1,0,0,0,1,0,0,0,0,0,0,0,0,0,0,1,0,0,0,0,1,0,0,0,0,0,0,0,0,1,0,0,0,0,0,0,0,0,0,0,0,0,0,1,0,0,0,0,0,0,0,0,0,0,0,0,1,0,0,0,0,0,0,0,1,0,0,0,1,0,0,0,0,0,1,0,0,0,0,1,0,0,0,0,1,0,0
1136,1,-0.5300358319518109,-0.9886069526191432,0.0,0.0,0.0,0.0,0.0,0.0,-0.9583333333333334,-1.1578947368421053,0.0,0.0,0.0,-1.0,0.0,0.0,-0.6,-0.5340751043115438,0.0,0.0,0.5739056279191836,-0.06975585450921774,-0.5,-0.7304631471189668,-0.22983206911798734,0.0,0.0,-0.8742153793649227,0.0,0.0,-1.0,0.0,-1.0,0.0,0.0,-0.5,0.0,0.0,0.5,-1.0,-1.0,-1.2721518987341771,0.0,0.0,0.0,0.0,0.46598153185713964,0.0,0.0,0.0,0.0,0.0,0.0,0.0,5,2007,一般保證契約,一般交易,102000,11.532737896139919,0,0,1,0,0,0,0,0,0,0,0,0,0,0,0,1,0,0,0,0,0,0,0,1,0,0,0,0,1,0,0,0,0,0,0,0,0,0,0,1,0,0,0,0,0,0,0,0,0,0,0,0,0,0,0,0,1,0,0,0,0,0,0,0,1,0,0,0,0,0,0,0,1,0,0,0,0,0,1,0,0,0,0,0,0,0,0,1,0,0,0,0,1,0,0,0,0,0,0,0,1,0,0,0,0,0,0,0,0,0,0,0,0,0,0,0,1,0,0,0,0,0,0,0,0,0,0,0,1,0,0,0,0,0,0,0,1,0,0,0,1,0,0,0,0,0,1,0,0,0,0,1,0,0,0,0,1,0,0
1137,0,0.469964168048189,0.0,0.0,0.0,0.0,0.0,0.0,0.0,-0.4583333333333333,-1.1578947368421053,0.0,0.0,0.0,-1.0,0.0,0.0,0.0,-0.14464534075104313,0.0,0.0,0.3648209729151772,0.0737419033383159,-0.5,0.0,-0.12989251538807342,0.7389695800284225,0.0,-0.3595252996262973,0.0,0.0,-1.0,0.0,0.0,0.0,0.0,0.0,0.0,-1.0,-0.5,-1.0,-1.0,-0.8164556962025317,0.0,0.0,0.0,0.0,-0.7117967261714493,6.574446614595114,0.0,0.0,0.0,0.0,0.0,0.0,4,2008,一般保證契約,異常交易(如法拍),119000,11.686887175419702,1,0,0,0,0,0,0,0,0,0,0,0,0,0,0,0,1,0,0,0,0,0,0,1,0,1,0,0,0,0,0,0,0,0,1,0,0,0,0,0,0,0,0,0,0,0,0,0,0,0,0,0,0,0,0,0,1,0,0,0,0,0,0,0,1,0,0,0,0,0,0,0,1,0,0,0,1,0,0,0,0,0,0,0,0,0,0,1,0,0,0,0,1,0,0,0,0,1,0,0,0,0,0,0,0,0,0,0,0,0,0,0,1,0,0,0,0,0,0,0,0,0,0,0,0,0,0,0,1,0,0,0,0,0,1,0,0,0,0,0,1,0,0,0,0,1,0,0,0,0,0,0,0,1,0,0,1,0,0
1138,1,-0.8846900034520899,-0.9323164872908619,0.0,0.0,0.0,0.0,-0.5,3.0,-2.0208333333333335,0.05263157894736842,0.0,0.0,0.2793713480100486,-1.0,0.0,0.0,-0.6,-0.5340751043115438,0.0,0.0,0.3956333931440705,-0.4285002491280518,0.0,-0.7304631471189668,-0.7327887284269321,0.7563846075439864,0.0,-0.8022832714264472,0.0,0.0,-1.0,0.0,-1.0,0.0,0.0,0.0,0.0,-1.0,-0.5,-2.0,-2.0,-2.0316455696202533,-1.5409627556327752,-1.5409627556327752,-1.1943176378757763,0.0,-0.7117967261714493,7.824546029563346,0.0,0.0,0.0,0.0,0.0,0.0,5,2010,一般保證契約,一般交易,94000,11.451060699493427,1,0,0,0,0,0,0,0,0,0,0,0,0,0,0,0,1,0,0,0,0,0,0,1,0,1,0,0,0,0,0,0,0,0,0,0,0,0,0,0,0,0,0,0,0,0,0,1,0,0,0,0,0,0,0,0,0,0,0,0,0,0,1,0,1,0,0,0,0,0,0,0,1,0,0,0,1,0,0,0,0,0,0,0,0,0,0,1,0,0,0,0,1,0,0,0,0,1,0,0,0,0,0,0,0,0,0,0,0,0,0,0,1,0,0,0,0,0,0,0,0,0,0,0,0,0,0,0,1,0,0,0,0,0,1,0,0,0,0,0,1,0,0,0,0,0,1,0,0,0,1,0,0,0,0,0,1,0,0
1140,1,1.2037547390811885,-0.2185292756439358,0.0,0.0,-1.0,0.0,-0.5,0.0,-1.0833333333333333,-1.1578947368421053,0.0,0.0,-0.3466451177569989,-1.0,0.0,0.0,0.0,0.36300417246175243,0.0,0.0,-0.4326070423259084,-0.15944195316392626,-0.5,0.0,0.14300828616923278,0.0,0.0,-0.5129601864602937,0.0,0.0,-1.0,0.0,0.0,0.0,0.0,0.0,-0.8993056227298617,0.0,0.5,-1.0,0.0,0.056962025316455694,0.0,0.0,0.0,0.0,-0.7117967261714493,8.27426574111943,0.0,7.120635667155019,0.0,0.0,0.0,0.0,5,2007,一般保證契約,一般交易,144000,11.87757552297847,0,0,1,0,0,0,0,0,0,0,0,0,0,0,0,0,1,0,0,0,0,0,0,1,0,1,0,0,0,0,0,0,0,0,0,0,0,0,0,1,0,0,0,0,0,0,0,0,0,0,0,0,0,0,0,0,1,0,0,0,0,0,0,0,1,0,0,0,0,0,0,0,1,0,0,0,0,0,1,0,0,0,0,0,0,0,0,1,0,0,0,0,1,0,0,0,0,0,0,0,0,0,0,0,1,0,0,0,0,0,0,0,0,0,0,0,0,0,0,0,1,0,0,0,0,0,0,0,1,0,0,0,0,0,0,0,1,0,0,0,1,0,0,0,0,0,1,0,0,0,0,1,0,0,0,0,1,0,0
1141,3,-0.5300358319518109,-0.6072215172065738,0.0,0.0,0.0,0.0,-0.5,2.0,-0.4375,-1.131578947368421,0.0,0.0,0.0,-1.0,0.0,1.0,0.2,0.650904033379694,0.0,0.0,-1.094999958969664,-0.08570004982561036,-0.5,0.0,-0.30627751390977903,0.0,0.0,-0.948285456579779,1.0,0.0,-1.0,0.0,-1.0,0.0,0.0,-1.0,0.0,-1.0,-0.5,-1.0,0.0,1.5126582278481013,0.0,0.0,0.0,0.0,-0.7117967261714493,0.0,0.0,0.0,0.0,0.0,0.0,0.0,6,2008,法院或遺產拍賣,異常交易(如法拍),139000,11.842236406331555,0,0,0,1,0,0,0,0,0,0,0,0,0,0,0,0,1,0,0,0,0,0,0,1,0,0,0,0,1,0,0,0,0,0,1,0,0,0,0,0,0,0,0,0,0,0,0,0,0,0,0,0,0,0,0,0,1,0,0,0,0,0,0,0,1,0,0,0,0,0,0,0,1,0,0,0,0,0,1,0,0,0,0,0,0,0,0,1,0,0,0,0,1,0,0,0,0,0,0,0,0,0,0,0,0,0,0,0,1,0,0,0,0,0,0,0,0,0,0,0,0,0,0,0,1,0,0,0,1,0,0,0,0,0,1,0,0,0,0,0,1,0,0,0,0,0,1,0,0,0,0,1,0,0,0,0,1,0,0
1142,3,0.469964168048189,0.1650293072698457,0.0,0.0,-1.0,0.0,-0.5,2.0,0.08333333333333333,-0.47368421052631576,0.6682160041348015,0.0,0.2793713480100486,-1.0,0.0,0.0,0.2,-0.004172461752433936,0.0,0.0,-0.14311925981382878,-0.4285002491280518,0.5,0.0,-0.01321076171268808,1.016543765463514,0.0,0.5453277924027831,1.0,0.0,0.0,1.0,1.0,0.0,1.0,1.5,0.0,0.0,0.25,-1.0,0.0,0.010548523206751054,0.0,0.0,0.0,1.2940938579885084,0.37072152355335625,0.0,0.0,0.0,0.0,0.0,0.0,0.0,10,2009,一般保證契約,一般交易,197500,12.193498926601634,0,0,0,0,0,0,0,0,1,0,0,0,0,0,0,0,1,0,0,0,0,0,0,1,0,0,0,1,0,0,0,0,0,0,0,0,0,0,0,0,0,0,0,0,0,0,0,0,0,0,0,0,1,0,0,0,0,0,0,0,0,1,0,0,1,0,0,0,0,0,0,0,1,0,0,0,0,0,0,0,0,1,0,0,0,0,0,1,0,0,0,0,1,0,0,0,0,0,0,1,0,0,0,0,0,0,0,0,0,0,0,0,0,0,0,1,0,0,0,0,0,0,0,0,0,0,0,0,0,0,1,0,0,0,1,0,0,0,0,0,1,0,0,0,0,0,1,0,0,0,0,0,0,1,0,0,1,0,0
1143,0,0.33441012313611507,0.08679990434225376,0.0,0.0,0.0,0.0,1.0,0.0,0.7083333333333334,0.34210526315789475,1.2134538457021296,1.0,0.0,0.8422747575632559,0.0,2.3495966477454164,0.4,1.0653685674547984,0.0,0.0,-0.3180644776846775,0.9387144992526159,0.5,0.0,0.6629448593561549,1.156717172902872,0.0,1.5424382183177645,1.0,0.0,1.0,0.0,1.0,0.0,1.0,2.5,0.0,0.0,0.25,0.0,1.0,2.4071729957805905,0.0,0.0,0.0,0.9197263780054459,0.5062413857753625,0.0,0.0,0.0,0.0,0.0,0.0,0.0,4,2007,新屋,預售屋(估價時未完工),424870,12.959540872420414,0,0,0,0,0,0,0,0,1,0,0,0,0,0,0,0,1,0,0,0,0,0,0,1,0,1,0,0,0,0,0,0,0,0,0,0,1,0,0,0,0,0,0,0,0,0,0,0,0,0,0,0,0,0,0,0,1,0,0,0,0,0,0,0,1,0,0,0,0,0,0,0,1,0,0,0,0,0,0,0,0,1,0,0,0,1,0,0,0,0,0,0,1,0,0,0,0,1,0,0,0,0,0,0,0,0,0,0,0,0,0,0,1,0,0,0,0,0,0,0,0,0,0,0,0,0,0,0,0,1,0,0,0,1,0,0,0,0,0,0,1,0,0,0,0,0,1,1,0,0,0,0,0,0,0,0,1,0,0
1144,4,0.0247951663920471,-0.14897946196371506,0.0,0.0,0.0,0.0,-0.5,-2.0,-0.2708333333333333,-0.9210526315789473,0.0,0.0,0.0,-1.0,0.0,0.0,0.4,-0.13351877607788595,0.0,0.0,0.3260684995576134,0.02192326856003986,-0.5,0.0,-0.18590378230317287,0.0,0.0,-0.8316520637199983,0.0,0.0,-1.0,0.0,0.0,0.0,0.0,-0.5,0.0,-1.0,-0.5,-2.0,-2.0,-2.0316455696202533,-1.5409627556327752,-1.5409627556327752,0.0,0.0,-0.03050025401873223,0.0,0.0,0.0,0.0,0.0,0.0,0.0,7,2008,一般保證契約,一般交易,80000,11.289794413577894,0,0,0,1,0,0,0,0,0,0,0,0,0,0,0,0,1,0,0,0,0,0,0,1,0,1,0,0,0,0,0,0,0,0,0,0,0,0,0,0,0,0,0,0,0,0,0,1,0,0,0,0,0,0,0,0,1,0,0,0,0,0,0,0,1,0,0,0,0,0,0,0,1,0,0,0,0,0,1,0,0,0,0,0,0,0,0,1,0,0,0,0,1,0,0,0,0,0,0,0,1,0,0,0,0,0,0,0,0,0,0,0,0,0,0,1,0,0,0,0,0,0,0,0,0,0,0,0,1,0,0,0,0,0,1,0,0,0,0,0,1,0,0,0,0,0,1,0,0,0,1,0,0,0,0,0,1,0,0
1145,1,-0.5300358319518109,0.5621151510634378,0.0,0.0,0.0,0.0,-1.0,-1.0,-0.6458333333333334,-1.1578947368421053,0.0,0.0,-0.3466451177569989,0.0,0.0,0.0,0.0,-0.05006954102920723,0.0,0.0,-0.29960649230136155,-0.6437468858993523,-1.0,-0.7304631471189668,-1.0434897183004757,0.7662521021215846,0.0,-1.010990499774285,1.0,0.0,-1.0,0.0,-1.0,0.0,-1.0,-0.5,0.0,-1.0,-0.5,-1.0,-1.0,-0.8502109704641351,0.0,0.0,0.0,0.0,-0.7117967261714493,0.0,0.0,0.0,0.0,0.0,1.5409627556327752,0.0,7,2010,一般保證契約,一般交易,80000,11.289794413577894,0,0,0,0,0,0,0,0,0,0,1,0,0,0,0,0,1,0,0,0,0,0,0,1,0,1,0,0,0,0,0,0,0,0,0,0,0,0,0,0,0,1,0,0,0,0,0,0,0,0,0,0,0,0,0,0,1,0,0,0,0,0,0,0,1,0,0,0,0,0,0,1,0,0,0,0,1,0,0,0,0,0,0,0,0,0,0,1,0,0,0,0,1,0,0,0,0,0,0,0,0,0,0,0,0,0,0,0,0,1,0,0,0,0,0,0,0,0,0,0,0,0,0,0,0,1,0,0,1,0,0,0,0,0,0,0,1,0,0,0,0,1,0,0,0,1,0,0,0,0,0,1,0,0,0,0,1,0,0
1146,1,-1.010234332078765,-0.9676140018005939,0.0,0.0,0.0,0.0,-0.5,1.0,-0.9166666666666666,-1.1578947368421053,0.0,0.0,0.0,-1.0,0.0,0.0,-0.6,-0.5340751043115438,0.0,0.0,0.6458294745505657,0.09367214748380667,0.5,0.0,-0.10866844904479347,0.9277810666084361,0.0,0.15426637192195017,0.0,0.0,-1.0,0.0,0.0,0.0,0.0,1.0,0.0,0.0,0.5,-1.0,-1.0,-1.0822784810126582,0.0,0.0,0.0,0.0,-0.7117967261714493,0.0,0.0,0.0,0.0,0.0,0.0,0.0,8,2006,一般保證契約,親友交易,149000,11.91170829631447,1,0,0,0,0,0,0,0,0,0,0,0,0,0,0,1,0,0,0,0,0,0,0,1,0,1,0,0,0,0,0,0,0,0,0,0,0,0,0,1,0,0,0,0,0,0,0,0,0,0,0,0,0,0,0,0,1,0,0,0,0,0,0,0,1,0,0,0,0,0,0,0,1,0,0,0,1,0,0,0,0,0,0,0,0,0,0,1,0,0,0,0,1,0,0,0,0,0,0,0,0,0,0,0,0,0,0,0,0,1,0,0,0,0,0,0,0,0,0,0,0,0,0,0,0,1,0,0,1,0,0,0,0,0,0,0,1,0,0,0,1,0,0,0,0,0,1,0,0,0,0,1,0,0,0,0,1,0,0
1147,1,-0.20389035669044683,0.3617329515810609,0.0,0.0,0.0,0.0,0.0,0.0,0.2708333333333333,-0.23684210526315788,0.8249309547475103,1.0,0.0,0.0,0.0,0.0,0.4,1.21557719054242,0.0,0.0,-1.6200597414929447,0.6038863976083707,-0.5,0.0,0.3832885169982303,0.0,0.0,-0.2801461149458801,1.0,0.0,0.0,0.0,0.0,0.0,1.0,-0.5,0.0,0.0,0.25,-1.0,0.0,-0.33122362869198313,0.0,0.0,0.0,0.9950013198847167,-0.009844209913153592,0.0,0.0,0.0,0.0,0.0,0.0,0.0,5,2006,一般保證契約,一般交易,180000,12.100717685412471,0,0,0,1,0,0,0,0,0,0,0,0,0,0,0,0,1,0,0,0,0,0,0,1,0,1,0,0,0,0,0,0,0,0,0,0,0,0,0,0,0,0,0,0,0,0,0,0,0,0,0,0,0,1,0,0,1,0,0,0,0,0,0,0,1,0,0,0,0,0,0,0,1,0,0,0,0,0,1,0,0,0,0,0,0,0,0,1,0,0,0,0,1,0,0,0,0,0,0,0,1,0,0,0,0,0,0,0,0,0,0,0,0,0,0,0,0,1,0,0,0,0,0,0,0,0,0,0,0,0,1,0,0,0,1,0,0,0,0,0,1,0,0,0,0,0,1,0,0,0,0,0,0,1,0,0,1,0,0
1148,2,0.24155735878839998,0.5263637714088758,0.0,0.0,0.0,0.0,0.5,2.0,-0.6458333333333334,-1.1578947368421053,0.0,0.0,0.0,-1.0,0.0,0.0,-0.2,-0.15159944367176634,0.0,0.0,-0.08746030245517014,-0.5799701046337817,0.5,0.0,-0.5254108351567215,0.9920236771160099,0.0,0.1369156304629965,0.0,0.0,-1.0,1.0,0.0,0.0,-1.0,0.5,0.0,0.0,0.5,-1.0,-1.0,-1.0443037974683544,0.0,0.0,0.0,0.0,-0.7117967261714493,0.0,0.0,0.0,0.0,0.0,0.0,0.0,7,2009,一般保證契約,一般交易,174500,12.069685751267224,0,0,0,0,0,0,0,1,0,0,0,0,0,0,0,0,1,0,0,0,0,1,0,0,0,1,0,0,0,0,1,0,0,0,0,0,0,0,0,0,0,0,0,0,0,0,0,0,0,0,0,0,0,0,0,0,1,0,0,0,0,0,0,0,1,0,0,0,0,0,0,0,1,0,0,0,0,0,0,0,0,1,0,0,0,0,0,1,0,0,0,0,1,0,0,0,0,0,0,0,0,0,0,0,0,0,0,0,0,1,0,0,0,0,0,0,0,0,0,0,0,0,0,0,0,1,0,0,1,0,0,0,0,0,1,0,0,0,0,0,1,0,0,0,0,0,1,0,0,0,0,0,0,1,0,0,1,0,0
1149,3,-0.5300358319518109,-1.1630900556207289,0.0,0.0,0.0,0.0,0.5,2.0,-0.9583333333333334,-1.1578947368421053,0.0,0.0,0.0,-1.0,0.0,0.0,-0.6,-0.5340751043115438,0.0,0.0,0.13954978949443736,-0.8430493273542601,-0.5,0.0,-1.371595576865625,0.9299038302922848,0.0,-0.6193187527140736,0.0,0.0,-1.0,0.0,-1.0,0.0,0.0,-0.5,0.0,0.0,0.5,-1.0,-1.0,-0.8164556962025317,0.0,0.0,0.0,0.0,-0.7117967261714493,7.824546029563346,0.0,0.0,0.0,0.0,0.0,0.0,8,2008,一般保證契約,一般交易,116900,11.669082701743504,1,0,0,0,0,0,0,0,0,0,0,0,0,0,0,1,0,0,0,0,0,0,0,1,0,1,0,0,0,0,0,0,0,0,0,0,0,0,0,0,0,0,0,0,0,0,0,0,1,0,0,0,0,0,0,0,1,0,0,0,0,0,0,0,1,0,0,0,0,0,0,0,1,0,0,0,1,0,0,0,0,0,0,0,0,0,0,1,0,0,0,0,1,0,0,0,0,0,0,0,1,0,0,0,0,0,0,0,0,0,0,0,0,0,0,0,1,0,0,0,0,0,0,0,0,0,0,0,1,0,0,0,0,1,0,0,0,0,0,0,1,0,0,0,0,0,1,0,0,0,0,1,0,0,0,0,1,0,0
1150,0,-1.1398722399119068,-0.14897946196371506,0.0,0.0,0.0,0.0,0.5,4.0,-1.0833333333333333,-0.15789473684210525,0.0,0.0,0.2793713480100486,-1.0,0.0,0.0,0.2,0.3337969401947149,0.0,0.0,-1.8402961439505245,-0.6875934230194319,0.5,0.0,-0.5960559176645213,0.973196724632431,0.0,0.015228703219109248,0.0,0.7304631471189668,-1.0,0.0,0.0,0.0,0.0,0.5,0.0,-1.0,-0.5,-1.0,0.0,-0.6645569620253164,0.0,0.0,0.0,0.0,-0.7117967261714493,0.0,0.0,0.0,0.0,0.0,0.0,0.0,7,2009,一般保證契約,一般交易,143000,11.870606902224587,0,0,0,0,0,0,0,1,0,0,0,0,0,0,0,1,0,0,0,0,0,0,0,1,0,1,0,0,0,0,0,0,0,0,0,0,0,0,0,0,0,0,0,0,0,0,0,0,1,0,0,0,0,0,0,0,0,0,0,0,1,0,0,0,1,0,0,0,0,0,0,0,1,0,0,0,0,0,0,0,0,1,0,0,0,1,0,0,0,0,0,0,1,0,0,0,0,1,0,0,0,0,0,0,0,0,0,0,0,0,0,0,1,0,0,0,0,0,0,0,0,0,0,0,0,0,0,0,1,0,0,0,0,1,0,0,0,0,0,0,1,0,0,0,0,0,1,0,0,0,0,1,0,0,0,0,1,0,0
1151,3,-0.7034629278735134,-0.33933156462714037,0.0,0.0,-1.0,0.0,0.0,0.0,-0.4583333333333333,-1.1578947368421053,0.0,0.0,0.0,-1.0,0.0,0.0,-0.6,-0.5340751043115438,0.0,0.0,0.5481488614336303,-0.12556053811659193,0.5,0.0,-0.3523351412089723,0.0,0.0,-0.9929119483174611,0.0,0.0,-1.0,0.0,-1.0,0.0,1.0,-1.0,0.0,0.0,0.5,-1.0,-1.0,-0.740506329113924,0.0,0.0,0.0,0.0,-0.7117967261714493,8.253528702007328,0.0,0.0,0.0,0.0,1.8203341036428238,0.0,11,2007,一般保證契約,一般交易,124000,11.728044909070785,0,0,0,1,0,0,0,0,0,0,0,0,0,0,0,0,1,0,0,0,0,0,0,1,0,1,0,0,0,0,0,0,0,0,1,0,0,0,0,0,0,0,0,0,0,0,0,0,0,0,0,0,0,0,0,0,1,0,0,0,0,0,0,0,1,0,0,0,0,0,0,0,1,0,0,0,0,0,1,0,0,0,0,0,0,0,0,1,0,0,0,0,1,0,0,0,0,0,0,0,0,0,0,0,0,0,0,0,0,0,1,0,0,0,0,0,0,0,0,0,0,0,0,0,0,0,1,0,1,0,0,0,0,0,1,0,0,0,0,0,1,0,0,0,0,1,0,0,0,0,0,0,0,1,0,0,1,0,0
1152,2,2.3822512037697376,1.4942008890789515,0.0,0.0,0.0,0.0,-0.5,-1.0,-0.2708333333333333,-0.9210526315789473,0.9393345256467777,0.0,0.0,-1.0,0.0,0.0,0.0,-0.28929068150208626,0.0,0.0,0.8374043412340813,0.9387144992526159,-0.5,0.0,0.6629448593561549,0.0,0.0,-0.009179454623695045,0.0,0.0,-1.0,1.0,0.0,0.0,-1.0,0.0,0.0,1.0,0.5,1.0,0.0,0.1962025316455696,0.0,0.0,0.0,0.0,0.4965447150296944,0.0,0.0,6.65495044352145,0.0,0.0,0.0,0.0,11,2006,一般保證契約,一般交易,149900,11.917730355182513,0,0,0,1,0,0,0,0,0,0,0,0,0,0,0,0,1,0,0,0,0,0,0,1,0,1,0,0,0,0,0,0,0,0,0,0,0,0,0,0,0,1,0,0,0,0,0,0,0,0,0,0,0,0,0,0,1,0,0,0,0,0,0,0,1,0,0,0,0,0,0,0,1,0,0,0,0,0,1,0,0,0,0,0,0,0,0,1,0,0,0,0,1,0,0,0,0,0,0,0,0,0,0,0,0,0,0,0,1,0,0,0,0,0,0,1,0,0,0,0,0,0,0,0,0,0,0,0,0,0,1,0,0,0,1,0,0,0,0,0,1,0,0,0,0,0,1,0,0,0,0,0,0,1,0,0,1,0,0
1153,2,0.8929485771758422,0.9205091619691598,0.0,0.0,-1.0,0.0,0.0,2.0,-0.3333333333333333,0.2631578947368421,0.0,0.0,0.0,-1.0,0.0,0.0,0.2,-0.12239221140472879,1.5292106396041039,10.501575267176273,-0.546544842007886,0.1554559043348281,0.5,0.0,1.160881379102123,0.0,0.0,0.4732848251791601,0.0,0.0,-1.0,0.0,-1.0,0.0,2.0,0.0,0.0,0.0,0.5,1.0,0.0,-0.04852320675105485,0.0,0.0,0.0,0.0,-0.7117967261714493,8.864879392672355,0.0,0.0,0.0,0.0,0.0,0.0,7,2006,一般保證契約,異常交易(如法拍),230000,12.345838935721968,0,0,0,1,0,0,0,0,0,0,0,0,0,0,0,0,1,0,0,0,0,0,0,1,0,1,0,0,0,0,1,0,0,0,0,0,0,0,0,0,0,0,0,0,0,0,0,0,0,0,0,0,0,0,0,0,1,0,0,0,0,0,0,0,1,0,0,0,0,0,0,0,1,0,0,0,0,0,1,0,0,0,0,0,0,0,0,1,0,0,0,0,1,0,0,0,0,0,0,0,0,0,0,0,0,0,1,0,0,0,0,0,0,0,0,0,0,0,0,0,0,0,1,0,0,0,0,0,1,0,0,0,0,1,0,0,0,0,0,0,1,0,0,0,0,0,1,0,0,0,0,0,0,1,0,0,1,0,0
1154,0,-0.5300358319518109,-1.0925831029501125,0.0,0.0,0.0,0.0,0.0,3.0,-0.875,0.34210526315789475,0.0,1.0,0.2793713480100486,-1.0,0.0,1.7473143510832982,0.2,0.2141863699582754,0.0,0.0,-0.4115553412910689,-0.356751370204285,0.5,0.0,-0.6373358078737213,0.0,0.0,-1.2690568702763714,0.0,0.0,-1.0,0.0,-1.0,0.0,0.0,-0.5,0.0,-1.0,-0.5,-1.0,-1.0,-0.2088607594936709,0.0,0.0,0.0,0.0,-0.7117967261714493,6.574446614595114,0.0,0.0,0.0,0.0,0.0,0.0,6,2008,一般保證契約,一般交易,120500,11.699413330633599,0,0,1,0,0,0,0,0,0,0,0,0,0,0,0,1,0,0,0,0,0,0,0,1,0,0,0,0,1,1,0,0,0,0,0,0,0,0,0,0,0,0,0,0,0,0,0,0,0,0,0,0,0,0,0,0,1,0,0,0,0,0,0,0,1,0,0,0,0,0,0,0,1,0,0,0,0,0,1,0,0,0,0,0,0,0,0,1,0,0,0,0,1,0,0,0,0,0,0,0,1,0,0,0,0,0,0,0,0,0,0,0,0,0,0,0,1,0,0,0,0,0,0,0,0,0,0,0,1,0,0,0,0,0,0,0,1,0,0,0,1,0,0,0,0,0,1,0,0,0,0,1,0,0,0,0,1,0,0
1155,0,0.21801994391840682,0.8473292193727894,0.0,0.0,-1.0,0.0,0.5,1.0,-0.14583333333333334,-0.15789473684210525,1.1624368777845624,0.0,0.0,-1.0,0.0,2.3495966477454164,0.2,0.09735744089012517,0.0,0.0,-0.12231140496047112,-0.2610861983059293,-0.5,0.0,-0.42302043580810816,1.0562973222721286,0.0,0.48478694812742273,0.0,0.0,-1.0,2.0,1.0,0.0,1.0,1.0,0.0,1.0,0.5,-1.0,0.0,0.04430379746835443,0.0,0.0,0.0,0.7359195350957382,0.3279585592787707,0.0,0.0,8.806219318423938,0.0,0.0,1.8203341036428238,0.0,5,2008,一般保證契約,一般交易,201800,12.215037342290755,0,0,0,0,0,0,0,0,1,0,0,0,0,0,0,0,1,0,0,0,0,0,0,1,0,1,0,0,0,0,0,0,0,0,1,0,0,0,0,0,0,0,0,0,0,0,0,0,0,0,0,0,0,0,0,0,1,0,0,0,0,0,0,0,1,0,0,0,0,0,0,0,1,0,0,0,0,0,0,0,0,1,0,0,0,0,0,1,0,0,0,0,1,0,0,0,0,1,0,0,0,0,0,0,0,0,0,0,0,0,0,0,1,0,0,0,0,0,0,0,0,0,0,0,0,0,0,0,0,1,0,0,0,0,1,0,0,0,0,0,1,0,0,0,0,0,1,0,0,0,0,0,0,1,0,0,1,0,0
1156,0,0.8929485771758422,0.268631898776406,0.0,0.0,-1.0,0.0,-0.5,3.0,0.08333333333333333,0.2631578947368421,0.0,1.0,0.2793713480100486,0.0,0.0,2.3495966477454164,0.2,1.0751043115438108,0.0,0.0,-0.4063726775267849,0.8809167912306926,-0.5,0.0,0.616684998149089,0.0,0.0,-0.05400189631251391,1.0,0.0,0.0,0.0,0.0,0.0,1.0,0.0,0.0,0.0,0.0,0.0,0.0,0.1962025316455696,0.0,0.0,0.0,0.0,-0.06428760333406293,0.0,0.0,7.873203454932759,0.0,0.0,0.0,0.0,7,2007,一般保證契約,一般交易,218000,12.292254928916668,0,0,0,1,0,0,0,0,0,0,0,0,0,0,0,0,1,0,0,0,0,0,0,1,0,0,0,0,1,0,0,0,0,0,0,0,0,0,0,0,0,0,1,0,0,0,0,0,0,0,0,0,0,0,0,0,1,0,0,0,0,0,0,0,1,0,0,0,0,0,0,0,1,0,0,0,0,0,1,0,0,0,0,0,0,0,0,1,0,0,0,0,1,0,0,0,0,0,0,1,0,0,0,0,0,0,0,0,0,0,0,0,0,0,0,1,0,0,0,0,0,0,0,0,0,0,0,0,1,0,0,0,0,0,1,0,0,0,0,0,1,0,0,0,0,0,1,0,0,0,0,0,0,1,0,0,1,0,0
1158,3,-2.3699496433131446,-1.4409757564129813,0.0,0.0,-1.0,0.0,0.5,0.0,0.7291666666666666,0.3684210526315789,1.00210694028093,1.0,0.0,0.0,0.0,0.0,0.4,0.7232267037552156,0.0,0.0,-0.12231140496047112,0.635774788241156,0.5,0.0,0.4112064783433743,0.0,0.0,-0.2530956404781296,1.0,0.0,0.0,0.0,-1.0,0.0,1.0,0.0,0.0,0.0,0.5,0.0,0.0,0.609704641350211,0.0,0.0,0.0,1.0065488707711276,0.23405321594603573,0.0,0.0,0.0,0.0,0.0,0.0,0.0,7,2009,一般保證契約,一般交易,230000,12.345838935721968,0,0,0,0,0,1,0,0,0,0,0,0,0,0,0,0,1,0,0,0,0,0,0,1,0,1,0,0,0,0,0,0,0,1,0,0,0,0,0,0,0,0,0,0,0,0,0,0,0,0,0,0,0,0,0,0,1,0,0,0,0,0,0,0,1,0,0,0,0,0,0,0,0,1,0,0,0,0,1,0,0,0,0,0,0,0,0,1,0,0,0,0,1,0,0,0,0,1,0,0,0,0,0,0,0,0,0,0,0,0,0,0,1,0,0,0,0,0,0,0,0,0,0,0,0,0,0,0,0,1,0,0,0,1,0,0,0,0,0,0,1,0,0,0,0,0,1,0,0,0,0,0,0,1,0,0,1,0,0
1159,0,0.9727639507245631,0.5127390002565317,0.0,0.0,0.0,0.0,1.0,0.0,0.7291666666666666,0.3684210526315789,1.0341042988415448,1.0,0.0,0.0,0.0,0.0,-0.6,-0.5340751043115438,0.0,0.0,1.0251578767566554,1.1659192825112108,0.5,0.0,0.8375755809638188,0.0,0.0,0.1600250162090083,0.0,0.0,0.0,0.0,0.0,0.0,1.0,0.5,0.0,-1.0,-0.5,0.0,1.0,1.470464135021097,0.0,0.0,0.0,0.0,-0.03050025401873223,0.0,0.0,0.0,0.0,0.0,0.0,0.0,6,2008,低頭期合約,預售屋(估價時未完工),235128,12.367889578686164,0,0,0,1,0,0,0,0,0,0,0,0,0,0,0,0,1,0,0,0,0,0,0,1,0,0,1,0,0,0,0,0,0,0,0,0,0,0,0,0,0,0,0,0,0,0,0,0,0,0,1,0,0,0,0,0,0,0,0,0,0,0,1,0,1,0,0,0,0,0,0,0,1,0,0,0,0,0,1,0,0,0,0,0,0,0,0,1,0,0,0,0,1,0,0,0,0,1,0,0,0,0,0,0,0,0,0,0,0,0,0,0,1,0,0,0,0,0,0,0,0,0,0,0,0,0,0,0,0,1,0,0,0,1,0,0,0,0,0,0,1,0,0,0,0,0,1,0,0,0,0,0,0,1,0,0,1,0,0
1162,3,-0.10068914480903793,1.0337118008447406,0.0,0.0,-1.0,0.0,0.0,2.0,-0.375,0.3157894736842105,0.7838262134527147,1.0,0.0,-1.0,0.0,0.0,0.0,0.47844228094575797,0.0,0.0,0.13389356538119238,0.5999003487792726,0.5,0.0,0.9252258435372707,0.0,0.0,0.244951747087486,1.0,0.0,-1.0,0.0,0.0,0.0,1.0,0.5,0.0,0.0,0.5,-1.0,0.0,1.8670886075949367,0.0,0.0,0.0,0.8813864550964214,-0.7117967261714493,0.0,8.27426574111943,0.0,0.0,0.0,0.0,0.0,11,2008,一般保證契約,一般交易,224000,12.319405795112926,0,0,0,1,0,0,0,0,0,0,0,0,0,0,0,0,1,0,0,0,1,0,0,0,0,0,0,1,0,0,1,0,0,0,0,0,0,0,0,0,0,0,0,0,0,0,0,0,0,0,0,0,0,0,0,0,0,0,0,0,0,1,0,0,1,0,0,0,0,0,0,0,1,0,0,0,0,0,1,0,0,0,0,0,0,1,0,0,0,0,0,0,1,0,0,0,0,0,0,0,0,0,0,0,0,0,0,0,1,0,0,0,0,0,0,0,0,0,0,0,0,0,0,0,1,0,0,0,0,0,1,0,0,0,1,0,0,0,0,0,1,0,0,0,0,0,1,0,0,0,0,1,0,0,0,0,1,0,0
1163,3,1.5979598566156663,-0.22036330493222994,0.0,0.0,0.0,0.0,-0.5,0.0,-0.08333333333333333,-0.6842105263157895,0.0,0.0,0.0,0.0,0.0,0.0,0.0,0.1502086230876217,0.0,0.0,-0.13739662490975454,-0.2012954658694569,0.0,0.0,-0.44220669054566614,0.0,0.0,-1.0799909445469715,0.0,0.0,-1.0,0.0,0.0,0.0,0.0,-0.5,0.0,0.0,-0.25,1.0,0.0,-0.13291139240506328,0.0,0.0,0.0,0.0,-0.7117967261714493,0.0,0.0,0.0,0.0,0.0,0.0,0.0,5,2007,一般保證契約,一般交易,129000,11.767575435251748,0,0,0,1,0,0,0,0,0,0,0,0,0,0,0,0,1,0,0,0,0,0,0,1,0,1,0,0,0,0,0,0,0,0,0,0,0,0,0,0,0,0,0,0,0,0,0,1,0,0,0,0,0,0,0,0,1,0,0,0,0,0,0,0,1,0,0,0,0,0,0,0,1,0,0,0,0,0,1,0,0,0,0,0,0,0,0,1,0,0,0,0,1,0,0,0,0,1,0,0,0,0,0,0,0,0,0,0,0,0,0,0,1,0,0,0,0,0,0,0,0,0,0,0,0,0,0,0,1,0,0,0,0,0,1,0,0,0,0,0,1,0,0,0,0,0,1,0,0,0,0,0,0,1,0,0,1,0,0
1166,1,0.42526075804806646,-0.014293117765676195,0.0,0.0,-1.0,0.0,0.5,0.0,0.7708333333333334,0.39473684210526316,1.1407143511712428,1.0,0.0,0.0,0.0,0.0,-0.6,-0.5340751043115438,0.0,0.0,0.9777444192246878,1.0104633781763828,0.5,0.0,0.7193015448759117,0.0,0.0,0.04542607562589792,0.0,0.0,0.0,0.0,0.0,0.0,1.0,0.5,0.0,-1.0,-0.5,0.0,0.0,0.6856540084388185,0.0,0.0,0.0,0.0,0.42710626050754663,0.0,0.0,0.0,0.0,0.0,0.0,0.0,9,2009,新屋,預售屋(估價時未完工),233170,12.359527368950229,0,0,0,1,0,0,0,0,0,0,0,0,0,0,0,0,1,0,0,0,0,0,0,1,0,1,0,0,0,0,0,0,0,1,0,0,0,0,0,0,0,0,0,0,0,0,0,0,0,0,0,0,0,0,0,0,1,0,0,0,0,0,0,0,1,0,0,0,0,0,0,0,1,0,0,0,0,0,1,0,0,0,0,0,0,0,0,1,0,0,0,0,1,0,0,0,0,1,0,0,0,0,0,0,0,0,0,0,0,0,0,0,1,0,0,0,0,0,0,0,0,0,0,0,0,0,0,0,0,1,0,0,0,1,0,0,0,0,0,0,1,0,0,0,0,0,1,0,0,0,0,0,0,1,0,0,1,0,0
1167,0,-0.3097441784624688,0.20366331124628995,0.0,0.0,-1.0,0.0,1.0,0.0,0.75,0.3684210526315789,0.7838262134527147,1.0,0.0,0.0,0.0,1.7473143510832982,-0.6,-0.5340751043115438,0.0,0.0,1.0909966684765278,1.3931240657698056,0.5,0.0,1.00181206640912,0.0,0.0,0.3191582280251334,0.0,0.0,0.0,0.0,0.0,0.0,1.0,0.5,0.0,-1.0,-0.5,0.0,1.0,1.2426160337552743,0.0,0.0,0.0,0.9864969120870855,0.053473669938861615,0.0,0.0,0.0,0.0,0.0,0.0,0.0,2,2010,一般保證契約,一般交易,245350,12.41044511731981,0,0,0,1,0,0,0,0,0,0,0,0,0,0,0,0,1,0,0,0,0,0,0,1,0,0,0,0,1,0,0,0,0,0,0,0,1,0,0,0,0,0,0,0,0,0,0,0,0,0,0,0,0,0,0,0,1,0,0,0,0,0,0,0,1,0,0,0,0,0,0,0,1,0,0,0,0,0,1,0,0,0,0,0,0,0,0,1,0,0,0,0,1,0,0,0,0,1,0,0,0,0,0,0,0,0,0,0,0,0,0,0,1,0,0,0,0,0,0,0,0,0,0,0,0,0,0,0,0,1,0,0,0,1,0,0,0,0,0,0,1,0,0,0,0,0,1,0,0,0,0,0,0,1,0,0,1,0,0
1168,0,-0.6448236533478237,0.28698045508457765,0.0,0.0,-1.0,0.0,0.0,0.0,0.5833333333333334,0.15789473684210525,0.0,0.0,0.0,0.0,0.0,0.0,0.4,0.5591098748261474,0.0,0.0,-0.742110654329928,-0.07174887892376682,0.5,0.0,-0.2903513551818602,0.9947077554765638,0.0,0.2878010563161949,1.0,0.0,0.0,1.0,0.0,0.0,0.0,0.5,0.0,0.0,0.25,1.0,0.0,-0.04008438818565401,0.0,0.0,0.0,0.0,0.09221121669515434,0.0,0.0,0.0,0.0,0.0,0.0,0.0,2,2006,一般保證契約,一般交易,173000,12.06105265381003,0,0,0,0,0,0,0,0,1,0,0,0,0,0,0,0,1,0,0,0,0,0,0,1,0,1,0,0,0,0,0,0,0,0,0,1,0,0,0,0,0,0,0,0,0,0,0,0,0,0,0,0,0,0,0,0,0,0,1,0,0,0,0,0,1,0,0,0,0,0,0,0,1,0,0,0,0,0,0,0,0,1,0,0,0,0,0,1,0,0,0,0,1,0,0,0,0,1,0,0,0,0,0,0,0,0,0,0,0,0,0,0,1,0,0,0,0,0,0,0,0,0,0,0,0,0,0,0,1,0,0,0,0,1,0,0,0,0,0,0,1,0,0,0,0,0,1,0,0,0,0,0,0,1,0,0,1,0,0
1169,0,1.9599686345319214,0.8523255203465028,0.0,0.0,0.0,0.0,0.0,2.0,-0.7708333333333334,-0.21052631578947367,0.0,0.0,0.0,-1.0,0.0,0.0,-0.2,0.33657858136300417,0.0,0.0,0.03373655861965546,0.26307922272047835,0.5,0.0,0.2722682988868309,1.0436464076378933,0.0,0.8295588285314395,0.0,0.0,0.0,0.0,1.0,0.0,1.0,0.5,0.0,1.0,0.25,-1.0,0.0,0.2468354430379747,0.0,0.0,0.0,0.0,-0.7117967261714493,0.0,0.0,6.448232316019434,0.0,0.0,0.0,0.0,7,2008,一般保證契約,一般交易,235000,12.367345048436391,0,0,0,0,0,0,0,1,0,0,0,0,0,0,0,0,1,0,0,0,0,0,0,1,0,0,0,0,1,0,0,0,0,0,0,0,0,0,0,0,0,1,0,0,0,0,0,0,0,0,0,0,0,0,0,0,1,0,0,0,0,0,0,0,1,0,0,0,0,0,0,0,1,0,0,0,0,0,0,0,0,1,0,0,0,1,0,0,0,0,0,0,1,0,0,0,0,0,0,0,0,0,0,0,1,0,0,0,0,0,0,0,0,0,0,0,0,0,0,0,1,0,0,0,0,0,0,0,1,0,0,0,0,0,1,0,0,0,0,0,1,0,0,0,0,0,1,0,1,0,0,0,0,0,0,0,1,0,0
1170,3,1.8962895808585503,3.3721961298175898,0.0,0.0,-1.0,0.0,2.0,0.0,0.4791666666666667,0.05263157894736842,1.6987249384243193,1.0,0.2793713480100486,0.8422747575632559,0.0,2.3495966477454164,0.4,1.3949930458970792,0.0,0.0,0.09775607681762438,1.863477827603388,0.5,0.0,1.1871938123621684,1.2307707729086652,0.0,2.1712708586595166,1.0,0.0,1.0,1.0,1.0,0.0,1.0,2.0,0.0,0.0,0.25,1.0,1.0,1.3734177215189873,0.0,0.0,0.0,1.2255164983486326,0.2965005237762466,0.0,0.0,0.0,0.0,0.0,0.0,0.0,7,2006,一般保證契約,一般交易,625000,13.345508528717259,0,0,0,0,0,0,0,0,1,0,0,0,0,0,0,0,1,0,0,0,0,0,0,1,0,0,0,1,0,0,0,0,1,0,0,0,0,0,0,0,0,0,0,0,0,0,0,0,0,0,0,0,0,0,0,0,1,0,0,0,0,0,0,0,1,0,0,0,0,0,0,0,1,0,0,0,0,0,0,0,0,1,0,0,0,1,0,0,0,0,0,0,1,0,0,0,0,0,0,0,0,0,0,0,0,0,0,0,1,0,0,0,0,0,0,0,0,0,0,0,0,0,0,0,1,0,0,0,0,0,1,0,0,1,0,0,0,0,0,0,1,0,0,0,0,0,1,0,0,0,0,0,0,1,0,0,1,0,0
1172,4,0.28823999813735185,-0.11852202118561743,0.0,0.0,0.0,0.0,0.0,1.0,-0.2916666666666667,-0.9473684210526315,0.0,0.0,0.0,-1.0,0.0,0.0,0.2,0.3866481223922114,0.0,0.0,0.17687499280250218,0.5301444942700548,0.5,0.0,0.31759136507225194,0.0,0.0,-0.3438018779440159,1.0,0.0,-1.0,0.0,0.0,0.0,0.0,0.0,0.0,0.0,0.25,0.0,0.0,-0.20464135021097046,0.0,0.0,0.0,0.0,-0.7117967261714493,0.0,0.0,8.930417557876343,0.0,0.0,0.0,13.097315859058341,11,2008,一般保證契約,一般交易,163000,12.001511614739405,0,0,0,1,0,0,0,0,0,0,0,0,0,0,0,0,1,0,0,0,0,0,0,1,0,1,0,0,0,0,0,0,0,0,1,0,0,0,0,0,0,0,0,0,0,0,0,0,0,0,0,0,0,0,0,0,1,0,0,0,0,0,0,0,1,0,0,0,0,0,0,0,1,0,0,0,0,0,1,0,0,0,0,0,0,1,0,0,0,0,0,0,1,0,0,0,0,0,0,0,0,0,0,0,0,0,0,0,0,1,0,0,0,0,0,0,0,0,0,0,0,0,0,0,0,1,0,0,1,0,0,0,0,0,1,0,0,0,0,0,1,0,0,0,0,0,1,0,0,0,0,0,0,1,1,0,0,0,0
1173,4,-2.280291190407216,-1.8943045120264135,0.0,1.1943176378757763,-1.0,0.0,0.5,0.0,0.7083333333333334,0.34210526315789475,0.0,1.0,0.0,0.0,0.0,0.0,-0.6,-0.5340751043115438,0.0,0.0,0.21149196330079706,-0.737419033383159,0.5,0.0,-1.1921340546748225,0.9640271803185302,0.0,-0.3630324248929313,0.0,0.0,0.0,1.0,-1.0,0.0,1.0,-0.5,0.0,-1.0,-0.5,1.0,0.0,0.6054852320675106,0.0,0.0,0.0,0.0,0.19284669263052878,0.0,0.0,0.0,0.0,0.0,0.0,0.0,3,2008,一般保證契約,一般交易,171900,12.05467400868968,0,0,0,0,0,0,0,0,0,1,0,0,0,0,0,0,0,0,1,0,0,0,0,1,0,1,0,0,0,0,0,0,0,0,0,0,0,0,0,0,0,0,0,0,0,0,0,0,0,0,1,0,0,0,0,0,1,0,0,0,0,0,0,0,1,0,0,0,0,0,0,0,0,0,1,0,0,0,0,0,0,1,0,0,0,0,0,1,0,0,0,0,1,0,0,0,0,0,0,0,0,0,0,0,0,0,0,0,0,1,0,0,0,0,0,0,0,0,0,0,0,0,0,0,0,1,0,0,1,0,0,0,0,1,0,0,0,0,0,0,1,0,0,0,0,0,1,0,0,0,0,1,0,0,0,0,1,0,0
1175,2,0.469964168048189,1.3178793143122647,0.0,0.0,-1.0,0.0,0.0,3.0,-0.8333333333333334,-1.1578947368421053,0.0,0.0,0.0,0.0,0.0,0.0,-0.2,0.16550764951321278,0.0,0.0,-0.05216150270214471,-0.08570004982561036,-0.5,0.0,0.1487615587901081,1.1184238095931422,0.0,1.0844241145968752,0.0,0.0,0.0,1.0,1.0,0.0,0.0,1.5,0.0,0.0,0.5,-1.0,0.0,-0.5126582278481012,0.0,0.0,0.0,0.0,-0.7117967261714493,0.0,0.0,0.0,0.0,0.0,0.0,0.0,7,2006,一般保證契約,一般交易,239000,12.384223015005313,0,0,0,0,0,0,0,1,0,0,0,0,0,0,0,0,1,0,0,0,0,0,0,1,0,1,0,0,0,0,1,0,0,0,0,0,0,0,0,0,0,0,0,0,0,0,0,0,0,0,0,0,0,0,0,0,1,0,0,0,0,0,0,0,1,0,0,0,0,0,0,0,1,0,0,0,0,0,0,0,0,1,0,0,0,0,0,1,0,0,0,0,1,0,0,0,0,0,0,0,1,0,0,0,0,0,0,0,0,0,0,0,0,0,0,0,1,0,0,0,0,0,0,0,0,0,0,0,1,0,0,0,0,0,0,0,1,0,0,0,1,0,0,0,0,0,1,0,0,0,0,1,0,0,0,0,1,0,0
1177,4,-2.1071483821054002,-0.7310814417449436,0.0,0.0,-1.0,0.0,-0.5,0.0,0.25,-0.23684210526315788,0.0,0.0,0.0,-1.0,0.0,0.0,0.2,0.3810848400556328,0.0,0.0,-0.5840001163582147,-0.2371699053313403,-0.5,0.0,-0.37333538154900214,0.0,0.0,-1.0132596541585757,1.0,0.0,-1.0,0.0,0.0,0.0,0.0,-0.5,0.0,-1.0,-0.5,-1.0,-1.0,-0.9177215189873418,0.0,0.0,0.0,1.2263809206431917,-0.7117967261714493,0.0,0.0,0.0,0.0,0.0,1.5409627556327752,0.0,10,2008,一般保證契約,一般交易,119500,11.691080018519527,0,0,0,1,0,0,0,0,0,0,0,0,0,0,0,0,1,0,0,0,0,0,0,1,0,0,0,1,0,0,0,0,0,0,0,0,0,0,0,0,0,0,0,0,0,0,1,0,0,0,0,0,0,0,0,0,1,0,0,0,0,0,0,0,1,0,0,0,0,0,0,0,1,0,0,0,0,0,1,0,0,0,0,0,0,0,0,1,0,0,0,0,1,0,0,0,0,0,0,0,0,0,0,0,0,0,0,0,1,0,0,0,0,0,0,1,0,0,0,0,0,0,0,0,0,0,0,0,1,0,0,0,0,0,1,0,0,0,0,0,1,0,0,0,0,0,1,0,0,0,0,0,0,1,0,0,1,0,0
1180,2,0.33441012313611507,-0.3243044157818078,0.0,0.0,0.0,0.0,-0.5,0.0,-0.375,-1.0526315789473684,0.0,0.0,0.0,-6.515822458562748,-1.5409627556327752,-1.5747678672403655,-0.8,-0.5340751043115438,-0.7304631471189668,0.0,-3.1687229326517117,-1.9830592924763328,0.0,0.0,0.05913295611056256,0.0,0.0,-0.5942292822290235,0.0,0.0,-1.0,0.0,0.0,0.0,0.0,-0.5,-0.3846268403045294,0.0,0.5,-2.0,-2.0,-2.0316455696202533,-1.5409627556327752,-1.5409627556327752,-1.1943176378757763,0.0,0.07725337927507323,7.990963041593332,0.0,0.0,0.0,0.0,0.0,0.0,4,2006,一般保證契約,一般交易,93000,11.440365524765756,0,0,0,1,0,0,0,0,0,0,0,0,0,0,0,0,1,0,0,0,0,0,0,1,0,0,0,0,1,0,0,0,0,0,0,0,0,0,0,0,0,1,0,0,0,0,0,0,0,0,0,0,0,0,0,0,1,0,0,0,0,0,0,0,1,0,0,0,0,0,0,0,1,0,0,0,0,0,1,0,0,0,0,0,0,0,0,1,0,0,0,0,1,0,0,0,0,0,0,0,1,0,0,0,0,0,0,0,0,0,0,0,0,0,0,0,1,0,0,0,0,0,0,0,0,0,0,0,1,0,0,0,1,0,0,0,0,0,0,0,1,0,0,0,0,0,1,0,0,0,1,0,0,0,0,0,1,0,0
1181,3,0.6866853341578308,0.35536712579707186,0.0,0.0,-2.338124978532008,0.0,0.5,0.0,0.375,-0.07894736842105263,0.0,0.0,0.0,0.0,0.0,0.0,-0.4,1.157162726008345,0.0,0.0,-3.1687229326517117,0.4404583956153463,0.5,0.0,0.3832885169982303,1.1272412464099064,0.0,1.253105810602745,0.0,0.0,0.0,1.0,1.0,0.0,0.0,1.0,0.0,-1.0,-0.5,1.0,0.0,0.8924050632911392,0.0,0.0,0.0,0.0,-0.7117967261714493,0.0,0.0,0.0,0.0,0.0,1.8203341036428238,0.0,4,2006,一般保證契約,一般交易,250000,12.429220196836383,0,0,0,0,0,0,0,0,1,0,0,0,0,0,0,0,1,0,0,0,0,0,0,1,0,0,0,0,1,0,0,0,0,0,0,0,0,0,0,0,0,0,0,1,0,0,0,0,0,0,0,0,0,0,0,0,1,0,0,0,0,0,0,0,1,0,0,0,0,0,0,0,1,0,0,0,0,0,0,0,0,1,0,0,0,0,0,1,0,0,0,0,1,0,0,0,0,0,0,0,0,0,0,0,0,0,0,0,0,1,0,0,0,0,0,0,0,0,0,0,0,0,0,0,0,1,0,0,1,0,0,1,0,0,0,0,0,0,0,0,1,0,0,0,0,0,1,0,0,0,0,0,0,1,0,0,1,0,0
1182,3,-0.3097441784624688,-1.2059760095606995,0.0,0.0,-1.0,-0.4638544907568095,1.0,0.0,0.75,0.3684210526315789,1.0341042988415448,1.8422747575632559,0.0,0.8422747575632559,0.0,2.3495966477454164,0.4,1.5243393602225312,0.0,0.0,-0.980964918063248,1.2057797708021922,0.5,0.0,0.9424281587478535,0.0,0.0,0.26161953964716744,1.0,0.7304631471189668,0.0,0.0,-1.0,0.0,1.0,-0.5,0.0,0.0,0.5,1.0,0.0,0.002109704641350211,0.0,0.0,0.0,0.9899252539554232,0.18734307089689942,0.0,7.525112644917749,0.0,0.0,0.0,0.0,0.0,11,2008,新屋,預售屋(估價時未完工),392500,12.880294363972055,0,0,0,0,0,1,0,0,0,0,0,0,0,0,0,1,0,0,0,0,0,0,1,0,0,1,0,0,0,0,1,0,0,0,0,0,0,0,0,0,0,0,0,0,0,0,0,0,0,0,0,0,0,0,0,0,1,0,0,0,0,0,0,0,1,0,0,0,0,0,0,0,0,0,1,0,0,0,1,0,0,0,0,0,0,1,0,0,0,0,0,0,1,0,0,0,0,0,0,0,0,0,1,0,0,0,0,0,0,0,0,0,0,0,0,0,0,0,1,0,0,0,0,0,0,0,0,0,0,1,0,0,0,1,0,0,0,0,0,0,1,0,0,0,0,0,1,0,0,0,0,0,0,1,0,0,1,0,0
1183,4,3.0763074693226335,1.1718927163423902,0.0,0.0,-1.0,0.0,2.0,0.0,0.5,0.05263157894736842,0.0,1.0,0.0,0.8422747575632559,0.0,1.7473143510832982,0.4,2.381084840055633,0.0,0.0,-0.3562006852836907,2.792227204783259,0.5,0.0,1.8608382440984004,1.269322665154594,0.0,2.7214228452632474,1.0,0.0,1.0,1.0,1.0,0.0,2.0,2.0,0.0,1.0,0.25,1.0,1.0,1.3987341772151898,0.0,0.0,0.0,1.0049238168576966,0.30461656634883394,0.0,0.0,0.0,10.538938784048208,2.0556415380581075,1.5409627556327752,0.0,7,2007,一般保證契約,異常交易(如法拍),745000,13.521140839642674,0,0,0,0,0,0,0,0,1,0,0,0,0,0,0,0,1,0,0,0,0,0,0,1,0,0,0,0,1,0,0,0,1,0,0,0,0,0,0,0,0,0,0,0,0,0,0,0,0,0,0,0,0,0,0,0,1,0,0,0,0,0,0,0,1,0,0,0,0,0,0,0,1,0,0,0,0,0,0,0,0,1,0,0,0,1,0,0,0,0,0,0,1,0,0,0,0,0,0,0,1,0,0,0,0,0,0,0,0,0,0,0,0,1,0,0,0,0,0,0,0,0,0,0,0,0,0,0,1,0,0,0,0,1,0,0,0,0,0,0,1,0,0,0,0,0,1,0,0,0,0,0,0,1,0,0,1,0,0
1184,3,-0.5300358319518109,0.2756361220897776,0.0,0.7304631471189668,0.0,0.0,-0.5,1.0,-1.0833333333333333,-1.1578947368421053,0.0,0.0,0.0,-1.0,0.0,0.0,-0.2,0.60778859527121,0.0,0.0,-0.358640958332348,0.2491280518186348,0.5,0.0,0.07099837363029471,0.0,0.0,-0.5827325554552205,1.0,0.0,-1.0,0.0,-1.0,0.0,0.0,-0.5,0.0,0.0,0.5,-1.0,0.0,1.0063291139240507,0.0,0.0,0.0,1.0881459979750472,-0.7117967261714493,0.0,0.0,0.0,0.0,0.0,0.0,0.0,6,2006,一般保證契約,一般交易,120000,11.695255355062795,0,0,1,0,0,0,0,0,0,0,0,0,0,0,0,0,1,0,0,0,0,0,0,1,0,1,0,0,0,0,0,0,0,0,0,0,0,0,0,0,0,0,0,0,0,0,0,0,1,0,0,0,0,0,0,0,1,0,0,0,0,0,0,0,1,0,0,0,0,0,0,0,1,0,0,0,0,0,1,0,0,0,0,0,0,1,0,0,0,0,0,0,1,0,0,0,0,0,0,0,0,0,0,0,1,0,0,0,0,0,0,0,0,0,0,0,0,0,0,0,1,0,0,0,0,0,0,0,1,0,0,0,0,0,0,0,1,0,0,0,1,0,0,0,0,0,1,0,0,0,0,1,0,0,0,0,1,0,0
1185,0,-1.1398722399119068,3.322280614765404,-0.7304631471189668,0.0,0.0,-0.4638544907568095,-0.5,-1.0,-0.1875,-0.8157894736842105,1.0902154929504515,0.0,0.0,-1.0,0.0,2.3495966477454164,-0.2,1.0778859527121,0.0,0.0,-0.11671874630748268,1.1499750871948182,0.0,0.0,0.8256761146493867,0.0,0.0,0.14849529862902497,1.0,0.0,-1.0,1.0,0.0,0.0,0.0,-0.5,0.0,1.0,0.25,0.0,1.0,2.1666666666666665,0.0,0.0,0.0,0.0,0.7240264224626172,0.0,0.0,8.720169513164585,0.0,0.0,0.0,0.0,5,2007,一般保證契約,一般交易,186700,12.137263685701864,0,0,0,1,0,0,0,0,0,0,0,0,0,0,0,0,1,0,0,0,0,0,0,1,0,1,0,0,0,0,0,0,0,0,0,0,0,0,0,0,0,0,0,1,0,0,0,0,0,0,0,0,0,0,0,0,1,0,0,0,0,0,0,0,1,0,0,0,0,0,0,0,1,0,0,0,0,0,1,0,0,0,0,0,0,1,0,0,0,0,0,0,1,0,0,0,0,0,0,0,0,0,0,0,0,0,0,0,0,1,0,0,0,0,0,0,0,0,0,0,0,0,0,0,0,1,0,0,0,0,1,0,0,0,1,0,0,0,0,0,1,0,0,0,0,0,1,0,0,1,0,0,0,0,0,0,1,0,0
1186,2,-0.5300358319518109,0.03314204182516152,0.0,0.0,0.0,0.0,-0.5,2.0,-1.0,-1.1578947368421053,0.0,0.0,0.2793713480100486,-1.0,0.0,0.0,0.0,0.011126564673157162,0.0,0.0,-0.15661529213210013,-0.4205281514698555,0.0,0.0,-0.3131334659018482,0.781847021899797,0.0,-0.4144289239822518,1.0,0.0,-1.0,0.0,1.0,0.0,0.0,0.5,0.0,-1.0,-0.5,-1.0,-1.0,-0.37763713080168776,0.0,0.0,0.0,0.0,-0.7117967261714493,8.473163131119321,0.0,0.0,0.0,0.0,0.0,0.0,3,2006,一般保證契約,一般交易,104900,11.560772327227417,1,0,0,0,0,0,0,0,0,0,0,0,0,0,0,0,1,0,0,0,0,0,0,1,0,1,0,0,0,0,0,0,0,0,0,0,0,0,0,0,0,1,0,0,0,0,0,0,0,0,0,0,0,0,0,0,1,0,0,0,0,0,0,0,1,0,0,0,0,0,0,0,1,0,0,0,1,0,0,0,0,0,0,0,0,0,0,1,0,0,0,0,1,0,0,0,0,0,0,0,0,0,0,0,0,0,0,1,0,0,0,0,0,0,0,0,0,0,0,0,0,0,0,1,0,0,0,0,1,0,0,0,0,0,0,0,1,0,0,0,1,0,0,0,0,0,1,0,0,0,0,0,0,1,0,0,1,0,0
1187,0,1.5288579846359944,0.23489642844293926,0.0,0.0,-1.0,-0.4638544907568095,-1.5,0.0,-1.5,-0.631578947368421,0.0,0.0,0.0,-2.24080411332851,0.0,1.0,0.0,0.07788595271210014,0.0,0.0,0.09035968938811652,-0.03388141504733433,-0.5,0.0,-0.16853989372149145,0.9855437047269772,0.0,0.32592710818478643,1.0,0.0,0.0,0.0,0.0,0.4638544907568095,0.0,0.5,0.0,-1.0,-0.5,-1.0,0.0,-0.25949367088607594,-0.3466451177569989,-0.3466451177569989,0.0,0.0,0.28820327382855077,0.0,0.0,0.0,0.0,0.0,0.0,0.0,8,2009,一般保證契約,異常交易(如法拍),95000,11.461642696843066,0,0,0,0,0,0,0,0,0,0,1,0,0,0,0,0,1,0,0,0,0,1,0,0,0,0,0,0,1,0,0,0,0,0,0,0,0,0,0,0,0,0,0,0,0,0,0,0,1,0,0,0,0,0,0,0,0,0,0,0,1,0,0,0,0,0,0,0,1,0,0,1,0,0,0,0,0,0,0,0,0,1,0,0,0,0,0,1,0,0,0,0,1,0,0,0,0,0,0,0,0,0,0,0,0,0,0,0,1,0,0,0,0,0,0,0,0,0,0,0,0,0,0,0,1,0,0,0,1,0,0,0,0,0,1,0,0,0,0,0,1,0,0,0,0,0,1,0,0,0,0,0,1,0,0,0,1,0,0
1188,0,0.8524802789526884,0.6170393786967201,0.0,0.0,0.0,0.0,1.0,0.0,0.4583333333333333,0.02631578947368421,0.0,1.0,0.0,0.0,0.0,0.0,0.4,1.4909596662030598,0.0,0.0,-0.7617657698465964,1.2536123567513702,0.5,0.0,0.9021223230977489,0.0,0.0,0.2225661157715682,1.0,0.0,0.0,0.0,-1.0,0.0,1.0,-0.5,0.0,0.0,0.0,0.0,1.0,1.1624472573839661,0.0,0.0,0.0,0.0,0.42710626050754663,8.013883697367243,0.0,0.0,0.0,0.0,1.8203341036428238,0.0,7,2006,一般保證契約,一般交易,262000,12.476103599529843,0,0,0,1,0,0,0,0,0,0,0,0,0,0,0,0,1,0,0,0,0,0,0,1,0,0,0,0,1,0,0,0,1,0,0,0,0,0,0,0,0,0,0,0,0,0,0,0,0,0,0,0,0,0,0,0,1,0,0,0,0,0,0,0,1,0,0,0,0,0,0,0,1,0,0,0,0,0,1,0,0,0,0,0,0,0,0,1,0,0,0,0,1,0,0,0,0,0,1,0,0,0,0,0,0,0,0,0,0,0,0,0,0,1,0,0,0,0,0,0,0,0,0,0,0,0,0,0,1,0,0,0,0,1,0,0,0,0,0,0,1,0,0,0,0,0,1,0,0,0,0,0,0,1,0,0,1,0,0
1189,3,-0.10068914480903793,-0.16562162962657995,0.0,0.0,-1.0,0.0,0.5,0.0,0.625,0.21052631578947367,0.8530925003176973,1.0,0.0,0.0,0.0,0.0,-0.6,-0.5340751043115438,0.0,0.0,0.4494202552529756,-0.3268560039860488,0.5,0.0,-0.5986160778490924,1.0312973173220097,0.0,0.27267435282508723,0.0,0.0,0.0,1.0,0.0,0.0,1.0,0.5,0.0,-1.0,-0.5,0.0,0.0,0.04852320675105485,0.0,0.0,0.0,0.9576843843402714,0.26213018994900694,0.0,0.0,0.0,0.0,0.0,0.0,0.0,7,2009,一般保證契約,一般交易,195000,12.180759965737863,0,0,0,0,0,0,0,0,1,0,0,0,0,0,0,0,1,0,0,0,0,0,0,1,0,1,0,0,0,0,0,0,0,0,0,0,1,0,0,0,0,0,0,0,0,0,0,0,0,0,0,0,0,0,0,0,1,0,0,0,0,0,0,0,1,0,0,0,0,0,0,0,1,0,0,0,0,0,0,0,0,1,0,0,0,0,0,1,0,0,0,0,1,0,0,0,0,1,0,0,0,0,0,0,0,0,0,0,0,0,0,0,1,0,0,0,0,0,0,0,0,0,0,0,0,0,0,0,0,0,1,0,0,1,0,0,0,0,0,0,1,0,0,0,0,0,1,0,0,0,0,0,0,1,0,0,1,0,0
1190,2,-0.5300358319518109,-0.5621327824353822,0.0,0.0,0.0,0.0,0.5,0.0,0.5625,0.13157894736842105,0.0,0.0,0.0,-1.0,0.0,0.0,-0.6,-0.5340751043115438,0.0,0.0,0.6043376772271997,-0.001993024414549078,0.0,0.0,-0.13843106798770483,1.015304955232857,0.0,0.4643051088046566,0.0,0.0,0.0,1.0,0.0,0.0,1.0,0.5,0.0,0.0,0.25,1.0,0.0,-0.16666666666666666,0.0,0.0,0.0,0.950060361690953,0.22418808858595582,0.0,0.0,0.0,0.0,0.0,0.0,0.0,6,2010,一般保證契約,一般交易,189000,12.149507585033072,0,0,0,0,0,0,0,0,1,0,0,0,0,0,0,0,1,0,0,0,0,0,0,1,0,1,0,0,0,0,0,0,0,0,0,1,0,0,0,0,0,0,0,0,0,0,0,0,0,0,0,0,0,0,0,0,1,0,0,0,0,0,0,0,1,0,0,0,0,0,0,0,1,0,0,0,0,0,0,0,0,1,0,0,0,0,0,1,0,0,0,0,1,0,0,0,0,1,0,0,0,0,0,0,0,0,0,0,0,0,0,0,1,0,0,0,0,0,0,0,0,0,0,0,0,0,0,0,1,0,0,0,0,1,0,0,0,0,0,0,1,0,0,0,0,0,1,0,0,0,0,0,0,1,0,0,1,0,0
1191,3,0.04944338438861053,3.1008551526906567,0.0,0.0,0.0,-0.4638544907568095,-1.0,-1.0,-0.22916666666666666,-0.5,0.9722359654921735,0.0,0.2793713480100486,-1.0,0.0,1.7473143510832982,0.0,1.0778859527121,0.0,0.0,-1.1594145828974467,0.5062282012954659,0.5,0.0,0.899220802742663,0.0,0.0,0.21975475353373924,1.0,0.0,-1.0,0.0,0.0,0.0,0.0,0.5,0.0,0.0,0.25,1.0,2.0,3.689873417721519,0.0,0.0,0.0,1.2875520058008303,-0.7117967261714493,0.0,0.0,0.0,0.0,0.0,0.0,0.0,3,2007,一般保證契約,一般交易,168000,12.031725210748633,0,0,0,0,0,0,0,0,0,0,1,0,0,0,0,0,1,0,0,0,1,0,0,0,0,1,0,0,0,0,0,0,0,0,0,0,0,0,0,0,0,0,0,0,0,0,1,0,0,0,0,0,0,0,0,0,1,0,0,0,0,0,0,0,1,0,0,0,0,0,0,1,0,0,0,0,0,0,1,0,0,0,0,0,0,0,0,1,0,0,0,0,1,0,0,0,0,0,0,0,0,0,0,0,0,0,0,0,0,1,0,0,0,0,0,0,0,0,0,0,0,0,0,0,0,1,0,0,0,1,0,0,0,0,1,0,0,0,0,0,1,0,0,0,0,0,1,0,0,1,0,0,0,0,0,0,1,0,0
1192,2,-3.412047956290646,-2.7185830359965997,0.0,1.1943176378757763,0.0,0.0,1.0,0.0,0.5625,0.15789473684210525,1.3068986674902843,1.0,0.0,0.0,0.0,0.0,-0.6,-0.5340751043115438,0.0,0.0,0.3912896932148399,-0.43647234678624813,0.5,0.0,-0.7764175324967041,0.9827695667053599,0.0,-0.047774062973259375,0.0,0.0,0.0,1.0,-1.0,0.0,1.0,-0.5,0.0,-1.0,-0.5,-1.0,0.0,0.04430379746835443,0.0,0.0,0.0,1.057551218801208,-0.7117967261714493,0.0,0.0,0.0,0.0,0.0,0.0,0.0,11,2007,一般保證契約,一般交易,174000,12.066816325306588,0,0,0,0,0,0,0,0,0,1,0,0,0,0,0,0,0,0,1,0,0,0,0,1,0,1,0,0,0,0,0,0,0,0,0,0,0,0,0,0,0,0,0,0,0,0,0,0,0,0,1,0,0,0,0,0,1,0,0,0,0,0,0,0,1,0,0,0,0,0,0,0,0,1,0,0,0,0,0,0,0,1,0,0,0,0,0,1,0,0,0,0,1,0,0,0,0,0,0,0,0,0,0,0,0,0,0,0,0,1,0,0,0,0,0,0,0,0,0,0,0,0,0,0,0,1,0,0,0,0,1,0,0,1,0,0,0,0,0,0,1,0,0,0,0,0,1,0,0,0,0,1,0,0,0,0,1,0,0
1193,4,-0.5300358319518109,0.0,0.0,0.7304631471189668,0.0,0.0,-0.5,3.0,-0.9791666666666666,0.0,0.0,0.0,0.0,-1.0,0.0,1.0,-0.6,-0.5340751043115438,0.0,0.0,0.30729042124124945,-0.5839561534628799,0.0,0.0,-0.5705969763336519,0.9658856830181618,0.0,0.0,0.0,0.0,-1.0,0.0,0.0,0.0,1.0,0.0,0.0,-1.0,-0.5,-1.0,-1.0,-0.9767932489451476,0.0,-0.3466451177569989,-0.4638544907568095,0.0,-0.7117967261714493,6.3147347568259065,0.0,0.0,0.0,0.0,1.1943176378757763,0.0,7,2007,一般保證契約,一般交易,125000,11.736077016252437,1,0,0,0,0,0,0,0,0,0,0,0,0,0,0,1,0,0,0,0,0,0,0,1,0,1,0,0,0,0,0,0,0,0,0,0,0,0,0,0,0,0,0,0,0,0,0,0,1,0,0,0,0,0,0,0,1,0,0,0,0,0,0,0,1,0,0,0,0,0,0,0,1,0,0,0,1,0,0,0,0,0,0,0,0,0,0,0,0,1,0,0,1,0,0,0,0,1,0,0,0,0,0,0,0,0,0,0,0,0,0,0,1,0,0,0,0,0,0,0,0,0,0,0,0,0,0,0,1,0,0,0,0,1,0,0,0,0,0,0,1,0,0,0,0,0,1,0,0,0,0,1,0,0,0,0,1,0,0
1194,0,0.04944338438861053,-1.661245684282056,0.0,0.0,0.0,0.0,0.0,0.0,0.5625,0.13157894736842105,1.2841052960532466,0.0,0.0,0.8422747575632559,0.0,0.0,0.4,0.694019471488178,0.0,0.0,-0.26163153182804455,0.4564025909317389,0.5,0.0,0.25023607637317163,0.0,0.0,-0.4090642549026167,1.0,0.0,0.0,0.0,-1.0,0.0,0.0,-0.5,0.0,-1.0,-0.5,1.0,0.0,-0.33544303797468356,0.0,0.0,0.0,0.0,0.7794867215563623,0.0,0.0,0.0,0.0,0.0,0.0,0.0,6,2009,一般保證契約,一般交易,165000,12.013706813470414,0,0,0,0,0,1,0,0,0,0,0,0,0,0,0,1,0,0,0,0,0,0,0,1,0,0,1,0,0,0,0,0,0,0,0,0,0,0,0,0,0,0,0,0,0,0,1,0,0,0,0,0,0,0,0,0,1,0,0,0,0,0,0,0,1,0,0,0,0,0,0,0,0,0,1,0,0,0,1,0,0,0,0,0,0,1,0,0,0,0,0,0,1,0,0,0,0,1,0,0,0,0,0,0,0,0,0,0,0,0,0,0,1,0,0,0,0,0,0,0,0,0,0,0,0,0,0,0,0,0,1,0,0,1,0,0,0,0,0,0,1,0,0,0,0,0,1,0,0,0,0,0,0,1,0,0,1,0,0
1195,1,0.469964168048189,-0.05762787720496794,0.0,0.0,0.0,0.0,0.0,2.0,-0.0625,-0.6578947368421053,0.961003462482854,0.0,0.0,-1.0,0.0,0.0,0.2,-0.01808066759388039,0.0,0.0,-0.37591917124526764,-0.661684105630294,-0.5,0.0,-1.071255197368641,0.9869204755744448,0.0,-0.18995497968831074,0.0,0.0,-1.0,1.0,1.0,0.0,0.0,0.5,0.0,-1.0,-0.5,1.0,-1.0,-0.770042194092827,0.0,0.0,0.0,1.2407749066807447,0.07725337927507323,0.0,0.0,0.0,0.0,0.0,1.5409627556327752,0.0,3,2010,一般保證契約,一般交易,158000,11.970356641102999,0,0,0,0,0,0,0,0,1,0,0,0,0,0,0,0,1,0,0,0,0,0,0,1,0,0,0,0,1,0,0,0,0,0,0,0,0,0,0,0,0,0,0,0,0,0,0,1,0,0,0,0,0,0,0,0,1,0,0,0,0,0,0,0,1,0,0,0,0,0,0,0,1,0,0,0,0,0,0,0,0,1,0,0,0,0,0,1,0,0,0,0,1,0,0,0,0,0,0,0,0,0,0,0,0,0,0,0,1,0,0,0,0,0,0,0,0,0,0,0,0,0,0,0,1,0,0,0,0,1,0,0,0,0,1,0,0,0,0,0,1,0,0,0,0,0,1,0,0,0,0,0,0,1,0,0,1,0,0
1196,0,-1.0745234809577138,-0.40900617621865176,0.0,0.0,-1.0,0.0,0.0,0.0,0.6875,0.2894736842105263,0.0,0.0,0.0,0.0,0.0,0.0,-0.6,-0.5340751043115438,0.0,0.0,0.3376251921341799,-0.5321375186846039,0.5,0.0,-0.8774916127296126,1.0,0.0,-0.024549705422330825,0.0,0.0,0.0,1.0,0.0,0.0,1.0,1.0,0.0,-1.0,-0.5,1.0,0.0,-0.3438818565400844,0.0,0.0,0.0,0.8615537516526842,-0.03050025401873223,0.0,0.0,0.0,0.0,0.0,0.0,0.0,7,2008,一般保證契約,一般交易,176000,12.07824495582233,0,0,0,0,0,0,0,0,1,0,0,0,0,0,0,0,1,0,0,0,0,0,0,1,0,1,0,0,0,0,0,0,0,0,0,1,0,0,0,0,0,0,0,0,0,0,0,0,0,0,0,0,0,0,0,0,1,0,0,0,0,0,0,0,1,0,0,0,0,0,0,0,1,0,0,0,0,0,0,0,0,1,0,0,0,0,0,1,0,0,0,0,1,0,0,0,0,1,0,0,0,0,0,0,0,0,0,0,0,0,0,0,1,0,0,0,0,0,0,0,0,0,0,0,0,0,0,0,1,0,0,0,0,1,0,0,0,0,0,0,1,0,0,0,0,0,1,0,0,0,0,0,0,1,0,0,1,0,0
1197,2,-0.6448236533478237,0.9098682016614097,0.0,0.0,-1.0,0.0,0.5,0.0,0.7083333333333334,0.3157894736842105,0.0,1.0,0.0,0.0,0.0,1.7473143510832982,-0.6,-0.5340751043115438,0.0,0.0,0.497541178858965,-0.2311908320876931,0.5,0.0,-0.4785772502373144,1.073539425651426,0.0,0.5390835277323683,0.0,0.0,0.0,1.0,1.0,0.0,1.0,1.5,0.0,0.0,0.5,1.0,1.0,0.7531645569620253,0.0,0.0,0.0,0.8615537516526842,-0.1160367882271943,0.0,0.0,0.0,0.0,0.0,0.0,0.0,11,2006,新屋,預售屋(估價時未完工),219210,12.29779001527865,0,0,0,0,0,0,0,0,1,0,0,0,0,0,0,0,1,0,0,0,0,0,0,1,0,1,0,0,0,0,0,0,0,0,0,1,0,0,0,0,0,0,0,0,0,0,0,0,0,0,0,0,0,0,0,0,1,0,0,0,0,0,0,0,1,0,0,0,0,0,0,0,1,0,0,0,0,0,0,0,0,1,0,0,0,0,0,1,0,0,0,0,1,0,0,0,0,1,0,0,0,0,0,0,0,0,0,0,0,0,0,0,1,0,0,0,0,0,0,0,0,0,0,0,0,0,0,0,1,0,0,0,0,1,0,0,0,0,0,0,1,0,0,0,0,0,1,1,0,0,0,0,0,0,0,0,1,0,0
1198,2,-0.2564764364743176,-0.1875404210682163,0.0,0.0,-1.0,0.0,0.5,1.0,-1.1666666666666667,-1.1578947368421053,0.0,0.0,0.0,-1.0,0.0,0.0,-0.6,-0.5340751043115438,0.0,0.0,0.43285498616187057,-0.35874439461883406,0.5,0.0,-0.6399385490687091,1.0444885327702005,0.0,0.3137308930729559,0.0,0.0,-1.0,0.0,0.0,0.0,0.0,0.5,0.0,0.0,0.5,-1.0,-1.0,-1.0822784810126582,0.0,0.0,0.0,0.0,-0.7117967261714493,9.25112953344019,0.0,0.0,0.0,0.0,0.0,0.0,7,2006,低頭期低利合約,一般交易,144000,11.87757552297847,0,0,0,0,0,0,1,0,0,0,0,0,0,0,0,1,0,0,0,0,0,1,0,0,0,0,0,0,1,0,0,0,0,0,0,0,0,0,0,0,0,0,0,0,0,0,0,0,1,0,0,0,0,0,0,0,1,0,0,0,0,0,0,0,1,0,0,0,0,0,0,0,1,0,0,0,0,0,0,0,1,0,0,0,0,0,0,1,0,0,0,0,1,0,0,0,0,0,0,0,0,0,0,0,0,0,0,0,0,1,0,0,0,0,0,0,0,0,0,0,0,0,0,0,0,1,0,0,1,0,0,0,0,0,0,0,1,0,0,0,1,0,0,0,0,0,1,0,0,0,0,1,0,0,0,0,1,0,0
1199,4,0.0,-0.12357451598818124,0.0,0.0,0.0,0.0,0.5,0.0,0.6041666666666666,0.18421052631578946,0.0,1.0,0.0,0.0,0.0,0.0,-0.6,-0.5340751043115438,0.0,0.0,0.7808003147277229,0.43248629795715,0.5,0.0,0.22801963178468693,0.0,0.0,-0.43059037422327157,0.0,0.0,0.0,0.0,0.0,0.0,1.0,0.0,0.0,-1.0,-0.5,0.0,0.0,0.3860759493670886,0.0,0.0,0.0,1.2211636954673093,-0.7117967261714493,0.0,0.0,0.0,0.0,0.0,0.0,0.0,6,2009,一般保證契約,一般交易,178000,12.08954444723597,0,0,0,1,0,0,0,0,0,0,0,0,0,0,0,0,1,0,0,0,0,0,0,1,0,1,0,0,0,0,0,0,0,0,0,0,1,0,0,0,0,0,0,0,0,0,0,0,0,0,0,0,0,0,0,0,1,0,0,0,0,0,0,0,1,0,0,0,0,0,0,0,1,0,0,0,0,0,1,0,0,0,0,0,0,0,0,1,0,0,0,0,1,0,0,0,0,1,0,0,0,0,0,0,0,0,0,0,0,0,0,0,1,0,0,0,0,0,0,0,0,0,0,0,0,0,0,0,1,0,0,0,0,1,0,0,0,0,0,0,1,0,0,0,0,0,1,0,0,0,0,0,0,1,0,0,1,0,0
1200,4,0.24155735878839998,0.3691414574656327,0.0,0.0,0.0,0.0,-1.0,0.0,-0.1875,-0.39473684210526316,0.7018911298352103,0.0,0.0,-1.0,0.0,0.0,-0.2,0.2267037552155772,0.0,0.0,0.038457500180504575,0.11160936721474839,0.0,0.0,0.5267285003566867,0.0,0.0,-0.14116320141851466,0.0,0.0,-1.0,1.0,0.0,0.0,0.0,0.0,0.0,0.0,-0.25,-1.0,0.0,-0.0949367088607595,0.0,0.0,0.0,0.0,0.32033803663145805,0.0,0.0,0.0,0.0,0.0,0.0,0.0,10,2006,一般保證契約,一般交易,148000,11.904974309480181,0,0,0,1,0,0,0,0,0,0,0,0,0,0,0,0,1,0,0,0,0,0,0,1,0,1,0,0,0,0,0,0,0,0,0,0,0,0,0,0,0,0,0,0,0,0,0,1,0,0,0,0,0,0,0,0,1,0,0,0,0,0,0,0,1,0,0,0,0,0,0,0,1,0,0,0,0,0,1,0,0,0,0,0,0,0,0,1,0,0,0,0,1,0,0,0,0,0,0,0,0,0,0,0,0,0,0,0,1,0,0,0,0,0,0,0,0,0,0,0,0,0,0,0,1,0,0,0,0,0,1,0,0,0,1,0,0,0,0,0,1,0,0,0,0,0,1,0,0,0,0,0,0,1,0,0,1,0,0
1201,3,0.04944338438861053,-0.060343909035961506,0.0,0.0,0.0,0.0,-1.0,0.0,-0.041666666666666664,-0.631578947368421,0.0,0.0,0.0,-1.0,0.0,0.0,-0.6,-0.5340751043115438,0.0,0.0,0.4827482229575692,-0.2610861983059293,0.0,0.0,-0.5154786426099094,0.0,0.0,-1.1509861380717596,0.0,0.0,-1.0,0.0,0.0,0.0,0.0,-0.5,0.0,-1.0,-0.5,-1.0,-1.0,-0.8502109704641351,0.0,0.0,0.0,0.0,-0.7117967261714493,0.0,0.0,0.0,0.0,0.0,0.0,0.0,7,2006,其他,異常交易(如法拍),116050,11.6617850286409,0,0,0,1,0,0,0,0,0,0,0,0,0,0,0,0,1,0,0,0,0,0,0,1,0,1,0,0,0,0,0,0,0,0,1,0,0,0,0,0,0,0,0,0,0,0,0,0,0,0,0,0,0,0,0,0,1,0,0,0,0,0,0,0,1,0,0,0,0,0,0,0,1,0,0,0,0,0,1,0,0,0,0,0,0,0,0,1,0,0,0,0,1,0,0,0,0,0,0,0,0,0,0,0,0,0,0,0,0,1,0,0,0,0,0,0,0,0,0,0,0,0,0,0,0,1,0,0,1,0,0,0,0,0,1,0,0,0,0,0,1,0,0,0,0,0,1,0,0,0,0,0,0,1,1,0,0,0,0
1203,4,-1.1398722399119068,-1.0526421762248437,0.0,0.0,0.0,0.0,-0.5,3.0,-0.9791666666666666,0.07894736842105263,0.0,0.0,0.0,-1.0,0.0,0.0,-0.6,-0.5340751043115438,0.0,0.0,0.502424545408486,-0.22122571001494767,0.5,0.0,-0.4663955722586705,0.8961376560379601,0.0,-0.196529863514731,1.0,0.0,-1.0,0.0,0.0,0.0,0.0,-0.5,0.0,0.0,0.0,-1.0,-1.0,-1.120253164556962,0.0,0.0,-1.1943176378757763,0.0,-0.7117967261714493,8.190318298434116,0.0,0.0,0.0,0.0,0.0,0.0,5,2009,一般保證契約,一般交易,117000,11.669937760751914,1,0,0,0,0,0,0,0,0,0,0,0,0,0,0,1,0,0,0,0,0,0,0,1,0,0,0,0,1,0,0,0,0,0,0,0,0,0,0,1,0,0,0,0,0,0,0,0,0,0,0,0,0,0,0,0,1,0,0,0,0,0,0,0,1,0,0,0,0,0,0,0,1,0,0,0,1,0,0,0,0,0,0,0,0,0,0,1,0,0,0,0,1,0,0,0,0,0,0,0,1,0,0,0,0,0,0,0,0,0,0,0,0,0,0,0,1,0,0,0,0,0,0,0,0,0,0,0,1,0,0,0,0,0,0,0,1,0,0,0,1,0,0,0,0,0,1,0,0,0,0,1,0,0,0,0,1,0,0
1204,4,0.24155735878839998,0.03600505670095226,0.0,0.0,0.0,0.0,0.5,0.0,0.5833333333333334,0.18421052631578946,1.0103996818971555,1.0,0.0,0.0,0.0,0.0,-0.6,-0.5340751043115438,0.0,0.0,1.0545154255715958,1.2655705032386646,0.5,0.0,0.9108087086185502,0.0,0.0,0.23098259170412577,0.0,0.0,0.0,0.0,0.0,0.0,1.0,0.0,0.0,0.0,0.25,-1.0,0.0,-0.12869198312236288,0.0,0.0,0.0,0.7862515753383017,0.6801885944567333,0.0,0.0,0.0,0.0,0.0,0.0,0.0,10,2009,一般保證契約,一般交易,213000,12.269052139516223,0,0,0,1,0,0,0,0,0,0,0,0,0,0,0,0,1,0,0,0,0,0,0,1,0,1,0,0,0,0,0,0,0,0,0,0,1,0,0,0,0,0,0,0,0,0,0,0,0,0,0,0,0,0,0,0,1,0,0,0,0,0,0,0,1,0,0,0,0,0,0,0,1,0,0,0,0,0,1,0,0,0,0,0,0,0,0,1,0,0,0,0,1,0,0,0,0,1,0,0,0,0,0,0,0,0,0,0,0,0,0,0,1,0,0,0,0,0,0,0,0,0,0,0,0,0,0,0,0,0,1,0,0,1,0,0,0,0,0,0,1,0,0,0,0,0,1,0,0,0,0,0,0,1,0,0,1,0,0
1205,1,0.3800798242425943,0.12746144812078475,0.0,0.0,0.0,0.0,-0.5,1.0,0.0625,-0.5,0.0,0.0,0.0,0.0,0.0,0.0,0.2,0.5618915159944368,0.0,0.0,-0.4379524184645659,0.12157448928749377,0.5,0.0,-0.04189434021337908,0.0,0.0,-0.6921173860905897,1.0,0.0,-1.0,1.0,0.0,0.0,0.0,0.0,0.0,-1.0,-0.5,0.0,0.0,0.056962025316455694,0.0,0.0,0.0,0.0,0.3427532133415796,0.0,0.0,0.0,0.0,0.0,1.5409627556327752,0.0,7,2006,一般保證契約,一般交易,153500,11.941462360646149,0,0,0,1,0,0,0,0,0,0,0,0,0,0,0,0,1,0,0,0,0,0,0,1,0,1,0,0,0,0,0,0,0,0,0,0,0,0,0,0,0,0,0,0,0,0,0,0,0,0,0,0,1,0,0,0,1,0,0,0,0,0,0,0,1,0,0,0,0,0,0,0,1,0,0,0,0,0,1,0,0,0,0,0,0,0,0,1,0,0,0,0,1,0,0,0,0,0,0,0,0,0,0,0,0,0,0,0,1,0,0,0,0,0,0,0,0,0,0,0,0,0,0,0,1,0,0,0,1,0,0,0,0,0,1,0,0,0,0,0,1,0,0,0,0,0,1,0,0,0,0,0,0,1,0,0,1,0,0
1206,4,0.8929485771758422,1.0179279328274202,0.0,0.0,-1.0,0.0,0.5,2.0,0.375,-0.07894736842105263,1.1004143510839097,1.0,0.0,0.0,0.0,1.0,0.2,0.1404728789986092,1.089870956523857,7.836797333082112,0.9740112296128709,2.3178873941205778,0.0,0.0,1.6290508240446928,0.0,0.0,0.9269069740329013,0.0,0.0,0.0,0.0,0.0,0.0,1.0,0.5,0.0,0.0,0.25,0.0,1.0,0.9261603375527426,0.0,0.0,0.0,0.8175092311515609,0.2710282619567992,0.0,0.0,0.0,0.0,0.0,0.0,0.0,6,2009,一般保證契約,一般交易,271900,12.513193308436527,0,0,0,1,0,0,0,0,0,0,0,0,0,0,0,0,1,0,0,0,0,0,0,1,0,0,0,1,0,0,0,0,0,0,0,0,0,0,0,0,0,0,0,0,0,0,0,0,0,0,0,0,0,1,0,0,1,0,0,0,0,0,0,0,1,0,0,0,0,0,0,0,1,0,0,0,0,0,1,0,0,0,0,0,0,1,0,0,0,0,0,0,1,0,0,0,0,0,0,0,0,0,0,0,0,0,0,0,1,0,0,0,0,0,0,0,0,0,0,0,0,0,0,0,1,0,0,0,0,0,1,0,0,0,1,0,0,0,0,0,1,0,0,0,0,0,1,0,0,0,0,0,0,1,0,0,1,0,0
1207,3,-0.20389035669044683,-0.17462546033523677,0.0,0.0,0.0,0.0,-1.0,-1.0,-0.125,-0.7368421052631579,0.0,0.0,0.0,-1.0,0.0,0.0,-0.2,0.9346314325452016,0.0,0.0,-3.1687229326517117,0.12157448928749377,-0.5,0.0,-0.07924348815575648,0.0,0.0,-0.7283059945751863,1.0,0.0,-1.0,0.0,-1.0,0.0,0.0,-0.5,0.0,-1.0,-0.5,-1.0,-1.0,-0.41139240506329117,0.0,0.0,0.0,0.0,0.12026819188344327,0.0,0.0,0.0,0.0,0.0,1.5409627556327752,0.0,11,2006,一般保證契約,一般交易,107000,11.580593459194764,0,0,0,1,0,0,0,0,0,0,0,0,0,0,0,0,0,0,0,1,0,0,0,1,0,1,0,0,0,0,0,0,0,0,0,0,0,0,0,0,0,0,0,0,0,0,0,0,0,0,0,0,0,1,0,0,1,0,0,0,0,0,0,0,1,0,0,0,0,0,0,0,1,0,0,0,0,0,1,0,0,0,0,0,0,0,0,1,0,0,0,0,1,0,0,0,0,0,0,0,0,0,0,0,0,0,0,0,1,0,0,0,0,0,0,0,0,0,0,0,0,0,0,0,1,0,0,0,1,0,0,0,0,0,1,0,0,0,0,0,1,0,0,0,0,0,1,0,0,0,0,1,0,0,0,0,1,0,0
1208,3,0.0,-0.1147388263228722,0.0,0.0,0.0,0.0,0.0,0.0,0.6458333333333334,0.23684210526315788,0.9138838108751953,1.0,0.0,0.0,0.0,1.7473143510832982,0.4,-0.061196105702364396,0.0,0.0,0.8735458031801938,1.3692077727952168,0.5,0.0,1.0101931134186337,0.0,0.0,0.3272788531431743,1.0,0.0,0.0,0.0,0.0,0.0,1.0,0.5,0.0,-1.0,-0.5,0.0,0.0,0.26371308016877637,0.0,0.0,0.0,1.0374820403803926,-0.041360315048130494,0.0,0.0,0.0,0.0,0.0,0.0,0.0,5,2006,一般保證契約,一般交易,200000,12.206077645517674,0,0,0,1,0,0,0,0,0,0,0,0,0,0,0,0,1,0,0,0,0,0,0,1,0,1,0,0,0,0,0,0,0,0,0,0,1,0,0,0,0,0,0,0,0,0,0,0,0,0,0,0,0,0,0,0,1,0,0,0,0,0,0,0,1,0,0,0,0,0,0,0,1,0,0,0,0,0,1,0,0,0,0,0,0,0,0,1,0,0,0,0,1,0,0,0,0,1,0,0,0,0,0,0,0,0,0,0,0,0,0,0,1,0,0,0,0,0,0,0,0,0,0,0,0,0,0,0,0,0,1,0,0,1,0,0,0,0,0,0,1,0,0,0,0,0,1,0,0,0,0,0,0,1,0,0,1,0,0
1209,4,0.0,-0.4848950295201192,0.0,0.0,0.0,0.0,-0.5,2.0,-0.20833333333333334,-0.3684210526315789,0.0,0.0,0.2793713480100486,-1.0,0.0,0.0,-0.2,0.16689847009735745,1.089870956523857,6.8081453641238445,-0.31109682216036255,-0.127553562531141,-0.5,0.0,0.35684869344110165,0.0,0.0,-0.30576438138095197,1.0,0.0,-1.0,0.0,0.0,0.0,0.0,0.0,0.0,-1.0,-0.5,-1.0,0.0,0.10337552742616034,0.0,0.0,0.0,0.0,-0.7117967261714493,0.0,0.0,0.0,0.0,0.0,0.0,0.0,10,2008,一般保證契約,一般交易,140000,11.849404844423074,0,0,0,1,0,0,0,0,0,0,0,0,0,0,0,0,1,0,0,0,0,0,0,1,0,1,0,0,0,0,0,0,0,0,1,0,0,0,0,0,0,0,0,0,0,0,0,0,0,0,0,0,0,0,0,0,1,0,0,0,0,0,0,0,1,0,0,0,0,0,0,0,1,0,0,0,0,0,1,0,0,0,0,0,0,0,0,1,0,0,0,0,1,0,0,0,0,0,0,0,0,0,0,0,0,0,0,0,0,1,0,0,0,0,0,0,0,0,0,0,0,0,0,0,0,1,0,0,1,0,0,0,0,0,1,0,0,0,0,0,1,0,0,0,0,0,1,0,0,0,0,1,0,0,0,0,1,0,0
1210,3,0.6866853341578308,0.1371314007544214,0.0,0.0,-1.0,0.0,1.0,0.0,0.7083333333333334,0.3157894736842105,1.28029774108285,1.0,0.0,0.8422747575632559,0.0,1.0,0.4,1.1627260083449236,0.0,0.0,-0.06787741093503648,1.325361235675137,0.5,0.0,0.9538374908594547,0.0,0.0,0.27267435282508723,1.0,0.0,0.0,0.0,0.0,0.0,1.0,1.0,0.0,0.0,0.5,0.0,0.0,0.07805907172995781,0.0,0.0,0.0,1.1901077868217913,0.17029580177297618,0.0,0.0,0.0,0.0,0.0,0.0,0.0,5,2006,新屋,預售屋(估價時未完工),290000,12.577639650232573,0,0,0,1,0,0,0,0,0,0,0,0,0,0,0,0,1,0,0,0,0,0,0,1,0,0,0,1,0,0,0,0,0,0,0,0,0,0,0,0,0,0,0,0,0,0,0,0,0,0,1,0,0,0,1,0,0,0,0,0,0,0,0,0,1,0,0,0,0,0,0,0,1,0,0,0,0,0,1,0,0,0,0,0,0,1,0,0,0,0,0,0,1,0,0,0,0,1,0,0,0,0,0,0,0,0,0,0,0,0,0,0,1,0,0,0,0,0,0,0,0,0,0,0,0,0,0,0,0,1,0,0,0,1,0,0,0,0,0,0,1,0,0,0,0,0,1,0,0,0,0,0,0,1,0,0,1,0,0
1211,4,0.0,0.3655454940495995,0.0,0.0,0.0,0.0,0.0,0.0,0.4166666666666667,-0.05263157894736842,0.0,1.0,0.0,0.0,0.0,0.0,-0.6,-0.5340751043115438,0.0,0.0,0.6567871530780722,0.11958146487294469,0.5,0.0,-0.08133425042137146,1.0196173582101307,0.0,0.5164856451875071,0.0,0.0,0.0,1.0,0.0,0.0,1.0,1.0,0.0,0.0,0.25,0.0,0.0,-0.08227848101265822,0.0,0.0,0.0,1.409748506909218,0.39679335174706437,0.0,0.0,0.0,0.0,0.0,1.8203341036428238,9.715841640087827,5,2010,一般保證契約,一般交易,189000,12.149507585033072,0,0,0,0,0,0,0,0,1,0,0,0,0,0,0,0,1,0,0,0,0,0,0,1,0,1,0,0,0,0,0,0,0,0,0,0,0,0,0,0,0,0,0,0,0,0,0,0,0,0,0,0,0,1,0,0,1,0,0,0,0,0,0,0,1,0,0,0,0,0,0,0,1,0,0,0,0,0,0,0,0,1,0,0,0,0,0,1,0,0,0,0,1,0,0,0,0,0,0,0,1,0,0,0,0,0,0,0,0,0,0,0,0,0,0,0,1,0,0,0,0,0,0,0,0,0,0,0,1,0,0,0,0,1,0,0,0,0,0,0,1,0,0,0,0,0,1,0,0,0,0,0,0,1,1,0,0,0,0
1212,1,2.8735803052029514,0.5530216252673078,0.0,0.0,-1.0,-0.4638544907568095,1.0,2.0,0.3333333333333333,0.2894736842105263,0.0,1.0,0.0,0.0,0.0,1.7473143510832982,0.4,0.059805285118219746,0.0,0.0,-0.9200381300449643,-0.8689586447433981,0.0,0.0,-0.02956272714981939,0.9810215688568611,0.0,0.3966558580030737,0.0,0.0,0.0,0.0,1.0,0.0,0.0,1.0,0.0,-1.0,-0.5,0.0,0.0,0.04430379746835443,0.0,0.0,0.0,1.1929570249207888,-0.1967152804840087,0.0,0.0,0.0,0.0,0.0,0.0,0.0,6,2010,一般保證契約,一般交易,164000,12.00762780434872,1,0,0,0,0,0,0,0,0,0,0,0,0,0,0,0,1,0,0,0,0,1,0,0,0,1,0,0,0,0,0,0,0,0,0,1,0,0,0,0,0,0,0,0,0,0,0,0,0,0,0,0,0,0,0,0,1,0,0,0,0,0,0,0,1,0,0,0,0,0,0,0,1,0,0,0,1,0,0,0,0,0,0,0,0,0,0,1,0,0,0,0,1,0,0,0,0,0,0,0,1,0,0,0,0,0,0,0,0,0,0,0,0,0,0,0,1,0,0,0,0,0,0,0,0,0,0,0,1,0,0,1,0,0,0,0,0,0,0,0,1,0,0,0,0,0,1,0,1,0,0,0,0,0,0,0,1,0,0
1213,2,-1.1398722399119068,-0.06355726721295477,0.0,0.0,0.0,0.0,-1.0,1.0,-0.6458333333333334,-1.1578947368421053,0.0,0.0,0.0,-1.0,0.0,0.0,-0.2,-0.055632823365785816,0.0,0.0,-0.29052191818076645,-0.6437468858993523,-0.5,0.0,-1.0434897183004757,0.0,0.0,-1.6625904756908274,1.0,0.0,-1.0,0.0,-1.0,0.0,0.0,-1.0,0.0,-1.0,-0.5,-1.0,-1.0,-1.0443037974683544,0.0,0.0,-1.1943176378757763,0.0,0.42417810909312953,0.0,0.0,0.0,0.0,0.0,0.0,0.0,8,2009,一般保證契約,一般交易,113000,11.635151947212842,0,0,1,0,0,0,0,0,0,0,0,0,0,0,0,0,1,0,0,0,0,0,0,1,0,1,0,0,0,0,0,0,0,0,0,0,0,0,0,0,0,1,0,0,0,0,0,0,0,0,0,0,0,0,0,0,1,0,0,0,0,0,0,0,1,0,0,0,0,0,0,0,1,0,0,0,0,0,1,0,0,0,0,0,0,1,0,0,0,0,0,0,1,0,0,0,0,0,0,0,0,0,0,0,0,0,0,0,0,1,0,0,0,0,0,0,0,0,0,0,0,0,0,0,0,1,0,0,1,0,0,0,0,0,1,0,0,0,0,0,1,0,0,0,0,0,1,0,0,0,0,0,0,1,0,0,1,0,0
1214,0,0.0247951663920471,0.1518015778955884,0.0,0.0,-1.0,0.0,-1.0,4.0,-0.14583333333333334,0.18421052631578946,0.0,0.0,0.2793713480100486,-1.0,0.2793713480100486,1.7473143510832982,0.4,0.3671766342141864,0.0,0.0,-3.1687229326517117,-0.6915794718485302,0.5,0.0,-0.2880842536468032,0.0,0.0,-0.9306575103216483,1.0,0.7304631471189668,-2.0,0.0,-3.0,0.0,0.0,-1.5,0.0,-1.0,-0.5,-1.0,-1.0,-0.4957805907172996,0.0,0.0,0.0,0.8291415512150296,-0.7117967261714493,0.0,0.0,0.0,0.0,0.0,0.0,0.0,5,2006,一般保證契約,一般交易,145000,11.884495917930655,0,0,0,0,0,0,0,0,0,0,0,0,1,0,0,0,1,0,0,0,0,0,0,1,0,0,0,1,0,0,0,0,0,0,0,0,0,0,0,0,0,0,0,0,0,0,0,1,0,0,0,0,0,0,0,0,1,0,0,0,0,0,0,0,1,0,0,0,0,0,0,0,1,0,0,0,0,0,0,0,0,0,1,0,0,0,0,1,0,0,0,0,1,0,0,0,0,1,0,0,0,0,0,0,0,0,0,0,0,0,0,0,1,0,0,0,0,0,0,0,0,0,0,0,0,0,0,0,1,0,0,0,0,0,1,0,0,0,0,0,1,0,0,0,0,0,1,0,0,0,0,0,0,1,0,0,1,0,0
1215,0,-0.05003889786863668,0.14241249383954227,0.0,0.0,-1.0,0.0,-0.5,0.0,-0.20833333333333334,-0.8421052631578947,0.0,0.0,0.0,-1.0,0.0,1.7473143510832982,0.0,0.5563282336578581,0.0,0.0,-0.877339583209788,-0.1395117090184355,-0.5,0.0,-0.2011936370024468,0.0,0.0,-0.8464668211102354,1.0,0.0,-1.0,0.0,0.0,0.0,0.0,0.0,0.0,-1.0,-0.5,-1.0,-1.0,-0.7658227848101266,0.0,0.0,0.0,0.9687918024426936,0.2797157727113956,0.0,0.0,0.0,0.0,0.0,0.0,0.0,5,2006,一般保證契約,一般交易,134500,11.80932691294063,0,0,0,0,0,0,0,0,0,0,0,0,0,1,0,0,1,0,0,0,0,0,0,1,0,1,0,0,0,0,0,0,0,0,1,0,0,0,0,0,0,0,0,0,0,0,0,0,0,0,0,0,0,0,0,0,1,0,0,0,0,0,0,0,1,0,0,0,0,0,0,0,1,0,0,0,0,0,0,0,0,0,0,1,0,0,0,1,0,0,0,0,1,0,0,0,0,0,0,0,0,0,0,0,0,0,0,0,0,1,0,0,0,0,0,0,0,0,0,0,0,0,0,0,0,1,0,0,1,0,0,0,0,0,1,0,0,0,0,0,1,0,0,0,0,0,1,0,0,0,0,0,0,1,0,0,1,0,0
1216,0,1.2410897270203258,-0.6860117936230775,0.0,0.0,-1.0,0.0,-0.5,0.0,-0.125,-0.7368421052631579,0.0,0.0,0.0,-1.0,0.0,0.0,-0.2,-0.28372739916550765,0.4638544907568095,9.551935879863963,-0.2638204224237761,-0.2012954658694569,-0.5,0.0,-0.44220669054566614,0.0,0.0,-1.0799909445469715,0.0,0.0,-1.0,0.0,0.0,0.0,0.0,-0.5,0.0,-1.0,-0.5,0.0,-1.0,-0.41139240506329117,0.0,0.0,0.0,0.0,-0.7117967261714493,0.0,0.0,0.0,0.0,0.0,1.5409627556327752,0.0,5,2007,一般保證契約,一般交易,125000,11.736077016252437,0,0,0,1,0,0,0,0,0,0,0,0,0,0,0,0,1,0,0,0,0,0,0,1,0,1,0,0,0,0,0,0,0,0,0,0,0,0,0,0,0,0,0,0,0,0,0,1,0,0,0,0,0,0,0,0,1,0,0,0,0,0,0,0,1,0,0,0,0,0,0,0,1,0,0,0,0,0,1,0,0,0,0,0,0,0,0,1,0,0,0,0,1,0,0,0,0,1,0,0,0,0,0,0,0,0,0,0,0,0,0,0,1,0,0,0,0,0,0,0,0,0,0,0,0,0,0,0,1,0,0,0,0,0,1,0,0,0,0,0,1,0,0,0,0,0,1,0,0,0,0,1,0,0,0,0,1,0,0
1218,2,0.09830646769700241,-0.24246978009248882,0.0,0.0,0.0,0.0,1.0,0.0,0.7708333333333334,0.39473684210526316,0.7838262134527147,1.0,0.0,0.0,0.0,1.0,0.4,0.7677329624478443,0.0,0.0,-0.21272991071621225,0.6078724464374688,0.5,0.0,0.4112064783433743,0.0,0.0,-0.2530956404781296,1.0,0.0,0.0,0.0,0.0,0.0,1.0,0.0,0.0,-1.0,-0.5,0.0,0.0,0.2974683544303797,0.0,0.0,0.0,0.9402674386943467,0.4212280429722673,0.0,0.0,0.0,0.0,0.0,0.0,0.0,9,2009,新屋,預售屋(估價時未完工),229456,12.343470927093518,0,0,0,1,0,0,0,0,0,0,0,0,0,0,0,0,0,0,1,0,0,0,0,1,0,1,0,0,0,0,0,0,0,0,0,0,0,0,0,0,0,0,0,0,0,0,0,0,0,0,1,0,0,0,0,0,1,0,0,0,0,0,0,0,1,0,0,0,0,0,0,0,1,0,0,0,0,0,1,0,0,0,0,0,0,0,0,1,0,0,0,0,1,0,0,0,0,0,0,0,0,0,1,0,0,0,0,0,0,0,0,0,0,0,0,0,0,0,1,0,0,0,0,0,0,0,0,0,0,1,0,0,0,1,0,0,0,0,0,0,1,0,0,0,0,0,1,0,0,0,0,0,0,1,0,0,1,0,0
1219,0,-1.010234332078765,-0.9676140018005939,0.0,0.0,0.0,0.0,-1.0,0.0,-0.5208333333333334,-1.1578947368421053,0.0,0.0,0.0,-6.515822458562748,-1.5409627556327752,-1.5747678672403655,-0.8,-0.5340751043115438,-0.7304631471189668,0.0,-3.1687229326517117,-1.9830592924763328,0.0,-0.7304631471189668,-1.0434897183004757,0.7563846075439864,0.0,-1.0383591136589678,0.0,0.0,-1.0,0.0,-1.0,0.0,0.0,-1.5,0.0,-1.0,-0.5,-2.0,-2.0,-2.0316455696202533,-1.5409627556327752,-1.5409627556327752,-1.1943176378757763,0.0,-0.7117967261714493,0.0,0.0,0.0,0.0,0.0,0.0,0.0,7,2006,一般保證契約,一般交易,80500,11.296024885689746,1,0,0,0,0,0,0,0,0,0,0,0,0,0,0,1,0,0,0,0,0,0,0,1,0,1,0,0,0,0,0,0,0,0,0,0,0,0,0,1,0,0,0,0,0,0,0,0,0,0,0,0,0,0,0,0,1,0,0,0,0,0,0,0,1,0,0,0,0,0,0,0,1,0,0,0,1,0,0,0,0,0,0,0,0,0,0,1,0,0,0,0,1,0,0,0,0,0,0,0,0,0,0,0,0,0,0,1,0,0,0,0,0,0,0,0,0,0,0,0,0,0,0,1,0,0,0,0,1,0,0,0,1,0,0,0,0,0,0,0,1,0,0,0,0,0,1,0,0,0,1,0,0,0,0,0,1,0,0
1220,4,-3.7943801407173003,-3.5571411798186787,0.0,0.0,0.0,0.0,0.0,0.0,-0.020833333333333332,-0.6052631578947368,1.1029178905985926,0.0,0.0,-1.0,0.0,0.0,-0.6,-0.5340751043115438,0.0,0.0,0.27108020568405655,-0.6437468858993523,-0.5,0.0,-1.0434897183004757,0.9328478046631533,0.0,-0.41980479945217886,0.0,0.0,-1.0,1.0,0.0,0.0,0.0,0.5,0.0,-1.0,-0.5,-2.0,-2.0,-2.0316455696202533,-1.5409627556327752,-1.5409627556327752,-1.1943176378757763,1.0505199248821826,-0.7117967261714493,0.0,0.0,0.0,0.0,0.0,0.0,0.0,4,2006,一般保證契約,異常交易(如法拍),91500,11.424105180165641,0,0,0,0,0,0,0,0,0,1,0,0,0,0,0,1,0,0,0,0,0,0,0,1,0,1,0,0,0,0,0,0,0,0,0,0,0,0,1,0,0,0,0,0,0,0,0,0,0,0,0,0,0,0,0,0,1,0,0,0,0,0,0,0,1,0,0,0,0,0,0,0,0,1,0,0,0,0,0,0,0,1,0,0,0,0,0,1,0,0,0,0,1,0,0,0,0,0,0,0,0,0,1,0,0,0,0,0,0,0,0,0,0,0,0,0,0,0,1,0,0,0,0,0,0,0,0,0,0,0,1,0,0,0,1,0,0,0,0,0,1,0,0,0,0,0,1,0,0,0,1,0,0,0,0,0,1,0,0
1223,1,0.3800798242425943,0.20837081108855887,0.0,0.0,0.0,0.0,0.0,1.0,-0.4791666666666667,-1.1578947368421053,1.1946702927781176,0.0,0.0,-1.0,0.0,1.0,-0.2,-0.2614742698191933,0.0,0.0,0.46268132314764443,0.08968609865470852,0.5,0.0,0.14492743791583548,0.9831178507412198,0.0,0.5177459859499328,0.0,0.0,0.0,0.0,0.0,0.0,0.0,0.5,0.0,0.0,0.5,-1.0,-1.0,-0.7025316455696202,0.0,0.0,0.0,0.0,-0.7117967261714493,0.0,0.0,0.0,0.0,0.0,1.1943176378757763,0.0,1,2007,一般保證契約,一般交易,143000,11.870606902224587,1,0,0,0,0,0,0,0,0,0,0,0,0,0,0,0,1,0,0,0,0,0,0,1,0,1,0,0,0,0,0,0,0,0,1,0,0,0,0,0,0,0,0,0,0,0,0,0,0,0,0,0,0,0,0,0,0,0,0,0,1,0,0,0,1,0,0,0,0,0,0,0,1,0,0,0,1,0,0,0,0,0,0,0,0,0,0,1,0,0,0,0,1,0,0,0,0,0,0,0,1,0,0,0,0,0,0,0,0,0,0,0,0,0,0,0,1,0,0,0,0,0,0,0,0,0,0,0,0,0,1,0,0,0,1,0,0,0,0,0,1,0,0,0,0,0,1,0,0,0,0,0,0,1,0,0,1,0,0
1224,4,0.8524802789526884,0.24927865511702157,0.0,0.0,0.0,0.0,-0.5,-2.0,-0.4375,-1.131578947368421,0.6682160041348015,0.0,0.0,-1.0,-0.3466451177569989,0.0,-0.4,0.5173852573018081,0.0,0.0,0.8992119763614981,2.2740408570004984,-0.5,-0.7304631471189668,1.5609289328766058,0.0,0.0,0.8609018150259119,0.0,0.0,0.0,0.0,1.0,0.0,0.0,0.5,-0.6199342747198131,-1.0,-0.5,-1.0,0.0,0.1962025316455696,0.0,0.0,0.0,0.0,0.027838329044302983,0.0,0.0,0.0,0.0,0.0,1.5409627556327752,0.0,10,2006,一般保證契約,一般交易,137900,11.834291315386718,0,0,0,1,0,0,0,0,0,0,0,0,0,0,0,0,1,0,0,0,0,0,0,1,0,1,0,0,0,0,0,0,0,0,1,0,0,0,0,0,0,0,0,0,0,0,0,0,0,0,0,0,0,0,0,0,1,0,0,0,0,0,0,0,1,0,0,0,0,0,0,0,1,0,0,0,0,0,1,0,0,0,0,0,0,1,0,0,0,0,0,0,1,0,0,0,0,0,0,0,1,0,0,0,0,0,0,0,0,0,0,0,0,0,0,0,1,0,0,0,0,0,0,0,0,0,0,0,0,0,1,0,0,0,1,0,0,0,0,0,1,0,0,0,0,1,0,0,0,0,0,1,0,0,0,0,1,0,0
1225,1,-0.5300358319518109,1.1334669582483134,0.0,0.0,-1.0,0.0,0.5,0.0,0.6666666666666666,0.2894736842105263,0.0,1.0,0.0,0.0,0.0,1.7473143510832982,0.4,0.4728789986091794,0.0,0.0,-1.3605543062443284,-0.4125560538116592,0.5,0.0,-0.7112585594630038,0.9913486140527524,0.0,0.027348947605470426,1.0,0.0,0.0,1.0,0.0,0.0,1.0,1.0,0.0,0.0,0.5,1.0,0.0,-0.39451476793248946,0.0,0.0,0.0,0.8615537516526842,0.2923750990621071,0.0,0.0,0.0,0.0,0.0,0.0,0.0,2,2008,一般保證契約,一般交易,184000,12.122696471358964,0,0,0,0,0,0,0,0,1,0,0,0,0,0,0,0,1,0,0,0,0,0,0,1,0,1,0,0,0,0,0,0,0,0,0,1,0,0,0,0,0,0,0,0,0,0,0,0,0,0,0,0,0,0,0,0,0,0,1,0,0,0,0,0,1,0,0,0,0,0,0,0,1,0,0,0,0,0,0,0,0,1,0,0,0,0,0,1,0,0,0,0,1,0,0,0,0,1,0,0,0,0,0,0,0,0,0,0,0,0,0,0,1,0,0,0,0,0,0,0,0,0,0,0,0,0,0,0,1,0,0,0,0,1,0,0,0,0,0,0,1,0,0,0,0,0,1,0,0,0,0,0,0,1,0,0,1,0,0
1226,4,-0.2564764364743176,0.20523336838296818,0.0,0.0,0.0,0.0,0.0,3.0,-0.2916666666666667,-0.9473684210526315,0.7515490593767303,0.0,0.2793713480100486,-1.0,0.0,1.7473143510832982,0.4,0.17107093184979139,0.0,0.0,-1.2227567804854653,-0.8111609367214748,0.5,0.0,0.08673597796543332,0.0,0.0,-0.5674839612262844,0.0,0.7304631471189668,-1.0,0.0,0.0,0.0,0.0,0.0,0.0,-1.0,-0.5,0.0,-1.0,-0.9177215189873418,0.0,0.0,0.0,1.0817237493984635,-0.7117967261714493,0.0,0.0,0.0,0.0,0.0,0.7304631471189668,0.0,6,2007,一般保證契約,一般交易,145000,11.884495917930655,0,0,0,0,0,0,0,0,0,0,0,0,1,0,0,0,1,0,0,0,0,0,0,1,0,1,0,0,0,0,0,0,0,0,1,0,0,0,0,0,0,0,0,0,0,0,0,0,0,0,0,0,0,0,0,0,1,0,0,0,0,0,0,0,1,0,0,0,0,0,0,0,1,0,0,0,0,0,0,0,0,0,1,0,0,1,0,0,0,0,0,0,1,0,0,0,0,1,0,0,0,0,0,0,0,0,0,0,0,0,0,0,1,0,0,0,0,0,0,0,0,0,0,0,0,0,0,0,0,0,1,0,0,0,1,0,0,0,0,0,1,0,0,0,0,0,1,0,0,0,0,0,0,1,0,0,1,0,0
1228,4,0.09830646769700241,-0.18185021814208677,0.0,0.0,0.0,0.0,-0.5,3.0,-0.14583333333333334,0.3684210526315789,1.1748641908549722,0.0,0.0,-1.0,0.0,0.0,0.2,0.29346314325452016,0.0,0.0,-0.31573572147861223,-0.1654210264075735,0.5,0.0,-0.3992397604519068,0.0,0.0,-1.0383591136589678,1.0,0.0,-1.0,0.0,-1.0,0.0,1.0,-0.5,0.0,-1.0,-0.5,-1.0,0.0,0.3987341772151899,0.0,0.0,0.0,0.0,0.6896217054887105,0.0,0.0,0.0,0.0,0.0,0.0,0.0,12,2008,一般保證契約,一般交易,147000,11.898194668458823,0,0,0,1,0,0,0,0,0,0,0,0,0,0,0,0,1,0,0,0,0,0,0,1,0,0,0,0,1,0,0,0,0,0,1,0,0,0,0,0,0,0,0,0,0,0,0,0,0,0,0,0,0,0,0,0,1,0,0,0,0,0,0,0,1,0,0,0,0,0,0,0,1,0,0,0,0,0,1,0,0,0,0,0,0,0,0,1,0,0,0,0,1,0,0,0,0,1,0,0,0,0,0,0,0,0,0,0,0,0,0,0,1,0,0,0,0,0,0,0,0,0,0,0,0,0,0,0,0,0,1,0,0,0,1,0,0,0,0,0,1,0,0,0,0,0,1,0,0,0,0,1,0,0,0,0,1,0,0
1230,2,0.0,-0.44268814395515765,0.0,0.0,0.0,0.0,-0.5,0.0,-0.25,-0.8947368421052632,0.0,0.0,0.0,-1.0,0.0,0.0,0.2,0.39221140472878996,0.0,0.0,-0.1241833362120295,0.15944195316392626,0.0,0.0,0.7270378818163772,0.0,0.0,0.05292202356761162,0.0,0.0,0.0,0.0,1.0,0.0,0.0,0.5,-0.8993056227298617,-1.0,-0.5,-1.0,-1.0,-0.3270042194092827,0.0,0.0,0.0,0.0,-0.7117967261714493,0.0,0.0,0.0,0.0,0.0,1.1943176378757763,0.0,8,2008,一般保證契約,一般交易,127000,11.751950239425476,0,0,0,0,0,0,0,0,0,0,0,0,1,0,0,0,1,0,0,0,0,0,0,1,0,1,0,0,0,0,0,0,0,0,1,0,0,0,0,0,0,0,0,0,0,0,0,0,0,0,0,0,0,0,0,0,1,0,0,0,0,0,0,0,1,0,0,0,0,0,0,0,1,0,0,0,0,0,0,0,0,0,1,0,0,1,0,0,0,0,0,0,1,0,0,0,0,0,0,0,0,0,0,0,0,0,0,0,0,0,1,0,0,0,0,0,0,0,0,0,0,0,0,0,1,0,0,0,1,0,0,0,0,0,1,0,0,0,0,0,1,0,0,0,0,0,1,0,1,0,0,0,0,0,0,0,1,0,0
1231,3,0.0247951663920471,1.652564282332506,0.0,0.0,-1.0,0.0,-0.5,0.0,0.10416666666666667,-0.4473684210526316,0.09508147794553713,0.0,0.0,0.0,0.0,0.0,0.4,0.15855354659248957,0.8104996085138084,8.22211358542376,0.2461701151458814,0.7294469357249627,0.5,0.0,0.49157778560921384,1.1362215709617711,0.0,1.3540505007739543,0.0,0.0,0.0,2.0,1.0,0.4638544907568095,0.0,3.0,0.0,0.0,0.25,0.0,0.0,0.5,0.0,0.0,-1.1943176378757763,0.9777649669238827,-0.03050025401873223,7.412004629995181,0.0,0.0,0.0,0.0,0.0,19.14275678111651,8,2007,一般保證契約,一般交易,190000,12.154784614286667,0,0,0,0,0,0,0,0,0,0,0,0,0,0,1,0,1,0,0,0,0,0,0,1,0,1,0,0,0,0,0,0,0,0,0,0,0,0,0,0,0,0,0,0,0,0,0,1,0,0,0,0,0,0,0,0,0,0,0,0,0,0,1,0,0,0,0,1,0,0,0,0,0,0,0,1,1,0,0,0,0,0,0,0,1,0,0,0,0,0,0,0,1,0,0,0,0,0,0,1,0,0,0,0,0,0,0,0,0,0,0,0,0,0,0,1,0,0,0,0,0,0,0,0,0,0,0,0,1,0,0,0,0,0,1,0,0,0,0,0,1,0,0,0,0,0,1,1,0,0,0,0,0,0,0,0,0,1,0
1232,0,0.0,-0.49504432300528284,0.0,0.0,0.0,0.0,-0.5,1.0,-0.20833333333333334,-0.8421052631578947,0.9138838108751953,0.0,0.0,-1.0,0.0,1.7473143510832982,0.2,0.5827538247566064,0.0,0.0,-0.34892098675368916,0.22122571001494767,-0.5,0.0,0.186799714119148,0.0,0.0,-0.4705294771036609,1.0,0.0,-1.0,0.0,0.0,0.0,0.0,0.0,0.0,-1.0,-0.5,-1.0,0.0,0.2468354430379747,0.0,0.0,0.0,0.0,-0.1022468213928398,0.0,0.0,0.0,0.0,0.0,1.1943176378757763,0.0,5,2006,一般保證契約,一般交易,132500,11.794345471549745,0,0,0,0,0,0,0,0,0,0,0,0,0,0,1,0,1,0,0,0,0,0,0,1,0,1,0,0,0,0,0,0,0,0,1,0,0,0,0,0,0,0,0,0,0,0,0,0,0,0,0,0,0,0,0,0,1,0,0,0,0,0,0,0,1,0,0,0,0,0,0,0,0,0,0,1,0,0,0,0,0,0,1,0,0,1,0,0,0,0,0,0,1,0,0,0,0,0,0,0,1,0,0,0,0,0,0,0,0,0,0,0,0,0,0,0,1,0,0,0,0,0,0,0,0,0,0,0,0,0,1,0,0,0,1,0,0,0,0,0,1,0,0,0,0,0,1,0,0,0,0,0,0,1,0,0,1,0,0
1234,1,0.21801994391840682,0.5581650370432315,0.0,0.0,-1.0,0.0,-0.5,0.0,-0.2708333333333333,-0.9210526315789473,1.0248235295832058,0.0,0.0,-1.0,0.0,0.0,-0.2,0.8567454798331016,0.0,0.0,-0.6858963902186918,0.3846537120079721,-1.0,0.0,0.1830204359150012,0.0,0.0,-0.47419132287040344,1.0,0.0,-1.0,0.0,0.0,0.0,0.0,0.0,0.0,-1.0,-0.5,0.0,0.0,0.2088607594936709,0.0,0.0,0.0,0.0,-0.7117967261714493,0.0,0.0,0.0,0.0,0.0,1.5409627556327752,0.0,5,2010,法院或遺產拍賣,異常交易(如法拍),142000,11.863589378812122,0,0,0,1,0,0,0,0,0,0,0,0,0,0,0,0,1,0,0,0,0,0,0,1,0,1,0,0,0,0,0,0,0,0,1,0,0,0,0,0,0,0,0,0,0,0,0,0,0,0,0,0,0,0,0,0,1,0,0,0,0,0,0,0,1,0,0,0,0,0,0,0,1,0,0,0,0,0,1,0,0,0,0,0,0,1,0,0,0,0,0,0,1,0,0,0,0,0,0,1,0,0,0,0,0,0,0,0,0,0,0,0,0,0,0,1,0,0,0,0,0,0,0,0,0,0,0,0,0,0,1,0,0,0,1,0,0,0,0,0,1,0,0,0,0,0,1,0,0,0,0,0,0,1,0,0,1,0,0
1235,1,-0.8233670642427064,-0.27303271670802054,0.0,0.0,0.0,0.0,-0.5,1.0,-1.2708333333333333,-1.1578947368421053,0.0,0.0,0.0,-1.0,0.0,1.7473143510832982,-0.6,-0.5340751043115438,0.0,0.0,0.5555742523465624,-0.1096163428001993,-0.5,-0.7304631471189668,-0.14699788025514804,1.0621584202297913,0.0,0.6625469798054681,0.0,0.0,-1.0,1.0,1.0,0.0,0.0,0.5,0.0,-1.0,-0.5,-2.0,-2.0,-2.0316455696202533,-1.5409627556327752,-1.5409627556327752,-1.1943176378757763,0.0,0.6077326368495324,0.0,0.0,0.0,0.0,0.0,0.0,0.0,11,2008,一般保證契約,異常交易(如法拍),130000,11.775297421715827,0,0,0,0,0,0,0,1,0,0,0,0,0,0,0,0,0,0,0,1,0,1,0,0,0,1,0,0,0,0,0,0,0,0,0,0,0,1,0,0,0,0,0,0,0,0,0,0,0,0,0,0,0,0,0,0,1,0,0,0,0,0,0,0,1,0,0,0,0,0,0,0,1,0,0,0,0,0,0,0,0,1,0,0,0,0,0,1,0,0,0,0,1,0,0,0,0,0,0,0,0,0,0,0,0,0,0,0,0,1,0,0,0,0,0,0,0,0,0,0,0,0,0,0,0,1,0,0,1,0,0,0,0,1,0,0,0,0,0,0,1,0,0,0,0,1,0,0,0,0,1,0,0,0,0,0,1,0,0
1236,4,1.1281128366448911,0.744053288461735,0.0,0.0,0.0,0.0,-0.5,0.0,-1.2083333333333333,-1.1578947368421053,0.0,0.0,0.0,0.0,0.0,1.0,-0.6,-0.5340751043115438,0.0,0.0,0.3592165733792255,-0.4942700548081714,0.0,0.0,-0.44702602371677896,1.0492147877981854,0.0,0.43848466915661144,0.0,0.0,-1.0,1.0,1.0,0.0,0.0,1.5,0.0,-1.0,-0.5,-1.0,-1.0,-1.2721518987341771,-0.3466451177569989,-0.3466451177569989,-1.1943176378757763,1.053350004656599,0.10653066162035559,0.0,0.0,0.0,0.0,0.0,0.0,0.0,7,2006,一般保證契約,一般交易,138887,11.841423131921784,0,0,0,0,0,0,0,1,0,0,0,0,0,0,0,0,1,0,0,0,0,0,0,1,0,1,0,0,0,0,1,0,0,0,0,0,0,0,0,0,0,0,0,0,0,0,0,0,0,0,0,0,0,0,0,0,1,0,0,0,0,0,0,0,1,0,0,0,0,0,0,0,1,0,0,0,0,0,0,0,0,1,0,0,0,0,0,1,0,0,0,0,1,0,0,0,0,0,0,0,1,0,0,0,0,0,0,0,0,0,0,0,0,0,0,0,1,0,0,0,0,0,0,0,0,0,0,0,1,0,0,0,0,0,0,0,1,0,0,0,1,0,0,0,1,0,0,0,0,0,0,1,0,0,0,0,1,0,0
1237,2,-2.1927252561687918,-2.7309011264196825,0.0,0.0,0.0,0.0,0.5,0.0,0.6458333333333334,0.23684210526315788,0.8813236641011549,1.0,0.0,0.0,0.0,0.0,-0.6,-0.5340751043115438,0.0,0.0,0.3781435659820449,-0.46038863976083705,0.5,0.0,-0.7764175324967041,1.0408214438106314,0.0,0.22537453842881294,0.0,0.0,0.0,1.0,-1.0,0.0,1.0,0.0,0.0,-1.0,-0.5,0.0,0.0,-0.03164556962025317,0.0,0.0,0.0,0.0,0.0,0.0,0.0,0.0,0.0,0.0,0.0,0.0,6,2010,一般保證契約,一般交易,175500,12.075400019877522,0,0,0,0,0,0,0,0,0,1,0,0,0,0,0,0,1,0,0,0,0,0,0,1,0,1,0,0,0,0,0,0,0,1,0,0,0,0,0,0,0,0,0,0,0,0,0,0,0,0,0,0,0,0,0,0,1,0,0,0,0,0,0,0,1,0,0,0,0,0,0,0,0,1,0,0,0,0,0,0,0,1,0,0,0,0,0,1,0,0,0,0,1,0,0,0,0,1,0,0,0,0,0,0,0,0,0,0,0,0,0,0,0,0,0,0,0,1,0,0,0,0,0,0,0,0,0,0,0,1,0,0,0,1,0,0,0,0,0,0,1,0,0,0,0,0,1,1,0,0,0,0,0,0,0,0,1,0,0
1238,3,-1.7829158340324498,0.6038454057580851,0.0,0.0,-2.338124978532008,0.0,0.5,0.0,0.6666666666666666,0.2894736842105263,0.0,1.0,0.0,0.0,0.0,0.0,-0.6,-0.5340751043115438,0.0,0.0,0.4657169235885509,-0.2949676133532636,0.5,0.0,-0.5579636378211756,1.1018257393530173,0.0,0.6433534623341977,0.0,0.0,0.0,1.0,1.0,0.0,1.0,1.0,0.0,0.0,0.5,1.0,0.0,-0.20042194092827004,0.0,0.0,0.0,0.8615537516526842,0.1584510203308132,0.0,0.0,0.0,0.0,0.0,0.0,0.0,9,2006,一般保證契約,一般交易,195000,12.180759965737863,0,0,0,0,0,0,0,0,1,0,0,0,0,0,0,0,1,0,0,0,0,0,0,1,0,0,1,0,0,0,0,0,0,0,0,0,1,0,0,0,0,0,0,0,0,0,0,0,0,0,0,0,0,0,0,0,1,0,0,0,0,0,0,0,1,0,0,0,0,0,0,0,1,0,0,0,0,0,0,0,0,1,0,0,0,0,0,1,0,0,0,0,1,0,0,0,0,1,0,0,0,0,0,0,0,0,0,0,0,0,0,0,1,0,0,0,0,0,0,0,0,0,0,0,0,0,0,0,1,0,0,0,0,1,0,0,0,0,0,0,1,0,0,0,0,0,1,1,0,0,0,0,0,0,0,0,1,0,0
1239,4,-0.3637131127598576,0.7329233285656729,0.0,0.0,0.0,0.0,0.0,0.0,0.6875,0.2894736842105263,0.0,1.0,0.0,0.0,0.0,0.0,-0.6,-0.5340751043115438,0.0,0.0,0.7265189223251094,0.2909815645241654,0.5,0.0,0.09261336322475432,0.0,0.0,-0.5617892022885208,0.0,0.0,-1.0,1.0,0.0,0.0,0.0,0.0,0.0,-1.0,-0.5,-1.0,0.0,0.010548523206751054,0.0,0.0,0.0,0.0,-0.7117967261714493,0.0,0.0,0.0,0.0,0.0,0.0,0.0,3,2006,一般保證契約,異常交易(如法拍),142500,11.86710429621008,0,0,0,1,0,0,0,0,0,0,0,0,0,0,0,0,1,0,0,0,0,0,0,1,0,1,0,0,0,0,0,0,0,0,0,0,0,0,0,0,0,0,0,0,0,0,0,0,0,0,0,0,0,1,0,0,0,0,0,1,0,0,0,0,1,0,0,0,0,0,0,0,1,0,0,0,0,0,1,0,0,0,0,0,0,0,0,1,0,0,0,0,1,0,0,0,0,1,0,0,0,0,0,0,0,0,0,0,0,0,0,0,1,0,0,0,0,0,0,0,0,0,0,0,0,0,0,0,1,0,0,0,0,1,0,0,0,0,0,0,1,0,0,0,0,0,1,0,0,0,0,1,0,0,0,0,1,0,0
1240,1,-0.3097441784624688,-0.1395518002259457,0.0,0.0,-1.0,0.0,1.0,0.0,0.7083333333333334,0.3157894736842105,0.5983935756655828,1.0,0.0,0.0,0.0,1.7473143510832982,0.4,0.061196105702364396,0.0,0.0,0.6509012050496036,0.9586447433981067,0.5,0.0,0.6912683670571781,0.0,0.0,0.018263964773292146,0.0,0.0,0.0,0.0,-1.0,0.0,2.0,0.0,0.0,0.0,0.5,0.0,0.0,-0.04008438818565401,0.0,0.0,0.0,0.9089310139773353,0.053473669938861615,0.0,0.0,0.0,0.0,0.0,0.0,0.0,12,2007,一般保證契約,一般交易,265900,12.490879338036375,0,0,0,1,0,0,0,0,0,0,0,0,0,0,0,0,1,0,0,0,0,0,1,0,0,1,0,0,0,0,0,0,0,0,0,0,0,0,0,0,0,0,0,1,0,0,0,0,0,0,0,0,0,0,0,0,1,0,0,0,0,0,0,0,1,0,0,0,0,0,0,0,1,0,0,0,0,0,1,0,0,0,0,0,0,1,0,0,0,0,0,0,1,0,0,0,0,1,0,0,0,0,0,0,0,0,0,0,0,0,0,0,1,0,0,0,0,0,0,0,0,0,0,0,0,0,0,0,0,0,1,0,0,1,0,0,0,0,0,0,1,0,0,0,0,0,1,0,0,0,0,0,0,1,0,0,1,0,0
1242,4,0.6013158959809177,0.05951134089212869,0.0,0.0,0.0,0.0,0.5,1.0,0.7291666666666666,0.34210526315789475,0.0,1.0,0.0,0.0,0.0,1.7473143510832982,-0.6,-0.5340751043115438,0.0,0.0,1.0881891230618148,1.3831589436970604,0.5,0.0,0.994808575312224,0.0,0.0,0.3123723544163982,0.0,0.0,0.0,0.0,0.0,0.0,1.0,0.5,0.0,-1.0,-0.5,0.0,1.0,1.9936708860759493,0.0,0.0,0.0,0.0,0.2036034778236525,0.0,0.0,0.0,0.0,0.0,0.0,0.0,6,2007,新屋,預售屋(估價時未完工),248328,12.42250975887691,0,0,0,1,0,0,0,0,0,0,0,0,0,0,0,0,1,0,0,0,0,0,0,1,0,1,0,0,0,0,0,0,0,0,0,0,0,0,0,0,0,0,0,0,0,0,0,0,0,0,1,0,0,0,0,0,1,0,0,0,0,0,0,0,1,0,0,0,0,0,0,0,1,0,0,0,0,0,1,0,0,0,0,0,0,1,0,0,0,0,0,0,1,0,0,0,0,1,0,0,0,0,0,0,0,0,0,0,0,0,0,0,1,0,0,0,0,0,0,0,0,0,0,0,0,0,0,0,0,1,0,0,0,1,0,0,0,0,0,0,1,0,0,0,0,0,1,0,0,0,0,0,0,1,0,0,1,0,0
1243,3,0.6866853341578308,0.23711394213468745,0.0,0.0,0.0,0.0,0.5,1.0,0.041666666666666664,-0.5263157894736842,0.8128810184294352,0.0,0.0,0.0,0.0,2.3495966477454164,0.4,0.6968011126564673,0.4638544907568095,7.724358962810531,-3.1687229326517117,0.11559541604384654,-0.5,0.0,0.1545023165469545,0.0,0.0,-0.5018233068214017,1.0,0.0,0.0,0.0,0.0,0.0,1.0,0.0,0.0,1.0,0.25,0.0,0.0,0.1962025316455696,0.0,0.0,0.0,0.0,0.44423404373352443,0.0,0.0,0.0,0.0,0.0,1.5409627556327752,0.0,1,2010,一般保證契約,親友交易,170000,12.04355959836804,0,0,0,0,0,0,0,0,0,0,0,0,0,1,0,0,1,0,0,0,0,0,0,1,0,1,0,0,0,0,0,0,0,0,0,0,0,0,0,0,0,0,0,0,0,0,0,0,0,0,0,0,1,0,0,0,1,0,0,0,0,0,0,0,1,0,0,0,0,0,0,0,1,0,0,0,0,0,0,0,0,0,0,1,0,0,0,1,0,0,0,0,1,0,0,0,0,0,0,1,0,0,0,0,0,0,0,0,0,0,0,0,0,0,0,1,0,0,0,0,0,0,0,0,0,0,0,0,0,0,1,0,0,0,1,0,0,0,0,0,1,0,0,0,0,0,1,0,0,0,0,0,0,1,0,0,1,0,0
1245,0,-0.10068914480903793,0.41110333132856614,0.0,0.0,-1.0,-0.4638544907568095,1.0,2.0,-0.8958333333333334,-1.1578947368421053,0.0,0.0,0.0,0.0,0.0,0.0,-0.6,-0.5340751043115438,0.0,0.0,0.40855198723277064,-0.4045839561534629,-1.0,0.0,-0.7005629777015865,0.9990152758899787,0.0,0.0678507597614891,0.0,0.0,-1.0,0.0,0.0,0.0,1.0,0.5,0.0,1.0,0.5,-1.0,0.0,-0.3438818565400844,0.0,0.0,0.0,0.0,-0.7117967261714493,0.0,0.0,0.0,0.0,0.0,0.0,0.0,6,2006,一般保證契約,一般交易,230000,12.345838935721968,0,0,0,0,0,0,0,1,0,0,0,0,0,0,0,0,1,0,0,0,0,0,1,0,0,0,0,0,1,0,1,0,0,0,0,0,0,0,0,0,0,0,0,0,0,0,0,0,0,0,0,0,0,0,0,0,1,0,0,0,0,0,0,0,1,0,0,0,0,0,0,0,1,0,0,0,0,0,0,0,0,1,0,0,0,0,0,1,0,0,0,0,1,0,0,0,0,0,0,0,0,0,0,0,0,0,0,0,0,0,1,0,0,0,0,0,0,0,0,0,1,0,0,0,0,0,0,0,1,0,0,0,0,1,0,0,0,0,0,0,1,0,0,0,0,0,1,0,0,0,0,1,0,0,0,0,1,0,0
1246,1,0.3800798242425943,0.5442960117160683,0.0,0.0,0.0,0.0,0.0,2.0,0.25,0.23684210526315788,0.7905358876825718,0.0,0.0,0.0,0.0,0.0,-0.6,-0.5340751043115438,0.0,0.0,0.1577036152224375,-0.817140009965122,0.5,0.0,0.09065569452405733,1.0,0.0,0.5453277924027831,0.0,0.0,1.0,1.0,0.0,0.0,0.0,0.5,0.0,0.0,0.25,1.0,0.0,-0.0189873417721519,0.0,0.0,0.0,1.1345322452704776,0.4212280429722673,0.0,0.0,7.440766394665013,0.0,0.0,0.0,0.0,1,2007,一般保證契約,異常交易(如法拍),178000,12.08954444723597,0,0,0,0,0,0,0,0,0,0,0,0,1,0,0,0,1,0,0,0,0,0,0,1,0,1,0,0,0,0,0,0,0,0,0,0,0,0,0,0,0,0,0,0,0,0,0,0,0,0,0,0,1,0,0,0,1,0,0,0,0,0,0,0,1,0,0,0,0,0,0,0,1,0,0,0,0,0,0,0,0,0,1,0,0,1,0,0,0,0,0,0,1,0,0,0,0,1,0,0,0,0,0,0,0,0,0,0,0,0,0,0,1,0,0,0,0,0,0,0,0,0,0,0,0,0,0,0,0,0,1,0,0,0,1,0,0,0,0,0,1,0,0,0,0,0,1,1,0,0,0,0,0,0,0,0,1,0,0
1247,0,-0.2564764364743176,-0.3821419792718811,0.0,0.0,0.0,0.0,0.5,0.0,0.6875,0.3157894736842105,0.0,1.0,0.0,0.0,0.0,0.0,-0.6,-0.5340751043115438,0.0,0.0,0.36928176307796956,-0.4763328350772297,0.5,0.0,-0.7985235178232089,1.0217492802204184,0.0,0.1209111559901028,0.0,0.0,0.0,1.0,0.0,0.0,1.0,0.0,0.0,-1.0,-0.5,0.0,0.0,0.5632911392405063,0.0,0.0,0.0,0.0,0.139889170134574,0.0,0.0,0.0,0.0,0.0,0.0,0.0,3,2006,新屋,預售屋(估價時未完工),186500,12.136191879981927,0,0,0,0,0,0,0,0,1,0,0,0,0,0,0,0,0,0,1,0,0,0,0,1,0,1,0,0,0,0,0,0,0,0,0,0,0,0,0,0,0,0,0,0,0,0,0,0,0,0,1,0,0,0,0,0,1,0,0,0,0,0,0,0,1,0,0,0,0,0,0,0,1,0,0,0,0,0,0,0,0,1,0,0,0,0,0,1,0,0,0,0,1,0,0,0,0,1,0,0,0,0,0,0,0,0,0,0,0,0,0,0,1,0,0,0,0,0,0,0,0,0,0,0,0,0,0,0,1,0,0,0,0,1,0,0,0,0,0,0,1,0,0,0,0,0,1,0,0,0,0,0,0,1,0,0,1,0,0
1248,0,0.04944338438861053,0.5911758750497256,0.0,0.0,-1.0,0.0,0.0,0.0,0.08333333333333333,-0.47368421052631576,1.2088475803291783,0.0,0.0,-1.0,0.0,1.7473143510832982,0.4,0.21557719054242003,0.0,0.0,-0.011522009173383009,0.03388141504733433,-0.5,0.0,-0.1256337732175213,0.0,0.0,-0.7732548074953391,1.0,0.0,-1.0,0.0,0.0,0.0,0.0,0.0,0.0,-1.0,-0.5,-1.0,1.0,1.7151898734177216,0.0,0.0,0.0,0.0,-0.7117967261714493,0.0,0.0,0.0,0.0,0.0,0.0,0.0,5,2010,一般保證契約,一般交易,169900,12.042971193457888,0,0,0,0,0,0,0,0,0,0,0,0,1,0,0,0,1,0,0,0,0,0,0,1,0,1,0,0,0,0,0,0,0,0,0,0,0,0,0,0,0,0,0,0,0,0,1,0,0,0,0,0,0,0,0,0,1,0,0,0,0,0,0,0,1,0,0,0,0,0,0,0,1,0,0,0,0,0,0,0,0,0,1,0,0,0,0,1,0,0,0,0,1,0,0,0,0,0,0,0,0,0,0,0,0,0,0,0,1,0,0,0,0,0,0,0,0,0,0,0,0,0,0,0,1,0,0,0,0,0,1,0,0,0,1,0,0,0,0,0,1,0,0,0,0,0,1,0,0,0,0,0,0,1,0,0,1,0,0
1249,2,-0.5300358319518109,0.0,0.0,0.7304631471189668,0.0,0.0,0.0,0.0,-1.1458333333333333,-1.1578947368421053,0.0,0.0,0.0,0.0,0.0,0.0,-0.2,-0.09040333796940195,0.0,0.0,-0.11116042974570488,-0.5181863477827603,-1.0,-0.7304631471189668,0.07887896169490478,1.057907530543754,0.0,0.7726986502415342,0.0,0.0,-1.0,1.0,0.0,0.0,0.0,1.0,0.0,0.0,0.5,-1.0,0.0,-0.36075949367088606,-0.3466451177569989,-0.3466451177569989,-0.4638544907568095,0.0,-0.7117967261714493,8.684972117808226,0.0,0.0,0.0,0.0,0.0,0.0,4,2008,一般保證契約,一般交易,129500,11.771443882099637,0,0,0,0,0,0,1,0,0,0,0,0,0,0,0,1,0,0,0,0,0,0,0,1,0,1,0,0,0,0,0,0,0,0,0,0,0,0,0,0,0,0,0,0,0,0,0,0,1,0,0,0,0,0,0,0,1,0,0,0,0,0,0,0,1,0,0,0,0,0,0,0,1,0,0,0,0,0,0,0,1,0,0,0,0,0,0,1,0,0,0,0,1,0,0,0,0,0,0,0,0,0,0,0,0,0,0,1,0,0,0,0,0,0,0,0,0,0,0,0,0,0,0,1,0,0,0,0,1,0,0,0,0,0,0,0,1,0,0,0,0,0,1,0,0,0,1,0,0,0,0,1,0,0,0,0,1,0,0
1251,3,1.0121258590460687,0.35324195458069413,0.0,0.0,0.0,0.0,0.5,0.0,-0.08333333333333333,-0.6842105263157895,0.0,1.0,0.0,-1.0,0.0,0.0,0.2,0.9471488178025035,0.0,0.0,0.6483684308449313,2.2222222222222223,0.5,0.0,1.5309034513997404,0.0,0.0,0.831809306800445,1.0,0.0,0.0,1.0,0.0,0.0,2.0,1.0,0.0,1.0,0.25,1.0,0.0,0.17088607594936708,0.0,0.0,0.0,0.0,-0.7117967261714493,0.0,0.0,0.0,0.0,0.0,0.0,0.0,4,2010,一般保證契約,一般交易,244000,12.404927602627597,0,0,0,1,0,0,0,0,0,0,0,0,0,0,0,0,1,0,0,0,0,0,0,1,0,0,0,0,1,0,0,0,0,0,1,0,0,0,0,0,0,0,0,0,0,0,0,0,0,0,0,0,0,0,0,0,1,0,0,0,0,0,0,0,1,0,0,0,0,0,0,0,1,0,0,0,0,0,1,0,0,0,0,0,0,1,0,0,0,0,0,0,1,0,0,0,0,0,0,0,0,0,0,0,0,0,0,0,0,0,1,0,0,0,0,0,0,0,0,0,0,0,0,0,0,0,1,0,1,0,0,0,0,0,1,0,0,0,0,0,1,0,0,0,0,0,1,0,0,0,0,0,0,1,0,0,1,0,0
1252,1,0.9529479157311267,-2.388930332967309,0.0,0.0,-1.0,0.0,0.5,0.0,0.6458333333333334,0.23684210526315788,0.9970294404182578,1.0,0.0,0.0,0.0,0.0,-0.6,-0.5340751043115438,0.0,0.0,0.9157721220693895,0.817140009965122,0.5,0.0,0.5647101252298264,0.0,0.0,-0.1043617687790483,0.0,0.0,0.0,0.0,-1.0,0.0,1.0,0.0,0.0,0.0,0.5,0.0,0.0,-0.014767932489451477,0.0,0.0,0.0,0.965131684869413,0.07725337927507323,0.0,0.0,0.0,0.0,0.0,0.0,0.0,3,2006,一般保證契約,一般交易,171750,12.053801032483948,0,0,0,0,0,1,0,0,0,0,0,0,0,0,0,0,1,0,0,0,0,0,0,1,0,0,0,0,1,0,0,0,0,1,0,0,0,0,0,0,0,0,0,0,0,0,0,0,0,0,0,0,0,0,0,0,1,0,0,0,0,0,0,0,1,0,0,0,0,0,0,0,0,0,1,0,0,0,1,0,0,0,0,0,0,0,0,1,0,0,0,0,1,0,0,0,0,1,0,0,0,0,0,0,0,0,0,0,0,0,0,0,0,0,0,0,0,1,0,0,0,0,0,0,0,0,0,0,0,1,0,0,0,1,0,0,0,0,0,0,1,0,0,0,0,0,1,0,0,0,0,0,0,1,0,0,1,0,0
1254,4,-0.10068914480903793,1.4635270535517806,0.0,0.0,-1.0,0.0,0.5,2.0,0.041666666666666664,0.23684210526315788,0.0,1.0,0.0,-1.0,0.0,2.3495966477454164,-0.4,-0.36022253129346316,1.3251783909391408,12.211538234168557,-1.6754662330533088,0.3926258096661684,-0.5,0.0,0.7409085104771698,0.9735572399242599,0.0,0.8951983937838871,1.0,0.0,0.0,1.0,0.0,0.0,1.0,1.5,0.0,1.0,0.5,0.0,0.0,0.1540084388185654,0.0,0.0,0.0,1.076498012198429,0.1523737627606483,0.0,0.0,0.0,0.0,0.0,1.5409627556327752,0.0,7,2007,一般保證契約,一般交易,294000,12.591338447675579,0,0,0,0,0,0,0,0,1,0,0,0,0,0,0,0,1,0,0,0,0,0,0,1,0,1,0,0,0,0,0,0,0,0,0,0,0,0,0,0,0,0,1,0,0,0,0,0,0,0,0,0,0,0,0,0,1,0,0,0,0,0,0,0,1,0,0,0,0,0,0,0,1,0,0,0,0,0,0,0,0,1,0,0,0,0,0,1,0,0,0,0,1,0,0,0,0,0,0,0,1,0,0,0,0,0,0,0,0,0,0,0,0,0,0,0,1,0,0,0,0,0,0,0,0,0,0,0,1,0,0,0,0,0,1,0,0,0,0,0,1,0,0,0,0,0,1,0,0,0,0,0,0,1,0,0,1,0,0
1255,4,-0.5300358319518109,-0.7374475672490829,0.0,0.0,0.0,0.0,0.5,0.0,0.6458333333333334,0.2631578947368421,0.8449166955588374,1.0,0.0,0.0,0.0,0.0,-0.6,-0.5340751043115438,0.0,0.0,0.35809187402268833,-0.4962630792227205,0.5,0.0,-0.7874458337281989,1.0503157232589433,0.0,0.267152617087611,0.0,0.0,0.0,1.0,0.0,0.0,1.0,0.5,0.0,0.0,0.5,1.0,0.0,-0.35654008438818563,0.0,0.0,0.0,1.0161348417391396,0.46598153185713964,0.0,0.0,0.0,0.0,0.0,0.0,0.0,7,2008,一般保證契約,一般交易,165400,12.016128107502665,0,0,0,0,0,0,0,0,1,0,0,0,0,0,0,0,1,0,0,0,0,0,0,1,0,1,0,0,0,0,0,0,0,0,0,0,0,0,0,0,0,1,0,0,0,0,0,0,0,0,0,0,0,0,0,0,1,0,0,0,0,0,0,0,1,0,0,0,0,0,0,0,1,0,0,0,0,0,0,0,0,1,0,0,0,0,0,1,0,0,0,0,1,0,0,0,0,1,0,0,0,0,0,0,0,0,0,0,0,0,0,0,1,0,0,0,0,0,0,0,0,0,0,0,0,0,0,0,0,1,0,0,0,1,0,0,0,0,0,0,1,0,0,0,0,0,1,1,0,0,0,0,0,0,0,0,1,0,0
1256,0,-1.010234332078765,-0.9676140018005939,0.0,0.0,0.0,0.0,0.0,1.0,-0.8541666666666666,-1.1578947368421053,0.0,0.0,0.0,-1.0,-0.3466451177569989,0.0,-0.4,0.05702364394993046,0.0,0.0,-0.035009692130039745,-0.22122571001494767,-0.5,0.0,-0.2903513551818602,0.8677586115353974,0.0,-0.1654454011466047,0.0,0.0,-1.0,0.0,0.0,0.0,0.0,0.0,0.0,0.0,0.5,-1.0,-1.0,0.33122362869198313,0.0,0.0,0.0,0.0,-0.7117967261714493,0.0,0.0,7.020909424392294,0.0,0.0,0.0,0.0,11,2007,一般保證契約,一般交易,127500,11.755879486687116,1,0,0,0,0,0,0,0,0,0,0,0,0,0,0,1,0,0,0,0,0,0,0,1,0,1,0,0,0,0,0,0,0,0,0,0,0,0,0,1,0,0,0,0,0,0,0,0,0,0,0,0,0,0,0,0,1,0,0,0,0,0,0,0,1,0,0,0,0,0,0,0,1,0,0,0,1,0,0,0,0,0,0,0,0,0,0,1,0,0,0,0,1,0,0,0,0,0,0,0,1,0,0,0,0,0,0,0,0,0,0,0,0,0,0,0,1,0,0,0,0,0,0,0,0,0,0,0,1,0,0,0,0,0,0,0,1,0,0,0,1,0,0,0,0,1,0,0,0,0,0,1,0,0,0,0,1,0,0
1257,1,0.9330406239737735,0.9530601927773937,0.0,0.0,-1.0,0.0,1.0,0.0,0.4583333333333333,0.0,1.3712070110190953,1.0,0.0,0.0,0.0,2.3495966477454164,0.4,1.2934631432545203,0.0,0.0,0.27108020568405655,1.9750871948181365,0.5,0.0,1.3844496634652768,0.0,0.0,0.6899062357900099,1.0,0.0,0.0,0.0,-1.0,0.0,1.0,0.5,0.0,0.0,0.25,1.0,0.0,0.8839662447257384,0.0,0.0,0.0,1.1277845744160684,0.07725337927507323,0.0,0.0,0.0,0.0,0.0,0.0,0.0,8,2008,一般保證契約,一般交易,301500,12.616528611893463,0,0,0,1,0,0,0,0,0,0,0,0,0,0,0,0,1,0,0,0,0,0,0,1,0,0,0,0,1,0,0,0,1,0,0,0,0,0,0,0,0,0,0,0,0,0,0,0,0,0,0,0,0,0,0,0,1,0,0,0,0,0,0,0,1,0,0,0,0,0,0,0,1,0,0,0,0,0,1,0,0,0,0,0,0,1,0,0,0,0,0,0,1,0,0,0,0,0,0,0,0,0,0,0,0,0,0,0,1,0,0,0,0,0,0,0,0,0,0,0,0,0,0,0,1,0,0,0,0,0,1,0,0,1,0,0,0,0,0,0,1,0,0,0,0,0,1,0,0,0,0,0,0,1,0,0,1,0,0
1258,2,-0.7629679606273453,-1.8726174814543015,0.0,0.0,0.0,0.0,-0.5,3.0,-1.0416666666666667,-1.1578947368421053,0.0,0.0,0.0,-2.24080411332851,0.0,0.0,-0.6,-0.5340751043115438,0.0,0.0,0.4827482229575692,-0.2610861983059293,0.5,0.0,-0.5154786426099094,0.0,0.0,-1.1509861380717596,0.0,0.0,-1.0,0.0,-1.0,0.0,0.0,-1.0,0.0,-1.0,-0.5,-2.0,-2.0,-2.0316455696202533,-1.5409627556327752,-1.5409627556327752,0.0,0.0,0.37072152355335625,0.0,0.0,0.0,0.0,0.0,0.0,0.0,7,2009,一般保證契約,一般交易,99900,11.511934974596555,0,0,1,0,0,0,0,0,0,0,0,0,0,0,0,0,1,0,0,0,0,0,0,1,0,0,0,0,1,0,0,0,0,0,0,0,0,0,0,0,0,1,0,0,0,0,0,0,0,0,0,0,0,0,0,0,0,0,0,0,0,0,1,0,1,0,0,0,0,0,0,0,1,0,0,0,0,0,1,0,0,0,0,0,0,0,0,1,0,0,0,0,1,0,0,0,0,0,0,0,1,0,0,0,0,0,0,0,0,0,0,0,0,0,0,0,1,0,0,0,0,0,0,0,0,0,0,0,1,0,0,0,0,1,0,0,0,0,0,0,1,0,0,0,0,0,1,0,0,0,1,0,0,0,0,0,1,0,0
1259,0,-0.5870231824252673,-0.003142905273936369,0.0,0.0,-1.0,0.0,0.5,0.0,0.6875,0.2894736842105263,1.02794579893367,1.0,0.0,0.0,0.0,2.3495966477454164,0.4,0.3769123783031989,0.0,0.0,-0.6401664747870504,-0.27703039362232185,0.5,0.0,0.14108773727109764,0.0,0.0,-0.5148210586884197,1.0,0.0,0.0,0.0,-1.0,0.0,1.0,-0.5,0.0,-1.0,-0.5,1.0,0.0,-0.3438818565400844,0.0,0.0,0.0,1.0658006809230895,-0.7117967261714493,0.0,0.0,0.0,0.0,0.0,0.0,0.0,7,2008,一般保證契約,一般交易,190000,12.154784614286667,0,0,0,0,0,0,0,0,0,0,0,0,1,0,0,0,1,0,0,0,0,0,0,1,0,1,0,0,0,0,0,0,0,0,0,1,0,0,0,0,0,0,0,0,0,0,0,0,0,0,0,0,0,0,0,0,1,0,0,0,0,0,0,0,1,0,0,0,0,0,0,0,1,0,0,0,0,0,0,0,0,0,1,0,0,0,0,1,0,0,0,0,1,0,0,0,0,1,0,0,0,0,0,0,0,0,0,0,0,0,0,0,1,0,0,0,0,0,0,0,0,0,0,0,0,0,0,0,0,1,0,0,0,1,0,0,0,0,0,0,1,0,0,0,0,0,1,0,0,0,0,0,0,1,0,0,1,0,0
1260,2,-0.2564764364743176,0.03600505670095226,0.0,0.0,0.0,0.0,0.0,3.0,-0.0625,-0.6578947368421053,0.0,0.0,0.0,0.0,0.0,0.0,0.2,0.3031988873435327,0.4638544907568095,9.939845154868246,-2.1277217314668775,0.11758844045839562,0.0,0.0,-0.08342669627006696,0.0,0.0,-0.7323592190528082,1.0,0.0,-1.0,1.0,0.0,0.0,0.0,0.0,0.0,-1.0,-0.5,-1.0,0.0,-0.09071729957805907,0.0,0.0,0.0,1.019269494444633,-0.7117967261714493,0.0,0.0,6.221213632878419,0.0,0.0,0.0,0.0,7,2008,一般保證契約,一般交易,151000,11.92504173829169,0,0,0,1,0,0,0,0,0,0,0,0,0,0,0,0,1,0,0,0,0,0,0,1,0,0,1,0,0,0,0,0,0,0,1,0,0,0,0,0,0,0,0,0,0,0,0,0,0,0,0,0,0,0,0,0,1,0,0,0,0,0,0,0,1,0,0,0,0,0,0,0,1,0,0,0,0,0,1,0,0,0,0,0,0,0,0,1,0,0,0,0,1,0,0,0,0,0,0,0,0,0,0,0,0,0,0,0,1,0,0,0,0,0,0,0,0,0,0,0,0,0,0,0,1,0,0,0,1,0,0,0,0,0,1,0,0,0,0,0,1,0,0,0,0,0,1,0,0,0,0,0,0,1,0,0,1,0,0
1261,3,-0.2564764364743176,2.3532022659999354,0.0,0.0,-4.4453611970759175,0.0,0.0,0.0,0.5625,0.13157894736842105,0.0,0.0,0.0,0.0,0.0,0.0,-0.6,-0.5340751043115438,0.0,0.0,0.45963654815525723,-0.30692575984055803,0.5,0.0,-0.44702602371677896,1.0174693388517164,0.0,0.2932807074243089,0.0,0.0,0.0,1.0,0.0,0.0,0.0,0.5,0.0,0.0,0.25,1.0,0.0,0.08649789029535865,0.0,0.0,0.0,0.0,0.39362867189319584,0.0,0.0,0.0,0.0,0.0,0.0,0.0,6,2009,一般保證契約,一般交易,181000,12.10625783509458,0,0,0,0,0,0,0,0,1,0,0,0,0,0,0,0,1,0,0,0,0,0,0,1,0,0,0,1,0,0,0,0,0,0,0,1,0,0,0,0,0,0,0,0,0,0,0,0,0,0,0,0,0,0,0,0,0,0,1,0,0,0,0,0,1,0,0,0,0,0,0,0,1,0,0,0,0,0,0,0,0,1,0,0,0,0,0,1,0,0,0,0,1,0,0,0,0,1,0,0,0,0,0,0,0,0,0,0,0,0,0,0,1,0,0,0,0,0,0,0,0,0,0,0,0,0,0,0,1,0,0,0,0,1,0,0,0,0,0,0,1,0,0,0,0,0,1,1,0,0,0,0,0,0,0,0,1,0,0
1262,0,0.469964168048189,0.0,0.0,0.0,0.0,0.0,-0.5,1.0,-0.3333333333333333,-1.0,0.0,0.0,0.0,-1.0,0.0,0.0,-0.2,0.16689847009735745,0.0,0.0,0.10216621793957156,0.1096163428001993,0.0,0.0,-0.09181337468455276,0.0,0.0,-0.7404853005927751,0.0,0.0,-1.0,0.0,-1.0,0.0,0.0,-0.5,0.0,-1.0,-0.5,-1.0,-1.0,-0.6054852320675106,0.0,0.0,0.0,0.0,-0.7117967261714493,0.0,0.0,0.0,0.0,0.0,0.0,0.0,6,2009,一般保證契約,一般交易,128900,11.766799946849087,0,0,0,1,0,0,0,0,0,0,0,0,0,0,0,0,1,0,0,0,0,0,0,1,0,1,0,0,0,0,0,0,0,0,1,0,0,0,0,0,0,0,0,0,0,0,0,0,0,0,0,0,0,0,0,0,1,0,0,0,0,0,0,0,1,0,0,0,0,0,0,0,1,0,0,0,0,0,1,0,0,0,0,0,0,1,0,0,0,0,0,0,1,0,0,0,0,0,0,0,0,0,0,0,0,0,0,0,0,1,0,0,0,0,0,0,0,0,0,0,0,0,0,0,0,1,0,0,1,0,0,0,0,0,1,0,0,0,0,0,1,0,0,0,0,0,1,0,0,0,0,0,0,1,0,0,1,0,0
1263,0,0.469964168048189,0.37231052793405106,0.0,0.0,0.0,0.0,-1.0,0.0,-0.3125,-0.13157894736842105,0.0,0.0,0.0,-1.0,0.0,1.7473143510832982,-0.6,-0.5340751043115438,0.0,0.0,0.6970847798797646,0.21723966118584953,0.5,0.0,0.019189170874932143,0.9851984460507637,0.0,0.44366836073422494,1.0,0.0,-1.0,0.0,2.0,0.0,0.0,1.0,-0.3846268403045294,1.0,0.25,-1.0,-1.0,-0.7489451476793249,0.0,0.0,0.0,0.9089310139773353,-0.7117967261714493,0.0,0.0,0.0,0.0,0.0,0.0,0.0,11,2009,一般保證契約,一般交易,161500,11.992266613576142,1,0,0,0,0,0,0,0,0,0,0,0,0,0,0,0,1,0,0,0,0,0,0,1,0,1,0,0,0,0,0,0,0,0,0,0,0,0,0,0,0,0,0,0,1,0,0,0,0,0,0,0,0,0,0,0,1,0,0,0,0,0,0,0,1,0,0,0,0,0,0,0,1,0,0,0,1,0,0,0,0,0,0,0,0,0,0,1,0,0,0,0,1,0,0,0,0,0,0,0,1,0,0,0,0,0,0,0,0,0,0,0,0,0,0,0,1,0,0,0,0,0,0,0,0,0,0,0,1,0,0,0,0,0,1,0,0,0,0,0,1,0,0,0,0,1,0,0,0,0,0,0,0,1,0,0,1,0,0
1264,2,-0.5300358319518109,0.8140980862188105,0.0,1.1943176378757763,0.0,0.0,0.0,1.0,-1.1041666666666667,-1.1578947368421053,0.0,0.0,0.0,-1.0,0.0,0.0,-0.6,-0.5340751043115438,0.0,0.0,0.3781435659820449,-0.46038863976083705,0.5,0.0,-0.0708972161331817,1.0115557190575135,0.0,0.4898834988335966,0.0,0.0,-1.0,0.0,0.0,0.0,0.0,1.0,0.0,0.0,0.5,-1.0,0.0,0.16244725738396623,0.0,0.0,-1.1943176378757763,0.0,-0.7117967261714493,7.120635667155019,0.0,0.0,0.0,0.0,1.8203341036428238,0.0,7,2007,一般保證契約,一般交易,180500,12.103491596905931,0,0,0,0,0,0,0,1,0,0,0,0,0,0,0,0,1,0,0,0,0,0,0,1,0,1,0,0,0,0,0,0,0,0,0,0,0,0,0,1,0,0,0,0,0,0,0,0,0,0,0,0,0,0,0,0,1,0,0,0,0,0,0,0,1,0,0,0,0,0,0,0,1,0,0,0,0,0,0,0,0,1,0,0,0,0,0,0,0,1,0,0,1,0,0,0,0,0,0,0,1,0,0,0,0,0,0,0,0,0,0,0,0,0,0,0,1,0,0,0,0,0,0,0,0,0,0,0,1,0,0,0,0,1,0,0,0,0,0,0,1,0,0,0,0,1,0,0,0,0,0,1,0,0,0,0,1,0,0
1265,0,-2.3699496433131446,-1.8726174814543015,0.0,0.0,0.0,0.0,0.0,0.0,0.5416666666666666,0.13157894736842105,0.0,1.0,0.0,0.0,0.0,0.0,0.4,-0.16411682892906815,0.0,0.0,0.7249487648954376,0.817140009965122,0.5,0.0,0.45083692150449306,0.0,0.0,-0.2146966228126816,1.0,0.0,0.0,0.0,-1.0,0.0,1.0,-0.5,0.0,-1.0,-0.5,1.0,0.0,0.12447257383966245,0.0,0.0,0.0,0.9576843843402714,0.26213018994900694,0.0,0.0,0.0,0.0,0.0,0.0,0.0,8,2008,法院或遺產拍賣,異常交易(如法拍),181000,12.10625783509458,0,0,0,0,0,1,0,0,0,0,0,0,0,0,0,0,0,0,0,1,0,0,0,1,0,1,0,0,0,0,0,0,0,0,1,0,0,0,0,0,0,0,0,0,0,0,0,0,0,0,0,0,0,0,0,0,1,0,0,0,0,0,0,0,1,0,0,0,0,0,0,0,0,0,1,0,0,0,1,0,0,0,0,0,0,0,0,1,0,0,0,0,1,0,0,0,0,0,0,0,0,0,0,0,0,0,0,0,0,1,0,0,0,0,0,0,0,0,0,0,0,0,0,0,0,1,0,0,1,0,0,0,0,1,0,0,0,0,0,0,1,0,0,0,0,0,1,0,0,0,0,0,0,1,0,0,1,0,0
1267,2,-0.5300358319518109,0.12284473891027622,0.0,0.0,-1.0,0.0,0.5,-1.0,-1.2916666666666667,-1.1578947368421053,0.0,-1.24080411332851,0.0,-1.0,0.0,0.0,-0.6,-0.5340751043115438,0.0,0.0,0.5416071168714776,-0.1395117090184355,-0.5,-0.7304631471189668,-0.2790358525818047,1.0581750349588444,0.0,0.5713996368333765,0.0,0.0,-1.0,1.0,1.0,0.4638544907568095,0.0,1.5,0.0,0.0,0.5,-1.0,-1.0,-0.7320675105485233,0.0,0.0,-1.1943176378757763,0.0,-0.7117967261714493,8.728897992374552,0.0,0.0,0.0,0.0,1.5409627556327752,0.0,1,2007,一般保證契約,一般交易,122000,11.711784520403112,0,0,0,0,0,0,0,0,0,0,1,0,0,0,0,1,0,0,0,0,0,1,0,0,0,1,0,0,0,0,0,0,0,0,0,0,0,0,0,0,0,0,0,0,0,0,0,0,1,0,0,0,0,0,0,0,0,0,0,0,0,0,1,0,1,0,0,0,0,0,0,1,0,0,0,0,0,0,0,0,1,0,0,0,0,1,0,0,0,0,0,0,1,0,0,0,0,0,0,0,1,0,0,0,0,0,0,0,0,0,0,0,0,0,0,0,1,0,0,0,0,0,0,0,0,0,0,0,1,0,0,0,0,0,1,0,0,0,0,0,1,0,0,0,1,0,0,0,0,0,0,1,0,0,0,0,1,0,0
1268,3,0.8524802789526884,0.7591945418316016,0.0,0.0,-1.0,0.0,1.5,0.0,0.75,0.39473684210526316,0.0,1.8422747575632559,0.0,0.8422747575632559,0.0,2.3495966477454164,-0.6,-0.5340751043115438,0.0,0.0,1.251710081138163,2.0069755854509217,0.5,0.0,1.4220716103333177,0.0,0.0,0.7263591665967941,0.0,0.0,0.0,0.0,0.0,0.0,2.0,2.0,0.0,0.0,0.5,1.0,1.0,1.1160337552742616,0.0,0.0,0.0,0.9576843843402714,0.2965005237762466,0.0,0.0,0.0,0.0,0.0,0.0,0.0,5,2010,一般保證契約,一般交易,378500,12.843973993864076,0,0,0,1,0,0,0,0,0,0,0,0,0,0,0,0,1,0,0,0,0,0,1,0,0,1,0,0,0,0,0,0,0,0,0,0,0,0,0,0,0,0,0,1,0,0,0,0,0,0,0,0,0,0,0,0,1,0,0,0,0,0,0,0,1,0,0,0,0,0,0,0,1,0,0,0,0,0,1,0,0,0,0,0,0,1,0,0,0,0,0,0,1,0,0,0,0,0,0,0,0,0,0,0,1,0,0,0,0,0,0,0,0,0,0,0,0,0,1,0,0,0,0,0,0,0,0,0,1,0,0,0,0,1,0,0,0,0,0,0,1,0,0,0,0,0,1,0,0,0,0,0,0,1,0,0,1,0,0
1269,0,-0.10068914480903793,0.9178961616824007,0.0,0.0,-1.0,-0.4638544907568095,1.0,4.0,-0.7708333333333334,0.07894736842105263,1.415810135559916,0.0,0.2793713480100486,-1.0,0.0,1.0,-0.2,-0.2670375521557719,0.0,0.0,0.08738479626480068,-0.5321375186846039,0.5,0.0,1.3611438491082006,1.178458938817191,0.0,2.0407178413388105,0.0,0.0,1.0,1.0,1.0,0.0,1.0,2.5,0.0,1.0,0.5,-1.0,1.0,2.2468354430379747,0.0,0.0,0.0,1.1823983375358131,-0.1967152804840087,0.0,0.0,0.0,0.0,0.0,1.1943176378757763,0.0,5,2008,一般保證契約,一般交易,381000,12.850557278777309,1,0,0,0,0,0,0,0,0,0,0,0,0,0,0,0,1,0,0,0,0,0,0,1,0,1,0,0,0,0,1,0,0,0,0,0,0,0,0,0,0,0,0,0,0,0,0,0,0,0,0,0,0,0,0,0,1,0,0,0,0,0,0,0,1,0,0,0,0,0,0,0,1,0,0,0,1,0,0,0,0,0,0,0,0,0,0,1,0,0,0,0,1,0,0,0,0,0,0,0,0,0,0,0,1,0,0,0,0,0,0,0,0,0,0,0,0,0,0,0,1,0,0,0,0,0,0,0,0,0,1,0,0,0,1,0,0,0,0,0,1,0,0,0,0,0,1,1,0,0,0,0,0,0,0,0,1,0,0
1271,3,0.469964168048189,2.2332315895691046,0.0,0.0,0.0,-1.1943176378757763,0.5,1.0,0.14583333333333334,-0.39473684210526316,0.0,1.0,0.0,0.0,0.0,2.3495966477454164,0.4,1.21557719054242,0.0,0.0,-1.2762490716243806,0.6716492277030394,-0.5,0.0,0.44227114381805455,0.7121867936395325,0.0,0.0782512154634194,2.0,0.0,-2.0,1.0,-3.0,0.0,1.0,-1.0,0.0,0.0,0.25,1.0,0.0,0.4409282700421941,0.0,0.0,0.0,1.1345322452704776,-0.7117967261714493,0.0,0.0,0.0,0.0,0.0,0.0,0.0,4,2010,一般保證契約,一般交易,260000,12.468440756144114,0,0,0,0,1,0,0,0,0,0,0,0,0,0,0,0,1,0,0,0,1,0,0,0,0,1,0,0,0,0,0,0,0,0,0,0,0,0,0,0,0,0,0,0,1,0,0,0,0,0,0,0,0,0,0,0,1,0,0,0,0,0,0,0,1,0,0,0,0,0,0,0,1,0,0,0,0,0,1,0,0,0,0,0,1,0,0,0,0,0,1,0,0,0,0,0,0,0,0,1,0,0,0,0,0,0,0,0,0,0,0,0,0,0,0,1,0,0,0,0,0,0,0,0,0,0,0,0,1,0,0,0,0,1,0,0,0,0,0,0,1,0,0,0,0,0,1,0,0,0,0,0,0,1,0,0,1,0,0
1274,4,2.0846878881771356,0.42709247423394237,0.0,0.0,-1.0,0.0,0.0,2.0,-0.2708333333333333,0.3157894736842105,0.8219638675560355,0.0,0.0,-1.0,0.0,1.7473143510832982,0.2,0.4659248956884562,0.0,0.0,-0.3562006852836907,0.04783258594917788,0.0,0.0,0.4848302393701331,0.0,0.0,-0.18175956965071907,1.0,0.0,-1.0,0.0,-1.0,0.0,2.0,-0.5,0.0,0.0,0.5,0.0,-1.0,-0.7151898734177216,0.0,0.0,0.0,0.0,-0.7117967261714493,0.0,0.0,7.659675454722641,0.0,0.0,1.8203341036428238,0.0,5,2008,一般保證契約,一般交易,177000,12.083910661257521,0,0,0,0,0,0,0,0,0,0,0,0,1,0,0,0,1,0,0,0,0,0,0,1,0,0,0,0,1,0,0,0,0,0,0,0,0,0,0,0,0,1,0,0,0,0,0,0,0,0,0,0,0,0,0,0,1,0,0,0,0,0,0,0,1,0,0,0,0,0,0,0,1,0,0,0,0,0,0,0,0,0,1,0,0,0,0,1,0,0,0,0,1,0,0,0,0,0,0,1,0,0,0,0,0,0,0,0,0,0,0,0,0,0,0,1,0,0,0,0,0,0,0,0,0,0,0,0,0,0,1,0,0,0,1,0,0,0,0,0,1,0,0,0,0,0,1,0,1,0,0,0,0,0,0,0,1,0,0
1275,4,-0.9469680975410442,-1.293610939082249,0.0,0.0,0.0,0.0,-0.5,1.0,-1.2916666666666667,0.23684210526315788,0.0,0.0,0.0,-1.0,0.0,0.0,-0.6,-0.5340751043115438,0.0,0.0,0.257458774311588,-0.6656701544593921,0.5,0.0,-1.0774687139185462,0.9502603126825488,0.0,-0.3630324248929313,0.0,0.0,0.0,0.0,0.0,0.0,0.0,1.0,0.0,0.0,0.5,-1.0,0.0,0.2974683544303797,0.0,0.0,0.0,1.1043048474874995,-0.7117967261714493,6.24495579775647,0.0,0.0,0.0,0.0,0.0,0.0,11,2007,一般保證契約,一般交易,139000,11.842236406331555,1,0,0,0,0,0,0,0,0,0,0,0,0,0,0,0,1,0,0,0,0,0,0,1,0,0,0,0,1,0,1,0,0,0,0,0,0,0,0,0,0,0,0,0,0,0,0,0,0,0,0,0,0,0,0,0,1,0,0,0,0,0,0,0,1,0,0,0,0,0,0,0,1,0,0,0,1,0,0,0,0,0,0,0,0,0,0,1,0,0,0,0,1,0,0,0,0,0,0,0,1,0,0,0,0,0,0,0,0,0,0,0,0,0,0,0,0,1,0,0,0,0,0,0,0,0,0,0,1,0,0,0,0,1,0,0,0,0,0,0,1,0,0,0,0,0,1,0,0,0,0,1,0,0,0,0,1,0,0
1276,0,1.0897935338065554,0.39229832023320377,0.0,0.0,0.0,0.0,-0.5,0.0,-0.5,-1.1578947368421053,1.3789964992093964,0.0,0.0,-1.0,0.0,0.0,-0.2,-0.22809457579972184,0.0,0.0,0.31437436693053794,-0.13353263577478824,0.0,0.0,-0.36164722749996503,1.07556209960393,0.0,0.6094401620610518,0.0,0.0,0.0,0.0,1.0,0.4638544907568095,0.0,2.0,0.0,-1.0,-0.5,-1.0,0.0,-0.3438818565400844,0.0,-0.3466451177569989,0.0,0.0,-0.7117967261714493,0.0,0.0,0.0,0.0,0.0,0.0,0.0,7,2007,一般保證契約,一般交易,137000,11.827743504053695,0,0,0,0,0,0,0,0,0,0,0,0,0,0,1,0,1,0,0,0,0,0,0,1,0,0,0,0,1,0,0,0,0,0,1,0,0,0,0,0,0,0,0,0,0,0,0,0,0,0,0,0,0,0,0,0,0,0,0,0,0,0,1,0,1,0,0,0,0,0,0,0,0,0,0,1,0,0,0,0,0,1,0,0,0,0,0,1,0,0,0,1,0,0,0,0,0,0,0,0,0,0,0,0,0,0,0,1,0,0,0,0,0,0,0,0,0,0,0,0,0,0,0,1,0,0,0,0,0,1,0,0,0,0,1,0,0,0,0,0,1,0,0,0,0,1,0,0,0,0,0,1,0,0,0,0,1,0,0
1277,0,0.469964168048189,0.7075337729572632,0.0,0.0,-1.0,0.0,0.0,1.0,0.0,-0.5789473684210527,0.0,0.0,0.0,-1.0,0.2793713480100486,0.0,0.0,0.2906815020862309,0.0,0.0,-0.9298591049187642,-0.5421026407573493,-0.5,0.0,-0.8575110434438987,0.9767808998265731,0.0,-0.12029903855615859,0.0,0.7304631471189668,-1.0,1.0,0.0,0.0,0.0,0.0,0.0,0.0,0.25,-1.0,0.0,0.06540084388185655,0.0,0.0,0.0,1.1623704522634213,0.43289821561892805,0.0,0.0,0.0,0.0,0.0,0.0,0.0,12,2009,一般保證契約,一般交易,162000,11.995357787034976,0,0,0,0,0,0,0,0,1,0,0,0,0,0,0,0,1,0,0,0,0,0,0,1,0,0,0,1,0,0,0,0,0,0,0,0,0,0,0,0,0,0,0,0,0,0,0,0,0,0,0,0,1,0,0,0,1,0,0,0,0,0,0,0,1,0,0,0,0,0,0,0,1,0,0,0,0,0,0,0,0,1,0,0,0,0,0,1,0,0,0,0,1,0,0,0,0,0,0,0,0,0,0,0,0,0,0,0,1,0,0,0,0,0,0,1,0,0,0,0,0,0,0,0,0,0,0,0,1,0,0,0,0,0,1,0,0,0,0,0,1,0,0,0,0,0,1,0,0,0,0,0,0,1,0,0,1,0,0
1278,3,0.469964168048189,1.5107745651854527,0.0,0.0,-1.0,0.0,0.0,0.0,-0.10416666666666667,-0.47368421052631576,1.2304499754739238,0.0,0.0,0.0,0.0,1.7473143510832982,0.2,0.20027816411682892,0.0,0.0,0.7351132404056939,1.3652217239661186,-1.0,0.0,1.0434680144853177,0.0,0.0,0.3595198126671697,1.0,0.0,-1.0,1.0,0.0,0.0,0.0,0.5,0.0,0.0,0.5,0.0,0.0,-0.006329113924050633,0.0,0.0,0.0,0.0,-0.7117967261714493,0.0,0.0,0.0,0.0,0.0,0.0,0.0,6,2009,一般保證契約,一般交易,197900,12.19552218463499,0,0,0,0,0,0,0,0,0,0,0,0,1,0,0,0,1,0,0,0,0,0,0,1,0,0,0,1,0,0,0,0,0,0,0,0,0,0,0,0,0,0,0,0,0,0,0,0,0,0,0,0,1,0,0,0,1,0,0,0,0,0,0,0,1,0,0,0,0,0,0,0,1,0,0,0,0,0,0,0,0,0,1,0,0,0,0,1,0,0,0,0,1,0,0,0,0,0,0,0,0,0,0,0,0,0,0,0,1,0,0,0,0,0,0,0,0,0,0,0,0,0,0,0,1,0,0,0,0,0,1,0,0,0,1,0,0,0,0,0,1,0,0,0,0,0,1,0,0,0,0,0,0,1,0,0,1,0,0
1279,4,0.24155735878839998,-0.030860025493713764,0.0,0.0,0.0,0.0,1.0,0.0,0.625,0.21052631578947367,0.0,1.0,0.0,0.0,0.0,0.0,0.4,0.5841446453407511,0.0,0.0,-0.29960649230136155,0.2650722471350274,0.5,0.0,0.0670491919672783,1.052232358550352,0.0,0.7415044360202838,1.0,0.0,0.0,1.0,0.0,0.0,1.0,0.5,0.0,0.0,0.5,0.0,0.0,0.4029535864978903,0.0,0.0,0.0,0.0,0.6420188159264029,0.0,0.0,0.0,0.0,0.0,0.0,0.0,3,2008,一般保證契約,一般交易,237000,12.37581963951765,0,0,0,0,0,0,0,0,1,0,0,0,0,0,0,0,1,0,0,0,0,0,0,1,0,1,0,0,0,0,0,0,0,0,0,0,1,0,0,0,0,0,0,0,0,0,0,0,0,0,0,0,0,0,0,0,1,0,0,0,0,0,0,0,1,0,0,0,0,0,0,0,1,0,0,0,0,0,0,0,0,1,0,0,0,0,0,1,0,0,0,0,1,0,0,0,0,1,0,0,0,0,0,0,0,0,0,0,0,0,0,0,1,0,0,0,0,0,0,0,0,0,0,0,0,0,0,0,1,0,0,0,0,1,0,0,0,0,0,0,1,0,0,0,0,0,1,0,0,0,0,0,0,1,0,0,1,0,0
1281,4,-0.15196723459603825,0.04980088720837507,0.0,0.0,-1.0,0.0,0.5,0.0,0.625,0.21052631578947367,0.8909793561807442,1.0,0.0,0.0,0.0,0.0,0.4,0.5618915159944368,0.0,0.0,0.4010365045924667,1.1519681116093672,0.5,0.0,0.8271663572711601,0.0,0.0,0.14993923536540293,1.0,0.0,0.0,0.0,0.0,0.0,1.0,0.0,0.0,-1.0,-0.5,0.0,0.0,0.26371308016877637,0.0,0.0,0.0,0.0,0.2797157727113956,0.0,0.0,0.0,0.0,0.0,0.0,0.0,3,2009,一般保證契約,一般交易,227000,12.33270970174018,0,0,0,1,0,0,0,0,0,0,0,0,0,0,0,0,1,0,0,0,0,0,0,1,0,1,0,0,0,0,0,0,0,0,0,0,1,0,0,0,0,0,0,0,0,0,0,0,0,0,0,0,0,0,0,0,1,0,0,0,0,0,0,0,1,0,0,0,0,0,0,0,1,0,0,0,0,0,1,0,0,0,0,0,0,0,0,1,0,0,0,0,1,0,0,0,0,1,0,0,0,0,0,0,0,0,0,0,0,0,0,0,1,0,0,0,0,0,0,0,0,0,0,0,0,0,0,0,0,0,1,0,0,1,0,0,0,0,0,0,1,0,0,0,0,0,1,0,0,0,0,0,0,1,0,0,1,0,0
1282,3,-1.1398722399119068,-0.4033870419116731,0.0,0.0,-1.0,0.0,0.5,0.0,0.375,-0.10526315789473684,0.7151530881188183,0.0,0.0,0.0,0.0,0.0,0.2,0.9304589707927677,0.0,0.0,-0.4707531874781064,0.6258096661684106,-0.5,0.0,0.4542556158421625,0.0,0.0,-0.21138415659242674,1.0,0.0,0.0,0.0,-1.0,0.0,0.0,0.0,0.0,0.0,0.25,1.0,0.0,0.010548523206751054,0.2793713480100486,0.2793713480100486,0.0,0.0,0.2140440924050722,0.0,0.0,6.448232316019434,0.0,0.0,0.0,0.0,7,2006,一般保證契約,一般交易,180000,12.100717685412471,0,0,0,1,0,0,0,0,0,0,0,0,0,0,0,0,1,0,0,0,0,0,0,1,0,0,0,1,0,0,0,0,0,0,0,0,0,0,0,0,0,0,0,1,0,0,0,0,0,0,0,0,0,0,0,0,1,0,0,0,0,0,0,0,1,0,0,0,0,0,0,0,1,0,0,0,0,0,1,0,0,0,0,0,0,1,0,0,0,0,0,0,1,0,0,0,0,0,0,0,0,0,0,0,0,0,0,0,1,0,0,0,0,0,0,0,0,0,0,0,0,0,0,0,1,0,0,0,0,0,1,0,0,0,1,0,0,0,0,0,1,0,0,0,0,0,1,0,0,0,0,0,0,1,0,0,1,0,0
1283,1,-0.47383711054095945,-0.20051754538953576,0.0,0.0,-1.0,0.0,-0.5,2.0,0.10416666666666667,0.3684210526315789,0.0,0.0,0.0,0.0,0.0,1.0,-0.4,0.20584144645340752,0.8104996085138084,7.397497957722461,-0.21272991071621225,0.08968609865470852,-0.5,0.0,-0.11289938297361748,0.0,0.0,-0.7609161093398232,0.0,0.0,0.0,0.0,0.0,0.0,1.0,-0.5,0.0,-1.0,-0.5,-1.0,0.0,0.010548523206751054,0.0,0.0,0.0,0.0,-0.7117967261714493,0.0,0.0,8.930417557876343,0.0,0.0,0.0,0.0,9,2009,一般保證契約,一般交易,150500,11.921725007667265,0,0,0,1,0,0,0,0,0,0,0,0,0,0,0,0,1,0,0,0,0,0,0,1,0,1,0,0,0,0,0,0,0,0,0,0,1,0,0,0,0,0,0,0,0,0,0,0,0,0,0,0,0,0,0,0,1,0,0,0,0,0,0,0,1,0,0,0,0,0,0,0,1,0,0,0,0,0,1,0,0,0,0,0,0,0,0,1,0,0,0,0,1,0,0,0,0,0,0,0,0,0,0,0,0,0,0,0,1,0,0,0,0,0,0,0,0,0,0,0,0,0,0,0,1,0,0,0,1,0,0,0,0,0,1,0,0,0,0,0,1,0,0,0,0,0,1,0,0,0,0,1,0,0,0,0,1,0,0
1284,4,1.0511334301644568,-0.0487579645529739,0.0,0.0,0.0,0.0,0.0,0.0,-0.020833333333333332,-0.6052631578947368,0.0,0.0,0.0,-1.0,0.0,1.7473143510832982,-0.6,-0.5340751043115438,0.0,0.0,0.5293458320783535,-0.1654210264075735,-0.5,0.0,-0.3992397604519068,1.0546781532013114,0.0,0.4898834988335966,0.0,0.0,0.0,2.0,1.0,0.4638544907568095,0.0,1.0,0.0,-1.0,-0.5,-2.0,-2.0,-2.0316455696202533,-1.5409627556327752,-1.5409627556327752,0.0,0.9260300107741787,-0.7117967261714493,0.0,0.0,0.0,0.0,0.0,0.0,0.0,4,2010,一般保證契約,一般交易,139000,11.842236406331555,0,0,0,0,0,0,0,0,0,0,0,0,0,0,1,0,1,0,0,0,1,0,0,0,0,0,0,0,1,0,0,0,0,0,0,0,0,0,0,0,0,0,0,0,0,0,1,0,0,0,0,0,0,0,0,0,1,0,0,0,0,0,0,0,1,0,0,0,0,0,0,0,0,0,0,1,0,0,0,0,0,1,0,0,0,0,1,0,0,0,0,0,1,0,0,0,0,0,0,0,0,0,0,0,0,0,0,0,0,1,0,0,0,0,0,0,0,1,0,0,0,0,0,0,0,0,0,0,1,0,0,0,0,0,1,0,0,0,0,0,1,0,0,0,0,0,1,0,0,0,1,0,0,0,0,0,1,0,0
1285,4,-1.1398722399119068,0.009166258731055782,0.0,0.0,0.0,0.0,0.0,2.0,-1.1041666666666667,-0.10526315789473684,0.0,0.0,0.0,-1.0,0.0,0.0,-0.6,-0.5340751043115438,0.0,0.0,0.4213054704635936,-0.38066766317887396,0.5,0.0,1.008798019090741,1.0064781939645184,0.0,1.1874197374319182,0.0,0.0,0.0,0.0,1.0,0.0,1.0,2.0,-0.3846268403045294,0.0,0.5,-1.0,-1.0,-0.6139240506329114,0.0,0.0,0.0,1.1389599621760087,-0.7117967261714493,5.0533710494211155,0.0,6.952063659629819,0.0,0.0,0.0,0.0,3,2010,一般保證契約,一般交易,169000,12.037659911047468,1,0,0,0,0,0,0,0,0,0,0,0,0,0,0,0,1,0,0,0,0,0,0,1,0,1,0,0,0,0,0,0,0,0,0,0,0,1,0,0,0,0,0,0,0,0,0,0,0,0,0,0,0,0,0,0,0,0,0,0,0,0,1,0,1,0,0,0,0,0,0,0,1,0,0,0,1,0,0,0,0,0,0,0,0,0,0,1,0,0,0,0,1,0,0,0,0,0,0,0,1,0,0,0,0,0,0,0,0,0,0,0,0,0,0,0,0,1,0,0,0,0,0,0,0,0,0,0,1,0,0,0,0,1,0,0,0,0,0,0,1,0,0,0,0,0,1,0,0,0,0,1,0,0,0,0,1,0,0
1286,1,-1.1398722399119068,-1.0526421762248437,0.0,0.0,0.0,0.0,0.0,1.0,-0.6875,-1.1578947368421053,0.0,0.0,-0.3466451177569989,-1.0,0.0,0.0,-0.6,-0.5340751043115438,0.0,0.0,0.3956333931440705,-0.4285002491280518,0.5,0.0,-0.6140321982661278,0.9494747457322034,0.0,-0.09326291031664152,0.0,0.0,-1.0,0.0,1.0,0.0,0.0,0.0,0.0,0.0,0.5,-1.0,-1.0,-0.8502109704641351,0.0,0.0,0.0,0.6696393776640243,-0.7117967261714493,0.0,0.0,0.0,0.0,0.0,0.0,0.0,5,2009,一般保證契約,一般交易,132500,11.794345471549745,1,0,0,0,0,0,0,0,0,0,0,0,0,0,0,1,0,0,0,0,0,0,0,1,0,1,0,0,0,0,0,0,0,0,0,0,0,0,0,1,0,0,0,0,0,0,0,0,0,0,0,0,0,0,0,0,1,0,0,0,0,0,0,0,1,0,0,0,0,0,0,0,1,0,0,0,1,0,0,0,0,0,0,0,0,0,0,1,0,0,0,0,1,0,0,0,0,0,0,0,0,0,0,0,0,0,0,0,0,1,0,0,0,0,0,0,0,0,0,0,0,0,0,0,0,1,0,0,1,0,0,0,0,0,1,0,0,0,0,0,1,0,0,0,1,0,0,0,0,0,0,1,0,0,0,0,1,0,0
1287,1,0.469964168048189,0.04552685964069839,0.0,0.0,0.0,0.0,0.0,0.0,-0.1875,-0.8157894736842105,1.3033130227560132,0.0,0.0,-1.0,0.0,0.0,0.2,0.2573018080667594,0.8104996085138084,6.24495579775647,0.2784304997383006,0.6636771300448431,-0.5,0.0,0.43539883597834306,0.0,0.0,-0.22965500509544476,1.0,0.0,-1.0,1.0,0.0,0.0,0.0,0.0,0.0,1.0,0.5,-1.0,0.0,0.1962025316455696,0.0,0.0,0.0,0.0,-0.009844209913153592,0.0,0.0,0.0,0.0,0.0,0.0,0.0,6,2010,一般保證契約,一般交易,143000,11.870606902224587,0,0,0,1,0,0,0,0,0,0,0,0,0,0,0,0,1,0,0,0,0,0,0,1,0,1,0,0,0,0,0,0,0,0,0,0,0,0,0,0,0,0,0,0,0,0,0,0,0,0,0,0,1,0,0,0,0,0,0,0,0,0,1,0,1,0,0,0,0,0,0,0,1,0,0,0,0,0,1,0,0,0,0,0,0,1,0,0,0,0,0,0,1,0,0,0,0,0,0,0,0,0,0,0,0,0,0,0,1,0,0,0,0,0,0,0,0,0,0,0,0,0,0,0,1,0,0,0,0,0,1,0,0,0,1,0,0,0,0,0,1,0,0,0,0,0,1,0,0,0,0,0,0,1,0,0,1,0,0
1288,2,0.469964168048189,3.4301593565854307,0.0,0.0,-1.0,-0.4638544907568095,-0.5,0.0,-0.16666666666666666,-0.7894736842105263,1.4098132277465862,0.0,0.2793713480100486,-1.0,0.0,1.7473143510832982,-0.2,0.5952712100139083,0.0,0.0,0.42971830678446843,1.2536123567513702,-1.0,0.0,0.8405424490555988,0.0,0.0,0.1628996956518839,0.0,0.7304631471189668,0.0,0.0,1.0,0.0,0.0,0.5,0.0,-1.0,-0.5,-1.0,0.0,-0.3860759493670886,0.0,0.0,-1.1943176378757763,1.0,0.618858565783503,0.0,0.0,0.0,0.0,0.0,0.0,0.0,6,2006,一般保證契約,一般交易,190000,12.154784614286667,0,0,0,1,0,0,0,0,0,0,0,0,0,0,0,0,1,0,0,0,1,0,0,0,0,1,0,0,0,0,0,0,0,0,0,0,0,0,0,0,0,0,0,0,1,0,0,0,0,0,0,0,0,0,0,0,1,0,0,0,0,0,0,0,1,0,0,0,0,0,0,0,1,0,0,0,0,0,1,0,0,0,0,0,0,0,0,1,0,0,0,0,1,0,0,0,0,0,0,0,1,0,0,0,0,0,0,0,0,0,0,0,0,0,0,0,1,0,0,0,0,0,0,0,0,0,0,1,0,0,0,0,0,0,1,0,0,0,0,0,1,0,0,0,0,0,1,0,0,0,0,0,0,1,0,0,1,0,0
1289,4,-1.8614282606963264,-1.1766738005294146,0.0,0.0,-1.0,0.0,1.0,0.0,0.5833333333333334,0.15789473684210525,0.0,1.0,0.0,0.0,0.0,0.0,0.4,1.0764951321279554,0.0,0.0,-0.25727002181063474,1.0084703537618336,0.5,0.0,0.9524138820514909,0.0,0.0,0.2712949794089625,1.0,0.0,0.0,0.0,-1.0,0.0,2.0,-0.5,0.0,0.0,0.75,1.0,0.0,0.07383966244725738,0.0,0.0,0.0,1.0658006809230895,0.21915201891818967,0.0,0.0,0.0,0.0,0.0,0.0,0.0,10,2009,一般保證契約,一般交易,278000,12.535379989788607,0,0,0,0,0,1,0,0,0,0,0,0,0,0,0,0,1,0,0,0,0,0,0,1,0,1,0,0,0,0,0,0,0,0,0,0,0,0,0,0,0,0,0,0,0,1,0,0,0,0,0,0,0,0,0,0,1,0,0,0,0,0,0,0,1,0,0,0,0,0,0,0,0,0,1,0,0,0,1,0,0,0,0,0,0,0,0,1,0,0,0,0,1,0,0,0,0,0,0,0,0,0,1,0,0,0,0,0,0,0,0,0,0,0,0,0,0,0,1,0,0,0,0,0,0,0,0,0,1,0,0,0,0,1,0,0,0,0,0,0,1,0,0,0,0,0,1,0,0,0,0,0,0,1,0,0,1,0,0
1290,2,0.7287389043336142,0.33297169356237016,0.0,0.0,-1.0,0.0,1.0,0.0,0.7083333333333334,0.3157894736842105,1.492530355298684,1.0,0.0,0.0,0.0,1.0,-0.6,-0.5340751043115438,0.0,0.0,0.6816429931768578,0.17937219730941703,0.5,0.0,0.05119275936866275,1.0373945234851916,0.0,0.6697103117132587,0.0,0.0,0.0,1.0,0.0,0.0,2.0,1.0,0.0,0.0,0.5,1.0,1.0,1.1455696202531647,0.0,0.0,0.0,1.0145563367540171,0.28820327382855077,0.0,0.0,0.0,0.0,0.0,0.0,0.0,10,2006,新屋,預售屋(估價時未完工),281000,12.546113507028412,0,0,0,0,0,0,0,0,1,0,0,0,0,0,0,0,1,0,0,0,0,0,0,1,0,1,0,0,0,0,0,0,0,1,0,0,0,0,0,0,0,0,0,0,0,0,0,0,0,0,0,0,0,0,0,0,1,0,0,0,0,0,0,0,1,0,0,0,0,0,0,0,1,0,0,0,0,0,0,0,0,1,0,0,0,0,0,1,0,0,0,0,1,0,0,0,0,1,0,0,0,0,0,0,0,0,0,0,0,0,0,0,1,0,0,0,0,0,0,0,0,0,0,0,0,0,0,0,0,1,0,0,0,1,0,0,0,0,0,0,1,0,0,0,0,0,1,1,0,0,0,0,0,0,0,0,1,0,0
1291,2,0.21801994391840682,0.9199867507863402,0.0,0.0,-1.0,0.0,-0.5,2.0,-0.16666666666666666,-0.7894736842105263,0.8278688595927265,0.0,0.0,-1.0,0.0,1.7473143510832982,0.4,0.8762169680111266,0.0,0.0,-0.8913101899013163,0.3129048330842053,-0.5,0.0,0.11405210107947973,0.0,0.0,-0.5410166242413449,1.0,0.0,-1.0,0.0,0.0,0.0,0.0,0.0,0.0,0.0,0.5,0.0,0.0,0.010548523206751054,0.0,0.0,0.0,1.085591476498581,-0.7117967261714493,0.0,0.0,0.0,0.0,0.0,0.0,0.0,4,2010,一般保證契約,一般交易,180500,12.103491596905931,0,0,0,0,0,0,0,0,0,0,0,0,1,0,0,0,1,0,0,0,0,0,0,1,0,0,0,0,1,0,0,0,0,0,1,0,0,0,0,0,0,0,0,0,0,0,0,0,0,0,0,0,0,0,0,0,1,0,0,0,0,0,0,0,1,0,0,0,0,0,0,0,1,0,0,0,0,0,0,0,0,0,1,0,0,1,0,0,0,0,0,0,1,0,0,0,0,0,0,0,1,0,0,0,0,0,0,0,0,0,0,0,0,0,0,0,0,0,0,0,0,0,0,0,1,0,0,0,0,0,1,0,0,1,0,0,0,0,0,0,1,0,0,0,0,0,1,0,0,0,0,0,0,1,0,0,1,0,0
1293,4,-0.5300358319518109,-0.8451420639924192,0.0,0.0,0.0,0.0,-0.5,-1.0,-1.6666666666666667,-0.7631578947368421,0.0,0.0,0.0,-1.0,0.0,0.0,-0.6,-0.5340751043115438,0.0,0.0,0.6043376772271997,-0.001993024414549078,-0.5,-0.7304631471189668,0.520068269127311,1.0760656031863083,0.0,1.112052492984381,0.0,0.0,0.0,0.0,1.0,0.4638544907568095,0.0,2.5,-0.3846268403045294,-1.0,-0.5,0.0,-1.0,-0.2088607594936709,0.0,0.0,0.0,0.0,0.7573099906311969,0.0,0.0,0.0,0.0,0.0,0.0,0.0,12,2009,一般保證契約,一般交易,107500,11.58525542883217,0,0,0,0,0,0,0,1,0,0,0,0,0,0,0,1,0,0,0,0,0,0,0,1,0,0,0,0,1,0,0,0,0,0,0,0,0,0,0,0,0,0,0,0,0,0,0,0,1,0,0,0,0,0,0,0,1,0,0,0,0,0,0,0,1,0,0,0,0,0,0,0,1,0,0,0,0,0,0,0,0,1,0,0,0,0,0,1,0,0,0,0,1,0,0,0,0,0,0,0,1,0,0,0,0,0,0,0,0,0,0,0,0,0,0,0,1,0,0,0,0,0,0,0,0,0,0,0,1,0,0,0,0,0,0,1,0,0,0,0,1,0,0,0,0,0,1,0,0,0,0,0,0,1,0,0,1,0,0
1295,0,-0.5300358319518109,-0.3690879564624396,0.0,0.0,0.0,0.0,-0.5,2.0,-0.3541666666666667,-0.10526315789473684,0.0,0.0,0.0,-1.0,0.0,0.0,-0.2,-0.30180806675938804,0.0,0.0,0.30134776719218515,-0.2610861983059293,-0.5,0.0,-0.5154786426099094,0.0,0.0,-1.1509861380717596,1.0,0.0,-1.0,0.0,-1.0,0.0,0.0,-0.5,0.0,-1.0,-0.5,-1.0,0.0,0.3818565400843882,0.0,0.0,-1.1943176378757763,0.0,-0.7117967261714493,0.0,0.0,0.0,0.0,0.0,0.0,0.0,4,2006,一般保證契約,一般交易,115000,11.652696102959753,0,0,0,1,0,0,0,0,0,0,0,0,0,0,0,0,1,0,0,0,0,0,0,1,0,1,0,0,0,0,0,0,0,0,0,0,0,0,0,0,0,1,0,0,0,0,0,0,0,0,0,0,0,0,0,0,1,0,0,0,0,0,0,0,1,0,0,0,0,0,0,0,1,0,0,0,0,0,1,0,0,0,0,0,0,1,0,0,0,0,0,0,1,0,0,0,0,0,0,0,0,1,0,0,0,0,0,0,0,0,0,0,0,0,0,1,0,0,0,0,0,0,0,0,0,0,0,0,1,0,0,0,0,0,1,0,0,0,0,0,1,0,0,0,0,0,1,0,0,0,0,1,0,0,0,0,1,0,0
1296,0,0.0,-0.30665332785834487,0.0,0.0,0.0,0.0,-0.5,0.0,-0.08333333333333333,-0.6842105263157895,1.0054490349891212,0.0,0.0,-1.0,0.0,1.7473143510832982,0.0,0.8789986091794159,0.0,0.0,-1.6754662330533088,0.11360239162929746,0.0,0.0,-0.08761665053846247,0.0,0.0,-0.736418980063187,1.0,0.0,-1.0,1.0,0.0,0.0,0.0,-0.5,0.0,-1.0,-0.5,0.0,-1.0,-0.8164556962025317,0.0,0.0,0.0,1.2211636954673093,-0.7117967261714493,0.0,0.0,0.0,0.0,0.0,1.1943176378757763,0.0,11,2006,一般保證契約,一般交易,138500,11.83863282480007,0,0,0,1,0,0,0,0,0,0,0,0,0,0,0,0,1,0,0,0,0,0,0,1,0,1,0,0,0,0,0,0,0,0,1,0,0,0,0,0,0,0,0,0,0,0,0,0,0,0,0,0,0,0,0,0,0,0,0,0,0,0,1,0,1,0,0,0,0,0,0,0,1,0,0,0,0,0,1,0,0,0,0,0,0,1,0,0,0,0,0,0,1,0,0,0,0,0,0,0,0,0,0,0,0,0,0,0,1,0,0,0,0,0,0,0,0,0,0,0,0,0,0,0,1,0,0,0,0,0,1,0,0,0,1,0,0,0,0,0,1,0,0,0,0,0,1,0,0,0,0,0,0,1,0,0,1,0,0
1297,4,0.469964168048189,-0.2266609152359281,0.0,0.0,0.0,0.0,-0.5,1.0,-0.1875,-0.8157894736842105,0.970390721189376,0.0,0.2793713480100486,-1.0,0.0,1.0,0.2,0.545201668984701,0.0,0.0,-0.25509734409165447,0.2491280518186348,0.0,0.0,0.0670491919672783,0.0,0.0,-0.5865590253189492,1.0,0.0,0.0,0.0,0.0,0.0,0.0,0.0,0.0,-1.0,-0.5,0.0,0.0,0.18354430379746836,0.0,0.0,0.0,1.0374820403803926,-0.07642330536929036,7.071285304475592,0.0,0.0,0.0,0.0,1.5409627556327752,0.0,12,2008,一般保證契約,一般交易,155000,11.951186847493476,0,0,0,1,0,0,0,0,0,0,0,0,0,0,0,0,1,0,0,0,0,0,0,1,0,1,0,0,0,0,0,0,0,0,1,0,0,0,0,0,0,0,0,0,0,0,0,0,0,0,0,0,0,0,0,0,1,0,0,0,0,0,0,0,1,0,0,0,0,0,0,0,1,0,0,0,0,0,1,0,0,0,0,0,0,1,0,0,0,0,0,0,1,0,0,0,0,0,0,0,0,0,0,0,0,0,0,0,0,1,0,0,0,0,0,0,0,0,0,0,0,0,0,0,0,1,0,0,0,0,1,0,0,0,1,0,0,0,0,0,1,0,0,0,0,0,1,0,0,0,0,0,0,1,0,0,1,0,0
1298,2,-2.280291190407216,-2.074193345900712,0.0,0.0,0.0,0.0,0.0,0.0,0.6875,0.3157894736842105,0.815939570920437,0.0,0.0,0.0,0.0,2.3495966477454164,0.4,0.2267037552155772,0.0,0.0,-3.1687229326517117,-0.8928749377179871,0.0,0.0,-0.04601787971398502,0.0,0.0,-0.6961127960203805,1.0,0.0,0.0,0.0,-1.0,0.0,0.0,-0.5,0.0,-1.0,-0.5,1.0,0.0,0.18354430379746836,0.0,0.0,0.0,0.0,0.13347293779491828,0.0,0.0,0.0,0.0,0.0,0.0,0.0,6,2006,新屋,預售屋(估價時未完工),140000,11.849404844423074,0,0,0,0,0,0,0,0,0,0,0,1,0,0,0,1,0,0,0,0,0,0,0,1,0,1,0,0,0,0,0,0,0,0,0,0,0,0,0,0,0,1,0,0,0,0,0,0,0,0,0,0,0,0,0,0,1,0,0,0,0,0,0,0,1,0,0,0,0,0,0,0,0,0,1,0,0,0,0,0,0,0,0,1,0,0,0,1,0,0,0,0,1,0,0,0,0,1,0,0,0,0,0,0,0,0,0,0,0,0,0,0,1,0,0,0,0,0,0,0,0,0,0,0,0,0,0,0,0,0,1,0,0,1,0,0,0,0,0,0,1,0,0,0,0,0,1,0,1,0,0,0,0,0,0,0,1,0,0
1301,2,-0.2564764364743176,0.26731663783784043,0.0,0.0,-1.0,0.0,0.5,0.0,0.5625,0.13157894736842105,1.2170977039421926,1.0,0.0,0.0,0.0,0.0,0.4,0.43115438108484005,0.0,0.0,-0.3961007222656214,-0.03388141504733433,0.5,0.0,-0.18808250531119386,1.0720132362657713,0.0,0.6851674984336849,0.0,0.0,0.0,1.0,0.0,0.0,1.0,1.5,0.0,0.0,0.25,1.0,0.0,0.035864978902953586,0.0,0.0,0.0,0.0,-0.7117967261714493,0.0,0.0,0.0,0.0,0.0,0.0,0.0,5,2009,一般保證契約,一般交易,225000,12.323860125621126,0,0,0,0,0,0,0,0,1,0,0,0,0,0,0,0,1,0,0,0,0,0,0,1,0,0,0,1,0,0,0,0,0,0,0,1,0,0,0,0,0,0,0,0,0,0,0,0,0,0,0,0,0,0,0,0,1,0,0,0,0,0,0,0,1,0,0,0,0,0,0,0,1,0,0,0,0,0,0,0,0,1,0,0,0,0,0,1,0,0,0,0,1,0,0,0,0,1,0,0,0,0,0,0,0,0,0,0,0,0,0,0,1,0,0,0,0,0,0,0,0,0,0,0,0,0,0,0,1,0,0,0,0,1,0,0,0,0,0,0,1,0,0,0,0,0,1,0,0,0,0,0,0,1,0,0,1,0,0
1302,3,-0.10068914480903793,-0.5621327824353822,0.0,0.0,-1.0,0.0,0.0,2.0,-0.625,-1.1578947368421053,0.0,0.0,0.0,-1.0,0.0,0.0,0.0,0.2267037552155772,0.0,0.0,-0.5650602058606742,-0.44643746885899355,-1.0,0.0,-0.8068644791773546,1.0042277358775895,0.0,0.033388353916374035,0.0,0.0,-1.0,0.0,0.0,0.0,1.0,0.5,0.0,1.0,0.5,-1.0,-1.0,-1.1329113924050633,0.0,0.0,-0.4638544907568095,0.0,-0.7117967261714493,0.0,0.0,8.355622538951035,0.0,0.0,0.0,0.0,11,2009,一般保證契約,一般交易,177500,12.086731521684555,0,0,0,0,0,0,0,1,0,0,0,0,0,0,0,0,1,0,0,0,0,1,0,0,0,1,0,0,0,0,1,0,0,0,0,0,0,0,0,0,0,0,0,0,0,0,0,0,0,0,0,0,0,0,0,0,1,0,0,0,0,0,0,0,1,0,0,0,0,0,0,0,1,0,0,0,0,0,0,0,0,1,0,0,0,0,0,1,0,0,0,0,1,0,0,0,0,0,0,0,1,0,0,0,0,0,0,0,0,0,0,0,0,0,0,0,1,0,0,0,0,0,0,0,0,0,0,0,1,0,0,0,0,0,1,0,0,0,0,0,1,0,0,0,0,0,1,0,0,0,0,0,0,1,0,0,1,0,0
1303,1,0.9727639507245631,0.12284473891027622,0.0,0.0,0.0,0.0,1.0,0.0,0.4583333333333333,0.0,1.257423902894707,1.0,0.0,0.0,0.0,0.0,0.4,0.4951321279554937,0.0,0.0,-0.09468702175664927,0.3388141504733433,0.5,0.0,0.21123436937672438,1.149116755425168,0.0,1.2647130745785453,1.0,0.0,0.0,1.0,1.0,0.0,1.0,1.0,0.0,0.0,0.25,0.0,1.0,1.529535864978903,0.0,0.0,0.0,1.17749499398749,0.30461656634883394,0.0,0.0,0.0,0.0,0.0,0.0,0.0,12,2006,一般保證契約,一般交易,290000,12.577639650232573,0,0,0,0,0,0,0,0,1,0,0,0,0,0,0,0,1,0,0,0,0,0,0,1,0,1,0,0,0,0,0,0,1,0,0,0,0,0,0,0,0,0,0,0,0,0,0,0,0,0,0,0,0,0,0,0,1,0,0,0,0,0,0,0,1,0,0,0,0,0,0,0,1,0,0,0,0,0,0,0,0,1,0,0,0,1,0,0,0,0,0,0,1,0,0,0,0,1,0,0,0,0,0,0,0,0,0,0,0,0,0,0,1,0,0,0,0,0,0,0,0,0,0,0,0,0,0,0,0,0,1,0,0,1,0,0,0,0,0,0,1,0,0,0,0,0,1,0,0,0,0,0,0,1,0,0,1,0,0
1304,2,0.14660387181266663,-0.2298152590919606,0.0,0.0,0.0,0.0,0.5,0.0,0.6875,0.2894736842105263,1.092793506401457,1.0,0.0,0.0,0.0,1.7473143510832982,-0.6,-0.5340751043115438,0.0,0.0,1.046373297254741,1.2376681614349776,0.5,0.0,0.8904979692523951,0.0,0.0,0.21130296216911032,0.0,0.0,0.0,0.0,0.0,0.0,1.0,0.5,0.0,-1.0,-0.5,0.0,1.0,1.4873417721518987,0.0,0.0,0.0,1.0603233663617886,0.21915201891818967,0.0,0.0,0.0,0.0,0.0,0.0,0.0,4,2006,一般保證契約,一般交易,232000,12.354496960983985,0,0,0,1,0,0,0,0,0,0,0,0,0,0,0,0,1,0,0,0,0,0,0,1,0,1,0,0,0,0,0,0,0,0,0,0,0,0,0,0,0,0,0,0,0,0,0,0,0,0,1,0,0,0,0,0,1,0,0,0,0,0,0,0,1,0,0,0,0,0,0,0,1,0,0,0,0,0,1,0,0,0,0,0,0,0,0,1,0,0,0,0,1,0,0,0,0,1,0,0,0,0,0,0,0,0,0,0,0,0,0,0,1,0,0,0,0,0,0,0,0,0,0,0,0,0,0,0,0,0,1,0,0,1,0,0,0,0,0,0,1,0,0,0,0,0,1,0,0,0,0,0,0,1,0,0,1,0,0
1305,4,-2.5560015704817522,-2.251173248834911,0.0,0.0,0.0,0.0,0.5,0.0,0.6666666666666666,0.2631578947368421,0.9071869067137842,1.0,0.0,0.0,0.0,0.0,-0.6,-0.5340751043115438,0.0,0.0,0.5883386888048271,-0.037867463876432486,0.5,0.0,-0.25208062824368616,1.0013076212019392,0.0,0.33806856326657325,0.0,0.0,0.0,0.0,0.0,0.0,1.0,0.5,-0.8993056227298617,-1.0,-0.5,-1.0,0.0,-0.4282700421940928,0.0,0.0,0.0,0.0,0.10653066162035559,0.0,0.0,0.0,0.0,0.0,0.0,0.0,4,2006,一般保證契約,一般交易,130000,11.775297421715827,0,0,0,0,0,0,0,0,0,1,0,0,0,0,0,1,0,0,0,0,0,0,0,1,0,1,0,0,0,0,0,0,0,0,0,0,0,0,0,0,0,1,0,0,0,0,0,0,0,0,0,0,0,0,0,0,1,0,0,0,0,0,0,0,1,0,0,0,0,0,0,0,0,0,1,0,0,0,0,0,0,1,0,0,0,0,0,1,0,0,0,0,1,0,0,0,0,1,0,0,0,0,0,0,0,0,0,0,0,0,0,0,1,0,0,0,0,0,0,0,0,0,0,0,0,0,0,0,0,1,0,0,0,1,0,0,0,0,0,0,1,0,0,0,0,0,1,0,0,0,0,1,0,0,0,0,1,0,0
1306,0,1.5635436395884492,0.7516339286882273,0.0,0.0,-1.0,0.0,1.5,0.0,0.7083333333333334,0.34210526315789475,1.1748641908549722,1.0,0.0,0.8422747575632559,0.0,0.0,0.4,1.6522948539638387,0.0,0.0,-1.2301549832475145,1.3094170403587444,0.5,0.0,0.9424281587478535,0.0,0.0,0.26161953964716744,1.0,0.0,0.0,0.0,-1.0,0.0,2.0,0.0,0.0,1.0,0.75,1.0,0.0,1.5126582278481013,0.0,0.0,0.0,1.2609785335861265,0.3904380203072325,0.0,0.0,0.0,0.0,0.0,0.0,0.0,11,2009,一般保證契約,一般交易,325000,12.691583538230217,0,0,0,1,0,0,0,0,0,0,0,0,0,0,0,0,1,0,0,0,0,0,0,1,0,0,0,0,1,0,0,0,0,1,0,0,0,0,0,0,0,0,0,0,0,0,0,0,0,0,0,0,0,0,0,0,1,0,0,0,0,0,0,0,1,0,0,0,0,0,0,0,1,0,0,0,0,0,1,0,0,0,0,0,0,1,0,0,0,0,0,0,1,0,0,0,0,1,0,0,0,0,0,0,0,0,0,0,0,0,0,0,1,0,0,0,0,0,0,0,0,0,0,0,0,0,0,0,0,1,0,0,0,1,0,0,0,0,0,0,1,0,0,0,0,0,1,0,0,0,0,0,0,1,0,0,1,0,0
1308,3,-0.5300358319518109,-0.39693968859424067,0.0,0.0,0.0,0.0,-0.5,0.0,0.4583333333333333,0.02631578947368421,0.0,0.0,0.2793713480100486,0.0,0.2793713480100486,0.0,0.2,0.5034770514603616,0.0,0.0,-0.5048826580372826,-0.009965122072745391,0.5,0.0,-0.2209862651055885,0.0,0.0,-0.8656444385062435,1.0,0.0,-1.0,0.0,0.0,0.0,0.0,-0.5,0.0,-1.0,-0.5,-1.0,0.0,-0.006329113924050633,0.0,0.0,0.0,0.0,0.24365563892796488,0.0,0.0,0.0,0.0,0.0,0.0,0.0,5,2009,一般保證契約,一般交易,138000,11.835016210489899,0,0,0,1,0,0,0,0,0,0,0,0,0,0,0,0,1,0,0,0,0,0,0,1,0,1,0,0,0,0,0,0,0,0,0,0,1,0,0,0,0,0,0,0,0,0,0,0,0,0,0,0,0,0,0,0,1,0,0,0,0,0,0,0,1,0,0,0,0,0,0,0,1,0,0,0,0,0,1,0,0,0,0,0,0,0,0,1,0,0,0,0,1,0,0,0,0,1,0,0,0,0,0,0,0,0,0,0,0,0,0,0,1,0,0,0,0,0,0,0,0,0,0,0,0,0,0,0,1,0,0,0,0,1,0,0,0,0,0,0,1,0,0,0,0,0,1,0,0,0,0,1,0,0,0,0,1,0,0
1309,0,1.2781087050015416,0.5263637714088758,0.0,0.0,0.0,0.0,-0.5,2.0,-0.5,0.2894736842105263,0.0,0.0,0.0,-1.0,0.0,0.0,0.4,-0.3337969401947149,1.3251783909391408,10.775536258885504,-0.7460029184357454,-0.14150473343298456,0.5,0.0,0.05516586271335478,0.0,0.0,-0.5980731072607183,1.0,0.0,-1.0,0.0,-1.0,0.0,1.0,0.0,0.0,-1.0,-0.5,-1.0,0.0,0.1962025316455696,0.0,0.0,0.0,0.0,0.07725337927507323,0.0,0.0,0.0,0.0,0.0,1.1943176378757763,0.0,5,2008,一般保證契約,一般交易,147000,11.898194668458823,0,0,0,1,0,0,0,0,0,0,0,0,0,0,0,1,0,0,0,0,0,0,0,1,0,1,0,0,0,0,0,0,0,0,0,0,0,0,0,0,0,0,0,0,0,0,0,0,1,0,0,0,0,0,0,0,1,0,0,0,0,0,0,0,1,0,0,0,0,0,0,0,1,0,0,0,0,0,1,0,0,0,0,0,0,0,0,1,0,0,0,0,1,0,0,0,0,0,0,0,0,0,0,0,0,0,0,0,0,1,0,0,0,0,0,0,0,0,0,0,0,0,0,0,0,1,0,0,1,0,0,0,0,0,1,0,0,0,0,0,1,0,0,0,0,0,1,0,0,0,0,0,0,1,0,0,1,0,0
1310,3,-0.20389035669044683,-0.6676413513059234,0.0,0.0,0.0,0.0,0.0,0.0,0.3958333333333333,-0.07894736842105263,0.8336595725385346,0.0,0.0,0.0,0.0,0.0,0.4,1.1349095966620306,0.0,0.0,-1.2451873445563495,0.5640259093173892,0.0,0.0,0.3762633769528224,0.0,0.0,-0.2869529648115037,1.0,0.0,0.0,0.0,0.0,0.0,1.0,0.0,0.0,-1.0,-0.5,0.0,0.0,0.06118143459915612,0.0,0.0,0.0,0.8908425096365626,0.17607078341471197,0.0,0.0,0.0,0.0,0.0,1.1943176378757763,0.0,6,2008,一般保證契約,一般交易,179200,12.09626335986454,0,0,0,1,0,0,0,0,0,0,0,0,0,0,0,0,1,0,0,0,0,0,0,1,0,1,0,0,0,0,0,0,0,0,0,0,0,0,0,0,0,0,0,0,0,0,0,0,0,0,0,0,0,1,0,0,1,0,0,0,0,0,0,0,1,0,0,0,0,0,0,0,1,0,0,0,0,0,1,0,0,0,0,0,0,0,0,1,0,0,0,0,1,0,0,0,0,0,0,0,0,0,0,0,0,0,0,0,1,0,0,0,0,0,0,0,0,0,0,0,0,0,0,0,1,0,0,0,0,0,1,0,0,0,1,0,0,0,0,0,1,0,0,0,0,0,1,0,0,0,0,0,0,1,0,0,1,0,0
1311,2,1.2781087050015416,1.4574413581484154,0.0,0.0,0.0,0.0,0.5,3.0,-0.2708333333333333,0.21052631578947367,0.0,1.0,0.2793713480100486,0.0,0.0,1.7473143510832982,0.4,1.4214186369958275,0.0,0.0,0.025814763609401523,1.8076731439960139,-0.5,0.0,1.278672867454256,0.0,0.0,0.5874162120951294,1.0,0.0,0.0,0.0,0.0,0.0,2.0,0.5,0.0,1.0,0.25,1.0,0.0,0.36075949367088606,0.0,0.0,0.0,0.0,0.6350242633564623,7.6465380079030645,0.0,0.0,0.0,0.0,0.0,0.0,5,2010,一般保證契約,一般交易,335000,12.721888795877375,0,0,0,1,0,0,0,0,0,0,0,0,0,0,0,0,1,0,0,0,0,0,0,1,0,1,0,0,0,0,1,0,0,0,0,0,0,0,0,0,0,0,0,0,0,0,0,0,0,0,0,0,0,0,0,0,0,1,0,0,0,0,0,0,1,0,0,0,0,0,0,0,1,0,0,0,0,0,1,0,0,0,0,0,0,0,0,1,0,0,0,0,1,0,0,0,0,0,0,0,0,0,0,0,0,0,0,0,0,0,1,0,0,0,0,0,0,0,0,0,0,0,0,0,1,0,0,0,1,0,0,0,0,1,0,0,0,0,0,0,1,0,0,0,0,0,1,0,0,0,0,0,0,1,0,0,1,0,0
1312,4,-0.10068914480903793,-0.1968776468354919,0.0,0.0,0.0,0.0,0.5,0.0,0.6875,0.34210526315789475,0.8097905954079107,1.0,0.0,0.0,0.0,0.0,0.4,0.7524339360222532,0.0,0.0,-0.2443135839088425,0.5560538116591929,0.5,0.0,0.34085851262996253,0.0,0.0,-0.321257703848843,1.0,0.0,0.0,0.0,0.0,0.0,1.0,0.0,0.0,-1.0,-0.5,0.0,0.0,0.11181434599156118,0.0,0.0,0.0,1.1300482065114328,0.37740612789636735,0.0,0.0,0.0,0.0,0.0,0.0,0.0,1,2007,新屋,預售屋(估價時未完工),203000,12.220966184120165,0,0,0,1,0,0,0,0,0,0,0,0,0,0,0,0,1,0,0,0,0,0,0,1,0,1,0,0,0,0,0,0,0,0,0,0,1,0,0,0,0,0,0,0,0,0,0,0,0,0,0,0,0,0,0,0,1,0,0,0,0,0,0,0,1,0,0,0,0,0,0,0,1,0,0,0,0,0,1,0,0,0,0,0,0,0,0,1,0,0,0,0,1,0,0,0,0,1,0,0,0,0,0,0,0,0,0,0,0,0,0,0,1,0,0,0,0,0,0,0,0,0,0,0,0,0,0,0,0,0,1,0,0,1,0,0,0,0,0,0,1,0,0,0,0,0,1,0,0,0,0,0,0,1,0,0,1,0,0
1313,1,0.9130411557936503,-0.006773838499927438,0.0,0.0,-1.0,0.0,1.0,0.0,0.375,-0.10526315789473684,1.209773472809011,1.0,0.0,0.8422747575632559,0.0,0.0,0.4,0.13630041724617525,0.0,0.0,0.583850076458479,0.9128051818634778,0.5,0.0,0.6423047029631774,1.1557531718567198,0.0,1.5266094613220644,0.0,0.0,0.0,1.0,1.0,0.0,1.0,1.5,0.0,0.0,0.75,0.0,0.0,1.1329113924050633,0.2793713480100486,0.2793713480100486,0.0,1.3298452353058832,-0.7117967261714493,0.0,0.0,0.0,0.0,0.0,0.0,0.0,6,2007,一般保證契約,一般交易,302000,12.618185607609803,0,0,0,0,0,0,0,0,1,0,0,0,0,0,0,0,1,0,0,0,0,0,0,1,0,1,0,0,0,0,0,0,1,0,0,0,0,0,0,0,0,0,0,0,0,0,0,0,0,0,0,0,0,0,0,0,1,0,0,0,0,0,0,0,1,0,0,0,0,0,0,0,1,0,0,0,0,0,0,0,0,1,0,0,0,0,0,1,0,0,0,0,1,0,0,0,0,0,0,0,1,0,0,0,0,0,0,0,0,0,0,0,0,0,0,0,1,0,0,0,0,0,0,0,0,0,0,0,0,0,1,0,0,1,0,0,0,0,0,0,1,0,0,0,0,0,1,0,0,0,0,0,0,1,0,0,1,0,0
1314,0,1.5635436395884492,1.0330418876321674,0.0,0.0,-1.0,0.0,1.5,0.0,0.5625,0.13157894736842105,1.0004231168909905,1.0,0.0,0.0,0.0,0.0,-0.6,-0.5340751043115438,0.0,0.0,0.9078547615790398,0.7932237169905332,0.5,0.0,0.5924455120014701,1.118859944618024,0.0,1.3343312285388997,0.0,0.0,0.0,1.0,1.0,0.0,1.0,2.0,0.0,0.0,0.25,1.0,1.0,1.2552742616033756,0.0,0.0,0.0,1.427059853676493,0.027838329044302983,0.0,0.0,0.0,0.0,0.0,0.0,0.0,5,2010,一般保證契約,一般交易,333168,12.716405147731708,0,0,0,0,0,0,0,0,1,0,0,0,0,0,0,0,1,0,0,0,0,0,0,1,0,0,0,0,1,0,0,0,1,0,0,0,0,0,0,0,0,0,0,0,0,0,0,0,0,0,0,0,0,0,0,0,1,0,0,0,0,0,0,0,1,0,0,0,0,0,0,0,1,0,0,0,0,0,0,0,0,1,0,0,0,0,0,1,0,0,0,0,1,0,0,0,0,1,0,0,0,0,0,0,0,0,0,0,0,0,0,0,1,0,0,0,0,0,0,0,0,0,0,0,0,0,0,0,0,0,1,0,0,1,0,0,0,0,0,0,1,0,0,0,0,0,1,1,0,0,0,0,0,0,0,0,1,0,0
1315,3,-0.5300358319518109,-0.36410543737360107,0.0,0.0,0.0,0.0,-1.0,1.0,-0.375,-1.0526315789473684,0.0,0.0,0.0,-1.0,0.0,0.0,-0.2,0.48400556328233657,0.0,0.0,-0.5904114781444286,-0.09367214748380667,0.5,0.0,-0.3154228729306125,0.0,0.0,-0.9571466444592621,1.0,0.0,-1.0,0.0,0.0,0.0,0.0,-0.5,0.0,0.0,0.25,-1.0,-1.0,-0.8502109704641351,0.0,0.0,0.0,0.0,0.07725337927507323,0.0,0.0,0.0,0.0,0.0,0.0,0.0,10,2007,一般保證契約,一般交易,119000,11.686887175419702,0,0,0,1,0,0,0,0,0,0,0,0,0,0,0,0,1,0,0,0,0,0,0,1,0,1,0,0,0,0,0,0,0,0,0,0,0,0,0,0,0,1,0,0,0,0,0,0,0,0,0,0,0,0,0,0,1,0,0,0,0,0,0,0,1,0,0,0,0,0,0,0,1,0,0,0,0,0,1,0,0,0,0,0,0,1,0,0,0,0,0,0,1,0,0,0,0,0,0,0,1,0,0,0,0,0,0,0,0,0,0,0,0,0,0,0,1,0,0,0,0,0,0,0,0,0,0,0,1,0,0,0,0,0,1,0,0,0,0,0,1,0,0,0,0,0,1,0,0,0,0,1,0,0,0,0,1,0,0
1316,4,0.6866853341578308,0.33511235547667706,0.0,0.0,0.0,0.0,0.0,0.0,-0.0625,-0.6578947368421053,0.0,0.0,0.0,-2.24080411332851,0.0,1.0,0.2,0.16133518776077885,0.4638544907568095,8.83151353694551,-0.7305468714108638,-0.08570004982561036,-0.5,0.0,-0.005073036145849226,1.082534075288416,0.0,0.8340579734759807,0.0,0.0,0.0,1.0,1.0,0.0,0.0,1.5,0.0,1.0,0.5,-1.0,0.0,0.3987341772151899,0.0,0.0,0.0,1.1476524376136505,-0.7117967261714493,0.0,0.0,0.0,0.0,0.0,0.0,0.0,6,2008,一般保證契約,一般交易,206900,12.239995696974733,0,0,0,0,0,0,0,0,1,0,0,0,0,0,0,0,1,0,0,0,0,0,0,1,0,1,0,0,0,0,0,0,0,0,1,0,0,0,0,0,0,0,0,0,0,0,0,0,0,0,0,0,0,0,0,0,1,0,0,0,0,0,0,0,1,0,0,0,0,0,0,0,1,0,0,0,0,0,0,0,0,1,0,0,0,0,0,1,0,0,0,0,1,0,0,0,0,0,0,0,0,0,0,0,0,0,0,0,1,0,0,0,0,0,0,0,0,0,0,0,0,0,0,0,1,0,0,0,1,0,0,0,0,0,1,0,0,0,0,0,1,0,0,0,0,0,1,0,0,0,0,0,0,1,0,0,1,0,0
1317,4,-0.47383711054095945,0.14722553392609572,0.0,0.0,-1.0,0.0,1.0,0.0,0.75,0.3684210526315789,1.1429472547572805,1.0,0.0,0.8422747575632559,0.0,2.3495966477454164,-0.6,-0.5340751043115438,0.0,0.0,1.0498700891875186,1.249626307922272,0.5,0.0,0.9108087086185502,0.0,0.0,0.23098259170412577,1.0,0.0,0.0,0.0,0.0,0.0,2.0,1.0,0.0,0.0,0.5,0.0,1.0,1.5970464135021096,0.0,0.0,0.0,1.0065488707711276,0.12026819188344327,0.0,0.0,0.0,0.0,0.0,0.0,0.0,1,2009,一般保證契約,一般交易,295493,12.596403811053621,0,0,0,1,0,0,0,0,0,0,0,0,0,0,0,0,1,0,0,0,0,0,0,1,0,1,0,0,0,0,0,0,0,0,0,0,1,0,0,0,0,0,0,0,0,0,0,0,0,0,0,0,0,0,0,0,1,0,0,0,0,0,0,0,1,0,0,0,0,0,0,0,1,0,0,0,0,0,1,0,0,0,0,0,0,0,0,1,0,0,0,0,1,0,0,0,0,1,0,0,0,0,0,0,0,0,0,0,0,0,0,0,1,0,0,0,0,0,0,0,0,0,0,0,0,0,0,0,0,1,0,0,0,1,0,0,0,0,0,0,1,0,0,0,0,0,1,0,0,0,0,0,0,1,0,0,1,0,0
1319,2,0.0,1.0342141346218678,0.0,0.0,-2.338124978532008,0.0,1.0,0.0,0.6041666666666666,0.21052631578947367,1.0216717960454416,1.0,0.0,0.0,0.0,2.3495966477454164,-0.6,-0.5340751043115438,0.0,0.0,1.1236049203896628,1.5107125062282012,0.5,0.0,1.1289786104036295,0.0,0.0,0.44237336214429723,0.0,0.0,0.0,0.0,0.0,0.0,1.0,0.5,0.0,0.0,0.25,0.0,1.0,1.1244725738396624,0.0,0.0,0.0,1.046229819531829,0.5203684393175357,0.0,0.0,0.0,0.0,0.0,0.0,0.0,8,2006,一般保證契約,一般交易,275000,12.524530013005734,0,0,0,1,0,0,0,0,0,0,0,0,0,0,0,0,1,0,0,0,0,0,0,1,0,0,0,1,0,0,0,0,0,0,0,0,1,0,0,0,0,0,0,0,0,0,0,0,0,0,0,0,0,0,0,0,1,0,0,0,0,0,0,0,1,0,0,0,0,0,0,0,1,0,0,0,0,0,1,0,0,0,0,0,0,1,0,0,0,0,0,0,1,0,0,0,0,1,0,0,0,0,0,0,0,0,0,0,0,0,0,0,1,0,0,0,0,0,0,0,0,0,0,0,0,0,0,0,0,0,1,0,0,1,0,0,0,0,0,0,1,0,0,0,0,0,1,0,0,0,0,0,0,1,0,0,1,0,0
1320,4,0.24155735878839998,0.14470546649069013,0.0,0.0,0.0,0.0,-1.0,0.0,-0.375,-1.0526315789473684,0.9393345256467777,0.0,0.0,-1.0,0.0,0.0,0.2,0.1502086230876217,0.0,0.0,-0.1963339501729593,-0.2610861983059293,0.5,0.0,-0.3154228729306125,0.0,0.0,-0.9571466444592621,0.0,0.0,-1.0,0.0,0.0,0.0,0.0,-0.5,0.0,-1.0,-0.5,-1.0,-1.0,-0.9852320675105485,0.0,0.0,0.0,0.0,-0.7117967261714493,0.0,0.0,0.0,0.0,0.0,0.0,0.0,2,2007,一般保證契約,一般交易,111000,11.6172944892629,0,0,0,1,0,0,0,0,0,0,0,0,0,0,0,0,1,0,0,0,0,1,0,0,0,1,0,0,0,0,0,0,0,0,0,0,0,0,0,0,0,1,0,0,0,0,0,0,0,0,0,0,0,0,0,0,1,0,0,0,0,0,0,0,1,0,0,0,0,0,0,0,1,0,0,0,0,0,1,0,0,0,0,0,0,1,0,0,0,0,0,0,1,0,0,0,0,0,0,0,1,0,0,0,0,0,0,0,0,0,0,0,0,0,0,0,1,0,0,0,0,0,0,0,0,0,0,0,0,0,1,0,0,1,0,0,0,0,0,0,1,0,0,0,0,0,1,0,0,0,0,0,0,1,0,0,1,0,0
1322,3,-1.010234332078765,-0.8361874132262358,0.0,0.0,-1.0,0.0,-1.5,1.0,-0.4791666666666667,-1.1578947368421053,0.0,0.0,0.0,-6.515822458562748,-1.5409627556327752,-1.5747678672403655,-0.8,-0.5340751043115438,-0.7304631471189668,0.0,-3.1687229326517117,-1.9830592924763328,-0.5,-0.7304631471189668,-0.9005272297819747,0.0,0.0,-1.52407021994198,0.0,0.0,-1.0,0.0,-1.0,0.0,0.0,-1.0,0.0,-1.0,-0.5,-1.0,-1.0,-0.820675105485232,0.0,-0.3466451177569989,0.0,0.0,-0.7117967261714493,0.0,0.0,0.0,0.0,0.0,0.0,0.0,7,2008,一般保證契約,一般交易,72500,11.19135563385109,0,0,0,1,0,0,0,0,0,0,0,0,0,0,0,0,1,0,0,0,0,0,0,1,0,0,0,0,1,0,0,0,0,0,0,0,0,0,0,1,0,0,0,0,0,0,0,0,0,0,0,0,0,0,0,0,0,0,0,0,0,0,1,0,1,0,0,0,0,0,0,0,1,0,0,0,0,0,1,0,0,0,0,0,0,1,0,0,0,0,0,0,1,0,0,0,0,1,0,0,0,0,0,0,0,0,0,0,0,0,0,0,1,0,0,0,0,0,0,0,0,0,0,0,0,0,0,0,1,0,0,0,0,0,1,0,0,1,0,0,0,0,0,0,0,0,1,0,0,0,0,1,0,0,0,0,1,0,0
1323,1,1.5288579846359944,0.13805057955542946,0.0,0.0,-1.0,0.0,0.5,0.0,0.4166666666666667,-0.05263157894736842,0.0,1.0,0.0,0.0,0.0,0.0,0.4,0.40333796940194716,0.0,0.0,-1.260546742979956,-0.48829098156452416,0.5,0.0,-0.06881482775887694,1.0408214438106314,0.0,0.6130937521227442,1.0,0.0,0.0,1.0,0.0,0.0,1.0,1.0,0.0,0.0,0.25,0.0,0.0,0.34810126582278483,0.0,0.0,0.0,1.1018674496009326,0.09944701964073181,0.0,0.0,0.0,0.0,0.0,0.0,0.0,6,2010,一般保證契約,一般交易,190000,12.154784614286667,0,0,0,0,0,0,0,0,1,0,0,0,0,0,0,0,1,0,0,0,0,0,0,1,0,1,0,0,0,0,0,0,1,0,0,0,0,0,0,0,0,0,0,0,0,0,0,0,0,0,0,0,0,0,0,0,1,0,0,0,0,0,0,0,1,0,0,0,0,0,0,0,1,0,0,0,0,0,0,0,0,1,0,0,0,0,0,1,0,0,0,0,1,0,0,0,0,0,0,0,0,0,0,0,0,0,0,0,1,0,0,0,0,0,0,0,0,0,0,0,0,0,0,0,1,0,0,0,1,0,0,0,0,1,0,0,0,0,0,0,1,0,0,0,0,0,1,0,0,0,0,0,0,1,0,0,1,0,0
1324,1,-1.1398722399119068,-1.3063273403387676,0.0,0.0,0.0,0.0,-1.0,2.0,-0.6666666666666666,-1.1578947368421053,0.0,-1.24080411332851,0.0,-1.0,0.0,0.0,-0.4,-0.14464534075104313,0.0,0.0,-0.8819683399824537,-1.14598903836572,0.0,0.0,-0.9354913681230063,0.0,0.0,-1.557947927550651,0.0,0.0,-1.0,0.0,-1.0,0.0,-1.0,-0.5,0.0,-1.0,-0.5,-2.0,-2.0,-2.0316455696202533,-1.5409627556327752,-1.5409627556327752,0.0,0.9933180246553567,-0.7117967261714493,0.0,0.0,0.0,0.0,0.0,0.0,0.0,12,2009,一般保證契約,一般交易,82500,11.320565693461432,0,0,1,0,0,0,0,0,0,0,0,0,0,0,0,0,1,0,0,0,0,0,1,0,0,1,0,0,0,0,0,0,0,0,0,0,0,0,0,1,0,0,0,0,0,0,0,0,0,0,0,0,0,0,0,0,1,0,0,0,0,0,0,0,1,0,0,0,0,0,0,0,1,0,0,0,0,0,1,0,0,0,0,0,0,1,0,0,0,0,0,0,1,0,0,0,0,1,0,0,0,0,0,0,0,0,0,0,0,0,0,0,1,0,0,0,0,0,0,0,0,0,0,0,0,0,0,0,1,0,0,0,0,0,1,0,0,0,0,0,1,0,0,0,0,0,1,0,0,0,1,0,0,0,0,0,1,0,0
1325,3,0.24155735878839998,0.09171118584162434,0.0,0.0,0.0,0.0,1.0,0.0,0.7083333333333334,0.34210526315789475,1.286371633467872,1.0,0.0,0.8422747575632559,0.0,1.7473143510832982,-0.6,-0.5340751043115438,0.0,0.0,1.1462541029610371,1.5944195316392626,0.5,0.0,1.1396530959509876,0.0,0.0,0.45271616243638985,0.0,0.0,0.0,0.0,-1.0,0.0,1.0,0.5,0.0,0.0,0.5,0.0,1.0,1.7447257383966244,0.0,0.0,0.0,0.0,0.16442375494366226,0.0,0.0,0.0,0.0,0.0,0.0,0.0,2,2007,新屋,預售屋(估價時未完工),147000,11.898194668458823,0,0,0,1,0,0,0,0,0,0,0,0,0,0,0,0,1,0,0,0,0,0,0,1,0,1,0,0,0,0,0,0,0,0,0,0,0,0,0,0,0,0,0,0,0,0,0,0,0,0,1,0,0,0,0,0,1,0,0,0,0,0,0,0,1,0,0,0,0,0,0,0,1,0,0,0,0,0,1,0,0,0,0,0,0,0,0,1,0,0,0,0,1,0,0,0,0,1,0,0,0,0,0,0,0,0,0,0,0,0,0,0,1,0,0,0,0,0,0,0,0,0,0,0,0,0,0,0,0,0,1,0,0,1,0,0,0,0,0,0,1,0,0,0,0,0,1,0,0,0,0,0,0,1,0,0,1,0,0
1326,4,-1.8614282606963264,-2.095600995391492,0.0,0.0,0.0,0.0,-1.0,-1.0,-1.0416666666666667,-1.1578947368421053,0.0,0.0,0.0,-1.0,-0.3466451177569989,0.0,-0.6,-0.5340751043115438,0.0,0.0,0.41282126651178763,-0.3966118584952666,-1.0,-0.7304631471189668,-0.6899131555245103,0.0,0.0,-1.3200004969483485,0.0,0.0,-1.0,0.0,-1.0,0.0,0.0,-0.5,0.0,-1.0,-0.5,-2.0,-2.0,-2.0316455696202533,-1.5409627556327752,-1.5409627556327752,-1.1943176378757763,0.0,-0.7117967261714493,6.65495044352145,0.0,0.0,0.0,0.0,1.5409627556327752,0.0,1,2008,一般保證契約,一般交易,55000,10.915106645867503,0,0,1,0,0,0,0,0,0,0,0,0,0,0,0,1,0,0,0,0,0,0,0,1,0,1,0,0,0,1,0,0,0,0,0,0,0,0,0,0,0,0,0,0,0,0,0,0,0,0,0,0,0,0,0,0,1,0,0,0,0,0,0,0,1,0,0,0,0,0,0,0,1,0,0,0,0,0,1,0,0,0,0,0,0,0,0,1,0,0,0,0,1,0,0,0,0,0,0,0,0,0,0,0,0,0,0,1,0,0,0,0,0,0,0,0,0,0,0,0,0,0,0,1,0,0,0,0,1,0,0,0,0,0,0,0,1,0,0,0,1,0,0,0,0,0,1,0,0,0,1,0,0,0,0,0,1,0,0
1327,3,0.0,-1.7694275973488296,0.0,0.0,0.0,-0.4638544907568095,-1.5,1.0,-0.8541666666666666,0.3157894736842105,0.0,0.0,0.0,-1.0,0.0,0.0,-0.2,0.22253129346314326,0.0,0.0,-3.1687229326517117,-0.8988540109616343,0.5,0.0,-0.7490597188456659,0.0,0.0,-1.3773092159194205,0.0,0.0,-1.0,0.0,0.0,0.0,1.0,0.0,0.0,-1.0,-0.5,-2.0,-2.0,-2.0316455696202533,-1.5409627556327752,-1.5409627556327752,0.0,0.0,-0.7117967261714493,8.914178988939392,0.0,0.0,0.0,0.0,0.0,0.0,5,2007,一般保證契約,一般交易,79000,11.277215789596893,0,0,1,0,0,0,0,0,0,0,0,0,0,0,0,0,0,0,0,1,0,1,0,0,0,1,0,0,0,0,0,0,0,0,0,0,0,0,0,0,0,1,0,0,0,0,0,0,0,0,0,0,0,0,0,0,1,0,0,0,0,0,0,0,1,0,0,0,0,0,0,0,1,0,0,0,0,0,1,0,0,0,0,0,0,0,0,1,0,0,0,0,1,0,0,0,0,0,0,0,0,0,0,0,0,0,0,0,0,1,0,0,0,0,0,0,0,0,0,0,0,0,0,0,0,1,0,0,1,0,0,0,0,0,0,0,1,0,0,0,1,0,0,0,0,0,1,0,0,0,1,0,0,0,0,0,1,0,0
1328,3,-0.5300358319518109,-0.8451420639924192,0.0,0.0,0.0,0.0,-0.5,4.0,0.20833333333333334,0.3684210526315789,0.0,1.0,0.2793713480100486,-1.0,0.0,0.0,0.2,0.3574408901251738,0.0,0.0,-0.7343828292336437,-0.356751370204285,0.5,0.0,-0.6373358078737213,0.0,0.0,-1.2690568702763714,0.0,0.7304631471189668,-1.0,0.0,0.0,0.0,1.0,-0.5,0.0,0.0,0.75,-1.0,-1.0,-0.9177215189873418,0.0,0.0,0.0,0.0,-0.7117967261714493,0.0,0.0,0.0,0.0,0.0,1.5409627556327752,0.0,10,2008,一般保證契約,一般交易,130500,11.779136168550774,0,0,0,1,0,0,0,0,0,0,0,0,0,0,0,0,1,0,0,0,0,0,0,1,0,1,0,0,0,0,0,0,0,0,0,0,0,0,0,0,0,0,0,0,0,0,1,0,0,0,0,0,0,0,0,0,1,0,0,0,0,0,0,0,1,0,0,0,0,0,0,0,1,0,0,0,0,0,1,0,0,0,0,0,0,0,0,1,0,0,0,0,1,0,0,0,0,1,0,0,0,0,0,0,0,0,0,0,0,0,0,0,1,0,0,0,0,0,0,0,0,0,0,0,0,0,0,0,1,0,0,0,0,0,1,0,0,0,0,0,1,0,0,0,0,0,1,0,0,0,0,0,0,1,0,0,1,0,0
1329,4,-0.5300358319518109,0.19579962359720846,0.0,0.7304631471189668,0.0,0.0,0.0,2.0,-1.0833333333333333,-1.1578947368421053,0.0,1.0,0.2793713480100486,0.0,0.0,0.0,-0.4,0.15159944367176634,0.0,0.0,0.6244266114500389,1.0264075734927753,0.5,0.0,0.8435061327061867,1.1255408098857957,0.0,1.510694314204749,0.0,0.0,0.0,0.0,2.0,0.0,0.0,1.0,-0.6199342747198131,1.0,0.25,-1.0,0.0,0.16244725738396623,-0.3466451177569989,0.0,0.0,0.0,1.0173445299671209,0.0,0.0,10.169007130464756,0.0,0.0,1.5409627556327752,12.523115262762108,6,2008,一般保證契約,一般交易,256000,12.45293662970407,1,0,0,0,0,0,0,0,0,0,0,0,0,0,0,1,0,0,0,0,0,0,0,1,0,0,0,0,1,0,0,0,0,0,0,0,0,0,0,0,0,0,0,0,0,0,0,0,1,0,0,0,0,0,0,0,1,0,0,0,0,0,0,0,1,0,0,0,0,0,0,0,1,0,0,0,1,0,0,0,0,0,0,0,0,0,0,1,0,0,0,0,1,0,0,0,0,0,0,0,0,0,0,0,0,0,0,0,0,0,1,0,0,0,0,0,1,0,0,0,0,0,0,0,0,0,0,0,1,0,0,0,0,0,0,0,1,0,0,1,0,0,0,0,0,0,1,0,0,0,0,1,0,0,1,0,0,0,0
1330,1,-0.3637131127598576,-0.12762331147906025,0.0,0.0,-1.0,0.0,0.5,0.0,0.5416666666666666,0.10526315789473684,0.0,0.0,0.0,0.0,0.0,0.0,-0.6,-0.5340751043115438,0.0,0.0,0.5509397021558676,-0.11958146487294469,0.0,0.0,-0.29943988232665664,0.9827695667053599,0.0,0.23378223561517272,0.0,0.0,0.0,1.0,0.0,0.0,0.0,1.0,0.0,0.0,0.25,1.0,0.0,-0.08227848101265822,0.0,0.0,0.0,0.0,0.009549770389255476,0.0,0.0,0.0,0.0,0.0,0.0,0.0,6,2006,一般保證契約,一般交易,176500,12.081081821061819,0,0,0,0,0,0,0,0,1,0,0,0,0,0,0,0,1,0,0,0,0,0,0,1,0,1,0,0,0,0,0,0,0,0,0,1,0,0,0,0,0,0,0,0,0,0,0,0,0,0,0,0,0,0,0,0,1,0,0,0,0,0,0,0,1,0,0,0,0,0,0,0,1,0,0,0,0,0,0,0,0,1,0,0,0,1,0,0,0,0,0,0,1,0,0,0,0,1,0,0,0,0,0,0,0,0,0,0,0,0,0,0,1,0,0,0,0,0,0,0,0,0,0,0,0,0,0,0,1,0,0,0,0,1,0,0,0,0,0,0,1,0,0,0,0,0,1,0,0,0,0,0,0,1,0,0,1,0,0
1331,4,0.6866853341578308,0.09498049906055633,0.0,0.0,0.0,0.0,1.0,0.0,0.7083333333333334,0.3157894736842105,1.2725658678225908,1.0,0.0,0.0,0.2793713480100486,1.7473143510832982,-0.6,-0.5340751043115438,0.0,0.0,1.029907637661758,1.1818634778276034,0.5,0.0,0.8494239763760345,0.0,0.0,0.1715052497984033,0.0,0.0,0.0,0.0,0.0,0.0,1.0,0.5,0.0,0.0,0.5,0.0,1.0,1.4493670886075949,0.0,0.0,0.0,0.9576843843402714,0.139889170134574,0.0,0.0,0.0,0.0,0.0,0.0,0.0,12,2007,一般保證契約,一般交易,227000,12.33270970174018,0,0,0,1,0,0,0,0,0,0,0,0,0,0,0,0,1,0,0,0,0,0,0,1,0,1,0,0,0,0,0,0,0,0,0,0,0,0,0,0,0,0,0,0,0,0,0,0,0,0,1,0,0,0,0,0,1,0,0,0,0,0,0,0,1,0,0,0,0,0,0,0,1,0,0,0,0,0,1,0,0,0,0,0,0,1,0,0,0,0,0,0,1,0,0,0,0,1,0,0,0,0,0,0,0,0,0,0,0,0,0,0,1,0,0,0,0,0,0,0,0,0,0,0,0,0,0,0,0,1,0,0,0,1,0,0,0,0,0,0,1,0,0,0,0,0,1,0,0,0,0,0,0,1,0,0,1,0,0
1333,2,-0.15196723459603825,-0.18055866288472577,0.0,0.0,0.0,-0.4638544907568095,-1.0,1.0,-0.7083333333333334,-0.9473684210526315,0.0,0.0,0.0,-1.0,0.0,1.0,0.2,0.42559109874826145,0.0,0.0,-0.9498896151814094,-0.356751370204285,0.5,0.0,-0.6373358078737213,0.0,0.0,-1.2690568702763714,1.0,0.0,-1.0,0.0,-1.0,0.0,0.0,-1.5,0.0,0.0,0.5,-1.0,-1.0,-0.8164556962025317,-0.3466451177569989,-0.3466451177569989,0.0,0.0,-0.7117967261714493,0.0,0.0,0.0,0.0,0.0,0.0,0.0,5,2009,一般保證契約,一般交易,100000,11.51293546492023,0,0,0,1,0,0,0,0,0,0,0,0,0,0,0,0,1,0,0,0,0,0,0,1,0,1,0,0,0,0,0,0,0,0,0,0,0,0,0,0,0,1,0,0,0,0,0,0,0,0,0,0,0,0,0,0,1,0,0,0,0,0,0,0,1,0,0,0,0,0,0,0,1,0,0,0,0,0,1,0,0,0,0,0,0,0,0,1,0,0,0,0,1,0,0,0,0,0,0,0,0,0,0,0,0,0,0,0,0,1,0,0,0,0,0,0,0,0,0,0,0,0,0,0,0,1,0,0,1,0,0,0,0,0,1,0,0,0,0,0,1,0,0,0,0,0,1,0,0,0,0,1,0,0,0,0,1,0,0
1335,3,-3.412047956290646,-2.9282739165438794,0.0,0.0,0.0,0.0,-0.5,1.0,-0.041666666666666664,-0.631578947368421,1.1868772806554262,0.0,0.0,-1.0,0.0,0.0,-0.4,0.5299026425591099,0.0,0.0,-3.1687229326517117,-0.458395615346288,-0.5,0.0,-0.7736681172496054,0.9545409040817515,0.0,-0.16870010672770933,0.0,0.0,-1.0,1.0,0.0,0.0,0.0,0.5,-0.18059459163956637,-1.0,-0.5,-1.0,0.0,-0.1751054852320675,0.0,0.0,0.0,0.0,0.07725337927507323,0.0,0.0,0.0,0.0,0.0,0.0,0.0,5,2009,一般保證契約,一般交易,125000,11.736077016252437,0,0,0,0,0,0,0,0,0,1,0,0,0,0,0,1,0,0,0,0,0,0,0,1,0,1,0,0,0,0,0,0,0,0,0,0,0,0,1,0,0,0,0,0,0,0,0,0,0,0,0,0,0,0,0,0,1,0,0,0,0,0,0,0,1,0,0,0,0,0,0,0,0,0,1,0,0,0,0,0,0,1,0,0,0,0,0,1,0,0,0,0,1,0,0,0,0,0,0,0,0,0,0,0,0,0,0,0,1,0,0,0,0,0,0,0,0,0,0,0,0,0,0,0,1,0,0,0,1,0,0,0,0,0,1,0,0,0,0,0,1,0,0,0,0,0,1,0,0,0,0,0,0,1,0,0,1,0,0
1336,4,0.469964168048189,0.012054485409334207,0.0,0.0,0.0,0.0,0.0,0.0,0.10416666666666667,-0.4473684210526316,1.2313232048835872,0.0,0.0,0.0,0.0,0.0,0.2,0.4200278164116829,0.0,0.0,0.26119267670930707,0.7075236671649228,-0.5,0.0,0.445700726744515,0.0,0.0,-0.2196732220528101,0.0,0.7304631471189668,0.0,0.0,-1.0,0.0,0.0,0.0,0.0,0.0,0.25,0.0,0.0,0.6265822784810127,0.0,0.0,0.0,0.0,-0.13049406945601977,0.0,0.0,0.0,0.0,0.0,0.0,0.0,4,2009,一般保證契約,一般交易,167900,12.031129798974042,0,0,0,1,0,0,0,0,0,0,0,0,0,0,0,0,1,0,0,0,0,0,0,1,0,1,0,0,0,0,0,0,0,0,0,0,0,0,0,0,0,0,0,0,0,0,0,0,0,0,0,0,1,0,0,0,1,0,0,0,0,0,0,0,1,0,0,0,0,0,0,0,1,0,0,0,0,0,1,0,0,0,0,0,0,0,0,1,0,0,0,0,1,0,0,0,0,0,0,1,0,0,0,0,0,0,0,0,0,0,0,0,0,0,0,1,0,0,0,0,0,0,0,0,0,0,0,0,0,0,1,0,0,0,1,0,0,0,0,0,1,0,0,0,0,0,1,0,0,0,0,0,0,1,0,0,1,0,0
1337,1,0.7703835941214926,-0.08690611095910518,0.0,0.0,-1.0,0.0,-0.5,0.0,0.020833333333333332,-0.5526315789473685,1.3772124791248204,0.0,0.0,-1.0,0.0,0.0,-0.6,-0.5340751043115438,0.0,0.0,1.0694801883671676,1.3173891380169407,-0.5,0.0,0.9481386775147665,0.0,0.0,0.267152617087611,0.0,0.0,0.0,0.0,1.0,0.4638544907568095,0.0,1.0,0.0,-1.0,-0.5,-1.0,0.0,0.10337552742616034,0.0,0.0,0.0,0.0,0.6420188159264029,0.0,0.0,0.0,0.0,0.0,0.0,0.0,11,2008,一般保證契約,一般交易,135000,11.813037464800539,0,0,0,0,0,0,0,0,0,0,0,0,0,0,1,0,1,0,0,0,0,0,0,1,0,1,0,0,0,0,0,0,0,0,0,0,0,0,0,0,0,0,0,0,0,0,0,0,0,0,0,0,1,0,0,0,0,0,0,0,0,0,1,0,1,0,0,0,0,0,0,0,0,0,0,1,0,0,1,0,0,0,0,0,0,0,0,1,0,0,0,0,1,0,0,0,0,0,0,1,0,0,0,0,0,0,0,0,0,0,0,0,0,0,0,1,0,0,0,0,0,0,0,0,0,0,0,0,0,0,1,0,0,0,1,0,0,0,0,0,1,0,0,0,0,0,1,0,0,0,0,1,0,0,0,0,1,0,0
1338,4,2.8994071792518032,-1.843672332654731,0.0,0.7304631471189668,-1.0,-0.4638544907568095,-1.0,-1.0,-0.6458333333333334,-1.1578947368421053,0.0,0.0,0.0,-1.0,0.0,0.0,-0.6,-0.5340751043115438,0.0,0.0,0.29656753501726896,-0.6018933731938216,-1.0,-0.7304631471189668,-0.9799109483424256,0.0,0.0,-1.6009872707798658,0.0,0.0,-1.0,0.0,-1.0,0.0,-1.0,-1.0,0.0,-1.0,-0.5,-2.0,-2.0,-2.0316455696202533,-1.5409627556327752,-1.5409627556327752,-1.1943176378757763,0.0,-0.07642330536929036,0.0,0.0,0.0,0.0,0.0,0.0,0.0,3,2006,一般保證契約,一般交易,52500,10.868587496017359,0,0,1,0,0,0,0,0,0,0,0,0,0,0,0,1,0,0,0,0,0,1,0,0,0,0,0,0,1,0,0,0,0,0,0,0,0,0,0,0,0,0,0,0,0,0,0,0,1,0,0,0,0,0,0,0,0,0,0,0,0,0,1,0,1,0,0,0,0,0,0,0,1,0,0,0,0,0,1,0,0,0,0,0,0,0,0,1,0,0,0,0,1,0,0,0,0,0,0,0,1,0,0,0,0,0,0,0,0,0,0,0,0,0,0,0,1,0,0,0,0,0,0,0,0,0,0,0,1,0,0,0,0,0,1,0,0,0,0,0,0,1,0,0,0,1,0,0,0,0,1,0,0,0,0,0,1,0,0
1339,3,1.0897935338065554,0.8023304656511215,0.0,0.0,-1.0,0.0,0.5,0.0,0.625,0.21052631578947367,0.0,1.0,0.0,0.0,0.0,0.0,0.4,0.43949930458970793,0.0,0.0,-0.5904114781444286,-0.1574489287493772,0.5,0.0,-0.3803741040075111,1.0624220555762638,0.0,0.5365818348597406,1.0,0.0,0.0,1.0,0.0,0.0,1.0,1.0,0.0,-1.0,-0.5,0.0,0.0,0.04430379746835443,0.0,0.0,0.0,0.9614295666225744,0.35348265834739045,0.0,0.0,0.0,0.0,0.0,0.0,0.0,6,2006,一般保證契約,一般交易,200000,12.206077645517674,0,0,0,0,0,0,0,0,1,0,0,0,0,0,0,0,1,0,0,0,0,0,0,1,0,0,0,0,1,0,0,0,0,0,0,0,1,0,0,0,0,0,0,0,0,0,0,0,0,0,0,0,0,0,0,0,1,0,0,0,0,0,0,0,1,0,0,0,0,0,0,0,1,0,0,0,0,0,0,0,0,1,0,0,0,0,0,1,0,0,0,0,1,0,0,0,0,1,0,0,0,0,0,0,0,0,0,0,0,0,0,0,1,0,0,0,0,0,0,0,0,0,0,0,0,0,0,0,1,0,0,0,0,1,0,0,0,0,0,0,1,0,0,0,0,0,1,1,0,0,0,0,0,0,0,0,1,0,0
1340,3,1.9599686345319214,-0.009682068601218497,0.0,0.0,-1.0,0.0,-0.5,2.0,0.0,-0.5789473684210527,0.0,0.0,0.2793713480100486,-1.0,0.0,1.0,-0.2,-0.03337969401947149,0.0,0.0,0.038457500180504575,-0.2610861983059293,0.5,0.0,-0.5154786426099094,0.0,0.0,-1.1509861380717596,0.0,0.0,-1.0,0.0,0.0,0.0,0.0,-0.5,0.0,-1.0,-0.5,0.0,-1.0,-0.8164556962025317,0.0,0.0,0.0,0.0,-0.7117967261714493,0.0,0.0,0.0,0.0,0.0,0.0,0.0,6,2006,一般保證契約,一般交易,128500,11.763691965388299,0,0,0,1,0,0,0,0,0,0,0,0,0,0,0,0,1,0,0,0,0,0,0,1,0,0,0,0,1,0,0,0,0,0,0,0,1,0,0,0,0,0,0,0,0,0,0,0,0,0,0,0,0,0,0,0,1,0,0,0,0,0,0,0,1,0,0,0,0,0,0,0,1,0,0,0,0,0,1,0,0,0,0,0,0,1,0,0,0,0,0,0,1,0,0,0,0,0,0,0,0,0,0,0,0,0,0,0,0,1,0,0,0,0,0,0,0,0,0,0,0,0,0,0,0,1,0,0,1,0,0,0,0,0,1,0,0,0,0,0,1,0,0,0,0,0,1,0,0,0,0,0,0,1,0,0,1,0,0
1342,1,-0.20389035669044683,0.8464361096270566,0.0,0.0,0.0,0.0,0.0,0.0,0.6458333333333334,0.2631578947368421,0.0,0.0,0.0,0.0,0.0,0.0,0.4,0.5980528511821975,0.0,0.0,-0.3562006852836907,0.2371699053313403,0.5,0.0,0.0392371906264913,0.0,0.0,-0.6135068322474396,1.0,0.0,-1.0,0.0,0.0,0.0,1.0,0.0,0.0,-1.0,-0.5,-1.0,0.0,0.3987341772151899,0.0,0.0,0.0,0.0,0.30461656634883394,0.0,0.0,0.0,0.0,0.0,0.0,0.0,7,2008,一般保證契約,一般交易,155000,11.951186847493476,0,0,0,1,0,0,0,0,0,0,0,0,0,0,0,0,1,0,0,0,0,0,0,1,0,1,0,0,0,0,0,0,0,0,0,0,0,0,0,0,0,0,0,0,0,0,0,0,0,0,0,0,0,1,0,0,0,0,0,1,0,0,0,0,1,0,0,0,0,0,0,0,1,0,0,0,0,0,1,0,0,0,0,0,0,0,0,1,0,0,0,0,1,0,0,0,0,1,0,0,0,0,0,0,0,0,0,0,0,0,0,0,1,0,0,0,0,0,0,0,0,0,0,0,0,0,0,0,1,0,0,0,0,1,0,0,0,0,0,0,1,0,0,0,0,0,1,0,0,0,0,1,0,0,0,0,1,0,0
1343,4,0.0,-0.05491455570318445,0.0,0.0,0.0,0.0,1.0,0.0,0.625,0.21052631578947367,0.9722359654921735,1.0,0.0,0.0,0.0,0.0,-0.6,-0.5340751043115438,0.0,0.0,0.8331549247573143,0.5759840558046836,0.5,0.0,0.35861949432019685,1.0472780241572375,0.0,0.8973967308879498,0.0,0.0,0.0,1.0,0.0,0.0,1.0,0.5,0.0,0.0,0.5,0.0,0.0,0.6983122362869199,0.0,0.0,0.0,1.0374820403803926,0.33910837831011187,0.0,0.0,0.0,0.0,0.0,0.0,0.0,8,2007,一般保證契約,一般交易,228500,12.339295865674435,0,0,0,0,0,0,0,0,1,0,0,0,0,0,0,0,1,0,0,0,0,0,0,1,0,1,0,0,0,0,0,0,0,0,0,0,1,0,0,0,0,0,0,0,0,0,0,0,0,0,0,0,0,0,0,0,1,0,0,0,0,0,0,0,1,0,0,0,0,0,0,0,1,0,0,0,0,0,0,0,0,1,0,0,0,0,0,1,0,0,0,0,1,0,0,0,0,1,0,0,0,0,0,0,0,0,0,0,0,0,0,0,1,0,0,0,0,0,0,0,0,0,0,0,0,0,0,0,0,0,1,0,0,1,0,0,0,0,0,0,1,0,0,0,0,0,1,0,0,0,0,0,0,1,0,0,1,0,0
1344,4,-0.7034629278735134,-0.544903752153495,0.0,0.0,0.0,0.0,0.0,1.0,-0.9166666666666666,-1.1578947368421053,0.0,0.0,0.0,-1.0,0.0,0.0,-0.6,-0.5340751043115438,0.0,0.0,0.5140496340304217,-0.19730941704035873,0.0,0.0,0.1525901175115004,1.0042277358775895,0.0,0.6008962210360881,0.0,0.0,-1.0,1.0,0.0,0.0,0.0,1.5,0.0,0.0,0.25,-1.0,0.0,-0.5886075949367089,-0.3466451177569989,-0.3466451177569989,0.0,0.0,-0.7117967261714493,0.0,0.0,0.0,0.0,0.0,0.0,0.0,3,2009,一般保證契約,一般交易,177000,12.083910661257521,1,0,0,0,0,0,0,0,0,0,0,0,0,0,0,0,1,0,0,0,0,1,0,0,0,1,0,0,0,0,1,0,0,0,0,0,0,0,0,0,0,0,0,0,0,0,0,0,0,0,0,0,0,0,0,0,1,0,0,0,0,0,0,0,1,0,0,0,0,0,0,0,1,0,0,0,1,0,0,0,0,0,0,0,0,0,0,1,0,0,0,0,1,0,0,0,0,0,0,0,0,0,0,0,0,0,0,0,0,0,1,0,0,0,0,0,0,0,0,0,0,0,1,0,0,0,0,0,1,0,0,0,0,0,0,0,1,0,0,0,1,0,0,0,0,0,1,0,0,0,0,1,0,0,0,0,1,0,0
1346,2,-1.1398722399119068,-1.0526421762248437,0.0,0.0,0.0,0.0,-1.0,-1.0,-1.0833333333333333,-1.1578947368421053,0.0,0.0,0.0,-1.0,0.0,0.0,0.2,-0.18636995827538247,0.0,0.0,0.3167243597661001,-0.06975585450921774,0.0,0.0,-0.2880842536468032,0.0,0.0,-0.9306575103216483,0.0,0.0,-1.0,0.0,-1.0,0.0,-1.0,-0.5,0.0,-1.0,-0.5,-1.0,-1.0,-0.7320675105485233,0.0,0.0,0.0,0.0,-0.7117967261714493,7.724358962810531,0.0,0.0,0.0,0.0,0.0,0.0,7,2007,一般保證契約,一般交易,108500,11.59451466851004,0,0,1,0,0,0,0,0,0,0,0,0,0,0,0,1,0,0,0,0,0,0,0,1,0,1,0,0,0,0,0,0,0,0,0,0,0,0,0,0,0,0,0,0,0,0,0,0,1,0,0,0,0,0,0,0,1,0,0,0,0,0,0,0,1,0,0,0,0,0,0,0,1,0,0,0,0,0,1,0,0,0,0,0,0,1,0,0,0,0,0,0,1,0,0,0,0,0,0,0,0,0,0,0,0,0,0,0,0,1,0,0,0,0,0,0,0,0,0,0,0,0,0,0,0,1,0,0,1,0,0,0,0,1,0,0,0,0,0,0,1,0,0,0,0,1,0,0,0,0,0,1,0,0,0,0,1,0,0
1347,3,0.469964168048189,1.899288602025489,0.0,0.0,-2.338124978532008,0.0,0.5,2.0,-0.08333333333333333,0.23684210526315788,0.0,0.0,0.0,-1.0,0.0,0.0,0.0,-0.12100139082058414,0.8104996085138084,5.914940018959451,0.7740714725179978,1.1420029895366217,-0.5,0.0,1.583814882156024,0.0,0.0,0.8830766357085408,0.0,0.0,0.0,0.0,0.0,0.0,0.0,1.5,0.0,0.0,0.5,0.0,0.0,0.11181434599156118,0.2793713480100486,0.0,0.0,0.0,0.3125597996047345,0.0,8.946560885133437,0.0,0.0,0.0,0.0,0.0,6,2006,一般保證契約,一般交易,262500,12.47801017053037,0,0,0,1,0,0,0,0,0,0,0,0,0,0,0,0,1,0,0,0,0,0,0,1,0,0,0,1,0,0,0,0,0,0,0,0,0,0,0,0,0,0,0,0,0,0,0,0,0,0,0,0,1,0,0,0,0,0,0,0,0,1,0,0,1,0,0,0,0,0,0,0,1,0,0,0,0,0,1,0,0,0,0,0,0,1,0,0,0,0,0,0,1,0,0,0,0,0,0,0,0,0,0,0,0,0,0,0,0,0,1,0,0,0,0,0,0,0,0,0,0,0,0,0,1,0,0,0,1,0,0,0,0,0,1,0,0,0,0,0,1,0,0,0,0,0,1,0,0,0,0,0,0,1,0,0,1,0,0
1349,1,-0.20389035669044683,1.2620222579430733,0.0,0.0,-4.4453611970759175,0.0,0.5,0.0,0.5416666666666666,0.10526315789473684,0.0,1.0,0.0,0.0,0.0,2.3495966477454164,0.4,1.4728789986091795,0.0,0.0,-1.6334653487802588,0.9706028898854011,0.5,0.0,0.7068777831496341,0.0,0.0,0.033388353916374035,1.0,0.0,0.0,0.0,0.0,0.0,1.0,-0.5,0.0,0.0,0.0,0.0,0.0,0.1371308016877637,0.0,0.0,0.0,1.2594018516761594,-0.02000336422115729,0.0,0.0,0.0,0.0,0.0,0.0,0.0,8,2007,一般保證契約,一般交易,215000,12.278397958261774,0,0,0,1,0,0,0,0,0,0,0,0,0,0,0,0,1,0,0,0,1,0,0,0,0,1,0,0,0,0,0,0,0,0,0,0,0,0,0,0,0,0,0,0,0,0,0,0,0,0,0,0,0,1,0,0,1,0,0,0,0,0,0,0,1,0,0,0,0,0,0,0,1,0,0,0,0,0,1,0,0,0,0,0,0,0,0,1,0,0,0,0,1,0,0,0,0,1,0,0,0,0,0,0,0,0,0,0,0,0,0,0,1,0,0,0,0,0,0,0,0,0,0,0,0,0,0,0,1,0,0,0,0,1,0,0,0,0,0,0,1,0,0,0,0,0,1,0,0,0,0,0,0,1,0,0,1,0,0
1350,4,-1.1398722399119068,-1.3384045274499314,0.0,1.1943176378757763,0.0,0.0,1.0,0.0,-2.0833333333333335,-0.18421052631578946,0.0,0.0,0.2793713480100486,-1.0,-0.3466451177569989,0.0,-0.4,-0.17385257301808066,0.0,0.0,-0.09468702175664927,-0.6198305929247633,-1.0,-0.7304631471189668,-0.33843044028061925,1.1270292123623813,8.158132683068054,1.0977602170550285,0.0,0.0,0.0,0.0,1.0,0.0,0.0,1.0,0.0,-1.0,-0.5,-2.0,-2.0,-2.0316455696202533,-1.5409627556327752,-1.5409627556327752,0.0,0.0,0.19284669263052878,3.858806663498184,0.0,0.0,0.0,0.0,0.0,0.0,12,2008,一般保證契約,一般交易,122000,11.711784520403112,0,0,0,0,0,0,0,1,0,0,0,0,0,0,0,1,0,0,0,0,0,0,0,1,0,1,0,0,0,0,0,0,0,0,0,0,0,0,0,0,0,0,0,0,0,0,0,0,1,0,0,0,0,0,0,0,1,0,0,0,0,0,0,0,1,0,0,0,0,0,0,0,1,0,0,0,0,0,0,0,0,1,0,0,0,0,0,1,0,0,0,0,1,0,0,0,0,0,0,0,0,0,0,0,0,0,0,0,0,1,0,0,0,0,0,0,0,0,0,0,0,0,0,0,0,1,0,0,1,0,0,0,0,0,0,0,1,0,0,0,0,0,1,0,0,0,1,0,0,0,1,0,0,0,0,0,1,0,0
1351,4,0.9330406239737735,0.45408710338294156,0.0,0.0,0.0,0.0,-0.5,0.0,-0.0625,-0.6578947368421053,1.2382359785268842,0.0,0.0,-1.0,0.0,0.0,-0.4,0.16133518776077885,0.0,0.0,0.3603399953936688,0.5042351768809168,-0.5,0.0,0.45254681122195944,1.1437426614992812,0.0,1.3671222038990345,1.0,0.7304631471189668,0.0,2.0,3.0,0.4638544907568095,0.0,3.0,0.0,-1.0,-0.5,-1.0,2.0,2.0527426160337554,0.0,0.0,0.0,0.0,-0.7117967261714493,0.0,0.0,0.0,0.0,0.0,0.0,0.0,8,2009,一般保證契約,一般交易,200000,12.206077645517674,0,0,0,0,0,0,0,0,0,0,0,0,0,0,1,0,1,0,0,0,0,0,0,1,0,1,0,0,0,0,0,0,0,0,1,0,0,0,0,0,0,0,0,0,0,0,0,0,0,0,0,0,0,0,0,0,0,0,0,0,1,0,0,0,1,0,0,0,0,0,0,0,0,0,0,1,0,0,0,0,0,1,0,0,0,0,0,1,0,0,0,0,1,0,0,0,0,0,0,0,0,0,0,0,0,0,0,0,0,1,0,0,0,0,0,0,0,0,0,0,0,0,0,0,0,1,0,0,0,0,1,0,0,0,1,0,0,0,0,0,1,0,0,0,0,0,1,0,0,0,0,1,0,0,0,0,1,0,0
1352,4,0.0,-0.08665665941668015,0.0,0.0,-1.0,0.0,0.0,1.0,-0.20833333333333334,-0.8421052631578947,1.192737651552457,0.0,0.0,-1.0,0.0,0.0,-0.2,-0.09040333796940195,0.0,0.0,0.09184361892485939,-0.2730443447932237,0.5,0.0,-0.530391647389691,1.0396836624691328,0.0,0.34881542690940964,0.0,0.0,-1.0,1.0,1.0,0.0,0.0,1.0,0.0,0.0,0.5,1.0,0.0,0.035864978902953586,0.0,0.0,0.0,0.0,0.3279585592787707,0.0,0.0,7.020909424392294,0.0,0.0,0.0,0.0,3,2008,一般保證契約,一般交易,171000,12.049424683420915,0,0,0,0,0,0,0,0,1,0,0,0,0,0,0,0,1,0,0,0,0,0,0,1,0,1,0,0,0,0,0,0,0,0,1,0,0,0,0,0,0,0,0,0,0,0,0,0,0,0,0,0,0,0,0,0,1,0,0,0,0,0,0,0,1,0,0,0,0,0,0,0,1,0,0,0,0,0,0,0,0,1,0,0,0,0,0,1,0,0,0,0,1,0,0,0,0,0,0,0,0,0,0,0,0,0,0,0,1,0,0,0,0,0,0,0,0,0,0,0,0,0,0,0,1,0,0,0,0,0,1,0,0,0,1,0,0,0,0,0,1,0,0,0,0,0,1,0,0,0,0,0,0,1,0,0,1,0,0
1353,2,-1.1398722399119068,-1.0526421762248437,0.0,0.0,0.0,0.0,0.0,4.0,-0.7291666666666666,0.15789473684210525,0.0,1.0,0.0,-1.0,0.0,0.0,-0.6,-0.5340751043115438,0.0,0.0,0.30253918619481757,-0.5919282511210763,-0.5,0.0,-0.7166236443532161,0.8579336688072302,0.0,-0.49627299872912456,0.0,0.0,-1.0,0.0,-1.0,0.0,0.0,-1.0,0.0,-1.0,-0.5,-1.0,0.0,0.6012658227848101,0.0,0.0,-1.1943176378757763,1.063073056323814,-0.7117967261714493,0.0,0.0,0.0,0.0,0.0,0.0,0.0,7,2009,一般保證契約,一般交易,134900,11.812296455066814,1,0,0,0,0,0,0,0,0,0,0,0,0,0,0,1,0,0,0,0,0,0,0,1,0,1,0,0,0,0,0,0,0,0,0,0,0,0,0,1,0,0,0,0,0,0,0,0,0,0,0,0,0,0,0,0,1,0,0,0,0,0,0,0,1,0,0,0,0,0,0,0,1,0,0,0,1,0,0,0,0,0,0,0,0,0,0,1,0,0,0,0,1,0,0,0,0,0,0,0,0,0,0,0,0,0,0,0,0,1,0,0,0,0,0,0,0,0,0,0,0,0,0,0,0,1,0,0,1,0,0,0,0,0,0,0,1,0,0,0,1,0,0,0,0,0,1,0,0,0,0,1,0,0,0,0,1,0,0
1354,3,-0.7629679606273453,1.0239829376029925,0.0,0.0,-1.0,0.0,1.0,0.0,0.4791666666666667,0.05263157894736842,1.386053435365683,1.0,0.0,0.0,0.0,1.7473143510832982,0.4,0.6008344923504868,0.0,0.0,0.7845202439802,2.0687593423019432,0.5,0.0,1.4639623859212638,1.1205982149431089,0.0,1.8816540684429273,1.0,0.0,0.0,1.0,1.0,0.0,1.0,1.5,0.0,0.0,0.75,1.0,1.0,0.7784810126582279,0.0,0.0,0.0,1.1508579416753502,0.33542816581871077,0.0,0.0,0.0,0.0,0.0,0.0,0.0,3,2010,一般保證契約,一般交易,410000,12.923914877701906,1,0,0,0,0,0,0,0,0,0,0,0,0,0,0,0,1,0,0,0,0,0,0,1,0,0,0,1,0,0,0,0,1,0,0,0,0,0,0,0,0,0,0,0,0,0,0,0,0,0,0,0,0,0,0,0,1,0,0,0,0,0,0,0,1,0,0,0,0,0,0,0,1,0,0,0,1,0,0,0,0,0,0,0,0,1,0,0,0,0,0,0,1,0,0,0,0,1,0,0,0,0,0,0,0,0,0,0,0,0,0,0,1,0,0,0,0,0,0,0,0,0,0,0,0,0,0,0,0,0,1,0,0,1,0,0,0,0,0,0,1,0,0,0,0,0,1,0,0,0,0,0,0,1,0,0,1,0,0
1355,4,0.0,0.16775817507784205,0.0,0.0,-1.0,0.0,0.5,0.0,0.5833333333333334,0.15789473684210525,0.0,1.0,0.0,0.0,0.0,0.0,0.4,0.48817802503477054,0.0,0.0,-0.4679706200700548,-0.005979073243647235,0.5,0.0,-0.2165747385893708,1.0439273889557596,0.0,0.5415829400576283,1.0,0.0,0.0,1.0,0.0,0.0,1.0,0.5,0.0,0.0,0.25,0.0,1.0,1.5084388185654007,0.0,0.0,0.0,0.0,0.5924314728903635,0.0,0.0,0.0,0.0,0.0,0.0,0.0,6,2008,一般保證契約,一般交易,235000,12.367345048436391,0,0,0,0,0,0,0,0,1,0,0,0,0,0,0,0,1,0,0,0,0,0,0,1,0,1,0,0,0,0,0,0,0,0,0,0,1,0,0,0,0,0,0,0,0,0,0,0,0,0,0,0,0,0,0,0,1,0,0,0,0,0,0,0,1,0,0,0,0,0,0,0,1,0,0,0,0,0,0,0,0,1,0,0,0,0,0,1,0,0,0,0,1,0,0,0,0,1,0,0,0,0,0,0,0,0,0,0,0,0,0,0,1,0,0,0,0,0,0,0,0,0,0,0,0,0,0,0,1,0,0,0,0,1,0,0,0,0,0,0,1,0,0,0,0,0,1,0,0,0,0,0,0,1,0,0,1,0,0
1356,1,1.3512215274983093,0.1394287727026334,0.0,0.0,-1.0,0.0,0.5,1.0,-0.08333333333333333,-0.05263157894736842,0.961003462482854,0.0,0.0,-1.0,0.0,0.0,-0.6,-0.5340751043115438,0.0,0.0,0.1367258874211363,-0.8470353761833582,0.0,0.0,0.24654621907562624,0.9899935760253398,0.0,0.6094401620610518,0.0,0.0,1.0,0.0,1.0,0.0,1.0,1.0,0.0,0.0,0.25,0.0,0.0,0.023206751054852322,0.0,0.0,0.0,0.0,0.37740612789636735,0.0,0.0,0.0,0.0,0.0,1.8203341036428238,0.0,9,2006,一般保證契約,一般交易,170000,12.04355959836804,0,0,0,0,0,0,0,0,0,0,0,0,1,0,0,0,1,0,0,0,0,0,0,1,0,1,0,0,0,0,0,0,0,0,0,0,0,0,0,0,0,0,0,0,0,0,0,0,0,0,0,0,1,0,0,0,1,0,0,0,0,0,0,0,1,0,0,0,0,0,0,0,1,0,0,0,0,0,0,0,0,0,1,0,0,0,0,1,0,0,0,0,1,0,0,0,0,0,0,0,0,0,0,0,0,0,0,0,0,1,0,0,0,0,0,0,0,0,0,0,0,0,0,0,0,1,0,0,0,0,1,0,0,0,1,0,0,0,0,0,1,0,0,0,0,0,1,0,0,0,0,0,0,1,0,0,1,0,0
1358,4,0.21801994391840682,0.6317133618255083,0.0,0.0,-1.0,0.0,-0.5,1.0,-0.020833333333333332,0.3684210526315789,0.0,0.0,0.0,-1.0,0.0,0.0,0.4,0.48678720445062584,0.0,0.0,-0.25509734409165447,0.1654210264075735,0.5,0.0,-0.033666786239455126,0.0,0.0,-0.6841454845626732,1.0,0.0,-1.0,1.0,0.0,0.0,0.0,0.0,0.0,0.0,0.0,1.0,0.0,0.07805907172995781,0.0,0.0,0.0,0.0,-0.7117967261714493,0.0,0.0,0.0,0.0,0.0,0.0,0.0,4,2010,一般保證契約,一般交易,149900,11.917730355182513,0,0,0,1,0,0,0,0,0,0,0,0,0,0,0,0,1,0,0,0,0,0,0,1,0,0,0,1,0,0,0,0,0,0,1,0,0,0,0,0,0,0,0,0,0,0,0,0,0,0,0,0,0,0,0,0,1,0,0,0,0,0,0,0,1,0,0,0,0,0,0,0,1,0,0,0,0,0,1,0,0,0,0,0,0,0,0,1,0,0,0,0,1,0,0,0,0,1,0,0,0,0,0,0,0,0,0,0,0,0,0,0,1,0,0,0,0,0,0,0,0,0,0,0,0,0,0,0,1,0,0,0,0,0,1,0,0,0,0,0,1,0,0,0,0,0,1,0,0,0,0,0,0,1,0,0,1,0,0
1360,1,2.235902192117012,1.344664357331734,0.0,0.0,0.0,0.0,1.5,0.0,0.6666666666666666,0.2894736842105263,0.7627144383794986,1.0,0.0,0.8422747575632559,0.0,1.7473143510832982,0.4,1.478442280945758,0.0,0.0,0.08290474991563453,1.9631290483308421,0.5,0.0,1.3758854267973502,0.0,0.0,0.6816081132137417,1.0,0.0,0.0,0.0,0.0,0.0,2.0,1.0,0.0,0.0,0.5,1.0,1.0,1.2172995780590716,0.0,0.0,0.0,1.0404233388814466,0.139889170134574,0.0,0.0,0.0,0.0,0.0,0.0,0.0,9,2006,一般保證契約,一般交易,315000,12.660331092405906,0,0,0,1,0,0,0,0,0,0,0,0,0,0,0,0,1,0,0,0,0,0,0,1,1,0,0,0,0,0,0,0,0,1,0,0,0,0,0,0,0,0,0,0,0,0,0,0,0,0,0,0,0,0,0,0,1,0,0,0,0,0,0,0,1,0,0,0,0,0,0,0,1,0,0,0,0,0,1,0,0,0,0,0,0,1,0,0,0,0,0,0,1,0,0,0,0,1,0,0,0,0,0,0,0,0,0,0,0,0,0,0,1,0,0,0,0,0,0,0,0,0,0,0,0,0,0,0,0,0,1,0,0,1,0,0,0,0,0,0,1,0,0,0,0,0,1,0,0,0,0,0,0,1,0,0,1,0,0
1361,3,-1.0745234809577138,0.05785589368975393,0.0,0.0,0.0,0.0,-0.5,1.0,-1.0625,0.10526315789473684,0.0,0.0,0.0,-1.0,-0.3466451177569989,0.0,-0.6,-0.5340751043115438,0.0,0.0,0.1943394927461197,-0.763328350772297,0.5,0.0,-0.2209862651055885,1.2012993723985899,0.0,1.3362150754290827,0.0,0.0,1.0,1.0,1.0,0.0,0.0,1.0,0.0,-1.0,-0.5,0.0,0.0,0.5886075949367089,0.0,0.0,0.0,1.0239167125743924,-0.7117967261714493,9.03369954226849,0.0,0.0,0.0,0.0,0.0,0.0,5,2008,一般保證契約,一般交易,189000,12.149507585033072,0,0,0,0,0,0,0,1,0,0,0,0,0,0,0,0,1,0,0,0,0,0,0,1,0,1,0,0,0,0,0,0,0,0,0,0,0,1,0,0,0,0,0,0,0,0,0,0,0,0,0,0,0,0,0,0,0,0,0,0,0,0,1,0,1,0,0,0,0,0,0,0,1,0,0,0,0,0,0,0,0,1,0,0,0,0,0,1,0,0,0,0,1,0,0,0,0,0,0,0,0,0,0,0,0,0,0,0,0,1,0,0,0,0,0,0,1,0,0,0,0,0,0,0,0,0,0,0,1,0,0,0,0,0,0,0,1,0,0,0,1,0,0,0,0,0,1,1,0,0,0,0,0,0,0,0,1,0,0
1363,0,0.21801994391840682,0.6270876594923791,0.0,0.0,-1.0,0.0,-1.0,-1.0,-1.0833333333333333,0.34210526315789475,0.0,0.0,0.2793713480100486,-1.0,-0.3466451177569989,0.0,-0.6,-0.5340751043115438,0.0,0.0,0.32257485236236244,-0.558046836073742,0.0,0.0,0.35330357204922525,0.8927545974579788,0.0,0.37815136667750293,0.0,0.0,0.0,0.0,1.0,0.0,0.0,0.5,0.0,0.0,0.5,-1.0,-1.0,-0.47890295358649787,0.0,0.0,0.0,0.7155381779600719,-0.7117967261714493,0.0,0.0,0.0,0.0,0.0,0.0,0.0,6,2009,一般保證契約,一般交易,104900,11.560772327227417,1,0,0,0,0,0,0,0,0,0,0,0,0,0,0,0,1,0,0,0,0,0,0,1,0,0,1,0,0,0,0,0,0,0,1,0,0,0,0,0,0,0,0,0,0,0,0,0,0,0,0,0,0,0,0,0,0,0,0,0,0,0,1,0,1,0,0,0,0,0,0,0,1,0,0,0,1,0,0,0,0,0,0,0,0,0,0,1,0,0,0,0,1,0,0,0,0,1,0,0,0,0,0,0,0,0,0,0,0,0,0,0,1,0,0,0,0,0,0,0,0,0,0,0,0,0,0,0,1,0,0,0,0,0,0,0,1,0,0,0,1,0,0,0,0,0,1,0,0,0,0,0,0,1,0,0,1,0,0
1364,2,0.14660387181266663,-0.2799911305991966,0.0,0.0,-1.0,0.0,0.0,0.0,0.7083333333333334,0.34210526315789475,0.0,0.0,0.0,0.0,0.0,0.0,-0.6,-0.5340751043115438,0.0,0.0,0.19964984413893788,-0.7553562531141006,0.5,0.0,-1.2216745122160741,1.021445695550324,0.0,-0.09326291031664152,0.0,0.0,0.0,1.0,0.0,0.0,1.0,0.0,0.0,0.0,0.5,1.0,0.0,-0.2088607594936709,0.0,0.0,0.0,0.0,0.07725337927507323,0.0,0.0,0.0,0.0,0.0,0.0,0.0,3,2007,新屋,預售屋(估價時未完工),156932,11.963574241653713,0,0,0,0,0,0,0,0,1,0,0,0,0,0,0,0,1,0,0,0,0,0,0,1,0,1,0,0,0,0,0,0,0,0,0,1,0,0,0,0,0,0,0,0,0,0,0,0,0,0,0,0,0,0,0,0,1,0,0,0,0,0,0,0,1,0,0,0,0,0,0,0,1,0,0,0,0,0,0,0,0,1,0,0,0,0,0,1,0,0,0,0,1,0,0,0,0,1,0,0,0,0,0,0,0,0,0,0,0,0,0,0,1,0,0,0,0,0,0,0,0,0,0,0,0,0,0,0,1,0,0,0,0,1,0,0,0,0,0,0,1,0,0,0,0,0,1,1,0,0,0,0,0,0,0,0,1,0,0
1365,1,-2.751897978537715,-2.3615809270361336,0.0,1.1943176378757763,0.0,0.0,0.5,0.0,0.6875,0.2894736842105263,0.0,1.0,0.0,0.0,0.0,0.0,-0.6,-0.5340751043115438,0.0,0.0,0.17822977640676732,-0.7872446437468859,0.5,0.0,-1.5619509844230581,0.9545409040817515,6.221213632878419,-0.45229827203806827,0.0,0.0,0.0,1.0,-1.0,0.0,1.0,-1.0,0.0,-1.0,-0.5,0.0,0.0,-0.006329113924050633,0.0,0.0,0.0,0.0,0.5558331890479232,0.0,0.0,0.0,0.0,0.0,0.0,0.0,4,2006,一般保證契約,異常交易(如法拍),144152,11.878630514504515,0,0,0,0,0,0,0,0,0,1,0,0,0,0,0,0,0,0,1,0,0,0,0,1,0,1,0,0,0,0,0,0,0,0,0,0,0,0,0,0,0,0,0,0,0,0,0,0,0,0,1,0,0,0,0,0,1,0,0,0,0,0,0,0,1,0,0,0,0,0,0,0,0,0,1,0,0,0,0,0,0,1,0,0,0,0,0,1,0,0,0,0,1,0,0,0,0,0,0,0,0,0,0,0,0,0,0,0,0,1,0,0,0,0,0,0,0,0,0,0,0,0,0,0,0,1,0,0,1,0,0,0,0,1,0,0,0,0,0,0,1,0,0,0,0,0,1,0,0,0,0,1,0,0,0,0,1,0,0
1366,2,0.17054485960394422,-0.5621327824353822,0.0,0.0,0.0,0.0,0.5,0.0,0.5833333333333334,0.15789473684210525,0.0,1.0,0.0,0.0,0.0,0.0,0.4,0.20723226703755215,0.0,0.0,-0.40379309377365347,-0.36073741903338313,0.5,0.0,-0.6425440028659756,1.0402531147630325,0.0,0.2919118376556899,1.0,0.0,0.0,1.0,0.0,0.0,1.0,0.5,0.0,-1.0,-0.5,0.0,0.0,0.7658227848101266,0.0,0.0,0.0,0.0,0.37072152355335625,0.0,0.0,0.0,0.0,0.0,0.0,0.0,1,2010,一般保證契約,一般交易,216000,12.283038316285214,0,0,0,0,0,0,0,0,1,0,0,0,0,0,0,0,0,0,1,0,0,0,0,1,0,1,0,0,0,0,0,0,0,0,0,0,0,0,0,0,0,0,0,0,0,0,0,0,0,0,1,0,0,0,0,0,1,0,0,0,0,0,0,0,1,0,0,0,0,0,0,0,1,0,0,0,0,0,0,0,0,1,0,0,0,0,0,1,0,0,0,0,1,0,0,0,0,1,0,0,0,0,0,0,0,0,0,0,0,0,0,0,1,0,0,0,0,0,0,0,0,0,0,0,0,0,0,0,1,0,0,0,0,1,0,0,0,0,0,0,1,0,0,0,0,0,1,0,0,0,0,0,0,1,0,0,1,0,0
1367,1,-0.10068914480903793,-0.10367183237816681,0.0,0.0,-1.0,0.0,0.5,0.0,0.5625,0.13157894736842105,0.9883887539319235,1.0,0.0,0.0,0.0,0.0,0.4,0.3463143254520167,0.0,0.0,-0.5165751823729423,-0.24314897857498755,0.5,0.0,-0.4712612060621816,1.0535936750664716,0.0,0.4462565131263864,1.0,0.0,0.0,1.0,0.0,0.0,1.0,0.5,0.0,-1.0,-0.5,0.0,0.0,0.44936708860759494,0.0,0.0,0.0,0.0,0.3427532133415796,0.0,0.0,0.0,0.0,0.0,0.0,0.0,6,2008,一般保證契約,異常交易(如法拍),193000,12.170450649220749,0,0,0,0,0,0,0,0,1,0,0,0,0,0,0,0,1,0,0,0,0,0,0,1,0,1,0,0,0,0,0,0,0,0,0,0,1,0,0,0,0,0,0,0,0,0,0,0,0,0,0,0,0,0,0,0,1,0,0,0,0,0,0,0,1,0,0,0,0,0,0,0,1,0,0,0,0,0,0,0,0,1,0,0,0,0,0,1,0,0,0,0,1,0,0,0,0,1,0,0,0,0,0,0,0,0,0,0,0,0,0,0,1,0,0,0,0,0,0,0,0,0,0,0,0,0,0,0,0,0,1,0,0,1,0,0,0,0,0,0,1,0,0,0,0,0,1,0,0,0,0,0,0,1,0,0,1,0,0
1368,1,-1.7829158340324498,-2.704176995496974,0.0,0.0,0.0,0.0,-0.5,1.0,0.10416666666666667,-0.4473684210526316,0.0,0.0,0.0,-1.0,0.0,0.0,0.2,0.22809457579972184,0.8104996085138084,7.7874357678540065,-1.6754662330533088,-0.4743398106626806,0.5,0.0,-0.3686536839328447,0.9345157272498436,0.0,0.004577814617869776,0.0,0.0,0.0,0.0,1.0,0.0,0.0,0.0,0.0,0.0,0.25,0.0,-1.0,-0.6139240506329114,0.0,0.0,0.0,0.8716306951678419,-0.009844209913153592,0.0,0.0,0.0,0.0,0.0,0.0,0.0,7,2006,一般保證契約,一般交易,127000,11.751950239425476,0,0,0,0,0,0,0,0,0,1,0,0,0,0,0,1,0,0,0,0,0,0,0,1,0,1,0,0,0,0,0,0,0,0,0,0,0,0,0,0,0,0,0,0,0,0,0,0,0,1,0,0,0,0,0,0,1,0,0,0,0,0,0,0,1,0,0,0,0,0,0,0,0,0,1,0,0,0,0,0,0,1,0,0,0,0,0,1,0,0,0,0,1,0,0,0,0,0,0,0,0,0,1,0,0,0,0,0,0,0,0,0,0,0,0,0,0,0,1,0,0,0,0,0,0,0,0,0,1,0,0,0,0,1,0,0,0,0,0,0,1,0,0,0,0,0,1,0,0,0,0,0,0,1,0,0,1,0,0
1370,2,-1.2739058724580279,0.23932968269134766,0.0,0.0,-2.338124978532008,0.0,1.0,0.0,0.6458333333333334,0.23684210526315788,1.0103996818971555,1.0,0.0,0.0,0.0,1.7473143510832982,0.0,-0.019471488178025034,1.5292106396041039,12.045568505952936,-0.3203994865836965,1.3193821624314899,0.5,0.0,0.9652002093104041,0.0,0.0,0.2836840007553831,1.0,0.0,0.0,0.0,0.0,0.0,1.0,1.0,0.0,0.0,0.25,1.0,0.0,0.08649789029535865,0.0,0.0,0.0,0.0,0.7225845962835358,0.0,0.0,0.0,0.0,0.0,0.0,0.0,5,2010,一般保證契約,一般交易,232000,12.354496960983985,0,0,0,1,0,0,0,0,0,0,0,0,0,0,0,0,1,0,0,0,0,0,0,1,0,0,1,0,0,0,0,0,0,0,0,0,1,0,0,0,0,0,0,0,0,0,0,0,0,0,0,0,0,0,0,0,1,0,0,0,0,0,0,0,1,0,0,0,0,0,0,0,1,0,0,0,0,0,1,0,0,0,0,0,0,1,0,0,0,0,0,0,1,0,0,0,0,1,0,0,0,0,0,0,0,0,0,0,0,0,0,0,1,0,0,0,0,0,0,0,0,0,0,0,0,0,0,0,0,0,1,0,0,1,0,0,0,0,0,0,1,0,0,0,0,0,1,0,0,0,0,0,0,1,0,0,1,0,0
1371,2,0.8929485771758422,-1.2785937116516177,0.0,0.0,0.0,0.0,-1.0,1.0,-1.0833333333333333,-1.1578947368421053,0.0,-1.24080411332851,0.0,-1.0,0.0,0.0,0.2,-0.09596662030598054,0.8104996085138084,6.751853423240823,-0.10380197576211946,-0.3089187842551071,0.5,0.0,-0.5756681511542274,0.9277810666084361,0.0,-0.1540856915107119,0.0,0.0,-1.0,0.0,-1.0,0.0,0.0,0.0,0.0,-1.0,-0.5,1.0,-1.0,-0.6054852320675106,0.0,0.0,0.0,0.0,-0.7117967261714493,8.081454683660327,0.0,0.0,0.0,0.0,0.0,0.0,10,2009,一般保證契約,一般交易,105000,11.561725152903833,1,0,0,0,0,0,0,0,0,0,0,0,0,0,0,0,1,0,0,0,0,0,0,1,0,0,0,0,1,0,0,0,0,0,0,0,0,0,0,0,0,0,0,0,0,0,0,0,1,0,0,0,0,0,0,0,0,0,0,0,1,0,0,0,1,0,0,0,0,0,0,0,1,0,0,0,1,0,0,0,0,0,0,0,0,0,0,1,0,0,0,0,1,0,0,0,0,0,0,0,0,0,0,0,0,1,0,0,0,0,0,0,0,0,0,0,0,0,0,0,0,1,0,0,0,0,0,0,1,0,0,0,0,1,0,0,0,0,0,0,1,0,0,0,0,0,1,0,0,0,0,1,0,0,0,0,1,0,0
1372,0,0.469964168048189,0.0,0.0,0.0,0.0,0.0,0.0,1.0,-0.3541666666666667,0.05263157894736842,0.0,0.0,0.0,-1.0,0.0,1.7473143510832982,0.0,0.6216968011126565,0.0,0.0,-0.7901303637223426,-0.005979073243647235,0.0,0.0,0.955260371336278,0.0,0.0,0.274053020541298,1.0,0.0,-1.0,0.0,0.0,0.0,1.0,1.0,0.0,0.0,0.25,0.0,-1.0,-0.4409282700421941,0.0,0.0,0.0,0.0,0.009549770389255476,0.0,0.0,7.848990272211784,0.0,0.0,1.5409627556327752,0.0,10,2008,一般保證契約,一般交易,165500,12.016732516077072,0,0,0,0,0,0,0,0,0,0,0,0,1,0,0,0,1,0,0,0,0,0,0,1,0,1,0,0,0,0,0,0,0,0,1,0,0,0,0,0,0,0,0,0,0,0,0,0,0,0,0,0,0,0,0,0,1,0,0,0,0,0,0,0,1,0,0,0,0,0,0,0,1,0,0,0,0,0,0,0,0,0,1,0,0,1,0,0,0,0,0,0,1,0,0,0,0,0,0,0,0,0,0,0,0,0,0,1,0,0,0,0,0,0,0,0,0,0,0,0,0,0,0,1,0,0,0,0,1,0,0,0,0,0,1,0,0,0,0,0,1,0,0,0,0,0,1,1,0,0,0,0,0,0,0,0,1,0,0
1373,4,0.24155735878839998,0.03600505670095226,0.0,0.0,0.0,0.0,0.5,1.0,0.5416666666666666,0.10526315789473684,0.0,0.0,0.0,0.0,0.0,1.7473143510832982,0.4,0.8219749652294854,0.0,0.0,-0.9151746354901305,0.22521175884404585,0.5,0.0,0.027226811587824057,1.074805225606513,0.0,0.8171486733003274,1.0,0.0,0.0,1.0,0.0,0.0,1.0,1.0,0.0,0.0,0.25,0.0,0.0,0.4282700421940928,0.0,0.0,0.0,1.1174135156933598,0.5642461380757211,0.0,0.0,0.0,0.0,0.0,0.0,0.0,6,2006,一般保證契約,一般交易,274300,12.521981322562505,0,0,0,0,0,0,0,0,1,0,0,0,0,0,0,0,1,0,0,0,0,0,0,1,0,0,0,0,1,0,0,0,0,0,0,0,1,0,0,0,0,0,0,0,0,0,0,0,0,0,0,0,0,0,0,0,1,0,0,0,0,0,0,0,1,0,0,0,0,0,0,0,1,0,0,0,0,0,0,0,0,1,0,0,0,0,0,1,0,0,0,0,1,0,0,0,0,1,0,0,0,0,0,0,0,0,0,0,0,0,0,0,1,0,0,0,0,0,0,0,0,0,0,0,0,0,0,0,1,0,0,0,0,1,0,0,0,0,0,0,1,0,0,0,0,0,1,0,0,0,0,1,0,0,0,0,1,0,0
1374,4,0.9130411557936503,0.40380527020828355,0.0,0.0,0.0,0.0,2.0,0.0,0.6041666666666666,0.21052631578947367,1.4535040469439389,1.8422747575632559,0.0,0.8422747575632559,0.0,2.3495966477454164,0.4,1.2489568845618915,0.0,0.0,0.8796798944588763,3.2645739910313902,0.5,0.0,2.082421788131542,0.0,0.0,1.3661904710201873,1.0,0.0,0.0,1.0,-1.0,0.0,2.0,1.0,0.0,1.0,0.5,0.0,1.0,1.360759493670886,0.0,0.0,0.0,1.1823983375358131,0.4965447150296944,0.0,0.0,0.0,0.0,0.0,0.0,0.0,3,2007,一般保證契約,一般交易,466500,13.05301544288996,0,0,0,1,0,0,0,0,0,0,0,0,0,0,0,0,1,0,0,0,0,0,0,1,0,1,0,0,0,0,0,0,1,0,0,0,0,0,0,0,0,0,0,0,0,0,0,0,0,0,0,0,0,0,0,0,1,0,0,0,0,0,0,0,1,0,0,0,0,0,0,0,1,0,0,0,0,0,1,0,0,0,0,0,0,1,0,0,0,0,0,0,1,0,0,0,0,1,0,0,0,0,0,0,0,0,0,0,0,0,0,0,1,0,0,0,0,0,0,0,0,0,0,0,0,0,0,0,0,0,1,0,0,1,0,0,0,0,0,0,1,0,0,0,0,0,1,0,0,0,0,0,0,1,0,0,1,0,0
1375,3,0.6866853341578308,0.23711394213468745,0.0,0.0,0.0,0.0,0.5,0.0,0.6875,0.2894736842105263,0.0,1.0,0.0,0.0,0.0,0.0,-0.6,-0.5340751043115438,0.0,0.0,0.6321825937274257,0.06178375685102142,0.5,0.0,-0.14271092894356843,1.0600407209459002,0.0,0.6553650318548805,0.0,0.0,0.0,1.0,0.0,0.0,1.0,1.5,0.0,0.0,0.5,1.0,1.0,1.9177215189873418,0.0,0.0,0.0,0.9759900914238847,0.6402807636146971,0.0,0.0,0.0,0.0,0.0,0.0,0.0,7,2008,一般保證契約,一般交易,250000,12.429220196836383,0,0,0,0,0,0,0,0,1,0,0,0,0,0,0,0,0,0,1,0,0,0,0,1,0,1,0,0,0,0,0,0,0,0,0,0,0,0,0,0,0,0,0,0,0,0,0,0,0,0,1,0,0,0,0,0,1,0,0,0,0,0,0,0,1,0,0,0,0,0,0,0,1,0,0,0,0,0,0,0,0,1,0,0,0,0,0,1,0,0,0,0,1,0,0,0,0,0,0,0,0,0,1,0,0,0,0,0,0,0,0,0,0,0,0,0,0,0,1,0,0,0,0,0,0,0,0,0,1,0,0,0,0,1,0,0,0,0,0,0,1,0,0,0,0,0,1,0,0,0,0,0,0,1,0,0,1,0,0
1376,3,0.8524802789526884,0.31707948825954396,0.0,0.0,-1.0,0.0,1.0,0.0,0.7291666666666666,0.34210526315789475,0.8097905954079107,1.0,0.0,0.0,0.0,2.3495966477454164,-0.6,-0.5340751043115438,0.0,0.0,1.019789914281828,1.147982062780269,0.5,0.0,0.8241850665294266,0.0,0.0,0.14705058142347638,0.0,0.0,0.0,0.0,0.0,0.0,1.0,0.5,0.0,0.0,0.5,1.0,1.0,1.0147679324894514,0.0,0.0,0.0,0.8615537516526842,0.07725337927507323,0.0,0.0,0.0,0.0,0.0,0.0,0.0,12,2007,新屋,預售屋(估價時未完工),239000,12.384223015005313,0,0,0,1,0,0,0,0,0,0,0,0,0,0,0,0,1,0,0,0,0,0,1,0,0,1,0,0,0,0,0,0,0,0,0,0,0,0,0,0,0,0,0,1,0,0,0,0,0,0,0,0,0,0,0,0,1,0,0,0,0,0,0,0,1,0,0,0,0,0,0,0,1,0,0,0,0,0,1,0,0,0,0,0,0,0,0,1,0,0,0,0,1,0,0,0,0,1,0,0,0,0,0,0,0,0,0,0,0,0,0,0,1,0,0,0,0,0,0,0,0,0,0,0,0,0,0,0,0,0,1,0,0,1,0,0,0,0,0,0,1,0,0,0,0,0,1,0,0,0,0,0,0,1,0,0,1,0,0
1377,1,-1.010234332078765,-0.9495584217722748,0.0,0.0,0.0,0.0,0.0,0.0,-0.875,-1.1578947368421053,0.0,0.0,0.0,0.0,0.0,1.0,-0.2,0.0,0.0,0.0,-0.1722918523321359,-0.45241654210264076,-0.5,-0.7304631471189668,-0.7059050218978434,0.0,0.0,-1.3354954526034386,0.0,0.0,-1.0,0.0,-1.0,0.0,0.0,-1.0,0.0,-1.0,-0.5,-1.0,-1.0,-1.3565400843881856,-0.3466451177569989,0.0,0.0,0.0,0.4989905912280336,0.0,0.0,0.0,0.0,0.0,0.0,0.0,4,2008,一般保證契約,一般交易,91000,11.418625774449598,0,0,1,0,0,0,0,0,0,0,0,0,0,0,0,0,1,0,0,0,0,1,0,0,0,1,0,0,0,0,0,0,0,0,0,0,0,1,0,0,0,0,0,0,0,0,0,0,0,0,0,0,0,0,0,0,1,0,0,0,0,0,0,0,1,0,0,0,0,0,0,0,1,0,0,0,0,0,1,0,0,0,0,0,0,0,0,1,0,0,0,0,1,0,0,0,0,0,0,0,1,0,0,0,0,0,0,0,0,0,0,0,0,0,0,0,1,0,0,0,0,0,0,0,0,0,0,0,1,0,0,0,0,0,0,0,1,0,0,0,1,0,0,0,0,0,1,0,0,0,0,1,0,0,0,0,1,0,0
1378,4,-0.5300358319518109,0.31858669281606544,0.0,0.7304631471189668,0.0,0.0,-0.5,0.0,-0.6458333333333334,-0.8947368421052632,0.0,0.0,0.0,-1.0,0.0,0.0,-0.4,0.03337969401947149,1.089870956523857,9.835883259370169,-0.811035706793778,-0.02192326856003986,0.5,0.0,-0.2342664034994363,0.9621560168677584,0.0,0.1943190981119317,0.0,0.0,0.0,0.0,0.0,0.0,0.0,0.0,-0.3846268403045294,-1.0,-0.5,-1.0,0.0,0.7531645569620253,0.0,0.0,0.0,0.0,0.26213018994900694,0.0,0.0,0.0,0.0,0.0,0.0,0.0,7,2009,一般保證契約,一般交易,117000,11.669937760751914,1,0,0,0,0,0,0,0,0,0,0,0,0,0,0,0,1,0,0,0,0,0,0,1,0,1,0,0,0,0,0,0,0,0,0,0,0,0,0,0,0,1,0,0,0,0,0,0,0,0,0,0,0,0,0,0,1,0,0,0,0,0,0,0,1,0,0,0,0,0,0,0,1,0,0,0,1,0,0,0,0,0,0,0,0,0,0,1,0,0,0,0,1,0,0,0,0,0,0,0,1,0,0,0,0,0,0,0,0,0,0,0,0,0,0,0,1,0,0,0,0,0,0,0,0,0,0,0,1,0,0,0,0,0,1,0,0,0,0,0,1,0,0,0,0,0,1,0,0,0,0,1,0,0,0,0,1,0,0
1379,3,-3.7943801407173003,-3.285272112289464,0.0,0.0,0.0,0.0,0.0,0.0,0.020833333333333332,-0.5526315789473685,1.2710003356095314,0.0,0.0,-1.0,-0.3466451177569989,0.0,0.0,-0.1043115438108484,0.0,0.0,-0.7382373579398441,-1.020428500249128,-0.5,0.0,-1.7074915753994082,0.914678268869283,0.0,-0.8720698800510897,0.0,0.0,-1.0,1.0,-1.0,0.0,0.0,-0.5,0.0,-1.0,-0.5,-1.0,-1.0,-0.9177215189873418,0.0,0.0,0.0,0.7795782642142528,-0.7117967261714493,0.0,0.0,0.0,0.0,0.0,0.0,0.0,6,2006,一般保證契約,一般交易,83000,11.326607934898927,0,0,0,0,0,0,0,0,0,1,0,0,0,0,0,1,0,0,0,0,0,0,0,1,0,1,0,0,0,0,0,0,0,0,0,0,0,0,1,0,0,0,0,0,0,0,0,0,0,0,0,0,0,0,0,0,1,0,0,0,0,0,0,0,1,0,0,0,0,0,0,0,0,1,0,0,0,0,0,0,0,1,0,0,0,0,0,1,0,0,0,0,1,0,0,0,0,0,0,0,0,0,0,0,0,0,0,0,1,0,0,0,0,0,0,0,0,0,0,0,0,0,0,0,1,0,0,0,0,0,1,0,0,0,1,0,0,0,0,0,1,0,0,0,0,0,1,0,0,0,0,1,0,0,0,0,1,0,0
1380,0,0.14660387181266663,0.03242581960639945,0.0,0.0,0.0,0.0,-0.5,0.0,0.7083333333333334,0.34210526315789475,0.0,0.0,0.0,0.0,0.0,0.0,-0.6,-0.5340751043115438,0.0,0.0,-0.1722918523321359,-1.2177379172894869,0.0,0.0,-0.8040810293560372,0.9695654419436592,0.0,-0.12189809774497944,0.0,0.0,0.0,1.0,0.0,0.0,1.0,0.5,0.0,-1.0,-0.5,1.0,0.0,-0.3438818565400844,0.0,0.0,0.0,0.8615537516526842,-0.7117967261714493,0.0,0.0,0.0,0.0,0.0,0.0,0.0,5,2008,一般保證契約,一般交易,167500,12.02874460037869,0,0,0,0,0,0,0,0,0,0,0,0,1,0,0,0,1,0,0,0,0,0,0,1,0,1,0,0,0,0,0,0,0,0,0,0,0,0,0,0,0,0,0,1,0,0,0,0,0,0,0,0,0,0,0,0,1,0,0,0,0,0,0,0,1,0,0,0,0,0,0,0,1,0,0,0,0,0,0,0,0,0,1,0,0,0,0,1,0,0,0,0,1,0,0,0,0,1,0,0,0,0,0,0,0,0,0,0,0,0,0,0,1,0,0,0,0,0,0,0,0,0,0,0,0,0,0,0,1,0,0,0,0,1,0,0,0,0,0,0,1,0,0,0,0,0,1,1,0,0,0,0,0,0,0,0,1,0,0
1381,0,-1.4839487694694355,-0.3580283151971465,0.0,0.7304631471189668,0.0,0.0,-1.5,-2.0,-1.2083333333333333,-1.1578947368421053,0.0,0.0,-0.3466451177569989,-1.0,-0.3466451177569989,0.0,-0.2,-0.2517385257301808,0.0,0.0,0.257458774311588,-0.2610861983059293,-0.5,-0.7304631471189668,-0.5154786426099094,0.0,0.0,-1.1509861380717596,1.0,0.0,-1.0,0.0,-1.0,0.0,0.0,-0.5,0.0,-1.0,-0.5,-1.0,-1.0,-1.1877637130801688,0.0,-0.3466451177569989,0.0,0.0,-0.7117967261714493,6.574446614595114,0.0,0.0,0.0,0.0,0.0,0.0,6,2010,一般保證契約,一般交易,58500,10.97679912709094,0,0,1,0,0,0,0,0,0,0,0,0,0,0,0,0,1,0,0,0,0,0,0,1,0,1,0,0,0,0,0,0,0,0,0,0,0,0,0,0,0,1,0,0,0,0,0,0,0,0,0,0,0,0,0,0,1,0,0,0,0,0,0,0,1,0,0,0,0,0,0,0,1,0,0,0,0,0,1,0,0,0,0,0,0,0,0,1,0,0,0,0,1,0,0,0,0,0,0,0,0,0,0,0,1,0,0,0,0,0,0,0,0,0,0,0,0,0,0,0,1,0,0,0,0,0,0,0,1,0,0,0,0,0,0,0,1,0,0,0,1,0,0,0,1,0,0,0,0,0,0,1,0,0,0,0,1,0,0
1382,2,0.21801994391840682,0.7054703036210256,0.0,0.0,-1.0,0.0,0.0,2.0,-0.041666666666666664,-0.631578947368421,0.0,0.0,0.0,-1.0,0.0,1.0,0.0,0.6689847009735744,0.0,0.0,-0.2638204224237761,0.41853512705530643,0.5,0.0,1.53901802156317,0.0,0.0,0.8396717352316959,0.0,0.0,0.0,1.0,1.0,0.0,0.0,0.5,0.0,1.0,0.5,1.0,0.0,0.2890295358649789,0.0,0.0,0.0,0.0,0.12026819188344327,0.0,0.0,0.0,0.0,0.0,0.0,0.0,5,2008,一般保證契約,一般交易,237500,12.377927112974284,0,0,0,1,0,0,0,0,0,0,0,0,0,0,0,0,1,0,0,0,0,0,0,1,0,0,0,0,1,0,0,0,0,0,1,0,0,0,0,0,0,0,0,0,0,0,0,0,0,0,0,0,0,0,0,0,1,0,0,0,0,0,0,0,1,0,0,0,0,0,0,0,1,0,0,0,0,0,1,0,0,0,0,0,0,0,0,1,0,0,0,0,1,0,0,0,0,0,0,0,0,0,0,0,0,0,0,0,0,0,1,0,0,0,0,1,0,0,0,0,0,0,0,0,0,0,0,0,1,0,0,0,0,0,1,0,0,0,0,0,1,0,0,0,0,0,1,0,0,0,0,0,0,1,0,0,1,0,0
1383,4,-0.5300358319518109,-0.6530991973084603,0.0,0.0,0.0,0.0,0.5,2.0,-1.0833333333333333,-1.1578947368421053,0.0,0.0,0.0,-2.24080411332851,0.0,0.0,-0.6,-0.5340751043115438,0.0,0.0,0.17279909438809232,-0.7952167414050823,0.5,0.0,-0.20338532310492397,1.0115557190575135,0.0,0.4097965964151702,1.0,0.0,-1.0,1.0,1.0,0.0,1.0,1.0,0.0,-1.0,-0.5,-1.0,0.0,0.3987341772151899,0.0,0.0,-1.1943176378757763,0.6203918884281814,-0.7117967261714493,8.325406294637359,0.0,0.0,0.0,0.0,0.0,0.0,10,2006,一般保證契約,一般交易,157000,11.964007453736912,0,0,0,0,0,0,0,1,0,0,0,0,0,0,0,1,0,0,0,0,0,0,0,1,0,0,0,0,1,0,0,0,0,0,0,0,0,0,0,0,0,0,0,0,0,0,0,0,1,0,0,0,0,0,0,0,1,0,0,0,0,0,0,0,1,0,0,0,0,0,0,0,1,0,0,0,0,0,0,0,0,1,0,0,0,1,0,0,0,0,0,0,1,0,0,0,0,0,0,0,1,0,0,0,0,0,0,0,0,0,0,0,0,0,0,0,1,0,0,0,0,0,0,0,0,0,0,0,1,0,0,0,0,0,0,0,1,0,0,0,1,0,0,0,0,0,1,0,0,0,0,1,0,0,0,0,1,0,0
1384,1,0.0247951663920471,2.4235537252428876,0.0,0.0,0.0,0.0,-0.5,2.0,-1.125,0.34210526315789475,0.0,0.0,0.2793713480100486,-1.0,0.0,0.0,-0.6,-0.5340751043115438,0.0,0.0,0.4338983678134744,-0.356751370204285,0.5,0.0,0.5826888700031277,0.0,0.0,-0.08694167243175605,0.0,0.0,0.0,0.0,0.0,0.0,1.0,0.5,0.0,-1.0,-0.5,-1.0,0.0,0.3987341772151899,0.0,0.0,-1.1943176378757763,0.0,-0.7117967261714493,6.88118732376381,0.0,0.0,0.0,0.0,0.0,0.0,8,2007,一般保證契約,一般交易,112000,11.626263078808801,0,0,1,0,0,0,0,0,0,0,0,0,0,0,0,0,1,0,0,0,0,0,0,1,0,1,0,0,0,0,0,0,0,0,0,0,0,0,0,0,0,0,0,0,0,0,0,1,0,0,0,0,0,0,0,0,1,0,0,0,0,0,0,0,1,0,0,0,0,0,0,0,1,0,0,0,0,0,1,0,0,0,0,0,0,0,0,1,0,0,0,0,1,0,0,0,0,0,0,0,1,0,0,0,0,0,0,0,0,0,0,0,0,0,0,0,1,0,0,0,0,0,0,0,0,0,0,0,1,0,0,0,0,0,0,0,1,0,0,0,1,0,0,0,0,0,1,0,0,0,0,0,0,1,0,0,1,0,0
1385,1,-0.5300358319518109,-0.13370788367942096,0.0,0.0,0.0,0.0,0.0,0.0,-0.6875,-1.1578947368421053,0.0,0.0,0.0,-1.0,0.0,1.0,-0.2,-0.25034770514603616,0.0,0.0,-0.22943422888910697,-0.866965620328849,-0.5,0.0,-0.9650145175895836,0.9386409415350516,0.0,-0.34903239813416875,0.0,0.0,-1.0,0.0,-1.0,0.0,0.0,0.0,0.0,-1.0,-0.5,-1.0,-1.0,-0.8502109704641351,0.0,0.0,-0.4638544907568095,0.0,-0.7117967261714493,0.0,0.0,0.0,0.0,0.0,1.5409627556327752,0.0,10,2009,一般保證契約,一般交易,105000,11.561725152903833,1,0,0,0,0,0,0,0,0,0,0,0,0,0,0,0,1,0,0,0,0,0,0,1,0,1,0,0,0,0,0,0,0,0,0,0,0,0,0,0,0,1,0,0,0,0,0,0,0,0,0,0,0,0,0,0,1,0,0,0,0,0,0,0,1,0,0,0,0,0,0,0,1,0,0,0,1,0,0,0,0,0,0,0,0,0,0,1,0,0,0,0,1,0,0,0,0,0,0,0,0,1,0,0,0,0,0,0,0,0,0,0,0,0,0,0,0,1,0,0,0,0,0,0,0,0,0,0,1,0,0,0,0,0,0,0,1,0,0,0,1,0,0,0,0,0,1,0,0,0,0,1,0,0,0,0,1,0,0
1386,1,-1.8614282606963264,-1.264449479999526,0.0,0.0,0.0,0.0,-1.0,3.0,-1.0416666666666667,0.34210526315789475,0.0,0.0,0.2793713480100486,-1.0,0.0,0.0,0.0,0.48817802503477054,0.0,0.0,-1.3879973974300976,-0.3966118584952666,0.0,0.0,-0.6899131555245103,0.8394757961843113,0.0,-0.5372579037371369,1.0,0.0,-1.0,0.0,0.0,0.0,1.0,0.5,0.0,-1.0,-0.5,-1.0,-1.0,-1.018987341772152,0.0,0.0,-1.1943176378757763,0.0,0.37072152355335625,0.0,0.0,0.0,0.0,0.0,1.5409627556327752,0.0,5,2010,一般保證契約,一般交易,125500,11.74006900564972,1,0,0,0,0,0,0,0,0,0,0,0,0,0,0,1,0,0,0,0,0,0,0,1,0,1,0,0,0,1,0,0,0,0,0,0,0,0,0,0,0,0,0,0,0,0,0,0,0,0,0,0,0,0,0,0,1,0,0,0,0,0,0,0,1,0,0,0,0,0,0,0,1,0,0,0,1,0,0,0,0,0,0,0,0,0,0,1,0,0,0,0,1,0,0,0,0,1,0,0,0,0,0,0,0,0,0,0,0,0,0,0,1,0,0,0,0,0,0,0,0,0,0,0,0,0,0,0,1,0,0,0,0,0,0,0,1,0,0,0,1,0,0,0,0,0,1,0,0,0,0,1,0,0,0,0,1,0,0
1387,1,0.469964168048189,1.337877509121382,0.0,0.0,-1.0,0.0,0.5,0.0,0.125,-0.42105263157894735,1.031039197085972,0.0,0.0,0.0,0.0,0.0,0.0,0.564673157162726,0.4638544907568095,10.110685457791915,-0.9151746354901305,0.7912306925759841,-0.5,0.0,0.5433077218945629,1.1624388558390604,0.0,1.5035929158786765,1.0,0.0,1.0,1.0,2.0,0.0,1.0,3.0,0.0,1.0,0.25,0.0,0.0,0.34810126582278483,0.0,0.0,0.0,0.0,0.4212280429722673,0.0,0.0,9.951171656935063,10.367043074799392,1.1943176378757763,1.5409627556327752,14.182841004523032,7,2006,一般保證契約,一般交易,250000,12.429220196836383,0,0,0,0,0,0,0,0,1,0,0,0,0,0,0,0,1,0,0,0,0,0,0,1,0,1,0,0,0,0,0,0,0,0,0,0,0,0,0,0,0,0,0,0,0,0,0,0,0,0,0,0,1,0,0,0,0,0,1,0,0,0,0,0,1,0,0,0,0,0,0,0,1,0,0,0,0,0,0,0,0,1,0,0,0,0,0,1,0,0,0,0,1,0,0,0,0,0,0,1,0,0,0,0,0,0,0,0,0,0,0,0,0,0,0,1,0,0,0,0,0,0,0,0,0,0,0,0,0,0,1,0,0,0,1,0,0,0,0,0,1,0,0,0,0,0,1,0,0,0,0,0,0,1,0,0,0,0,1
1388,4,-0.5300358319518109,-0.2743694711187289,0.0,0.7304631471189668,0.0,0.0,0.0,2.0,-1.1666666666666667,-1.1578947368421053,0.0,0.0,0.2793713480100486,-1.0,0.0,0.0,-0.2,-0.3004172461752434,0.4638544907568095,10.496872282215678,-3.1687229326517117,-0.560039860488291,-0.5,-0.7304631471189668,0.9595246508780614,1.0408214438106314,0.0,1.2647130745785453,0.0,0.0,0.0,0.0,2.0,0.0,1.0,2.0,0.0,0.0,0.5,-1.0,-1.0,-1.120253164556962,0.0,0.0,0.0,0.8291415512150296,-0.14569321697411686,0.0,0.0,0.0,0.0,0.0,1.1943176378757763,0.0,8,2007,現金保證契約,親友交易,136000,11.820417517632333,1,0,0,0,0,0,0,0,0,0,0,0,0,0,0,1,0,0,0,0,0,0,0,1,0,1,0,0,0,0,0,0,0,0,0,0,0,0,0,0,0,0,0,0,0,0,0,0,1,0,0,0,0,0,0,0,0,0,0,0,1,0,0,0,1,0,0,0,0,0,0,0,1,0,0,0,1,0,0,0,0,0,0,0,0,0,0,1,0,0,0,0,1,0,0,0,0,0,0,0,0,0,0,0,1,0,0,0,0,0,0,0,0,0,0,0,0,0,0,0,1,0,0,0,0,0,0,0,1,0,0,0,0,0,0,0,1,0,0,1,0,0,0,0,0,0,1,0,0,0,0,1,0,0,0,0,1,0,0
1389,2,-1.7059765883826772,1.0527398433463488,0.0,0.0,-1.0,0.0,1.5,0.0,0.7083333333333334,0.34210526315789475,0.9918723682777081,1.8422747575632559,0.0,0.8422747575632559,0.0,2.3495966477454164,0.4,1.301808066759388,0.0,0.0,-0.0928749520944082,1.4967613353263578,0.5,0.0,1.0736260947050689,0.0,0.0,0.3887407994324748,1.0,0.0,0.0,0.0,0.0,0.0,2.0,0.5,0.0,1.0,0.5,1.0,1.0,1.1666666666666667,0.0,0.0,0.0,1.0505199248821826,0.09944701964073181,0.0,0.0,0.0,0.0,0.0,0.0,0.0,10,2009,一般保證契約,一般交易,377500,12.84132849667433,0,0,0,1,0,0,0,0,0,0,0,0,0,0,0,0,1,0,0,0,0,0,1,0,0,0,0,1,0,0,0,0,0,0,0,1,0,0,0,0,0,0,0,0,0,0,0,0,0,0,0,0,0,0,0,0,1,0,0,0,0,0,0,0,1,0,0,0,0,0,0,0,1,0,0,0,0,0,1,0,0,0,0,0,0,0,0,1,0,0,0,0,1,0,0,0,0,1,0,0,0,0,0,0,0,0,0,0,0,0,0,0,1,0,0,0,0,0,0,0,0,0,0,0,0,0,0,0,0,1,0,0,0,1,0,0,0,0,0,0,1,0,0,0,0,0,1,0,0,0,0,0,0,1,0,0,1,0,0
1390,0,-0.5300358319518109,-1.0526421762248437,0.0,0.0,0.0,0.0,0.0,1.0,-0.6458333333333334,-1.1578947368421053,0.0,0.0,0.2793713480100486,-1.0,0.2793713480100486,0.0,0.2,-0.012517385257301807,0.0,0.0,-0.2210427374494082,-0.5181863477827603,0.5,0.0,-0.5031181553117086,0.8340328012699659,0.0,-0.41980479945217886,0.0,0.7304631471189668,-1.0,0.0,0.0,0.0,0.0,0.0,0.0,0.0,0.5,-1.0,0.0,-0.1751054852320675,0.0,0.0,0.0,0.0,-0.7117967261714493,0.0,0.0,0.0,0.0,0.0,0.0,0.0,3,2007,一般保證契約,一般交易,131000,11.782960235741939,1,0,0,0,0,0,0,0,0,0,0,0,0,0,0,1,0,0,0,0,0,0,0,1,0,1,0,0,0,0,0,0,0,0,0,0,0,0,0,1,0,0,0,0,0,0,0,0,0,0,0,0,0,0,0,0,1,0,0,0,0,0,0,0,1,0,0,0,0,0,0,0,1,0,0,0,1,0,0,0,0,0,0,0,0,0,0,1,0,0,0,0,1,0,0,0,0,0,0,0,1,0,0,0,0,0,0,0,0,0,0,0,0,0,0,0,1,0,0,0,0,0,0,0,0,0,0,0,1,0,0,0,0,0,0,0,1,0,0,0,1,0,0,0,0,0,1,0,0,0,0,1,0,0,0,0,1,0,0
1391,4,0.0,-0.12357451598818124,0.0,0.0,0.0,0.0,0.5,0.0,0.5833333333333334,0.15789473684210525,1.1127558374802256,1.0,0.0,0.0,0.0,1.7473143510832982,0.4,1.4130737134909597,0.0,0.0,-0.9549809392906987,1.0563029397110115,0.5,0.0,0.7547093671591009,0.0,0.0,0.07973368071170597,1.0,0.0,0.0,0.0,0.0,0.0,1.0,0.0,0.0,-1.0,-0.5,0.0,0.0,0.2510548523206751,0.0,0.0,0.0,1.0751790242342232,0.07725337927507323,0.0,0.0,0.0,0.0,0.0,0.0,0.0,9,2006,一般保證契約,一般交易,235000,12.367345048436391,0,0,0,1,0,0,0,0,0,0,0,0,0,0,0,0,1,0,0,0,0,0,0,1,0,1,0,0,0,0,0,0,0,0,0,0,1,0,0,0,0,0,0,0,0,0,0,0,0,0,0,0,0,0,0,0,1,0,0,0,0,0,0,0,1,0,0,0,0,0,0,0,1,0,0,0,0,0,1,0,0,0,0,0,0,0,0,1,0,0,0,0,1,0,0,0,0,1,0,0,0,0,0,0,0,0,0,0,0,0,0,0,1,0,0,0,0,0,0,0,0,0,0,0,0,0,0,0,0,0,1,0,0,1,0,0,0,0,0,0,1,0,0,0,0,0,1,0,0,0,0,0,0,1,0,0,1,0,0
1392,1,-0.2564764364743176,-0.16331120457884463,0.0,0.0,0.0,0.0,-0.5,0.0,-0.10416666666666667,-0.7105263157894737,0.0,0.0,0.0,-1.0,0.0,0.0,-0.6,-0.5340751043115438,0.0,0.0,1.0275353044024735,1.173891380169407,-0.5,0.0,0.8435061327061867,0.0,0.0,0.16577128960280327,0.0,0.0,0.0,0.0,1.0,0.4638544907568095,0.0,1.0,-0.6199342747198131,-1.0,-0.5,-1.0,1.0,1.3101265822784811,0.0,0.0,0.0,0.0,0.5249714702774483,0.0,0.0,0.0,0.0,0.0,0.0,0.0,4,2009,一般保證契約,一般交易,124000,11.728044909070785,0,0,0,0,0,0,0,0,0,0,0,0,0,0,1,0,1,0,0,0,0,0,0,1,0,1,0,0,0,0,0,0,0,0,1,0,0,0,0,0,0,0,0,0,0,0,0,0,0,0,0,0,0,0,0,0,1,0,0,0,0,0,0,0,1,0,0,0,0,0,0,0,0,0,0,1,0,0,1,0,0,0,0,0,0,0,0,1,0,0,0,0,1,0,0,0,0,0,0,1,0,0,0,0,0,0,0,0,0,0,0,0,0,0,0,1,0,0,0,0,0,0,0,0,0,0,0,0,1,0,0,0,0,0,1,0,0,0,0,0,1,0,0,0,0,0,1,0,0,0,0,1,0,0,0,0,1,0,0
1394,2,-0.5300358319518109,0.2756361220897776,0.0,1.1943176378757763,0.0,0.0,0.0,2.0,-1.3958333333333333,0.15789473684210525,0.0,0.0,0.0,-2.24080411332851,0.0,0.0,-0.6,-0.5340751043115438,0.0,0.0,0.0032676729196327303,-1.0224215246636772,0.5,-0.7304631471189668,0.24469936668723632,0.9876063186756847,0.0,0.5996734906622602,0.0,0.0,0.0,0.0,0.0,0.4638544907568095,0.0,0.5,0.0,0.0,0.25,-1.0,0.0,0.8037974683544303,0.2793713480100486,0.0,0.0,0.0,-0.02000336422115729,8.232627042257834,0.0,0.0,0.0,0.0,0.0,0.0,4,2008,一般保證契約,一般交易,163000,12.001511614739405,0,0,0,0,0,0,0,0,0,0,1,0,0,0,0,1,0,0,0,0,0,0,0,1,0,1,0,0,0,0,0,0,0,0,0,0,0,0,0,0,0,0,0,0,0,0,0,0,1,0,0,0,0,0,0,0,1,0,0,0,0,0,0,0,1,0,0,0,0,0,0,1,0,0,0,0,1,0,0,0,0,0,0,0,0,0,0,1,0,0,0,0,1,0,0,0,0,0,0,0,1,0,0,0,0,0,0,0,0,0,0,0,0,0,0,0,1,0,0,0,0,0,0,0,0,0,0,0,1,0,0,0,0,0,0,0,1,0,0,0,1,0,0,0,0,0,1,0,0,0,0,1,0,0,0,0,1,0,0
1396,3,0.8116279582901716,0.6562574122011234,0.0,0.0,-1.0,0.0,1.0,0.0,0.6875,0.3157894736842105,1.1139663082701052,1.0,0.0,0.0,0.2793713480100486,2.3495966477454164,-0.6,-0.5340751043115438,0.0,0.0,0.6889859088612154,0.19730941704035873,0.5,0.0,0.0769110305415049,1.1542044764995045,0.0,1.2219213514699372,0.0,0.0,0.0,1.0,1.0,0.0,1.0,1.5,0.0,0.0,0.5,1.0,1.0,0.6772151898734177,0.0,0.0,0.0,0.9576843843402714,0.09944701964073181,0.0,0.0,0.0,0.0,0.0,0.0,0.0,2,2007,一般保證契約,一般交易,281213,12.546871224308068,0,0,0,0,0,0,0,0,1,0,0,0,0,0,0,0,1,0,0,0,0,0,0,1,0,1,0,0,0,0,0,0,0,0,0,0,0,0,0,0,0,0,0,1,0,0,0,0,0,0,0,0,0,0,0,0,1,0,0,0,0,0,0,0,1,0,0,0,0,0,0,0,1,0,0,0,0,0,0,0,0,1,0,0,0,1,0,0,0,0,0,0,1,0,0,0,0,1,0,0,0,0,0,0,0,0,0,0,0,0,0,0,1,0,0,0,0,0,0,0,0,0,0,0,0,0,0,0,0,0,1,0,0,1,0,0,0,0,0,0,1,0,0,0,0,0,1,1,0,0,0,0,0,0,0,0,1,0,0
1397,0,0.6866853341578308,4.747316501153781,0.0,0.0,-1.0,-1.1943176378757763,-0.5,0.0,-0.5,-1.1578947368421053,0.0,0.0,0.0,-1.0,0.0,1.7473143510832982,0.0,-0.043115438108484005,0.8104996085138084,9.279836446808169,-1.3973961364048142,-0.4942700548081714,-0.5,0.0,0.9920022466145951,0.0,0.0,0.3096532259727116,1.0,0.0,-1.0,0.0,0.0,0.0,0.0,0.5,-0.18059459163956637,1.0,0.25,-1.0,0.0,0.3818565400843882,0.0,0.0,-1.1943176378757763,0.0,-0.7117967261714493,5.357203202420049,0.0,0.0,0.0,0.0,0.0,0.0,6,2010,一般保證契約,一般交易,160000,11.982935344196433,0,0,0,1,0,0,0,0,0,0,0,0,0,0,0,0,1,0,0,0,0,1,0,0,0,1,0,0,0,0,0,0,0,0,0,0,0,0,0,0,0,0,0,1,0,0,0,0,0,0,0,0,0,0,0,0,1,0,0,0,0,0,0,0,1,0,0,0,0,0,0,0,1,0,0,0,0,0,1,0,0,0,0,0,0,0,0,1,0,0,0,0,1,0,0,0,0,0,0,0,1,0,0,0,0,0,0,0,0,0,0,0,0,0,0,0,1,0,0,0,0,0,0,0,0,0,0,0,1,0,0,0,0,0,1,0,0,0,0,0,1,0,0,0,0,0,1,0,0,0,0,1,0,0,0,0,1,0,0
1400,2,-1.0745234809577138,-0.9917708207451204,0.0,0.0,0.0,0.0,0.0,1.0,-0.9791666666666666,-0.10526315789473684,0.0,0.0,0.0,-1.0,0.0,0.0,0.0,-0.16689847009735745,0.0,0.0,0.31906874047352096,-0.037867463876432486,0.5,0.0,0.12953497924311302,0.8883397683217057,0.0,0.19999234340950778,0.0,0.0,0.0,1.0,0.0,0.0,1.0,0.5,0.0,0.0,0.5,-1.0,-1.0,-1.120253164556962,-0.3466451177569989,0.0,0.0,0.9632859413304204,-0.13049406945601977,0.0,0.0,0.0,0.0,0.0,1.5409627556327752,0.0,10,2009,一般保證契約,一般交易,137450,11.831022768939789,1,0,0,0,0,0,0,0,0,0,0,0,0,0,0,0,1,0,0,0,0,0,0,1,0,1,0,0,0,0,0,0,0,0,0,0,0,1,0,0,0,0,0,0,0,0,0,0,0,0,0,0,0,0,0,0,1,0,0,0,0,0,0,0,1,0,0,0,0,0,0,0,1,0,0,0,1,0,0,0,0,0,0,0,0,0,0,1,0,0,0,0,1,0,0,0,0,0,0,0,0,1,0,0,0,0,0,0,0,0,0,0,0,0,0,0,0,1,0,0,0,0,0,0,0,0,0,0,1,0,0,0,0,0,0,0,1,0,0,0,1,0,0,0,0,0,1,0,0,0,0,1,0,0,0,0,1,0,0
1401,3,-1.1398722399119068,-1.0526421762248437,0.0,0.0,0.0,0.0,0.0,2.0,-0.8958333333333334,-1.1578947368421053,0.0,0.0,0.0,-1.0,0.0,0.0,-0.6,-0.5340751043115438,0.0,0.0,0.48075938509064,-0.2650722471350274,-0.5,0.0,-0.3108461063743165,0.7278663814107111,0.0,-0.5297570298140214,0.0,0.0,-1.0,0.0,0.0,0.0,0.0,-0.5,0.0,0.0,0.5,0.0,-1.0,-1.1540084388185654,0.0,0.0,0.0,0.0,-0.7117967261714493,6.88118732376381,0.0,0.0,0.0,0.0,0.0,0.0,7,2008,一般保證契約,一般交易,120000,11.695255355062795,1,0,0,0,0,0,0,0,0,0,0,0,0,0,0,1,0,0,0,0,0,0,0,1,0,0,0,0,1,0,0,0,0,0,0,0,0,0,0,1,0,0,0,0,0,0,0,0,0,0,0,0,0,0,0,0,1,0,0,0,0,0,0,0,1,0,0,0,0,0,0,0,1,0,0,0,1,0,0,0,0,0,0,0,0,0,0,1,0,0,0,0,1,0,0,0,0,0,0,0,0,1,0,0,0,0,0,0,0,0,0,0,0,0,0,0,0,1,0,0,0,0,0,0,0,0,0,0,1,0,0,0,0,0,0,0,1,0,0,0,1,0,0,0,0,0,1,1,0,0,0,0,0,0,0,0,1,0,0
1402,0,-0.41840364506359273,-0.5875879367296748,0.0,0.0,-1.0,0.0,0.0,0.0,0.6666666666666666,0.2631578947368421,0.0,0.0,0.0,-1.0,0.0,0.0,0.4,0.521557719054242,0.0,0.0,-1.2301549832475145,-0.3109118086696562,0.5,0.0,-0.5154786426099094,1.0003274759663785,0.0,0.1786554718338163,1.0,0.0,0.0,1.0,0.0,0.0,0.0,1.0,0.0,0.0,0.25,1.0,0.0,-0.35232067510548526,0.0,0.0,0.0,0.8615537516526842,0.2923750990621071,0.0,0.0,0.0,0.0,0.0,0.0,0.0,4,2008,一般保證契約,一般交易,193000,12.170450649220749,0,0,0,0,0,0,0,0,1,0,0,0,0,0,0,0,1,0,0,0,0,0,0,1,0,1,0,0,0,0,0,0,0,0,0,1,0,0,0,0,0,0,0,0,0,0,0,0,0,0,0,0,0,0,0,0,1,0,0,0,0,0,0,0,1,0,0,0,0,0,0,0,1,0,0,0,0,0,0,0,0,1,0,0,0,0,0,1,0,0,0,0,1,0,0,0,0,1,0,0,0,0,0,0,0,0,0,0,0,0,0,0,1,0,0,0,0,0,0,0,0,0,0,0,0,0,0,0,1,0,0,0,0,1,0,0,0,0,0,0,1,0,0,0,0,0,1,0,0,0,0,0,0,1,0,0,1,0,0
1403,3,-0.3097441784624688,-0.7918738515857238,0.0,0.0,0.0,0.0,0.5,0.0,0.7083333333333334,0.3157894736842105,0.0,1.0,0.0,0.0,0.2793713480100486,1.7473143510832982,-0.6,-0.5340751043115438,0.0,0.0,0.8345732673809316,0.5799701046337817,0.5,0.0,0.3762633769528224,0.0,0.0,-0.2869529648115037,0.0,0.0,0.0,0.0,-1.0,0.0,1.0,0.0,0.0,0.0,0.5,0.0,0.0,0.7616033755274262,0.0,0.0,0.0,1.0,0.19826590569316255,0.0,0.0,0.0,0.0,0.0,0.0,0.0,7,2006,新屋,預售屋(估價時未完工),193879,12.174994689959313,0,0,0,1,0,0,0,0,0,0,0,0,0,0,0,0,1,0,0,0,0,0,0,1,0,1,0,0,0,0,0,0,0,0,0,0,1,0,0,0,0,0,0,0,0,0,0,0,0,0,0,0,0,0,0,0,1,0,0,0,0,0,0,0,1,0,0,0,0,0,0,0,1,0,0,0,0,0,1,0,0,0,0,0,0,0,0,1,0,0,0,0,1,0,0,0,0,1,0,0,0,0,0,0,0,0,0,0,0,0,0,0,1,0,0,0,0,0,0,0,0,0,0,0,0,0,0,0,1,0,0,0,0,1,0,0,0,0,0,0,1,0,0,0,0,0,1,0,0,0,0,0,0,1,0,0,1,0,0
1404,3,-1.2063193728418797,1.112678379813583,0.0,0.0,-1.0,0.0,1.0,0.0,0.7291666666666666,0.34210526315789475,0.8219638675560355,1.0,0.0,0.0,0.0,2.3495966477454164,0.4,0.7579972183588317,0.0,0.0,0.11671970406292045,0.9765819631290483,0.5,0.0,0.6597795957972082,0.0,0.0,-0.012246364847778376,1.0,0.0,0.0,0.0,0.0,0.0,1.0,0.0,0.0,-1.0,-0.5,-1.0,1.0,1.149789029535865,0.0,0.0,0.0,1.0,0.5428868166406894,0.0,0.0,0.0,0.0,0.0,0.0,0.0,8,2007,一般保證契約,一般交易,282922,12.552930054797935,0,0,0,1,0,0,0,0,0,0,0,0,0,0,0,0,1,0,0,0,0,0,0,1,0,0,0,1,0,0,0,0,0,0,0,0,0,0,0,0,0,0,0,0,0,0,0,0,0,0,1,0,0,0,0,0,0,0,1,0,0,0,0,0,1,0,0,0,0,0,0,0,1,0,0,0,0,0,1,0,0,0,0,0,0,0,0,1,0,0,0,0,1,0,0,0,0,1,0,0,0,0,0,0,0,0,0,0,0,0,0,0,1,0,0,0,0,0,0,0,0,0,0,0,0,0,0,0,0,1,0,0,0,1,0,0,0,0,0,0,1,0,0,0,0,0,1,0,0,0,0,0,0,1,0,0,1,0,0
1405,2,-0.5300358319518109,0.1890414660777926,0.0,0.7304631471189668,0.0,0.0,-1.5,-1.0,-1.1875,-1.1578947368421053,0.0,0.0,0.0,-1.0,0.0,0.0,-0.6,-0.5340751043115438,0.0,0.0,0.27108020568405655,-0.6437468858993523,-0.5,0.0,-0.9769243807348964,0.9217463054094018,0.0,-0.4269901539046238,0.0,0.0,-1.0,0.0,0.0,0.0,0.0,0.0,0.0,-1.0,-0.5,-1.0,1.0,1.9177215189873418,0.0,0.0,0.0,1.071191251074227,-0.7117967261714493,7.620056264664791,0.0,0.0,0.0,0.0,1.5409627556327752,0.0,1,2006,一般保證契約,親友交易,105000,11.561725152903833,1,0,0,0,0,0,0,0,0,0,0,0,0,0,0,0,1,0,0,0,0,0,0,1,0,0,0,0,1,0,0,0,0,0,0,0,0,0,0,0,0,0,0,0,0,0,0,0,1,0,0,0,0,0,0,0,0,0,0,0,1,0,0,0,1,0,0,0,0,0,0,0,1,0,0,0,1,0,0,0,0,0,0,0,0,0,0,1,0,0,0,0,1,0,0,0,0,0,0,0,1,0,0,0,0,0,0,0,0,0,0,0,0,0,0,0,1,0,0,0,0,0,0,0,0,0,0,0,1,0,0,0,0,1,0,0,0,0,0,0,1,0,0,0,0,0,1,0,0,0,0,1,0,0,0,0,1,0,0
1406,4,-1.5565538176877765,-1.984652965002276,0.0,0.0,-1.0,-0.4638544907568095,1.0,0.0,0.6666666666666666,0.2894736842105263,1.0152774687527286,1.0,0.0,0.8422747575632559,0.0,2.3495966477454164,0.4,1.3755215577190543,0.0,0.0,-0.5744757710919163,1.1938216243148978,0.5,0.0,0.9338403180845765,0.0,0.0,0.2532985465157871,1.0,0.7304631471189668,0.0,0.0,-1.0,0.0,1.0,-0.5,0.0,0.0,0.5,1.0,0.0,0.002109704641350211,0.0,0.0,0.0,0.9260300107741787,0.18734307089689942,0.0,0.0,7.5526075857806365,0.0,0.0,0.0,0.0,1,2008,一般保證契約,一般交易,275000,12.524530013005734,0,0,0,0,0,1,0,0,0,0,0,0,0,0,0,1,0,0,0,0,0,0,1,0,0,1,0,0,0,0,1,0,0,0,0,0,0,0,0,0,0,0,0,0,0,0,0,0,0,0,0,0,0,0,0,0,1,0,0,0,0,0,0,0,1,0,0,0,0,0,0,0,0,0,1,0,0,0,1,0,0,0,0,0,0,1,0,0,0,0,0,0,1,0,0,0,0,0,0,0,0,0,1,0,0,0,0,0,0,0,0,0,0,0,0,0,0,0,1,0,0,0,0,0,0,0,0,0,0,1,0,0,0,1,0,0,0,0,0,0,1,0,0,0,0,0,1,0,0,0,0,0,0,1,0,0,1,0,0
1407,2,0.0,-0.2945012228133081,0.0,0.0,0.0,0.0,-0.5,2.0,0.0,0.34210526315789475,0.0,0.0,0.0,0.0,0.0,1.7473143510832982,0.4,0.37830319888734354,0.0,0.0,-1.0245031731507022,-0.45241654210264076,-0.5,0.0,-0.7654381374938951,0.0,0.0,-1.3931787126204436,1.0,0.0,-1.0,0.0,-1.0,0.0,0.0,-0.5,0.0,-1.0,-0.5,-1.0,0.0,-0.36075949367088606,0.0,0.0,0.0,0.7279438021182927,-0.7117967261714493,0.0,0.0,0.0,0.0,0.0,1.5409627556327752,0.0,3,2009,一般保證契約,一般交易,133000,11.798111925972618,0,0,0,0,0,0,0,0,0,0,0,0,0,1,0,0,1,0,0,0,0,0,0,1,0,0,0,0,1,0,0,0,0,0,0,0,1,0,0,0,0,0,0,0,0,0,0,0,0,0,0,0,0,0,0,0,1,0,0,0,0,0,0,0,1,0,0,0,0,0,0,0,1,0,0,0,0,0,0,0,0,0,0,1,0,0,0,1,0,0,0,0,1,0,0,0,0,0,0,0,0,0,0,0,0,0,0,0,1,0,0,0,0,0,0,0,0,1,0,0,0,0,0,0,0,0,0,0,1,0,0,0,0,0,1,0,0,0,0,0,1,0,0,0,0,0,1,0,0,0,0,1,0,0,0,0,1,0,0
1408,2,0.04944338438861053,-0.20572594727197505,0.0,0.0,-1.0,0.0,-0.5,0.0,0.2708333333333333,-0.23684210526315788,0.0,0.0,0.0,-1.0,0.0,0.0,0.2,0.33518776077885953,0.0,0.0,-0.6165700110975723,-0.32286995515695066,0.5,0.0,-0.593498368556785,0.0,0.0,-1.2265815792508463,1.0,0.0,-1.0,0.0,0.0,0.0,0.0,-0.5,0.0,-1.0,-0.5,-2.0,-2.0,-2.0316455696202533,-1.5409627556327752,-1.5409627556327752,0.0,0.0,-0.7117967261714493,0.0,0.0,0.0,0.0,0.0,1.5409627556327752,0.0,3,2009,一般保證契約,一般交易,112000,11.626263078808801,0,0,0,1,0,0,0,0,0,0,0,0,0,0,0,0,1,0,0,0,0,0,0,1,0,0,0,0,1,0,0,0,0,0,0,0,0,0,0,0,0,0,0,0,0,0,1,0,0,0,0,0,0,0,0,0,1,0,0,0,0,0,0,0,1,0,0,0,0,0,0,0,1,0,0,0,0,0,1,0,0,0,0,0,0,0,0,1,0,0,0,0,1,0,0,0,0,0,0,0,0,0,0,0,0,0,0,0,1,0,0,0,0,0,0,1,0,0,0,0,0,0,0,0,0,0,0,0,1,0,0,0,0,0,1,0,0,0,0,0,1,0,0,0,0,0,1,0,0,0,1,0,0,0,0,0,1,0,0
1409,4,-0.5300358319518109,-0.491560172343676,0.0,0.0,0.0,0.0,-1.0,2.0,-1.2916666666666667,-1.1578947368421053,0.0,0.0,0.0,-2.24080411332851,0.0,0.0,-0.6,-0.5340751043115438,0.0,0.0,0.20756076231290368,-0.7433981066268062,0.0,0.0,-0.8405129952010746,0.9629060135524283,0.0,-0.17195886534444474,0.0,0.0,-1.0,0.0,0.0,0.0,0.0,0.0,0.0,-1.0,-0.5,-1.0,0.0,0.1962025316455696,0.0,0.0,0.0,0.0,-0.7117967261714493,0.0,0.0,7.724358962810531,0.0,0.0,0.0,0.0,6,2010,一般保證契約,一般交易,125500,11.74006900564972,0,0,0,0,0,0,0,1,0,0,0,0,0,0,0,1,0,0,0,0,0,0,0,1,0,1,0,0,0,0,0,0,0,0,0,0,0,0,0,0,0,0,0,0,0,0,0,0,1,0,0,0,0,0,0,0,1,0,0,0,0,0,0,0,1,0,0,0,0,0,0,0,1,0,0,0,0,0,0,0,0,1,0,0,0,0,0,1,0,0,0,0,1,0,0,0,0,1,0,0,0,0,0,0,0,0,0,0,0,0,0,0,1,0,0,0,0,0,0,0,0,0,0,0,0,0,0,0,1,0,0,0,0,0,1,0,0,0,0,0,1,0,0,0,0,0,1,0,0,0,0,1,0,0,0,0,1,0,0
1410,2,-1.4126731647748436,1.8694391976318359,0.0,0.0,-1.0,0.0,0.5,1.0,0.2916666666666667,-0.07894736842105263,0.9204410385053895,0.0,0.2793713480100486,0.0,0.0,0.0,-0.6,-0.5340751043115438,0.0,0.0,0.4074818078541916,-0.40657698056801195,0.0,0.0,0.2722682988868309,1.0393985135926396,0.0,0.8126221746225658,0.0,0.0,0.0,1.0,0.0,0.0,0.0,0.5,0.0,0.0,0.25,1.0,0.0,0.2552742616033755,0.0,0.0,0.0,1.2281037102008607,0.2388863118622446,0.0,0.0,0.0,0.0,0.0,1.5409627556327752,0.0,11,2008,一般保證契約,一般交易,215000,12.278397958261774,0,0,0,0,0,0,0,0,1,0,0,0,0,0,0,0,1,0,0,0,0,0,0,1,0,0,0,1,0,0,0,0,0,0,0,0,0,0,0,0,0,0,0,0,0,0,0,0,0,0,0,0,1,0,0,0,1,0,0,0,0,0,0,0,1,0,0,0,0,0,0,0,1,0,0,0,0,0,0,0,0,1,0,0,0,0,0,1,0,0,0,0,1,0,0,0,0,0,0,1,0,0,0,0,0,0,0,0,0,0,0,0,0,0,0,1,0,0,0,0,0,0,0,0,0,0,0,0,0,0,1,0,0,0,1,0,0,0,0,0,1,0,0,0,0,0,1,0,0,0,0,0,0,1,0,0,1,0,0
1412,3,0.469964168048189,0.0,0.0,0.0,0.0,0.0,0.0,3.0,-0.4583333333333333,0.2894736842105263,0.0,0.0,0.2793713480100486,-1.0,0.0,0.0,0.0,-0.3671766342141864,0.0,0.0,0.3467739242518231,-0.27703039362232185,0.5,0.0,0.03523984795988742,0.9369984153855948,0.0,0.2836840007553831,0.0,0.0,-1.0,1.0,0.0,0.0,0.0,0.0,-0.3846268403045294,-1.0,-0.5,-1.0,-1.0,-0.8881856540084389,0.0,0.0,0.0,0.0,-0.7117967261714493,0.0,0.0,0.0,0.0,0.0,1.5409627556327752,0.0,9,2009,一般保證契約,一般交易,140000,11.849404844423074,1,0,0,0,0,0,0,0,0,0,0,0,0,0,0,0,1,0,0,0,0,0,0,1,0,1,0,0,0,0,0,0,0,0,1,0,0,0,0,0,0,0,0,0,0,0,0,0,0,0,0,0,0,0,0,0,1,0,0,0,0,0,0,0,1,0,0,0,0,0,0,0,1,0,0,0,1,0,0,0,0,0,0,0,0,0,0,1,0,0,0,0,1,0,0,0,0,1,0,0,0,0,0,0,0,0,0,0,0,0,0,0,1,0,0,0,0,0,0,0,0,0,0,0,0,0,0,0,1,0,0,0,0,0,1,0,0,0,0,0,1,0,0,0,0,0,1,0,0,0,0,0,0,1,0,0,1,0,0
1413,1,-0.5300358319518109,-0.6530991973084603,0.0,0.0,0.0,0.0,-1.0,0.0,-0.4791666666666667,-1.1578947368421053,0.0,0.0,0.0,-6.515822458562748,-1.5409627556327752,-1.5747678672403655,-0.8,-0.5340751043115438,-0.7304631471189668,0.0,-3.1687229326517117,-1.9830592924763328,-1.0,-0.7304631471189668,-0.11289938297361748,0.0,0.0,-0.7609161093398232,0.0,0.0,0.0,0.0,-1.0,0.4638544907568095,0.0,0.0,0.0,-1.0,-0.5,-1.0,0.0,-0.25949367088607594,0.0,0.0,0.0,0.0,-0.7117967261714493,0.0,0.0,0.0,0.0,0.0,0.0,0.0,6,2009,一般保證契約,一般交易,90000,11.407576060361786,0,0,0,0,0,0,0,0,0,0,0,0,0,0,1,0,1,0,0,0,0,0,0,1,0,1,0,0,0,0,0,0,0,0,1,0,0,0,0,0,0,0,0,0,0,0,0,0,0,0,0,0,0,0,0,0,1,0,0,0,0,0,0,0,1,0,0,0,0,0,0,0,0,0,0,1,0,0,1,0,0,0,0,0,0,0,0,1,0,0,0,0,1,0,0,0,0,0,0,0,0,0,0,0,0,0,0,0,0,0,1,0,0,0,0,0,0,0,0,0,0,0,1,0,0,0,0,0,1,0,0,0,1,0,0,0,0,0,1,0,0,0,0,0,1,0,0,0,0,0,0,1,0,0,0,0,1,0,0
1414,4,0.8116279582901716,0.3177255329409743,0.0,0.0,-1.0,0.0,1.0,0.0,0.6875,0.3157894736842105,1.2365198184134443,1.0,0.0,0.0,0.2793713480100486,0.0,0.4,0.8233657858136301,0.0,0.0,0.48671420074374905,1.6920777279521675,0.5,0.0,1.2041662565785225,0.0,0.0,0.5152247239611574,1.0,0.0,0.0,0.0,-1.0,0.0,1.0,0.5,0.0,0.0,0.5,1.0,0.0,0.5843881856540084,0.0,0.0,0.0,0.9950013198847167,0.13347293779491828,0.0,0.0,0.0,0.0,0.0,0.0,0.0,9,2009,法院或遺產拍賣,異常交易(如法拍),257000,12.456835254920371,0,0,0,1,0,0,0,0,0,0,0,0,0,0,0,0,1,0,0,0,0,0,0,1,0,0,0,0,1,0,0,0,0,0,0,0,0,0,0,0,0,0,0,0,0,0,0,0,0,0,0,0,0,1,0,0,1,0,0,0,0,0,0,0,1,0,0,0,0,0,0,0,1,0,0,0,0,0,1,0,0,0,0,0,0,0,0,1,0,0,0,0,1,0,0,0,0,1,0,0,0,0,0,0,0,0,0,0,0,0,0,0,1,0,0,0,0,0,0,0,0,0,0,0,0,0,0,0,0,1,0,0,0,1,0,0,0,0,0,0,1,0,0,0,0,0,1,0,0,0,0,0,0,1,0,0,1,0,0
1416,0,-1.0745234809577138,-2.0961524703939824,0.0,0.0,0.0,0.0,0.5,0.0,0.7291666666666666,0.34210526315789475,0.9352320472719625,1.0,0.0,0.0,0.0,0.0,0.2,0.8400556328233658,0.0,0.0,-0.14503491273136285,0.7792725460886896,0.5,0.0,0.8212005500003906,0.0,0.0,0.14415880192821934,0.0,0.7304631471189668,0.0,0.0,-2.0,0.0,1.0,0.5,0.0,0.0,0.25,0.0,1.0,0.7531645569620253,0.0,0.0,0.0,0.9557953004482737,-0.07642330536929036,0.0,0.0,0.0,0.0,0.0,0.0,0.0,5,2009,一般保證契約,一般交易,175900,12.077676615757813,0,0,0,0,0,1,0,0,0,0,0,0,0,0,0,0,1,0,0,0,0,0,0,1,0,1,0,0,0,0,0,0,0,0,0,0,0,0,0,0,1,0,0,0,0,0,0,0,0,0,0,0,0,0,0,0,1,0,0,0,0,0,0,0,1,0,0,0,0,0,0,0,0,0,1,0,0,0,1,0,0,0,0,0,0,1,0,0,0,0,0,0,1,0,0,0,0,1,0,0,0,0,0,0,0,0,0,0,0,0,0,0,1,0,0,0,0,0,0,0,0,0,0,0,0,0,0,0,0,0,1,0,0,1,0,0,0,0,0,0,1,0,0,0,0,0,1,0,0,0,0,0,0,1,0,0,1,0,0
1417,0,-0.5300358319518109,0.39124988434607516,0.0,0.0,0.0,0.0,-1.0,1.0,-1.8125,-1.1578947368421053,0.0,0.0,0.0,-1.0,0.0,0.0,-0.6,-0.5340751043115438,0.0,0.0,0.3923773969558215,-0.43447932237169906,0.0,0.0,0.2904901373460431,1.0883818712338165,0.0,1.027297622351779,0.0,0.0,0.0,0.0,1.0,0.4638544907568095,0.0,2.5,0.0,-1.0,-0.5,-1.0,0.0,0.33122362869198313,0.0,0.0,-1.1943176378757763,0.0,-0.7117967261714493,6.916887440029282,0.0,0.0,0.0,0.0,0.0,0.0,4,2010,一般保證契約,一般交易,122500,11.715874472198905,0,0,0,0,0,0,0,0,0,0,1,0,0,0,0,1,0,0,0,0,0,0,0,1,0,1,0,0,0,0,0,0,0,0,0,0,0,0,0,0,0,0,0,0,0,0,0,0,1,0,0,0,0,0,0,0,1,0,0,0,0,0,0,0,1,0,0,0,0,0,0,1,0,0,0,0,0,0,0,0,0,1,0,0,0,0,0,1,0,0,0,0,1,0,0,0,0,1,0,0,0,0,0,0,0,0,0,0,0,0,0,0,0,0,0,0,0,0,0,0,0,0,0,1,0,0,0,0,1,0,0,0,0,1,0,0,0,0,0,0,1,0,0,0,0,0,1,0,0,0,0,1,0,0,0,0,1,0,0
1418,0,0.9130411557936503,1.3155982275377223,0.0,0.0,-1.0,0.0,1.0,0.0,0.5416666666666666,0.10526315789473684,1.4661307108115613,1.0,0.0,0.0,0.0,1.0,0.4,0.5521557719054242,0.0,0.0,0.036886507976020035,0.5759840558046836,0.5,0.0,0.40425417133096925,1.110687510221528,0.0,1.1903933909177464,1.0,0.0,0.0,1.0,0.0,0.0,1.0,0.5,0.0,0.0,0.25,1.0,1.0,2.478902953586498,0.0,0.0,0.0,0.0,0.46065450983442446,0.0,0.0,0.0,0.0,0.0,0.0,0.0,5,2009,一般保證契約,一般交易,340000,12.73670383776449,0,0,0,0,0,0,0,0,1,0,0,0,0,0,0,0,1,0,0,0,0,0,0,1,0,1,0,0,0,0,0,0,1,0,0,0,0,0,0,0,0,0,0,0,0,0,0,0,0,0,0,0,0,0,0,0,1,0,0,0,0,0,0,0,1,0,0,0,0,0,0,0,1,0,0,0,0,0,0,0,0,1,0,0,0,0,0,1,0,0,0,0,1,0,0,0,0,1,0,0,0,0,0,0,0,0,0,0,0,0,0,0,1,0,0,0,0,0,0,0,0,0,0,0,0,0,0,0,0,0,1,0,0,1,0,0,0,0,0,0,1,0,0,0,0,0,1,0,0,0,0,0,0,1,0,0,1,0,0
1419,2,0.04944338438861053,-0.09740383929318701,0.0,0.0,0.0,0.0,-0.5,0.0,-0.1875,-0.8157894736842105,0.0,0.0,0.0,-1.0,0.0,0.0,0.0,-0.4993045897079277,0.8104996085138084,11.743633842525867,-0.49621928534870335,0.2969606377678127,-0.5,0.0,0.09847763934521607,0.0,0.0,-0.5561071451530709,1.0,0.0,-1.0,1.0,0.0,0.0,0.0,0.0,0.0,-1.0,-0.5,-1.0,-1.0,-0.6139240506329114,0.0,0.0,0.0,0.0,0.3427532133415796,0.0,0.0,0.0,0.0,0.0,0.0,0.0,8,2008,法院或遺產拍賣,一般交易,124000,11.728044909070785,0,0,0,1,0,0,0,0,0,0,0,0,0,0,0,0,1,0,0,0,0,0,0,1,0,1,0,0,0,0,0,0,0,0,1,0,0,0,0,0,0,0,0,0,0,0,0,0,0,0,0,0,0,0,0,0,1,0,0,0,0,0,0,0,1,0,0,0,0,0,0,0,1,0,0,0,0,0,1,0,0,0,0,0,0,0,0,1,0,0,0,0,1,0,0,0,0,0,0,0,0,0,0,0,0,0,0,0,1,0,0,0,0,0,0,0,0,0,0,0,0,0,0,0,1,0,0,0,1,0,0,0,0,0,1,0,0,0,0,0,1,0,0,0,0,0,1,0,0,0,0,1,0,0,0,0,1,0,0
1420,3,-0.10068914480903793,1.2905429914095767,0.0,0.0,-1.0,0.0,0.0,0.0,-0.0625,-0.6578947368421053,1.1868772806554262,1.0,0.2793713480100486,-1.0,0.0,1.7473143510832982,-0.2,1.0097357440890125,0.0,0.0,0.34449468467823124,1.6920777279521675,0.0,0.0,1.2041662565785225,0.0,0.0,0.5152247239611574,1.0,0.0,0.0,0.0,0.0,0.0,1.0,0.5,0.0,0.0,0.25,0.0,0.0,0.2468354430379747,0.0,0.0,0.0,0.0,0.28398389695086224,8.27426574111943,0.0,0.0,0.0,0.0,0.0,0.0,12,2006,一般保證契約,一般交易,223000,12.314931534737134,0,0,0,1,0,0,0,0,0,0,0,0,0,0,0,0,1,0,0,0,0,0,0,1,0,1,0,0,0,0,1,0,0,0,0,0,0,0,0,0,0,0,0,0,0,0,0,0,0,0,0,0,0,0,0,0,1,0,0,0,0,0,0,0,1,0,0,0,0,0,0,0,1,0,0,0,0,0,1,0,0,0,0,0,0,0,0,1,0,0,0,0,1,0,0,0,0,0,0,1,0,0,0,0,0,0,0,0,0,0,0,0,0,0,0,1,0,0,0,0,0,0,0,0,0,0,0,0,0,0,1,0,0,0,1,0,0,0,0,0,1,0,0,0,0,0,1,0,0,0,0,0,0,1,0,0,1,0,0
1421,3,0.8929485771758422,0.46575232828592733,0.0,0.0,0.0,0.0,0.0,1.0,-0.08333333333333333,-0.6842105263157895,1.28029774108285,0.0,0.0,-1.0,0.0,0.0,0.2,0.027816411682892908,0.0,0.0,-0.3465079884441102,-0.5719980069755854,0.0,0.0,-0.9354913681230063,0.9933689341798992,0.0,-0.08694167243175605,0.0,0.0,0.0,1.0,0.0,0.0,0.0,0.5,0.0,0.0,0.25,0.0,0.0,1.2426160337552743,0.0,0.0,0.0,0.0,0.5621587111722389,0.0,0.0,7.0038814507271985,0.0,0.0,0.0,0.0,5,2006,一般保證契約,一般交易,179900,12.100161978566867,0,0,0,0,0,0,0,0,1,0,0,0,0,0,0,0,1,0,0,0,0,0,0,1,0,0,0,0,1,0,0,0,0,0,0,0,0,0,0,0,0,0,0,0,0,0,0,0,0,0,0,0,1,0,0,0,1,0,0,0,0,0,0,0,1,0,0,0,0,0,0,0,1,0,0,0,0,0,0,0,0,1,0,0,0,0,0,1,0,0,0,0,1,0,0,0,0,0,0,0,0,0,0,0,0,0,0,0,1,0,0,0,0,0,0,0,0,0,0,0,0,0,0,0,1,0,0,0,0,0,1,0,0,0,1,0,0,0,0,0,1,0,0,0,0,0,1,0,0,0,0,0,0,1,0,0,1,0,0
1423,0,-2.1071483821054002,-1.6913333684840821,0.0,0.0,0.0,0.0,0.0,0.0,0.6458333333333334,0.23684210526315788,1.0087576784086483,1.0,0.0,0.0,0.0,1.7473143510832982,0.4,0.4200278164116829,0.0,0.0,-0.786015252002033,-0.2929745889387145,0.5,0.0,-0.5554445710810658,0.0,0.0,-1.189710216607566,1.0,0.0,-1.0,0.0,-2.0,0.0,1.0,-1.5,0.0,-1.0,-0.5,1.0,0.0,-0.25949367088607594,0.0,0.0,0.0,0.950060361690953,-0.7117967261714493,0.0,0.0,0.0,0.0,0.0,0.0,0.0,3,2008,一般保證契約,一般交易,136500,11.824087219587643,0,0,0,0,0,1,0,0,0,0,0,0,0,0,0,1,0,0,0,0,0,0,0,1,0,1,0,0,0,0,0,0,0,0,0,0,1,0,0,0,0,0,0,0,0,0,0,0,0,0,0,0,0,0,0,0,1,0,0,0,0,0,0,0,1,0,0,0,0,0,0,0,0,0,1,0,0,0,1,0,0,0,0,0,0,0,0,1,0,0,0,0,1,0,0,0,0,1,0,0,0,0,0,0,0,0,0,0,0,0,0,0,1,0,0,0,0,0,0,0,0,0,0,0,0,0,0,0,0,0,1,0,0,1,0,0,0,0,0,0,1,0,0,0,0,0,1,0,0,0,0,0,0,1,0,0,1,0,0
1424,4,-0.23009937662782295,1.7593945422047337,0.0,0.0,-1.0,0.0,0.0,2.0,-0.125,-0.7368421052631579,0.0,1.0,0.2793713480100486,0.0,0.0,1.7473143510832982,-0.6,-0.5340751043115438,0.0,0.0,0.30134776719218515,-0.5939212755356253,-0.5,0.0,0.8301444298043594,0.9643998877387582,0.0,0.9323379723655921,0.0,0.0,0.0,0.0,1.0,0.0,1.0,1.0,0.0,0.0,0.5,-1.0,0.0,-0.2088607594936709,0.2793713480100486,0.2793713480100486,0.0,1.3825791428742957,0.6833554835931922,0.0,0.0,0.0,11.289160096627914,1.8203341036428238,1.8203341036428238,0.0,8,2006,一般保證契約,兩筆相連物件分配,274970,12.524420916542532,0,0,0,0,0,0,0,0,0,0,0,0,1,0,0,0,1,0,0,0,0,0,0,1,0,0,0,1,0,0,0,0,0,0,0,0,0,0,0,0,0,1,0,0,0,0,0,0,0,0,0,0,0,0,0,0,1,0,0,0,0,0,0,0,1,0,0,0,0,0,0,0,1,0,0,0,0,0,0,0,0,0,1,0,0,0,0,0,1,0,0,0,0,1,0,0,0,0,0,1,0,0,0,0,0,0,0,0,0,0,0,0,0,0,0,1,0,0,0,0,0,0,0,0,0,0,0,0,1,0,0,0,0,0,1,0,0,0,0,0,1,0,0,0,0,0,1,0,0,0,0,0,0,1,0,0,1,0,0
1425,4,0.21801994391840682,-0.023538677637522546,0.0,0.0,0.0,0.0,-0.5,0.0,-0.2916666666666667,-0.2894736842105263,0.0,0.0,0.0,-1.0,0.0,0.0,0.2,0.10152990264255911,0.8104996085138084,9.551935879863963,-0.6680005597983654,0.05779770802192327,-0.5,0.0,0.46278341478928714,0.0,0.0,-0.20312133951801922,1.0,0.0,-1.0,0.0,-1.0,0.0,0.0,0.0,-0.18059459163956637,0.0,0.25,-1.0,-1.0,0.010548523206751054,0.0,0.0,0.0,1.1843411669382684,0.009549770389255476,0.0,0.0,0.0,0.0,0.0,1.1943176378757763,0.0,6,2007,一般保證契約,一般交易,144000,11.87757552297847,0,0,0,1,0,0,0,0,0,0,0,0,0,0,0,0,1,0,0,0,0,0,0,1,0,1,0,0,0,0,0,0,0,0,1,0,0,0,0,0,0,0,0,0,0,0,0,0,0,0,0,0,0,0,0,0,1,0,0,0,0,0,0,0,1,0,0,0,0,0,0,0,1,0,0,0,0,0,1,0,0,0,0,0,0,1,0,0,0,0,0,0,1,0,0,0,0,0,0,0,0,0,0,0,0,0,0,0,1,0,0,0,0,0,0,0,0,0,0,0,0,0,0,0,1,0,0,0,1,0,0,0,0,0,1,0,0,0,0,0,1,0,0,0,0,0,1,0,0,0,0,1,0,0,0,0,1,0,0
1426,1,0.469964168048189,0.25831230384843096,0.0,0.0,-1.0,0.0,0.0,1.0,-0.2708333333333333,-0.9210526315789473,1.111541159787695,1.0,0.0,-1.0,0.0,0.0,-0.6,-0.5340751043115438,0.0,0.0,0.8102023395567931,0.5122072745391131,0.5,0.0,0.301363705950684,0.0,0.0,-0.3595252996262973,0.0,0.0,-1.0,0.0,0.0,0.0,1.0,0.5,0.0,-1.0,-0.5,-1.0,0.0,0.1962025316455696,0.0,0.0,0.0,0.0,0.09944701964073181,0.0,0.0,0.0,0.0,0.0,0.0,0.0,10,2008,一般保證契約,一般交易,142000,11.863589378812122,0,0,0,1,0,0,0,0,0,0,0,0,0,0,0,0,1,0,0,0,0,0,0,1,0,1,0,0,0,0,0,0,0,0,1,0,0,0,0,0,0,0,0,0,0,0,0,0,0,0,0,0,0,0,0,0,1,0,0,0,0,0,0,0,1,0,0,0,0,0,0,0,1,0,0,0,0,0,1,0,0,0,0,0,0,1,0,0,0,0,0,0,1,0,0,0,0,0,0,0,0,0,0,0,0,0,0,0,1,0,0,0,0,0,0,0,0,0,0,0,0,0,0,0,1,0,0,0,0,1,0,0,0,0,1,0,0,0,0,0,1,0,0,0,0,0,1,0,0,0,0,1,0,0,0,0,1,0,0
1427,3,0.5142009041767117,0.30693850398973366,0.0,0.0,-1.0,0.0,0.5,0.0,0.4583333333333333,0.0,1.301145420699895,1.0,0.0,0.0,0.0,0.0,0.4,0.8567454798331016,0.0,0.0,-0.5681868077374725,0.45440956651718983,0.5,0.0,0.24839178832469977,1.0525051329634396,0.0,0.8508655476721755,1.0,0.0,0.0,1.0,0.0,0.0,1.0,-0.5,0.0,1.0,0.25,0.0,0.0,0.18354430379746836,0.0,0.0,0.0,1.0049238168576966,0.4764282997668467,0.0,0.0,0.0,0.0,0.0,0.0,0.0,8,2008,一般保證契約,一般交易,271000,12.509877789891931,0,0,0,0,0,0,0,0,1,0,0,0,0,0,0,0,1,0,0,0,0,0,0,1,0,1,0,0,0,0,0,0,1,0,0,0,0,0,0,0,0,0,0,0,0,0,0,0,0,0,0,0,0,0,0,0,1,0,0,0,0,0,0,0,1,0,0,0,0,0,0,0,1,0,0,0,0,0,0,0,0,1,0,0,0,0,0,1,0,0,0,0,1,0,0,0,0,1,0,0,0,0,0,0,0,0,0,0,0,0,0,0,1,0,0,0,0,0,0,0,0,0,0,0,0,0,0,0,0,0,1,0,0,1,0,0,0,0,0,0,1,0,0,0,0,0,1,0,0,0,0,0,0,1,0,0,1,0,0
1430,4,0.469964168048189,0.6334460599812604,0.0,0.0,-1.0,0.0,0.0,2.0,0.1875,-0.34210526315789475,1.1849025977173415,1.0,0.2793713480100486,0.0,0.0,0.0,0.0,0.4089012517385257,0.0,0.0,0.3759355269356894,0.8868958644743398,0.5,0.0,0.6215070865015265,0.0,0.0,-0.049329643340806986,0.0,0.0,0.0,0.0,0.0,0.0,1.0,0.5,0.0,0.0,0.25,1.0,0.0,-0.06118143459915612,0.0,0.0,0.0,0.0,-0.7117967261714493,6.635082099792531,0.0,0.0,0.0,0.0,0.0,0.0,4,2007,一般保證契約,一般交易,182900,12.116700301832573,0,0,0,1,0,0,0,0,0,0,0,0,0,0,0,0,1,0,0,0,0,0,0,1,0,0,0,0,1,0,0,0,0,0,0,0,0,0,0,0,0,0,0,0,0,0,0,0,0,0,0,0,1,0,0,0,1,0,0,0,0,0,0,0,1,0,0,0,0,0,0,0,1,0,0,0,0,0,1,0,0,0,0,0,0,0,0,1,0,0,0,0,1,0,0,0,0,0,0,0,0,0,0,0,0,0,0,0,0,1,0,0,0,0,0,0,0,0,0,0,0,0,0,0,0,1,0,0,0,0,1,0,0,0,1,0,0,0,0,0,1,0,0,0,0,0,1,0,0,0,0,0,0,1,0,0,1,0,0
1432,3,-3.412047956290646,-1.4718692735572105,0.0,0.0,-1.0,0.0,0.0,1.0,0.08333333333333333,-0.47368421052631576,0.0,0.0,0.0,0.0,0.0,0.0,-0.4,0.7983310152990264,0.0,0.0,-3.1687229326517117,-0.0737419033383159,-0.5,0.0,-0.29262046493584043,0.0,0.0,-0.9350527692066875,0.0,0.0,0.0,0.0,-1.0,0.0,0.0,-0.5,0.0,-1.0,-0.5,0.0,0.0,-0.1751054852320675,0.0,0.0,0.0,0.0,0.22418808858595582,0.0,0.0,0.0,0.0,0.0,0.0,0.0,10,2009,一般保證契約,一般交易,143750,11.87583791515714,0,0,0,0,0,1,0,0,0,0,0,0,0,0,0,0,1,0,0,0,0,0,0,1,0,1,0,0,0,0,0,1,0,0,0,0,0,0,0,0,0,0,0,0,0,0,0,0,0,0,0,0,0,0,0,0,1,0,0,0,0,0,0,0,1,0,0,0,0,0,0,0,0,0,1,0,0,0,1,0,0,0,0,0,0,0,0,1,0,0,0,0,1,0,0,0,0,0,0,1,0,0,0,0,0,0,0,0,0,0,0,0,0,0,0,1,0,0,0,0,0,0,0,0,0,0,0,0,1,0,0,0,0,0,1,0,0,0,0,0,1,0,0,0,0,0,1,0,0,0,0,0,0,1,0,0,1,0,0
1434,2,1.0121258590460687,0.15522863141091078,0.0,0.0,-1.0,0.0,0.0,0.0,0.5833333333333334,0.15789473684210525,1.192737651552457,0.0,0.0,0.0,0.0,0.0,-0.6,-0.5340751043115438,0.0,0.0,0.5518682928587928,-0.11758844045839562,0.5,0.0,-0.2835560597878332,1.0315906174352951,0.0,0.44884221003397706,1.0,0.0,0.0,1.0,0.0,0.0,0.0,1.0,0.0,0.0,0.25,1.0,0.0,-0.12869198312236288,0.0,0.0,0.0,0.0,-0.7117967261714493,0.0,0.0,0.0,0.0,0.0,0.0,0.0,5,2008,一般保證契約,一般交易,186500,12.136191879981927,0,0,0,0,0,0,0,0,1,0,0,0,0,0,0,0,1,0,0,0,0,0,0,1,0,1,0,0,0,0,0,0,0,0,0,1,0,0,0,0,0,0,0,0,0,0,0,0,0,0,0,0,0,0,0,0,1,0,0,0,0,0,0,0,1,0,0,0,0,0,0,0,1,0,0,0,0,0,0,0,0,1,0,0,0,0,0,1,0,0,0,0,1,0,0,0,0,1,0,0,0,0,0,0,0,0,0,0,0,0,0,0,1,0,0,0,0,0,0,0,0,0,0,0,0,0,0,0,0,0,1,0,0,1,0,0,0,0,0,0,1,0,0,0,0,0,1,0,0,0,0,0,0,1,0,0,1,0,0
1435,0,0.469964168048189,1.4429014873986528,0.0,0.0,0.0,-0.4638544907568095,-0.5,0.0,0.10416666666666667,-0.4473684210526316,0.0,0.0,0.0,-1.0,0.0,0.0,0.2,0.7677329624478443,0.0,0.0,-0.6786903198126384,0.2610861983059293,-1.0,0.0,0.06309405931143017,0.0,0.0,-0.5903912612620008,1.0,0.0,0.0,0.0,0.0,0.0,0.0,-0.5,0.0,0.0,0.5,0.0,0.0,0.010548523206751054,0.0,0.0,-0.4638544907568095,1.1633988568752143,0.11346893910087874,0.0,0.0,0.0,0.0,0.0,0.0,0.0,5,2006,一般保證契約,一般交易,160000,11.982935344196433,0,0,0,1,0,0,0,0,0,0,0,0,0,0,0,0,1,0,0,0,1,0,0,0,0,1,0,0,0,0,0,0,0,0,0,0,0,0,0,0,0,0,0,0,0,0,1,0,0,0,0,0,0,0,0,0,1,0,0,0,0,0,0,0,1,0,0,0,0,0,0,0,1,0,0,0,0,0,1,0,0,0,0,0,0,0,0,1,0,0,0,0,1,0,0,0,0,0,0,0,0,0,0,0,0,0,0,0,0,0,1,0,0,0,0,0,0,0,0,0,0,0,0,0,0,0,1,0,1,0,0,0,0,0,1,0,0,0,0,0,1,0,0,0,0,0,1,0,0,0,0,0,0,1,0,0,1,0,0
1436,3,0.469964168048189,-0.30665332785834487,0.0,0.0,0.0,0.0,0.0,4.0,-0.20833333333333334,0.2894736842105263,1.1041629327254134,1.0,0.2793713480100486,-1.0,0.0,0.0,-0.6,-0.5340751043115438,0.0,0.0,0.8577095569820264,0.6457399103139013,-0.5,0.0,0.7730032858877929,0.0,0.0,0.0974591577036591,1.0,0.0,-1.0,1.0,0.0,0.0,1.0,0.5,0.0,0.0,0.5,0.0,0.0,-0.08227848101265822,0.0,0.0,0.0,0.0,0.07725337927507323,0.0,0.0,0.0,0.0,0.0,1.8203341036428238,0.0,7,2008,法院或遺產拍賣,異常交易(如法拍),174000,12.066816325306588,0,0,0,1,0,0,0,0,0,0,0,0,0,0,0,0,1,0,0,0,0,0,0,1,0,1,0,0,0,0,0,0,0,0,1,0,0,0,0,0,0,0,0,0,0,0,0,0,0,0,0,0,0,0,0,0,1,0,0,0,0,0,0,0,1,0,0,0,0,0,0,0,1,0,0,0,0,0,1,0,0,0,0,0,0,0,0,1,0,0,0,0,1,0,0,0,0,0,0,0,1,0,0,0,0,0,0,0,0,0,0,0,0,0,0,0,1,0,0,0,0,0,0,0,0,0,0,0,0,0,1,0,0,0,1,0,0,0,0,0,1,0,0,0,0,0,1,0,0,0,0,0,0,1,0,0,1,0,0
1437,3,-0.5300358319518109,-0.14897946196371506,0.0,0.0,0.0,0.0,-1.0,1.0,-0.020833333333333332,-0.6052631578947368,0.0,0.0,0.0,-1.0,0.0,0.0,0.2,0.3226703755215577,0.0,0.0,-0.49335128671643363,-0.2610861983059293,-0.5,0.0,-0.5154786426099094,0.0,0.0,-1.1509861380717596,0.0,0.0,-1.0,0.0,0.0,0.0,0.0,-0.5,0.0,-1.0,-0.5,-1.0,0.0,0.1962025316455696,0.0,0.0,0.0,0.0,-0.7117967261714493,0.0,0.0,0.0,0.0,0.0,1.1943176378757763,0.0,5,2007,一般保證契約,一般交易,120500,11.699413330633599,0,0,0,1,0,0,0,0,0,0,0,0,0,0,0,0,1,0,0,0,0,0,0,1,0,0,1,0,0,0,0,0,0,0,1,0,0,0,0,0,0,0,0,0,0,0,0,0,0,0,0,0,0,0,0,0,1,0,0,0,0,0,0,0,1,0,0,0,0,0,0,0,1,0,0,0,0,0,1,0,0,0,0,0,0,0,0,1,0,0,0,0,1,0,0,0,0,0,0,0,0,0,0,0,0,0,0,0,1,0,0,0,0,0,0,0,0,0,0,0,0,0,0,0,1,0,0,0,1,0,0,0,0,1,0,0,0,0,0,0,1,0,0,0,0,0,1,0,0,0,0,1,0,0,0,0,1,0,0
1438,3,1.1281128366448911,0.6137466333447964,0.0,0.0,0.0,0.0,1.0,0.0,0.75,0.3684210526315789,1.2848622450016483,1.8422747575632559,0.0,0.8422747575632559,0.0,1.7473143510832982,0.4,1.3240611961057023,0.0,0.0,0.17279909438809232,1.8674638764324862,0.5,0.0,1.316456230220978,0.0,0.0,0.6240255431702559,1.0,0.0,0.0,0.0,-1.0,0.0,2.0,0.5,0.0,0.0,0.5,1.0,1.0,1.2341772151898733,0.0,0.0,0.0,0.0,0.2530101222758353,0.0,9.05699595993719,0.0,0.0,0.0,0.0,0.0,11,2008,新屋,預售屋(估價時未完工),394617,12.885673487343764,0,0,0,1,0,0,0,0,0,0,0,0,0,0,0,0,1,0,0,0,0,0,0,1,0,0,1,0,0,0,0,0,0,1,0,0,0,0,0,0,0,0,0,0,0,0,0,0,0,0,0,0,0,0,0,0,1,0,0,0,0,0,0,0,1,0,0,0,0,0,0,0,1,0,0,0,0,0,1,0,0,0,0,0,0,1,0,0,0,0,0,0,1,0,0,0,0,1,0,0,0,0,0,0,0,0,0,0,0,0,0,0,1,0,0,0,0,0,0,0,0,0,0,0,0,0,0,0,0,1,0,0,0,1,0,0,0,0,0,0,1,0,0,0,0,0,1,0,0,0,0,0,0,1,0,0,1,0,0
1439,3,0.8929485771758422,-0.5899964653057688,0.0,0.0,0.0,0.0,0.0,2.0,-0.3125,0.05263157894736842,0.0,0.0,0.0,-1.0,0.0,0.0,0.4,0.3004172461752434,0.0,0.0,-0.32744239765657424,-0.1654210264075735,-0.5,0.0,0.2722682988868309,0.0,0.0,-0.3877166333766201,1.0,0.0,-1.0,0.0,-1.0,0.0,0.0,0.0,0.0,-1.0,-0.5,-1.0,0.0,1.8628691983122363,0.0,0.0,0.0,0.0,0.5384801674296122,7.59329340870847,0.0,0.0,0.0,0.0,1.5409627556327752,0.0,4,2010,一般保證契約,一般交易,149700,11.916395250412128,0,0,0,1,0,0,0,0,0,0,0,0,0,0,0,1,0,0,0,0,0,0,0,1,0,1,0,0,0,0,0,0,0,0,0,0,0,0,0,0,0,0,0,0,0,0,0,0,1,0,0,0,0,0,0,0,0,0,0,0,1,0,0,0,1,0,0,0,0,0,0,0,1,0,0,0,0,0,1,0,0,0,0,0,0,0,0,1,0,0,0,0,1,0,0,0,0,0,0,0,0,0,0,0,0,0,0,0,0,1,0,0,0,0,0,0,0,0,0,0,0,0,0,0,0,1,0,0,1,0,0,0,0,0,1,0,0,0,0,0,1,0,0,0,0,1,0,0,0,0,0,0,0,1,0,0,1,0,0
1440,3,0.469964168048189,0.4419613372549734,0.0,0.0,0.0,0.0,0.5,1.0,0.14583333333333334,-0.39473684210526316,0.855769525478783,0.0,0.0,-1.0,0.0,0.0,0.4,-0.09596662030598054,0.8104996085138084,6.844946025203906,-1.0133788001157535,-0.9088191330343797,-0.5,0.0,-0.11289938297361748,0.9855437047269772,0.0,0.36085489232859774,0.0,0.0,0.0,1.0,0.0,0.0,0.0,0.0,0.0,0.0,0.25,0.0,0.0,0.2890295358649789,0.0,0.0,0.0,0.0,0.3427532133415796,8.27426574111943,0.0,0.0,0.0,0.0,0.0,0.0,11,2007,一般保證契約,一般交易,197000,12.190964083849375,0,0,0,0,0,0,0,0,1,0,0,0,0,0,0,0,1,0,0,0,0,0,0,1,0,1,0,0,0,0,0,0,0,0,0,0,0,0,0,0,0,0,0,0,0,0,0,0,0,0,0,0,1,0,0,0,1,0,0,0,0,0,0,0,1,0,0,0,0,0,0,0,1,0,0,0,0,0,0,0,0,0,1,0,0,1,0,0,0,0,0,0,1,0,0,0,0,0,0,0,0,0,0,0,0,0,0,0,1,0,0,0,0,0,0,0,0,0,0,0,0,0,0,0,1,0,0,0,0,0,1,0,0,0,1,0,0,0,0,0,1,0,0,0,0,0,1,0,0,0,0,0,0,1,0,0,1,0,0
1441,4,0.42526075804806646,0.42998982017514586,0.0,0.0,-1.0,-0.4638544907568095,0.0,2.0,-1.0416666666666667,0.0,0.0,0.0,0.0,0.8422747575632559,0.0,0.0,-0.6,-0.5340751043115438,0.0,0.0,0.16184429094092045,-0.8111609367214748,-1.0,0.0,0.5940682180959092,1.0064781939645184,9.61608691229732,1.2925717199748468,0.0,0.0,0.0,0.0,0.0,0.0,0.0,2.5,-0.18059459163956637,0.0,0.5,1.0,0.0,0.8037974683544303,0.0,0.0,0.0,1.281640833701936,-0.7117967261714493,0.0,0.0,0.0,0.0,0.0,0.0,0.0,9,2008,一般保證契約,一般交易,191000,12.160033942617156,0,0,0,0,0,0,0,1,0,0,0,0,0,0,0,0,1,0,0,0,0,1,0,0,0,1,0,0,0,0,1,0,0,0,0,0,0,0,0,0,0,0,0,0,0,0,0,0,0,0,0,0,0,0,0,0,1,0,0,0,0,0,0,0,1,0,0,0,0,0,0,0,1,0,0,0,0,0,0,1,0,0,0,0,0,0,0,1,0,0,0,0,1,0,0,0,0,0,0,0,0,0,0,0,0,0,0,0,0,1,0,0,0,0,0,0,0,0,0,0,0,0,0,0,0,1,0,0,1,0,0,0,0,0,0,0,1,0,0,0,1,0,0,0,0,0,1,0,0,0,0,1,0,0,0,0,1,0,0
1442,3,0.0,-1.695528845715134,0.0,0.0,0.0,0.0,0.0,0.0,0.6666666666666666,0.2631578947368421,0.9685349201292586,1.0,0.0,0.0,0.0,1.7473143510832982,0.4,0.43532684283727396,0.0,0.0,-0.8325148281462799,-0.2929745889387145,0.5,0.0,-0.5554445710810658,0.0,0.0,-1.189710216607566,1.0,0.0,-1.0,0.0,-2.0,0.0,1.0,-1.5,0.0,0.0,0.25,0.0,0.0,-0.25949367088607594,0.0,0.0,0.0,0.9669669288634732,-0.7117967261714493,0.0,0.0,0.0,0.0,0.0,0.0,0.0,5,2008,一般保證契約,一般交易,149300,11.913719681428494,0,0,0,0,0,1,0,0,0,0,0,0,0,0,0,1,0,0,0,0,0,0,0,1,0,1,0,0,0,0,0,0,0,0,0,0,1,0,0,0,0,0,0,0,0,0,0,0,0,0,0,0,0,0,0,0,1,0,0,0,0,0,0,0,1,0,0,0,0,0,0,0,0,0,1,0,0,0,1,0,0,0,0,0,0,0,0,1,0,0,0,0,1,0,0,0,0,1,0,0,0,0,0,0,0,0,0,0,0,0,0,0,1,0,0,0,0,0,0,0,0,0,0,0,0,0,0,0,0,0,1,0,0,1,0,0,0,0,0,0,1,0,0,0,0,0,1,0,0,0,0,0,0,1,0,0,1,0,0
1443,1,0.6866853341578308,0.3196627683937417,0.0,0.0,0.0,0.0,2.0,0.0,0.75,0.3684210526315789,0.9918723682777081,1.8422747575632559,0.0,0.8422747575632559,0.0,1.7473143510832982,0.4,0.5299026425591099,0.0,0.0,-0.481976311264446,0.04384653712007972,0.5,0.0,-0.14271092894356843,1.0727773217400074,0.0,0.7134790576946567,1.0,0.0,0.0,1.0,0.0,0.0,2.0,2.0,0.0,0.0,0.75,1.0,1.0,1.3945147679324894,0.0,0.0,0.0,1.0,0.18175212550108566,0.0,0.0,0.0,0.0,0.0,0.0,0.0,4,2009,一般保證契約,一般交易,310000,12.644330802262578,0,0,0,0,0,0,0,0,1,0,0,0,0,0,0,0,0,0,1,0,0,0,0,1,0,1,0,0,0,0,0,0,0,0,0,0,0,0,0,0,0,0,0,0,0,0,0,0,0,0,1,0,0,0,0,0,1,0,0,0,0,0,0,0,1,0,0,0,0,0,0,0,1,0,0,0,0,0,0,0,0,1,0,0,0,0,0,1,0,0,0,0,1,0,0,0,0,1,0,0,0,0,0,0,0,0,0,0,0,0,0,0,1,0,0,0,0,0,0,0,0,0,0,0,0,0,0,0,0,1,0,0,0,1,0,0,0,0,0,0,1,0,0,0,0,0,1,0,0,0,0,0,0,1,0,0,1,0,0
1444,0,-1.010234332078765,-0.18650494519347263,0.0,0.0,0.0,0.0,0.0,1.0,-1.1666666666666667,-1.1578947368421053,0.0,0.0,0.0,-1.0,0.0,0.0,-0.6,-0.5340751043115438,0.0,0.0,0.5666123503632752,-0.08570004982561036,-1.0,-0.7304631471189668,-0.30627751390977903,0.0,0.0,-0.948285456579779,0.0,0.0,-1.0,0.0,-1.0,0.0,-1.0,-1.0,0.0,0.0,0.5,-1.0,-1.0,-1.2215189873417722,-0.3466451177569989,-0.8104996085138084,-0.4638544907568095,0.0,0.37740612789636735,0.0,0.0,4.969939052451074,0.0,0.0,0.0,0.0,5,2009,一般保證契約,一般交易,121000,11.703554089007538,0,0,1,0,0,0,0,0,0,0,0,0,0,0,0,0,1,0,0,0,0,0,0,1,0,1,0,0,0,0,0,0,0,0,0,0,0,0,0,1,0,0,0,0,0,0,0,0,0,0,0,0,0,0,0,0,1,0,0,0,0,0,0,0,1,0,0,0,0,0,0,0,1,0,0,0,0,1,0,0,0,0,0,0,0,0,0,1,0,0,0,0,1,0,0,0,0,0,0,0,1,0,0,0,0,0,0,0,0,0,0,0,0,0,0,0,1,0,0,0,0,0,0,0,0,0,0,0,1,0,0,0,0,0,0,0,1,0,0,0,0,1,0,0,1,0,0,0,0,0,0,1,0,0,0,0,1,0,0
1445,1,-0.3637131127598576,-0.27972316497664035,0.0,0.0,0.0,0.0,0.5,0.0,0.6666666666666666,0.2631578947368421,0.8813236641011549,1.0,0.0,0.0,0.0,1.7473143510832982,-0.6,-0.5340751043115438,0.0,0.0,0.9268906280942675,0.8510214250124564,0.5,0.0,0.5924455120014701,0.0,0.0,-0.07748819579697128,0.0,0.0,0.0,0.0,0.0,0.0,1.0,0.5,0.0,-1.0,-0.5,0.0,0.0,0.609704641350211,0.0,0.0,0.0,1.0374820403803926,0.22418808858595582,0.0,0.0,0.0,0.0,0.0,0.0,0.0,11,2007,一般保證契約,一般交易,179600,12.098493002763465,0,0,0,1,0,0,0,0,0,0,0,0,0,0,0,0,1,0,0,0,0,0,0,1,0,0,1,0,0,0,0,0,0,0,0,0,1,0,0,0,0,0,0,0,0,0,0,0,0,0,0,0,0,0,0,0,1,0,0,0,0,0,0,0,1,0,0,0,0,0,0,0,1,0,0,0,0,0,1,0,0,0,0,0,0,0,0,1,0,0,0,0,1,0,0,0,0,1,0,0,0,0,0,0,0,0,0,0,0,0,0,0,1,0,0,0,0,0,0,0,0,0,0,0,0,0,0,0,0,0,1,0,0,1,0,0,0,0,0,0,1,0,0,0,0,0,1,0,0,0,0,0,0,1,0,0,1,0,0
1446,3,0.0,-0.30665332785834487,0.0,0.0,0.0,0.0,0.0,0.0,-0.125,-0.7368421052631579,0.0,0.0,0.0,-1.0,0.0,2.3495966477454164,-0.4,-0.27399165507649514,0.8104996085138084,10.856100386394715,-3.1687229326517117,-0.36073741903338313,0.0,0.0,-0.3968738872278179,0.0,0.0,-1.0360667545410884,1.0,0.0,-1.0,0.0,0.0,0.0,0.0,0.0,0.0,-1.0,-0.5,-1.0,-1.0,-1.018987341772152,0.0,0.0,0.0,0.0,-0.7117967261714493,8.622253717854797,0.0,0.0,0.0,0.0,0.0,0.0,5,2007,一般保證契約,一般交易,129000,11.767575435251748,0,0,0,0,0,0,0,0,0,0,0,0,0,1,0,0,1,0,0,0,0,0,0,1,0,1,0,0,0,0,0,0,0,0,0,0,0,0,0,0,0,0,0,0,0,0,0,1,0,0,0,0,0,0,0,0,1,0,0,0,0,0,0,0,1,0,0,0,0,0,0,0,1,0,0,0,0,0,0,0,0,0,0,1,0,0,0,1,0,0,0,0,1,0,0,0,0,1,0,0,0,0,0,0,0,0,0,0,0,0,0,0,1,0,0,0,0,0,0,0,0,0,0,0,0,0,0,0,1,0,0,0,0,0,1,0,0,0,0,0,1,0,0,0,0,0,1,0,0,0,0,1,0,0,0,0,1,0,0
1447,4,0.04944338438861053,2.5074632667085903,0.0,0.0,-1.0,0.0,-0.5,2.0,-0.20833333333333334,-0.8421052631578947,1.0386501103599826,0.0,0.0,-1.0,0.0,0.0,-0.2,0.2906815020862309,0.0,0.0,0.17143659250129706,0.3846537120079721,-0.5,0.0,0.1830204359150012,0.0,0.0,-0.47419132287040344,0.0,0.0,-1.0,0.0,0.0,0.0,0.0,0.0,0.0,-1.0,-0.5,-1.0,-1.0,-0.7151898734177216,0.0,0.0,-0.4638544907568095,1.1266472665223402,0.09944701964073181,0.0,0.0,0.0,0.0,0.0,0.0,0.0,4,2010,一般保證契約,一般交易,157900,11.969723533345908,0,0,0,1,0,0,0,0,0,0,0,0,0,0,0,0,1,0,0,0,0,0,0,1,0,0,0,1,0,0,0,0,0,0,0,0,0,0,0,0,0,0,0,0,0,0,1,0,0,0,0,0,0,0,0,0,1,0,0,0,0,0,0,0,1,0,0,0,0,0,0,0,1,0,0,0,0,0,1,0,0,0,0,0,0,0,0,1,0,0,0,0,1,0,0,0,0,0,0,0,0,0,0,0,0,0,0,0,1,0,0,0,0,0,0,0,0,0,0,0,0,0,0,0,1,0,0,0,0,0,1,0,0,0,1,0,0,0,0,0,1,0,0,0,0,0,1,0,0,0,0,0,0,1,0,0,1,0,0
1449,2,0.0,0.479402487335622,0.0,0.0,0.0,0.0,-1.0,2.0,-1.2916666666666667,0.15789473684210525,0.0,0.0,0.0,-2.24080411332851,0.0,0.0,-0.6,-0.5340751043115438,0.0,0.0,0.1224789725469801,-0.866965620328849,0.0,-0.7304631471189668,-0.6899131555245103,0.9345157272498436,0.0,-0.1998235217996728,0.0,0.0,-1.0,1.0,-1.0,0.0,0.0,0.0,-0.3846268403045294,-1.0,-0.5,-1.0,-1.0,-0.41139240506329117,-0.3466451177569989,0.0,0.0,1.0,-0.03050025401873223,0.0,0.0,0.0,0.0,0.0,1.1943176378757763,0.0,5,2007,一般保證契約,一般交易,112000,11.626263078808801,1,0,0,0,0,0,0,0,0,0,0,0,0,0,0,0,1,0,0,0,0,0,0,1,0,1,0,0,0,0,0,0,0,0,0,0,0,0,0,0,0,1,0,0,0,0,0,0,0,0,0,0,0,0,0,0,1,0,0,0,0,0,0,0,1,0,0,0,0,0,0,0,1,0,0,0,0,0,0,0,0,1,0,0,0,0,0,1,0,0,0,0,1,0,0,0,0,0,0,0,0,0,0,0,0,0,0,0,0,1,0,0,0,0,0,0,0,0,0,0,0,0,0,0,1,0,0,0,1,0,0,0,0,0,1,0,0,0,0,0,1,0,0,0,0,0,1,0,0,0,0,1,0,0,0,0,1,0,0
1452,0,0.3800798242425943,-0.08291763489231646,0.0,0.0,0.0,0.0,1.0,0.0,0.75,0.39473684210526316,1.04609264205851,1.0,0.0,0.0,0.0,0.0,-0.6,-0.5340751043115438,0.0,0.0,1.0209850481138092,1.1519681116093672,0.5,0.0,0.8346055209743144,0.0,0.0,0.15714724404933908,0.0,0.0,0.0,0.0,0.0,0.0,2.0,0.5,0.0,0.0,0.5,1.0,1.0,1.5126582278481013,0.0,0.0,0.0,0.0,0.07725337927507323,0.0,0.0,0.0,0.0,0.0,0.0,0.0,5,2009,新屋,預售屋(估價時未完工),287090,12.567554517655415,0,0,0,1,0,0,0,0,0,0,0,0,0,0,0,0,1,0,0,0,0,0,0,1,0,1,0,0,0,0,0,0,0,0,0,0,0,0,0,0,0,0,0,0,0,0,0,0,0,0,1,0,0,0,0,0,1,0,0,0,0,0,0,0,1,0,0,0,0,0,0,0,1,0,0,0,0,0,1,0,0,0,0,0,0,0,0,1,0,0,0,0,1,0,0,0,0,0,0,0,0,0,1,0,0,0,0,0,0,0,0,0,0,0,0,0,0,0,1,0,0,0,0,0,0,0,0,0,0,1,0,0,0,1,0,0,0,0,0,0,1,0,0,0,0,0,1,0,0,0,0,0,0,1,0,0,1,0,0
1453,0,-2.280291190407216,-2.074193345900712,0.0,0.0,0.0,0.0,-0.5,0.0,0.6875,0.2894736842105263,0.8097905954079107,0.0,0.0,0.0,0.0,2.3495966477454164,0.4,0.2267037552155772,0.0,0.0,-3.1687229326517117,-0.8928749377179871,0.0,0.0,-0.04601787971398502,0.0,0.0,-0.6961127960203805,1.0,0.0,-1.0,0.0,-1.0,0.0,0.0,-0.5,0.0,-1.0,-0.5,1.0,0.0,0.18354430379746836,0.0,0.0,0.0,0.0,0.009549770389255476,0.0,0.0,0.0,0.0,0.0,0.0,0.0,5,2006,一般保證契約,一般交易,145000,11.884495917930655,0,0,0,0,0,0,0,0,0,0,0,1,0,0,0,1,0,0,0,0,0,0,0,1,0,1,0,0,0,0,0,0,0,0,0,0,0,0,0,0,0,1,0,0,0,0,0,0,0,0,0,0,0,0,0,0,1,0,0,0,0,0,0,0,1,0,0,0,0,0,0,0,0,0,1,0,0,0,0,0,0,0,1,0,0,0,0,1,0,0,0,0,1,0,0,0,0,1,0,0,0,0,0,0,0,0,0,0,0,0,0,0,1,0,0,0,0,0,0,0,0,0,0,0,0,0,0,0,0,0,1,0,0,1,0,0,0,0,0,0,1,0,0,0,0,0,1,0,1,0,0,0,0,0,0,0,1,0,0
1454,0,0.8929485771758422,1.4161086130137703,0.0,0.0,0.0,0.0,-0.5,0.0,0.7083333333333334,0.3157894736842105,0.0,0.0,0.0,0.0,0.0,0.0,-0.6,-0.5340751043115438,0.0,0.0,0.7257341360366533,0.28898854010961633,0.5,0.0,0.09065569452405733,0.0,0.0,-0.5636860409061346,0.0,0.0,-1.0,0.0,0.0,0.0,0.0,0.0,0.0,-1.0,-0.5,-2.0,-2.0,-2.0316455696202533,-1.5409627556327752,-1.5409627556327752,0.0,0.6203918884281814,0.2036034778236525,0.0,0.0,0.0,0.0,0.0,0.0,0.0,7,2006,一般保證契約,異常交易(如法拍),84500,11.344518647594766,0,0,0,1,0,0,0,0,0,0,0,0,0,0,0,0,1,0,0,0,0,0,0,1,0,1,0,0,0,0,0,0,0,0,0,0,0,0,0,0,0,0,0,0,0,0,1,0,0,0,0,0,0,0,0,0,1,0,0,0,0,0,0,0,1,0,0,0,0,0,0,0,1,0,0,0,0,0,1,0,0,0,0,0,0,0,0,1,0,0,0,0,1,0,0,0,0,1,0,0,0,0,0,0,0,0,0,0,0,0,0,0,1,0,0,0,0,0,0,0,0,0,0,0,0,0,0,0,1,0,0,0,0,1,0,0,0,0,0,0,1,0,0,0,0,0,1,0,0,0,1,0,0,0,0,0,1,0,0
1455,2,-0.41840364506359273,-0.5621327824353822,0.0,1.1943176378757763,0.0,0.0,0.5,0.0,0.6666666666666666,0.2894736842105263,0.0,1.0,0.0,0.0,0.0,0.0,0.4,0.03616133518776078,0.0,0.0,0.4286705605900202,0.4504235176880917,0.5,0.0,0.24469936668723632,0.0,0.0,-0.4144289239822518,1.0,0.0,0.0,0.0,-1.0,0.0,1.0,0.0,0.0,-1.0,-0.5,0.0,0.0,-0.3438818565400844,0.0,0.0,0.0,0.0,0.42417810909312953,0.0,0.0,0.0,0.0,0.0,0.0,0.0,10,2009,一般保證契約,一般交易,185000,12.128116509451258,0,0,0,1,0,0,0,0,0,0,0,0,0,0,0,0,0,0,1,0,0,0,0,1,0,1,0,0,0,0,0,0,0,0,0,0,0,0,0,0,0,0,0,0,0,0,0,0,0,0,1,0,0,0,0,0,1,0,0,0,0,0,0,0,1,0,0,0,0,0,0,0,1,0,0,0,0,0,1,0,0,0,0,0,0,0,0,1,0,0,0,0,1,0,0,0,0,1,0,0,0,0,0,0,0,0,0,0,0,0,0,0,1,0,0,0,0,0,0,0,0,0,0,0,0,0,0,0,1,0,0,0,0,1,0,0,0,0,0,0,1,0,0,0,0,0,1,0,0,0,0,0,0,1,0,0,1,0,0
1456,2,-0.41840364506359273,-0.4406949710094426,0.0,0.0,0.0,0.0,0.0,0.0,0.5625,0.15789473684210525,0.0,0.0,0.0,0.0,0.0,0.0,-0.6,-0.5340751043115438,0.0,0.0,0.5675268496092295,-0.08370702541106129,0.5,0.0,-0.3039962730459287,0.9886319308616783,0.0,0.2546871661133536,0.0,0.0,0.0,1.0,0.0,0.0,0.0,0.5,0.0,0.0,0.25,0.0,0.0,-0.09071729957805907,0.0,0.0,0.0,0.0,0.10653066162035559,0.0,0.0,0.0,0.0,0.0,0.0,0.0,8,2007,一般保證契約,一般交易,175000,12.07254696717504,0,0,0,0,0,0,0,0,1,0,0,0,0,0,0,0,1,0,0,0,0,0,0,1,0,1,0,0,0,0,0,0,0,0,0,1,0,0,0,0,0,0,0,0,0,0,0,0,0,0,0,0,0,0,0,0,1,0,0,0,0,0,0,0,1,0,0,0,0,0,0,0,1,0,0,0,0,0,0,0,0,1,0,0,0,0,0,1,0,0,0,0,1,0,0,0,0,1,0,0,0,0,0,0,0,0,0,0,0,0,0,0,1,0,0,0,0,0,0,0,0,0,0,0,0,0,0,0,1,0,0,0,0,1,0,0,0,0,0,0,1,0,0,0,0,0,1,0,0,0,0,0,0,1,0,0,1,0,0
1457,2,0.6866853341578308,0.752003202788202,0.0,0.0,0.0,0.0,0.0,1.0,0.125,-0.15789473684210525,0.9116673473768234,0.0,0.0,0.0,0.0,0.0,0.2,0.564673157162726,0.8104996085138084,7.659675454722641,0.1632205327811983,1.0901843547583459,-0.5,0.0,1.4876282917724966,0.0,0.0,0.7898788239076389,1.0,0.0,0.0,0.0,0.0,0.0,0.0,0.5,-0.18059459163956637,1.0,0.25,-1.0,0.0,0.07805907172995781,0.0,0.0,0.0,1.2149818841539768,-0.7117967261714493,0.0,0.0,0.0,0.0,0.0,1.5409627556327752,0.0,2,2010,一般保證契約,一般交易,210000,12.25486757159303,0,0,0,1,0,0,0,0,0,0,0,0,0,0,0,0,1,0,0,0,0,0,0,1,0,1,0,0,0,0,0,0,0,0,0,0,0,0,0,0,0,0,0,0,0,0,0,0,0,0,0,0,1,0,0,0,1,0,0,0,0,0,0,0,1,0,0,0,0,0,0,0,1,0,0,0,0,0,1,0,0,0,0,0,0,0,0,1,0,0,0,0,1,0,0,0,0,0,0,1,0,0,0,0,0,0,0,0,0,0,0,0,0,0,0,1,0,0,0,0,0,0,0,0,0,0,0,0,0,1,0,0,0,0,1,0,0,0,0,0,1,0,0,0,0,0,1,0,0,0,0,0,0,1,0,0,1,0,0
1458,2,-0.20389035669044683,-0.13828030916172473,0.0,0.0,0.0,0.0,0.5,4.0,-0.6458333333333334,0.3157894736842105,0.0,1.8422747575632559,0.2793713480100486,-1.0,0.2793713480100486,0.0,0.4,-0.15159944367176634,0.0,0.0,0.4955812265118449,0.3129048330842053,0.5,0.0,0.1830204359150012,1.1133624027408249,0.0,1.0792781142738386,0.0,0.0,0.0,0.0,1.0,0.0,1.0,1.5,0.0,1.0,0.5,0.0,-1.0,-0.9683544303797469,0.0,0.0,0.0,0.0,0.22418808858595582,0.0,0.0,0.0,0.0,0.0,1.8203341036428238,14.892193453425442,5,2010,一般保證契約,一般交易,266500,12.493133274926212,0,0,0,0,0,0,0,1,0,0,0,0,0,0,0,0,1,0,0,0,0,0,0,1,0,1,0,0,0,0,1,0,0,0,0,0,0,0,0,0,0,0,0,0,0,0,0,0,0,0,0,0,0,0,0,0,1,0,0,0,0,0,0,0,1,0,0,0,0,0,0,0,1,0,0,0,0,0,0,0,0,1,0,0,0,0,0,1,0,0,0,0,1,0,0,0,0,0,0,0,0,0,1,0,0,0,0,0,0,0,0,0,0,0,0,0,0,0,1,0,0,0,0,0,0,0,0,0,1,0,0,0,0,0,0,1,0,0,0,0,1,0,0,0,0,0,1,0,0,0,0,0,0,1,1,0,0,0,0
1459,3,-0.10068914480903793,0.028124542660336545,0.0,0.0,0.0,0.0,-0.5,1.0,-0.4583333333333333,0.05263157894736842,0.0,0.0,0.0,-1.0,0.0,1.0,0.4,-0.4659248956884562,0.8104996085138084,12.206045858465663,-3.1687229326517117,0.1654210264075735,0.0,0.0,-0.033666786239455126,0.0,0.0,-0.6841454845626732,1.0,0.0,-1.0,0.0,-1.0,0.0,1.0,-0.5,0.0,-1.0,-0.5,-1.0,-1.0,-1.018987341772152,0.0,0.0,0.0,1.229818494407151,-0.7117967261714493,6.88118732376381,0.0,0.0,0.0,0.0,0.0,0.0,4,2010,一般保證契約,一般交易,142125,11.864469267087891,0,0,0,1,0,0,0,0,0,0,0,0,0,0,0,0,1,0,0,0,0,0,0,1,0,1,0,0,0,0,0,0,0,0,1,0,0,0,0,0,0,0,0,0,0,0,0,0,0,0,0,0,0,0,0,0,1,0,0,0,0,0,0,0,1,0,0,0,0,0,0,0,1,0,0,0,0,0,1,0,0,0,0,0,0,1,0,0,0,0,0,0,1,0,0,0,0,0,0,0,0,0,0,0,0,0,0,0,0,1,0,0,0,0,0,0,0,0,0,0,0,0,0,0,0,1,0,0,1,0,0,0,0,0,1,0,0,0,0,0,1,0,0,0,0,1,0,0,0,0,0,0,0,1,0,0,1,0,0
1460,1,0.24155735878839998,0.08023782727411133,0.0,0.0,0.0,0.0,-0.5,1.0,-0.14583333333333334,-0.7631578947368421,0.0,1.0,0.0,-1.0,0.0,0.0,0.0,0.6203059805285118,0.4638544907568095,8.946560885133437,-0.900766999873847,0.5201793721973094,0.0,0.0,0.3085881896818941,0.0,0.0,-0.3525253002245584,1.0,0.0,-1.0,1.0,0.0,0.0,0.0,0.0,0.0,-1.0,-0.5,1.0,-1.0,-0.8670886075949367,0.0,0.0,0.0,1.4605564698984943,0.26213018994900694,0.0,0.0,0.0,0.0,0.0,0.0,0.0,6,2008,一般保證契約,一般交易,147500,11.901590234400047,0,0,0,1,0,0,0,0,0,0,0,0,0,0,0,0,1,0,0,0,0,0,0,1,0,1,0,0,0,0,0,0,0,0,0,0,0,0,0,0,0,1,0,0,0,0,0,0,0,0,0,0,0,0,0,0,1,0,0,0,0,0,0,0,1,0,0,0,0,0,0,0,1,0,0,0,0,0,1,0,0,0,0,0,0,0,0,1,0,0,0,0,1,0,0,0,0,0,0,0,0,0,0,0,0,0,0,0,1,0,0,0,0,0,0,0,0,0,0,0,0,0,0,0,1,0,0,0,1,0,0,0,0,0,1,0,0,0,0,0,1,0,0,0,0,0,1,0,0,0,0,0,0,1,0,0,1,0,0
