編號,CV折號,住宅類型,土地分區,臨街長度英尺,地塊面積平方英尺,道路鋪面,巷道,地塊形狀,地形,地塊位置,坡度,社區,鄰近條件1,鄰近條件2,建物型態,樓層樣式,整體品質1到10分,整體狀況1到10分,建造年份,改建年份,屋頂樣式,屋頂材料,外牆材料1,外牆材料2,砌面類型,砌面面積平方英尺,外牆品質,外牆狀況,地基類型,地下室高度品質,地下室狀況,地下室採光,地下室完工區1品質,地下室完工區1面積平方英尺,地下室完工區2品質,地下室完工區2面積平方英尺,地下室未完工面積平方英尺,地下室總面積平方英尺,暖氣類型,暖氣品質,中央空調,電力系統,一樓面積平方英尺,二樓面積平方英尺,低品質完工面積平方英尺,地上居住面積平方英尺,地下室全套衛浴數,地下室半套衛浴數,地上全套衛浴數,地上半套衛浴數,地上臥室數,地上廚房數,廚房品質,地上房間總數,居家功能性,壁爐數,壁爐品質,車庫類型,車庫內裝,車庫車位數,車庫面積平方英尺,車庫品質,車庫狀況,車道鋪面,木平台面積平方英尺,開放門廊面積平方英尺,封閉門廊面積平方英尺,三季門廊面積平方英尺,紗窗門廊面積平方英尺,泳池面積平方英尺,泳池品質,圍籬,其他設施,其他設施價值美元,成交月份,成交年份,交易類型,交易條件,總價美元,log總價
1,2,2層樓(1946年後),低密度住宅區,65.0,8450,柏油路,無巷道,規則,平坦,內側地,緩坡,學院溪(CollgCr),正常,正常,獨棟,2層樓,7,5,2003,2003,山形頂,標準瀝青瓦,乙烯基壁板,乙烯基壁板,面磚,196.0,良好,普通,澆置混凝土,良好,普通,無採光,優良居住空間,706,未完工,0,150,856,瓦斯熱風,極佳,有,標準斷路器,856,854,0,1710,1,0,2,1,3,1,良好,8,正常,0,無壁爐,連接主屋,粗略完工,2,548,普通,普通,鋪面,0,61,0,0,0,0,無泳池,無圍籬,無其他設施,0,2,2008,一般保證契約,一般交易,208500,12.24769911637256
2,4,1層樓(1946年後),低密度住宅區,80.0,9600,柏油路,無巷道,規則,平坦,兩面臨路,緩坡,文克(Veenker),鄰近支線道路,正常,獨棟,1層樓,6,8,1976,1976,山形頂,標準瀝青瓦,金屬壁板,金屬壁板,無砌面,0.0,普通,普通,煤渣磚,良好,普通,採光良好,普通居住空間,978,未完工,0,284,1262,瓦斯熱風,極佳,有,標準斷路器,1262,0,0,1262,0,1,2,0,3,1,普通,6,正常,1,普通,連接主屋,粗略完工,2,460,普通,普通,鋪面,298,0,0,0,0,0,無泳池,無圍籬,無其他設施,0,5,2007,一般保證契約,一般交易,181500,12.109016442313738
3,1,2層樓(1946年後),低密度住宅區,68.0,11250,柏油路,無巷道,略不規則,平坦,內側地,緩坡,學院溪(CollgCr),正常,正常,獨棟,2層樓,7,5,2001,2002,山形頂,標準瀝青瓦,乙烯基壁板,乙烯基壁板,面磚,162.0,良好,普通,澆置混凝土,良好,普通,採光少,優良居住空間,486,未完工,0,434,920,瓦斯熱風,極佳,有,標準斷路器,920,866,0,1786,1,0,2,1,3,1,良好,6,正常,1,普通,連接主屋,粗略完工,2,608,普通,普通,鋪面,0,42,0,0,0,0,無泳池,無圍籬,無其他設施,0,9,2008,一般保證契約,一般交易,223500,12.317171167298682
4,1,2層樓(1945年前),低密度住宅區,60.0,9550,柏油路,無巷道,略不規則,平坦,角地,緩坡,克勞福德(Crawfor),正常,正常,獨棟,2層樓,7,5,1915,1970,山形頂,標準瀝青瓦,木壁板,木瓦,無砌面,0.0,普通,普通,磚與瓦,普通,良好,無採光,普通居住空間,216,未完工,0,540,756,瓦斯熱風,良好,有,標準斷路器,961,756,0,1717,1,0,1,0,3,1,良好,7,正常,1,良好,獨立車庫,未完工,3,642,普通,普通,鋪面,0,35,272,0,0,0,無泳池,無圍籬,無其他設施,0,2,2006,一般保證契約,異常交易(如法拍),140000,11.849404844423074
5,3,2層樓(1946年後),低密度住宅區,84.0,14260,柏油路,無巷道,略不規則,平坦,兩面臨路,緩坡,北嶺(NoRidge),正常,正常,獨棟,2層樓,8,5,2000,2000,山形頂,標準瀝青瓦,乙烯基壁板,乙烯基壁板,面磚,350.0,良好,普通,澆置混凝土,良好,普通,採光普通,優良居住空間,655,未完工,0,490,1145,瓦斯熱風,極佳,有,標準斷路器,1145,1053,0,2198,1,0,2,1,4,1,良好,9,正常,1,普通,連接主屋,粗略完工,3,836,普通,普通,鋪面,192,84,0,0,0,0,無泳池,無圍籬,無其他設施,0,12,2008,一般保證契約,一般交易,250000,12.429220196836383
6,1,1.5層樓(已完工),低密度住宅區,85.0,14115,柏油路,無巷道,略不規則,平坦,內側地,緩坡,米切爾(Mitchel),正常,正常,獨棟,1.5層(二樓完工),5,5,1993,1995,山形頂,標準瀝青瓦,乙烯基壁板,乙烯基壁板,無砌面,0.0,普通,普通,木材,良好,普通,無採光,優良居住空間,732,未完工,0,64,796,瓦斯熱風,極佳,有,標準斷路器,796,566,0,1362,1,0,1,1,1,1,普通,5,正常,0,無壁爐,連接主屋,未完工,2,480,普通,普通,鋪面,40,30,0,320,0,0,無泳池,隱私性低,儲藏棚,700,10,2009,一般保證契約,一般交易,143000,11.870606902224587
7,1,1層樓(1946年後),低密度住宅區,75.0,10084,柏油路,無巷道,規則,平坦,內側地,緩坡,薩默塞特(Somerst),正常,正常,獨棟,1層樓,8,5,2004,2005,山形頂,標準瀝青瓦,乙烯基壁板,乙烯基壁板,石材,186.0,良好,普通,澆置混凝土,極佳,普通,採光普通,優良居住空間,1369,未完工,0,317,1686,瓦斯熱風,極佳,有,標準斷路器,1694,0,0,1694,1,0,2,0,3,1,良好,7,正常,1,良好,連接主屋,粗略完工,2,636,普通,普通,鋪面,255,57,0,0,0,0,無泳池,無圍籬,無其他設施,0,8,2007,一般保證契約,一般交易,307000,12.634606283893019
8,2,2層樓(1946年後),低密度住宅區,80.0,10382,柏油路,無巷道,略不規則,平坦,角地,緩坡,西北艾姆斯(NWAmes),鄰近公園綠地等正面設施,正常,獨棟,2層樓,7,6,1973,1973,山形頂,標準瀝青瓦,硬質纖維板,硬質纖維板,石材,240.0,普通,普通,煤渣磚,良好,普通,採光少,普通居住空間,859,低於平均居住空間,32,216,1107,瓦斯熱風,極佳,有,標準斷路器,1107,983,0,2090,1,0,2,1,3,1,普通,7,正常,2,普通,連接主屋,粗略完工,2,484,普通,普通,鋪面,235,204,228,0,0,0,無泳池,無圍籬,儲藏棚,350,11,2009,一般保證契約,一般交易,200000,12.206077645517674
9,3,1.5層樓(已完工),中密度住宅區,51.0,6120,柏油路,無巷道,規則,平坦,內側地,緩坡,舊城區(OldTown),鄰近主幹道,正常,獨棟,1.5層(二樓完工),7,5,1931,1950,山形頂,標準瀝青瓦,面磚,木瓦,無砌面,0.0,普通,普通,磚與瓦,普通,普通,無採光,未完工,0,未完工,0,952,952,瓦斯熱風,良好,有,保險絲(普通),1022,752,0,1774,0,0,2,0,2,2,普通,8,輕微扣分1,2,普通,獨立車庫,未完工,2,468,尚可,普通,鋪面,90,0,205,0,0,0,無泳池,無圍籬,無其他設施,0,4,2008,一般保證契約,異常交易(如法拍),129900,11.774527900858468
10,2,兩戶改建住宅,低密度住宅區,50.0,7420,柏油路,無巷道,規則,平坦,角地,緩坡,布魯克賽德(BrkSide),鄰近主幹道,鄰近主幹道,兩戶改建,1.5層(二樓未完工),5,6,1939,1950,山形頂,標準瀝青瓦,金屬壁板,金屬壁板,無砌面,0.0,普通,普通,磚與瓦,普通,普通,無採光,優良居住空間,851,未完工,0,140,991,瓦斯熱風,極佳,有,標準斷路器,1077,0,0,1077,1,0,1,0,2,2,普通,5,正常,2,普通,連接主屋,粗略完工,1,205,良好,普通,鋪面,0,4,0,0,0,0,無泳池,無圍籬,無其他設施,0,1,2008,一般保證契約,一般交易,118000,11.678448377988165
11,0,1層樓(1946年後),低密度住宅區,70.0,11200,柏油路,無巷道,規則,平坦,內側地,緩坡,索耶(Sawyer),正常,正常,獨棟,1層樓,5,5,1965,1965,四坡頂,標準瀝青瓦,硬質纖維板,硬質纖維板,無砌面,0.0,普通,普通,煤渣磚,普通,普通,無採光,一般娛樂空間,906,未完工,0,134,1040,瓦斯熱風,極佳,有,標準斷路器,1040,0,0,1040,1,0,1,0,3,1,普通,5,正常,0,無壁爐,獨立車庫,未完工,1,384,普通,普通,鋪面,0,0,0,0,0,0,無泳池,無圍籬,無其他設施,0,2,2008,一般保證契約,一般交易,129500,11.771443882099637
12,2,2層樓(1946年後),低密度住宅區,85.0,11924,柏油路,無巷道,略不規則,平坦,內側地,緩坡,北嶺高地(NridgHt),正常,正常,獨棟,2層樓,9,5,2005,2006,四坡頂,標準瀝青瓦,木瓦,木瓦,石材,286.0,極佳,普通,澆置混凝土,極佳,普通,無採光,優良居住空間,998,未完工,0,177,1175,瓦斯熱風,極佳,有,標準斷路器,1182,1142,0,2324,1,0,3,0,4,1,極佳,11,正常,2,良好,內建車庫,已完工,3,736,普通,普通,鋪面,147,21,0,0,0,0,無泳池,無圍籬,無其他設施,0,7,2006,新屋,預售屋(估價時未完工),345000,12.75130259456002
13,1,1層樓(1946年後),低密度住宅區,70.5,12968,柏油路,無巷道,中度不規則,平坦,內側地,緩坡,索耶(Sawyer),正常,正常,獨棟,1層樓,5,6,1962,1962,四坡頂,標準瀝青瓦,硬質纖維板,夾板,無砌面,0.0,普通,普通,煤渣磚,普通,普通,無採光,普通居住空間,737,未完工,0,175,912,瓦斯熱風,普通,有,標準斷路器,912,0,0,912,1,0,1,0,2,1,普通,4,正常,0,無壁爐,獨立車庫,未完工,1,352,普通,普通,鋪面,140,0,0,0,176,0,無泳池,無圍籬,無其他設施,0,9,2008,一般保證契約,一般交易,144000,11.87757552297847
14,4,1層樓(1946年後),低密度住宅區,91.0,10652,柏油路,無巷道,略不規則,平坦,內側地,緩坡,學院溪(CollgCr),正常,正常,獨棟,1層樓,7,5,2006,2007,山形頂,標準瀝青瓦,乙烯基壁板,乙烯基壁板,石材,306.0,良好,普通,澆置混凝土,良好,普通,採光普通,未完工,0,未完工,0,1494,1494,瓦斯熱風,極佳,有,標準斷路器,1494,0,0,1494,0,0,2,0,3,1,良好,7,正常,1,良好,連接主屋,粗略完工,3,840,普通,普通,鋪面,160,33,0,0,0,0,無泳池,無圍籬,無其他設施,0,8,2007,新屋,預售屋(估價時未完工),279500,12.540761149388421
15,4,1層樓(1946年後),低密度住宅區,74.5,10920,柏油路,無巷道,略不規則,平坦,角地,緩坡,北艾姆斯(NAmes),正常,正常,獨棟,1層樓,6,5,1960,1960,四坡頂,標準瀝青瓦,金屬壁板,金屬壁板,面磚,212.0,普通,普通,煤渣磚,普通,普通,無採光,低於平均居住空間,733,未完工,0,520,1253,瓦斯熱風,普通,有,標準斷路器,1253,0,0,1253,1,0,1,1,2,1,普通,5,正常,1,尚可,連接主屋,粗略完工,1,352,普通,普通,鋪面,0,213,176,0,0,0,無泳池,木圍籬佳,無其他設施,0,5,2008,一般保證契約,一般交易,157000,11.964007453736912
17,2,1層樓(1946年後),低密度住宅區,74.5,11241,柏油路,無巷道,略不規則,平坦,死巷底,緩坡,北艾姆斯(NAmes),正常,正常,獨棟,1層樓,6,7,1970,1970,山形頂,標準瀝青瓦,木壁板,木壁板,面磚,180.0,普通,普通,煤渣磚,普通,普通,無採光,普通居住空間,578,未完工,0,426,1004,瓦斯熱風,極佳,有,標準斷路器,1004,0,0,1004,1,0,1,0,2,1,普通,5,正常,1,普通,連接主屋,已完工,2,480,普通,普通,鋪面,0,0,0,0,0,0,無泳池,無圍籬,儲藏棚,700,3,2010,一般保證契約,一般交易,149000,11.91170829631447
18,3,雙拼住宅,低密度住宅區,72.0,10791,柏油路,無巷道,規則,平坦,內側地,緩坡,索耶(Sawyer),正常,正常,雙拼,1層樓,4,5,1967,1967,山形頂,標準瀝青瓦,金屬壁板,金屬壁板,無砌面,0.0,普通,普通,板式,無地下室,無地下室,無地下室,無地下室,0,無地下室,0,0,0,瓦斯熱風,普通,有,標準斷路器,1296,0,0,1296,0,0,2,0,2,2,普通,6,正常,0,無壁爐,車棚,未完工,2,516,普通,普通,鋪面,0,0,0,0,0,0,無泳池,無圍籬,儲藏棚,500,10,2006,一般保證契約,一般交易,90000,11.407576060361786
19,3,1層樓(1946年後),低密度住宅區,66.0,13695,柏油路,無巷道,規則,平坦,內側地,緩坡,西索耶(SawyerW),緊鄰東西向鐵路,正常,獨棟,1層樓,5,5,2004,2004,山形頂,標準瀝青瓦,乙烯基壁板,乙烯基壁板,無砌面,0.0,普通,普通,澆置混凝土,普通,普通,無採光,優良居住空間,646,未完工,0,468,1114,瓦斯熱風,極佳,有,標準斷路器,1114,0,0,1114,1,0,1,1,3,1,良好,6,正常,0,無壁爐,獨立車庫,未完工,2,576,普通,普通,鋪面,0,102,0,0,0,0,無泳池,無圍籬,無其他設施,0,6,2008,一般保證契約,一般交易,159000,11.976665770490767
20,2,1層樓(1946年後),低密度住宅區,70.0,7560,柏油路,無巷道,規則,平坦,內側地,緩坡,北艾姆斯(NAmes),正常,正常,獨棟,1層樓,5,6,1958,1965,四坡頂,標準瀝青瓦,面磚,夾板,無砌面,0.0,普通,普通,煤渣磚,普通,普通,無採光,低品質空間,504,未完工,0,525,1029,瓦斯熱風,普通,有,標準斷路器,1339,0,0,1339,0,0,1,0,3,1,普通,6,輕微扣分1,0,無壁爐,連接主屋,未完工,1,294,普通,普通,鋪面,0,0,0,0,0,0,無泳池,隱私性低,無其他設施,0,5,2009,法院或遺產拍賣,異常交易(如法拍),139000,11.842236406331555
21,3,2層樓(1946年後),低密度住宅區,101.0,14215,柏油路,無巷道,略不規則,平坦,角地,緩坡,北嶺高地(NridgHt),正常,正常,獨棟,2層樓,8,5,2005,2006,山形頂,標準瀝青瓦,乙烯基壁板,乙烯基壁板,面磚,380.0,良好,普通,澆置混凝土,極佳,普通,採光普通,未完工,0,未完工,0,1158,1158,瓦斯熱風,極佳,有,標準斷路器,1158,1218,0,2376,0,0,3,1,4,1,良好,9,正常,1,良好,內建車庫,粗略完工,3,853,普通,普通,鋪面,240,154,0,0,0,0,無泳池,無圍籬,無其他設施,0,11,2006,新屋,預售屋(估價時未完工),325300,12.692506186542177
22,4,1.5層樓(未完工),中密度住宅區,57.0,7449,柏油路,碎石巷,規則,坡堤,內側地,緩坡,交通部與鐵路區(IDOTRR),正常,正常,獨棟,1.5層(二樓未完工),7,7,1930,1950,山形頂,標準瀝青瓦,木壁板,木壁板,無砌面,0.0,普通,普通,澆置混凝土,普通,普通,無採光,未完工,0,未完工,0,637,637,瓦斯熱風,極佳,有,保險絲(普通),1108,0,0,1108,0,0,1,0,3,1,良好,6,正常,1,良好,連接主屋,未完工,1,280,普通,普通,泥土或碎石,0,0,205,0,0,0,無泳池,隱私性佳,無其他設施,0,6,2007,一般保證契約,一般交易,139400,11.845109950883979
23,4,1層樓(1946年後),低密度住宅區,75.0,9742,柏油路,無巷道,規則,平坦,內側地,緩坡,學院溪(CollgCr),正常,正常,獨棟,1層樓,8,5,2002,2002,四坡頂,標準瀝青瓦,乙烯基壁板,乙烯基壁板,面磚,281.0,良好,普通,澆置混凝土,良好,普通,無採光,未完工,0,未完工,0,1777,1777,瓦斯熱風,極佳,有,標準斷路器,1795,0,0,1795,0,0,2,0,3,1,良好,7,正常,1,良好,連接主屋,粗略完工,2,534,普通,普通,鋪面,171,159,0,0,0,0,無泳池,無圍籬,無其他設施,0,9,2008,一般保證契約,一般交易,230000,12.345838935721968
25,3,1層樓(1946年後),低密度住宅區,70.5,8246,柏油路,無巷道,略不規則,平坦,內側地,緩坡,索耶(Sawyer),正常,正常,獨棟,1層樓,5,8,1968,2001,山形頂,標準瀝青瓦,夾板,夾板,無砌面,0.0,普通,良好,煤渣磚,普通,普通,採光少,一般娛樂空間,188,普通居住空間,668,204,1060,瓦斯熱風,極佳,有,標準斷路器,1060,0,0,1060,1,0,1,0,3,1,良好,6,正常,1,普通,連接主屋,未完工,1,270,普通,普通,鋪面,406,90,0,0,0,0,無泳池,隱私性低,無其他設施,0,5,2010,一般保證契約,一般交易,154000,11.944714374881176
26,0,1層樓(1946年後),低密度住宅區,110.0,14230,柏油路,無巷道,規則,平坦,角地,緩坡,北嶺高地(NridgHt),正常,正常,獨棟,1層樓,8,5,2007,2007,山形頂,標準瀝青瓦,乙烯基壁板,乙烯基壁板,石材,640.0,良好,普通,澆置混凝土,良好,普通,無採光,未完工,0,未完工,0,1566,1566,瓦斯熱風,極佳,有,標準斷路器,1600,0,0,1600,0,0,2,0,3,1,良好,7,正常,1,良好,連接主屋,粗略完工,3,890,普通,普通,鋪面,0,56,0,0,0,0,無泳池,無圍籬,無其他設施,0,7,2009,一般保證契約,一般交易,256300,12.454107814022272
27,2,1層樓(1946年後),低密度住宅區,60.0,7200,柏油路,無巷道,規則,平坦,角地,緩坡,北艾姆斯(NAmes),正常,正常,獨棟,1層樓,5,7,1951,2000,山形頂,標準瀝青瓦,木壁板,木壁板,無砌面,0.0,普通,普通,煤渣磚,普通,普通,採光少,低於平均居住空間,234,一般娛樂空間,486,180,900,瓦斯熱風,普通,有,標準斷路器,900,0,0,900,0,1,1,0,3,1,良好,5,正常,0,無壁爐,獨立車庫,未完工,2,576,普通,普通,鋪面,222,32,0,0,0,0,無泳池,無圍籬,無其他設施,0,5,2010,一般保證契約,一般交易,134800,11.811554895830454
28,1,1層樓(1946年後),低密度住宅區,98.0,11478,柏油路,無巷道,規則,平坦,內側地,緩坡,北嶺高地(NridgHt),正常,正常,獨棟,1層樓,8,5,2007,2008,山形頂,標準瀝青瓦,乙烯基壁板,乙烯基壁板,石材,200.0,良好,普通,澆置混凝土,極佳,普通,無採光,優良居住空間,1218,未完工,0,486,1704,瓦斯熱風,極佳,有,標準斷路器,1704,0,0,1704,1,0,2,0,3,1,良好,7,正常,1,良好,連接主屋,粗略完工,3,772,普通,普通,鋪面,0,50,0,0,0,0,無泳池,無圍籬,無其他設施,0,5,2010,一般保證契約,一般交易,306000,12.631343648903034
29,3,1層樓(1946年後),低密度住宅區,47.0,16321,柏油路,無巷道,略不規則,平坦,死巷底,緩坡,北艾姆斯(NAmes),正常,正常,獨棟,1層樓,5,6,1957,1997,山形頂,標準瀝青瓦,金屬壁板,金屬壁板,無砌面,0.0,普通,普通,煤渣磚,普通,普通,採光良好,低於平均居住空間,1277,未完工,0,207,1484,瓦斯熱風,普通,有,標準斷路器,1600,0,0,1600,1,0,1,0,2,1,普通,6,正常,2,良好,連接主屋,粗略完工,1,319,普通,普通,鋪面,288,258,0,0,0,0,無泳池,無圍籬,無其他設施,0,12,2006,一般保證契約,一般交易,207500,12.242891437918386
32,1,1層樓(1946年後),低密度住宅區,70.5,8544,柏油路,無巷道,略不規則,平坦,死巷底,緩坡,索耶(Sawyer),正常,正常,獨棟,1層樓,5,6,1966,2006,山形頂,標準瀝青瓦,硬質纖維板,硬質纖維板,無砌面,0.0,普通,普通,煤渣磚,普通,普通,無採光,未完工,0,未完工,0,1228,1228,瓦斯熱風,良好,有,標準斷路器,1228,0,0,1228,0,0,1,1,3,1,良好,6,正常,0,無壁爐,連接主屋,未完工,1,271,普通,普通,鋪面,0,65,0,0,0,0,無泳池,隱私性低,無其他設施,0,6,2008,一般保證契約,一般交易,149350,11.914054519303125
34,2,1層樓(1946年後),低密度住宅區,70.0,10552,柏油路,無巷道,略不規則,平坦,內側地,緩坡,北艾姆斯(NAmes),正常,正常,獨棟,1層樓,5,5,1959,1959,四坡頂,標準瀝青瓦,面磚,面磚,無砌面,0.0,普通,普通,煤渣磚,普通,普通,無採光,一般娛樂空間,1018,未完工,0,380,1398,瓦斯熱風,良好,有,標準斷路器,1700,0,0,1700,0,1,1,1,4,1,良好,6,正常,1,良好,連接主屋,粗略完工,2,447,普通,普通,鋪面,0,38,0,0,0,0,無泳池,無圍籬,無其他設施,0,4,2010,一般保證契約,一般交易,165500,12.016732516077072
35,1,1層樓社區住宅(1946年後),低密度住宅區,60.0,7313,柏油路,無巷道,規則,平坦,內側地,緩坡,北嶺高地(NridgHt),正常,正常,連棟邊間,1層樓,9,5,2005,2005,四坡頂,標準瀝青瓦,金屬壁板,金屬壁板,面磚,246.0,極佳,普通,澆置混凝土,極佳,普通,無採光,優良居住空間,1153,未完工,0,408,1561,瓦斯熱風,極佳,有,標準斷路器,1561,0,0,1561,1,0,2,0,2,1,極佳,6,正常,1,良好,連接主屋,已完工,2,556,普通,普通,鋪面,203,47,0,0,0,0,無泳池,無圍籬,無其他設施,0,8,2007,一般保證契約,一般交易,277500,12.533579815765737
36,1,2層樓(1946年後),低密度住宅區,108.0,13418,柏油路,無巷道,規則,平坦,內側地,緩坡,北嶺高地(NridgHt),正常,正常,獨棟,2層樓,8,5,2004,2005,山形頂,標準瀝青瓦,乙烯基壁板,乙烯基壁板,石材,132.0,良好,普通,澆置混凝土,極佳,普通,採光普通,未完工,0,未完工,0,1117,1117,瓦斯熱風,極佳,有,標準斷路器,1132,1320,0,2452,0,0,3,1,4,1,良好,9,正常,1,良好,內建車庫,已完工,3,691,普通,普通,鋪面,113,32,0,0,0,0,無泳池,無圍籬,無其他設施,0,9,2006,一般保證契約,一般交易,309000,12.6410997921206
37,0,1層樓(1946年後),低密度住宅區,112.0,10859,柏油路,無巷道,規則,平坦,角地,緩坡,學院溪(CollgCr),正常,正常,獨棟,1層樓,5,5,1994,1995,山形頂,標準瀝青瓦,乙烯基壁板,乙烯基壁板,無砌面,0.0,普通,普通,澆置混凝土,良好,普通,無採光,未完工,0,未完工,0,1097,1097,瓦斯熱風,極佳,有,標準斷路器,1097,0,0,1097,0,0,1,1,3,1,普通,6,正常,0,無壁爐,連接主屋,未完工,2,672,普通,普通,鋪面,392,64,0,0,0,0,無泳池,無圍籬,無其他設施,0,6,2009,一般保證契約,一般交易,145000,11.884495917930655
38,3,1層樓(1946年後),低密度住宅區,74.0,8532,柏油路,無巷道,規則,平坦,內側地,緩坡,北艾姆斯(NAmes),正常,正常,獨棟,1層樓,5,6,1954,1990,四坡頂,標準瀝青瓦,木壁板,木壁板,面磚,650.0,普通,普通,煤渣磚,普通,普通,無採光,一般娛樂空間,1213,未完工,0,84,1297,瓦斯熱風,良好,有,標準斷路器,1297,0,0,1297,0,1,1,0,3,1,普通,5,正常,1,普通,連接主屋,已完工,2,498,普通,普通,鋪面,0,0,0,0,0,0,無泳池,無圍籬,無其他設施,0,10,2009,一般保證契約,一般交易,153000,11.938199736300925
39,1,1層樓(1946年後),低密度住宅區,68.0,7922,柏油路,無巷道,規則,平坦,內側地,緩坡,北艾姆斯(NAmes),正常,正常,獨棟,1層樓,5,7,1953,2007,山形頂,標準瀝青瓦,乙烯基壁板,乙烯基壁板,無砌面,0.0,普通,良好,煤渣磚,普通,普通,無採光,優良居住空間,731,未完工,0,326,1057,瓦斯熱風,普通,有,標準斷路器,1057,0,0,1057,1,0,1,0,3,1,良好,5,正常,0,無壁爐,獨立車庫,未完工,1,246,普通,普通,鋪面,0,52,0,0,0,0,無泳池,無圍籬,無其他設施,0,1,2010,一般保證契約,異常交易(如法拍),109000,11.599112335481124
40,4,雙拼住宅,低密度住宅區,65.0,6040,柏油路,無巷道,規則,平坦,內側地,緩坡,愛德華茲(Edwards),正常,正常,雙拼,1層樓,4,5,1955,1955,山形頂,標準瀝青瓦,石棉瓦,夾板,無砌面,0.0,普通,普通,澆置混凝土,無地下室,無地下室,無地下室,無地下室,0,無地下室,0,0,0,瓦斯熱風,普通,無,保險絲(差),1152,0,0,1152,0,0,2,0,2,2,尚可,6,正常,0,無壁爐,無車庫,無車庫,0,0,無車庫,無車庫,泥土或碎石,0,0,0,0,0,0,無泳池,無圍籬,無其他設施,0,6,2008,一般保證契約,購買相鄰土地,82000,11.314486721293981
41,3,1層樓(1946年後),低密度住宅區,84.0,8658,柏油路,無巷道,規則,平坦,內側地,緩坡,北艾姆斯(NAmes),正常,正常,獨棟,1層樓,6,5,1965,1965,山形頂,標準瀝青瓦,木壁板,木壁板,面磚,101.0,普通,普通,煤渣磚,普通,普通,無採光,一般娛樂空間,643,未完工,0,445,1088,瓦斯熱風,極佳,有,標準斷路器,1324,0,0,1324,0,0,2,0,3,1,普通,6,正常,1,普通,連接主屋,粗略完工,2,440,普通,普通,鋪面,0,138,0,0,0,0,無泳池,木圍籬佳,無其他設施,0,12,2006,一般保證契約,異常交易(如法拍),160000,11.982935344196433
42,3,1層樓(1946年後),低密度住宅區,115.0,16905,柏油路,無巷道,規則,平坦,內側地,緩坡,林地(Timber),正常,正常,獨棟,1層樓,5,6,1959,1959,山形頂,標準瀝青瓦,乙烯基壁板,乙烯基壁板,無砌面,0.0,普通,良好,煤渣磚,普通,普通,採光良好,低於平均居住空間,967,未完工,0,383,1350,瓦斯熱風,良好,有,標準斷路器,1328,0,0,1328,0,1,1,1,2,1,普通,5,正常,2,良好,連接主屋,粗略完工,1,308,普通,普通,部分鋪面,0,104,0,0,0,0,無泳池,無圍籬,無其他設施,0,7,2007,一般保證契約,一般交易,170000,12.04355959836804
43,3,錯層玄關式,低密度住宅區,66.0,9180,柏油路,無巷道,略不規則,平坦,死巷底,緩坡,西索耶(SawyerW),正常,正常,獨棟,錯層玄關,5,7,1983,1983,山形頂,標準瀝青瓦,硬質纖維板,硬質纖維板,無砌面,0.0,普通,普通,煤渣磚,良好,普通,採光普通,普通居住空間,747,低品質空間,93,0,840,瓦斯熱風,良好,有,標準斷路器,884,0,0,884,1,0,1,0,2,1,良好,5,正常,0,無壁爐,連接主屋,粗略完工,2,504,普通,良好,鋪面,240,0,0,0,0,0,無泳池,隱私性低,無其他設施,0,12,2007,一般保證契約,一般交易,144000,11.87757552297847
46,3,1層樓社區住宅(1946年後),低密度住宅區,61.0,7658,柏油路,無巷道,規則,平坦,內側地,緩坡,北嶺高地(NridgHt),正常,正常,連棟邊間,1層樓,9,5,2005,2005,四坡頂,標準瀝青瓦,金屬壁板,金屬壁板,面磚,412.0,極佳,普通,澆置混凝土,極佳,普通,無採光,優良居住空間,456,未完工,0,1296,1752,瓦斯熱風,極佳,有,標準斷路器,1752,0,0,1752,1,0,2,0,2,1,極佳,6,正常,1,良好,連接主屋,粗略完工,2,576,普通,普通,鋪面,196,82,0,0,0,0,無泳池,無圍籬,無其他設施,0,2,2010,一般保證契約,一般交易,319900,12.675766851909591
47,1,1.5層樓(已完工),低密度住宅區,48.0,12822,柏油路,無巷道,略不規則,平坦,死巷底,緩坡,米切爾(Mitchel),正常,正常,獨棟,1.5層(二樓完工),7,5,2003,2003,山形頂,標準瀝青瓦,乙烯基壁板,乙烯基壁板,無砌面,0.0,良好,普通,澆置混凝土,極佳,普通,無採光,優良居住空間,1351,未完工,0,83,1434,瓦斯熱風,極佳,有,標準斷路器,1518,631,0,2149,1,0,1,1,1,1,良好,6,正常,1,極佳,連接主屋,粗略完工,2,670,普通,普通,鋪面,168,43,0,0,198,0,無泳池,無圍籬,無其他設施,0,8,2009,一般保證契約,異常交易(如法拍),239686,12.387089184491993
48,4,1層樓(1946年後),浮動村住宅區,84.0,11096,柏油路,無巷道,規則,平坦,內側地,緩坡,薩默塞特(Somerst),正常,正常,獨棟,1層樓,8,5,2006,2006,山形頂,標準瀝青瓦,乙烯基壁板,乙烯基壁板,無砌面,0.0,良好,普通,澆置混凝土,良好,普通,採光普通,優良居住空間,24,未完工,0,1632,1656,瓦斯熱風,極佳,有,標準斷路器,1656,0,0,1656,0,0,2,0,3,1,良好,7,正常,0,無壁爐,連接主屋,粗略完工,3,826,普通,普通,鋪面,0,146,0,0,0,0,無泳池,無圍籬,無其他設施,0,7,2007,一般保證契約,一般交易,249700,12.428019481065613
49,2,兩戶改建住宅,中密度住宅區,33.0,4456,柏油路,無巷道,規則,平坦,內側地,緩坡,舊城區(OldTown),正常,正常,兩戶改建,2層樓,4,5,1920,2008,山形頂,標準瀝青瓦,金屬壁板,金屬壁板,無砌面,0.0,普通,普通,磚與瓦,普通,普通,無採光,未完工,0,未完工,0,736,736,瓦斯熱風,良好,有,標準斷路器,736,716,0,1452,0,0,2,0,2,3,普通,8,正常,0,無壁爐,無車庫,無車庫,0,0,無車庫,無車庫,泥土或碎石,0,0,102,0,0,0,無泳池,無圍籬,無其他設施,0,6,2009,新屋,預售屋(估價時未完工),113000,11.635151947212842
51,2,2層樓(1946年後),低密度住宅區,65.0,13869,柏油路,無巷道,中度不規則,平坦,角地,緩坡,吉爾伯特(Gilbert),正常,正常,獨棟,2層樓,6,6,1997,1997,山形頂,標準瀝青瓦,乙烯基壁板,乙烯基壁板,無砌面,0.0,普通,普通,澆置混凝土,良好,普通,採光普通,優良居住空間,182,未完工,0,612,794,瓦斯熱風,良好,有,標準斷路器,794,676,0,1470,0,1,2,0,3,1,普通,6,正常,0,無壁爐,連接主屋,已完工,2,388,普通,普通,鋪面,0,75,0,0,0,0,無泳池,無圍籬,無其他設施,0,7,2007,一般保證契約,一般交易,177000,12.083910661257521
53,0,雙拼住宅,中密度住宅區,110.0,8472,碎石路,無巷道,中度不規則,坡堤,角地,中坡,交通部與鐵路區(IDOTRR),南北向鐵路200英尺內,正常,雙拼,1層樓,5,5,1963,1963,山形頂,標準瀝青瓦,木壁板,木壁板,無砌面,0.0,尚可,普通,煤渣磚,良好,普通,採光良好,低品質空間,104,優良居住空間,712,0,816,瓦斯熱風,普通,無,標準斷路器,816,0,0,816,1,0,1,0,2,1,普通,5,正常,0,無壁爐,車棚,未完工,2,516,普通,普通,鋪面,106,0,0,0,0,0,無泳池,無圍籬,無其他設施,0,5,2010,一般保證契約,一般交易,110000,11.608244735642321
54,0,1層樓(1946年後),低密度住宅區,68.0,50271,柏油路,無巷道,略不規則,低窪,內側地,緩坡,文克(Veenker),正常,正常,獨棟,1層樓,9,5,1981,1987,山形頂,鋸製木瓦,木瓦,木瓦,無砌面,0.0,良好,普通,煤渣磚,極佳,普通,採光良好,優良居住空間,1810,未完工,0,32,1842,瓦斯熱風,良好,有,標準斷路器,1842,0,0,1842,2,0,0,1,0,1,良好,5,正常,1,良好,連接主屋,已完工,3,894,普通,普通,鋪面,857,72,0,0,0,0,無泳池,無圍籬,無其他設施,0,11,2006,一般保證契約,一般交易,385000,12.861001210669146
55,3,錯層式,低密度住宅區,60.0,7134,柏油路,無巷道,規則,坡堤,內側地,中坡,北艾姆斯(NAmes),正常,正常,獨棟,錯層,5,5,1955,1955,山形頂,標準瀝青瓦,金屬壁板,金屬壁板,無砌面,0.0,普通,普通,煤渣磚,普通,普通,無採光,普通居住空間,384,未完工,0,0,384,瓦斯熱風,普通,有,標準斷路器,1360,0,0,1360,0,0,1,0,3,1,普通,6,輕微扣分1,1,普通,獨立車庫,未完工,2,572,普通,普通,鋪面,0,50,0,0,0,0,無泳池,隱私性低,無其他設施,0,2,2007,一般保證契約,一般交易,130000,11.775297421715827
56,3,1層樓(1946年後),低密度住宅區,100.0,10175,柏油路,無巷道,略不規則,平坦,內側地,緩坡,北艾姆斯(NAmes),正常,正常,獨棟,1層樓,6,5,1964,1964,山形頂,標準瀝青瓦,硬質纖維板,夾板,面磚,272.0,普通,普通,煤渣磚,普通,普通,無採光,低於平均居住空間,490,未完工,0,935,1425,瓦斯熱風,良好,有,標準斷路器,1425,0,0,1425,0,0,2,0,3,1,普通,7,正常,1,良好,連接主屋,粗略完工,2,576,普通,普通,鋪面,0,0,0,407,0,0,無泳池,無圍籬,無其他設施,0,7,2008,一般保證契約,一般交易,180500,12.103491596905931
58,1,2層樓(1946年後),低密度住宅區,89.0,11645,柏油路,無巷道,略不規則,平坦,角地,緩坡,學院溪(CollgCr),正常,正常,獨棟,2層樓,7,5,2004,2004,山形頂,標準瀝青瓦,乙烯基壁板,乙烯基壁板,無砌面,0.0,良好,普通,澆置混凝土,良好,普通,無採光,未完工,0,未完工,0,860,860,瓦斯熱風,極佳,有,標準斷路器,860,860,0,1720,0,0,2,1,3,1,良好,7,正常,0,無壁爐,連接主屋,粗略完工,2,565,普通,普通,鋪面,0,70,0,0,0,0,無泳池,無圍籬,無其他設施,0,8,2006,一般保證契約,一般交易,196500,12.188422799337028
61,3,1層樓(1946年後),低密度住宅區,63.0,13072,柏油路,無巷道,規則,平坦,內側地,緩坡,西索耶(SawyerW),緊鄰東西向鐵路,正常,獨棟,1層樓,6,5,2004,2004,山形頂,標準瀝青瓦,乙烯基壁板,乙烯基壁板,無砌面,0.0,普通,普通,澆置混凝土,良好,普通,無採光,普通居住空間,941,未完工,0,217,1158,瓦斯熱風,極佳,有,標準斷路器,1158,0,0,1158,1,0,1,1,3,1,良好,5,正常,0,無壁爐,獨立車庫,未完工,2,576,普通,普通,鋪面,0,50,0,0,0,0,無泳池,無圍籬,無其他設施,0,5,2006,新屋,預售屋(估價時未完工),158000,11.970356641102999
62,0,2.5層樓,中密度住宅區,60.0,7200,柏油路,無巷道,規則,平坦,內側地,緩坡,交通部與鐵路區(IDOTRR),正常,正常,獨棟,2.5層(三樓未完工),5,7,1920,1996,山形頂,標準瀝青瓦,金屬壁板,金屬壁板,無砌面,0.0,普通,普通,磚與瓦,普通,尚可,無採光,未完工,0,未完工,0,530,530,瓦斯熱風,普通,無,標準斷路器,581,530,0,1111,0,0,1,0,3,1,尚可,6,正常,0,無壁爐,獨立車庫,未完工,1,288,普通,普通,泥土或碎石,0,0,144,0,0,0,無泳池,無圍籬,無其他設施,0,3,2007,一般保證契約,一般交易,101000,11.522885696764481
63,3,1層樓社區住宅(1946年後),低密度住宅區,44.0,6442,柏油路,無巷道,略不規則,平坦,內側地,緩坡,北嶺高地(NridgHt),正常,正常,連棟邊間,1層樓,8,5,2006,2006,山形頂,標準瀝青瓦,乙烯基壁板,乙烯基壁板,石材,178.0,良好,普通,澆置混凝土,良好,良好,採光少,優良居住空間,24,未完工,0,1346,1370,瓦斯熱風,極佳,有,標準斷路器,1370,0,0,1370,0,0,2,0,2,1,良好,6,正常,1,良好,連接主屋,粗略完工,2,484,普通,普通,鋪面,120,49,0,0,0,0,無泳池,無圍籬,無其他設施,0,10,2007,一般保證契約,一般交易,202500,12.218500103788143
65,0,2層樓(1946年後),低密度住宅區,70.0,9375,柏油路,無巷道,規則,平坦,內側地,緩坡,學院溪(CollgCr),正常,正常,獨棟,2層樓,7,5,1997,1998,山形頂,標準瀝青瓦,乙烯基壁板,乙烯基壁板,面磚,573.0,普通,普通,澆置混凝土,良好,普通,無採光,優良居住空間,739,未完工,0,318,1057,瓦斯熱風,極佳,有,標準斷路器,1057,977,0,2034,1,0,2,1,3,1,良好,8,正常,0,無壁爐,連接主屋,粗略完工,2,645,普通,普通,鋪面,576,36,0,0,0,0,無泳池,隱私性佳,無其他設施,0,2,2009,一般保證契約,一般交易,219500,12.299112067295642
67,4,1層樓(1946年後),低密度住宅區,74.5,19900,柏油路,無巷道,規則,平坦,內側地,緩坡,北艾姆斯(NAmes),緊鄰公園綠地等正面設施,正常,獨棟,1層樓,7,5,1970,1989,山形頂,標準瀝青瓦,夾板,夾板,面磚,287.0,普通,普通,煤渣磚,良好,普通,採光良好,優良居住空間,912,未完工,0,1035,1947,瓦斯熱風,普通,有,標準斷路器,2207,0,0,2207,1,0,2,0,3,1,普通,7,輕微扣分1,1,良好,連接主屋,粗略完工,2,576,普通,普通,鋪面,301,0,0,0,0,0,無泳池,無圍籬,無其他設施,0,7,2010,一般保證契約,一般交易,180000,12.100717685412471
69,3,1層樓(1945年前),中密度住宅區,47.0,4608,柏油路,無巷道,規則,平坦,角地,緩坡,舊城區(OldTown),鄰近主幹道,正常,獨棟,1層樓,4,6,1945,1950,山形頂,標準瀝青瓦,金屬壁板,金屬壁板,無砌面,0.0,普通,良好,煤渣磚,普通,普通,無採光,未完工,0,未完工,0,747,747,瓦斯熱風,普通,有,標準斷路器,747,0,0,747,0,0,1,0,2,1,普通,4,正常,0,無壁爐,連接主屋,未完工,1,220,普通,普通,鋪面,0,0,0,0,0,0,無泳池,無圍籬,無其他設施,0,6,2010,一般保證契約,一般交易,80000,11.289794413577894
70,0,1.5層樓(已完工),低密度住宅區,81.0,15593,柏油路,無巷道,規則,平坦,角地,緩坡,清溪(ClearCr),正常,正常,獨棟,1.5層(二樓完工),7,4,1953,1953,山形頂,標準瀝青瓦,面磚,石棉瓦,無砌面,0.0,良好,普通,煤渣磚,普通,普通,無採光,低於平均居住空間,603,未完工,0,701,1304,瓦斯熱水,普通,有,標準斷路器,1304,983,0,2287,0,0,2,0,3,1,普通,7,正常,1,普通,連接主屋,已完工,2,667,普通,普通,鋪面,0,21,114,0,0,0,無泳池,無圍籬,無其他設施,0,7,2006,一般保證契約,一般交易,225000,12.323860125621126
72,1,1層樓(1946年後),低密度住宅區,69.0,7599,柏油路,無巷道,規則,平坦,角地,緩坡,米切爾(Mitchel),正常,正常,獨棟,1層樓,4,6,1982,2006,山形頂,標準瀝青瓦,硬質纖維板,夾板,無砌面,0.0,普通,普通,煤渣磚,普通,普通,無採光,普通居住空間,565,未完工,0,280,845,瓦斯熱風,普通,有,標準斷路器,845,0,0,845,1,0,1,0,2,1,普通,4,正常,0,無壁爐,獨立車庫,未完工,2,360,普通,普通,鋪面,0,0,0,0,0,0,無泳池,無圍籬,無其他設施,0,6,2007,一般保證契約,一般交易,129500,11.771443882099637
73,0,2層樓(1946年後),低密度住宅區,74.0,10141,柏油路,無巷道,略不規則,平坦,角地,緩坡,吉爾伯特(Gilbert),正常,正常,獨棟,2層樓,7,5,1998,1998,山形頂,標準瀝青瓦,乙烯基壁板,乙烯基壁板,面磚,40.0,普通,普通,澆置混凝土,良好,普通,無採光,未完工,0,未完工,0,832,832,瓦斯熱風,良好,有,標準斷路器,885,833,0,1718,0,0,2,1,3,1,普通,7,正常,1,普通,連接主屋,已完工,2,427,普通,普通,鋪面,0,94,0,0,291,0,無泳池,無圍籬,無其他設施,0,12,2009,一般保證契約,一般交易,185000,12.128116509451258
74,3,1層樓(1946年後),低密度住宅區,85.0,10200,柏油路,無巷道,規則,平坦,內側地,緩坡,北艾姆斯(NAmes),正常,正常,獨棟,1層樓,5,7,1954,2003,山形頂,標準瀝青瓦,木壁板,木壁板,面磚,104.0,普通,普通,煤渣磚,普通,普通,無採光,普通居住空間,320,低於平均居住空間,362,404,1086,瓦斯熱風,良好,有,標準斷路器,1086,0,0,1086,1,0,1,0,3,1,普通,6,正常,0,無壁爐,連接主屋,未完工,2,490,普通,普通,鋪面,0,0,0,0,0,0,無泳池,木圍籬佳,無其他設施,0,5,2010,一般保證契約,一般交易,144900,11.88380602959621
75,0,1.5層樓(已完工),中密度住宅區,60.0,5790,柏油路,無巷道,規則,平坦,角地,緩坡,舊城區(OldTown),正常,正常,獨棟,2層樓,3,6,1915,1950,穀倉頂,標準瀝青瓦,乙烯基壁板,乙烯基壁板,無砌面,0.0,良好,良好,煤渣磚,尚可,普通,無採光,未完工,0,未完工,0,840,840,瓦斯熱風,良好,無,標準斷路器,840,765,0,1605,0,0,2,0,3,2,普通,8,正常,0,無壁爐,獨立車庫,未完工,1,379,普通,普通,鋪面,0,0,202,0,0,0,無泳池,無圍籬,無其他設施,0,5,2010,一般保證契約,一般交易,107400,11.58432477200052
76,0,社區錯層住宅,中密度住宅區,21.0,1596,柏油路,無巷道,規則,平坦,內側地,緩坡,草地村(MeadowV),正常,正常,連棟中間,錯層,4,5,1973,1973,山形頂,標準瀝青瓦,水泥板,水泥板,無砌面,0.0,普通,普通,煤渣磚,良好,普通,採光良好,優良居住空間,462,未完工,0,0,462,瓦斯熱風,普通,有,標準斷路器,526,462,0,988,1,0,1,0,2,1,普通,5,正常,0,無壁爐,內建車庫,未完工,1,297,普通,普通,鋪面,120,101,0,0,0,0,無泳池,木圍籬佳,無其他設施,0,11,2009,一般保證契約,一般交易,91000,11.418625774449598
78,1,1.5層樓(已完工),中密度住宅區,50.0,8635,柏油路,無巷道,規則,平坦,內側地,緩坡,布魯克賽德(BrkSide),正常,正常,獨棟,1.5層(二樓完工),5,5,1948,2001,山形頂,標準瀝青瓦,木壁板,木壁板,無砌面,0.0,普通,普通,煤渣磚,普通,普通,無採光,低於平均居住空間,336,優良居住空間,41,295,672,瓦斯熱風,普通,有,標準斷路器,1072,213,0,1285,1,0,1,0,2,1,普通,6,輕微扣分1,0,無壁爐,獨立車庫,未完工,1,240,普通,普通,鋪面,0,0,0,0,0,0,無泳池,隱私性低,無其他設施,0,1,2008,一般保證契約,一般交易,127000,11.751950239425476
80,2,1.5層樓(已完工),中密度住宅區,60.0,10440,柏油路,碎石巷,規則,平坦,角地,緩坡,舊城區(OldTown),正常,正常,獨棟,2層樓,5,6,1910,1981,山形頂,標準瀝青瓦,木壁板,木壁板,無砌面,0.0,普通,普通,澆置混凝土,普通,普通,無採光,未完工,0,未完工,0,440,440,瓦斯熱風,良好,有,標準斷路器,682,548,0,1230,0,0,1,1,2,1,普通,5,正常,0,無壁爐,獨立車庫,未完工,2,440,普通,普通,鋪面,74,0,128,0,0,0,無泳池,隱私性低,無其他設施,0,5,2009,一般保證契約,一般交易,110000,11.608244735642321
81,2,2層樓(1946年後),低密度住宅區,100.0,13000,柏油路,無巷道,規則,平坦,角地,緩坡,北艾姆斯(NAmes),正常,正常,獨棟,2層樓,6,6,1968,1968,山形頂,標準瀝青瓦,乙烯基壁板,乙烯基壁板,面磚,576.0,普通,良好,煤渣磚,良好,普通,無採光,一般娛樂空間,448,未完工,0,448,896,瓦斯熱風,普通,有,標準斷路器,1182,960,0,2142,0,0,2,1,4,1,良好,8,正常,1,良好,連接主屋,已完工,1,509,普通,普通,鋪面,0,72,0,0,252,0,無泳池,無圍籬,無其他設施,0,6,2009,一般保證契約,一般交易,193500,12.173037959397275
83,0,1層樓(1946年後),低密度住宅區,78.0,10206,柏油路,無巷道,規則,平坦,內側地,緩坡,薩默塞特(Somerst),正常,正常,獨棟,1層樓,8,5,2007,2007,山形頂,標準瀝青瓦,乙烯基壁板,乙烯基壁板,石材,468.0,普通,普通,澆置混凝土,良好,普通,無採光,優良居住空間,33,未完工,0,1530,1563,瓦斯熱風,極佳,有,標準斷路器,1563,0,0,1563,0,0,2,0,3,1,良好,6,正常,1,良好,連接主屋,粗略完工,3,758,普通,普通,鋪面,144,99,0,0,0,0,無泳池,無圍籬,無其他設施,0,10,2008,一般保證契約,一般交易,245000,12.409017571151187
84,4,1層樓(1946年後),低密度住宅區,80.0,8892,柏油路,無巷道,略不規則,平坦,內側地,緩坡,北艾姆斯(NAmes),正常,正常,獨棟,1層樓,5,5,1960,1960,山形頂,標準瀝青瓦,金屬壁板,金屬壁板,一般磚,66.0,普通,普通,煤渣磚,普通,普通,無採光,未完工,0,未完工,0,1065,1065,瓦斯熱風,良好,有,標準斷路器,1065,0,0,1065,0,0,1,1,3,1,普通,6,正常,0,無壁爐,獨立車庫,未完工,2,461,普通,普通,鋪面,74,0,0,0,0,0,無泳池,無圍籬,無其他設施,0,7,2007,法院或遺產拍賣,一般交易,126500,11.748005492256807
85,1,錯層式,低密度住宅區,65.0,8530,柏油路,無巷道,略不規則,平坦,內側地,緩坡,吉爾伯特(Gilbert),正常,正常,獨棟,錯層,7,5,1995,1996,山形頂,標準瀝青瓦,硬質纖維板,硬質纖維板,面磚,22.0,普通,普通,澆置混凝土,良好,普通,無採光,未完工,0,未完工,0,384,384,瓦斯熱風,良好,有,標準斷路器,804,670,0,1474,0,0,2,1,3,1,普通,7,正常,1,普通,內建車庫,已完工,2,400,普通,普通,鋪面,120,72,0,0,0,0,無泳池,無圍籬,儲藏棚,700,5,2009,一般保證契約,一般交易,168500,12.034696963475044
86,1,2層樓(1946年後),低密度住宅區,121.0,16059,柏油路,無巷道,規則,平坦,角地,緩坡,北嶺(NoRidge),正常,正常,獨棟,2層樓,8,5,1991,1992,四坡頂,標準瀝青瓦,硬質纖維板,硬質纖維板,面磚,284.0,良好,普通,煤渣磚,良好,普通,無採光,未完工,0,未完工,0,1288,1288,瓦斯熱風,極佳,有,標準斷路器,1301,1116,0,2417,0,0,2,1,4,1,良好,9,正常,1,普通,連接主屋,未完工,2,462,普通,普通,鋪面,127,82,0,0,0,0,無泳池,無圍籬,無其他設施,0,4,2006,一般保證契約,一般交易,260000,12.468440756144114
87,1,2層樓(1946年後),低密度住宅區,122.0,11911,柏油路,無巷道,中度不規則,平坦,內側地,緩坡,吉爾伯特(Gilbert),正常,正常,獨棟,2層樓,6,5,2005,2005,山形頂,標準瀝青瓦,乙烯基壁板,乙烯基壁板,無砌面,0.0,良好,普通,澆置混凝土,良好,普通,採光普通,未完工,0,未完工,0,684,684,瓦斯熱風,極佳,有,標準斷路器,684,876,0,1560,0,0,2,1,3,1,良好,6,正常,1,良好,內建車庫,已完工,2,400,普通,普通,鋪面,100,38,0,0,0,0,無泳池,無圍籬,無其他設施,0,3,2009,一般保證契約,一般交易,174000,12.066816325306588
88,3,2層樓社區住宅(1946年後),浮動村住宅區,40.0,3951,柏油路,柏油巷,規則,平坦,角地,緩坡,薩默塞特(Somerst),正常,正常,連棟邊間,2層樓,6,5,2009,2009,山形頂,標準瀝青瓦,乙烯基壁板,乙烯基壁板,石材,76.0,良好,普通,澆置混凝土,良好,普通,採光普通,未完工,0,未完工,0,612,612,瓦斯熱風,極佳,有,標準斷路器,612,612,0,1224,0,0,2,1,2,1,良好,4,正常,0,無壁爐,獨立車庫,粗略完工,2,528,普通,普通,鋪面,0,234,0,0,0,0,無泳池,無圍籬,無其他設施,0,6,2009,新屋,預售屋(估價時未完工),164500,12.010671928196443
89,2,1.5層樓(已完工),商業區,105.0,8470,柏油路,無巷道,略不規則,平坦,角地,緩坡,交通部與鐵路區(IDOTRR),鄰近支線道路,鄰近支線道路,獨棟,1.5層(二樓完工),3,2,1915,1982,四坡頂,標準瀝青瓦,夾板,夾板,無砌面,0.0,尚可,尚可,煤渣磚,普通,尚可,無採光,未完工,0,未完工,0,1013,1013,瓦斯熱風,普通,無,標準斷路器,1013,0,513,1526,0,0,1,0,2,1,尚可,6,正常,0,無壁爐,無車庫,無車庫,0,0,無車庫,無車庫,泥土或碎石,0,0,156,0,0,0,無泳池,隱私性低,無其他設施,0,10,2009,低頭期合約,異常交易(如法拍),85000,11.350418300109132
90,0,1層樓(1946年後),低密度住宅區,60.0,8070,柏油路,無巷道,規則,平坦,內側地,緩坡,學院溪(CollgCr),正常,正常,獨棟,1層樓,4,5,1994,1995,山形頂,標準瀝青瓦,乙烯基壁板,乙烯基壁板,無砌面,0.0,普通,普通,澆置混凝土,良好,普通,無採光,優良居住空間,588,未完工,0,402,990,瓦斯熱風,極佳,有,標準斷路器,990,0,0,990,1,0,1,0,3,1,普通,5,正常,0,無壁爐,無車庫,無車庫,0,0,無車庫,無車庫,鋪面,0,0,0,0,0,0,無泳池,無圍籬,無其他設施,0,8,2007,一般保證契約,一般交易,123600,11.724813914587886
91,1,1層樓(1946年後),低密度住宅區,60.0,7200,柏油路,無巷道,規則,平坦,內側地,緩坡,北艾姆斯(NAmes),正常,正常,獨棟,1層樓,4,5,1950,1950,山形頂,標準瀝青瓦,面磚,木壁板,無砌面,0.0,普通,普通,板式,無地下室,無地下室,無地下室,無地下室,0,無地下室,0,0,0,瓦斯熱風,普通,有,保險絲(良),1040,0,0,1040,0,0,1,0,2,1,普通,4,正常,0,無壁爐,獨立車庫,未完工,2,420,普通,普通,鋪面,0,29,0,0,0,0,無泳池,無圍籬,無其他設施,0,7,2006,一般保證契約,一般交易,109900,11.60733523953139
92,1,1層樓(1946年後),低密度住宅區,85.0,8500,柏油路,無巷道,規則,平坦,內側地,緩坡,北艾姆斯(NAmes),正常,正常,獨棟,1層樓,5,3,1961,1961,四坡頂,標準瀝青瓦,硬質纖維板,硬質纖維板,一般磚,203.0,普通,普通,煤渣磚,普通,普通,無採光,一般娛樂空間,600,未完工,0,635,1235,瓦斯熱風,普通,有,標準斷路器,1235,0,0,1235,0,0,1,0,2,1,普通,6,正常,0,無壁爐,連接主屋,未完工,2,480,普通,普通,鋪面,0,0,0,0,0,0,無泳池,木圍籬佳,無其他設施,0,12,2006,一般保證契約,異常交易(如法拍),98600,11.498836682527127
93,2,1層樓(1945年前),低密度住宅區,80.0,13360,柏油路,碎石巷,略不規則,山坡,內側地,緩坡,克勞福德(Crawfor),正常,正常,獨棟,1層樓,5,7,1921,2006,山形頂,標準瀝青瓦,木壁板,木壁板,無砌面,0.0,普通,良好,磚與瓦,良好,普通,無採光,普通居住空間,713,未完工,0,163,876,瓦斯熱風,極佳,有,標準斷路器,964,0,0,964,1,0,1,0,2,1,普通,5,正常,0,無壁爐,獨立車庫,未完工,2,432,普通,普通,鋪面,0,0,44,0,0,0,無泳池,無圍籬,無其他設施,0,8,2009,一般保證契約,一般交易,163500,12.004574385508691
94,2,兩戶改建住宅,商業區,60.0,7200,柏油路,無巷道,規則,平坦,角地,緩坡,舊城區(OldTown),正常,正常,兩戶改建,2.5層(三樓未完工),6,6,1910,1998,四坡頂,標準瀝青瓦,金屬壁板,金屬壁板,無砌面,0.0,普通,普通,磚與瓦,普通,尚可,採光少,一般娛樂空間,1046,未完工,0,168,1214,瓦斯熱水,極佳,無,標準斷路器,1260,1031,0,2291,0,1,2,0,4,2,普通,9,正常,1,良好,獨立車庫,未完工,2,506,普通,普通,鋪面,0,0,0,0,99,0,無泳池,無圍籬,無其他設施,0,11,2007,一般保證契約,一般交易,133900,11.804855999911272
95,3,2層樓(1946年後),低密度住宅區,69.0,9337,柏油路,無巷道,略不規則,平坦,內側地,緩坡,學院溪(CollgCr),正常,正常,獨棟,2層樓,6,5,1997,1997,山形頂,標準瀝青瓦,乙烯基壁板,乙烯基壁板,無砌面,0.0,普通,良好,澆置混凝土,良好,普通,無採光,優良居住空間,648,未完工,0,176,824,瓦斯熱風,極佳,有,標準斷路器,905,881,0,1786,1,0,2,1,3,1,良好,7,正常,0,無壁爐,連接主屋,粗略完工,2,684,普通,普通,鋪面,0,162,0,0,0,0,無泳池,無圍籬,無其他設施,0,5,2007,一般保證契約,一般交易,204750,12.229549885708273
96,0,2層樓(1946年後),低密度住宅區,65.0,9765,柏油路,無巷道,中度不規則,平坦,角地,緩坡,吉爾伯特(Gilbert),正常,正常,獨棟,2層樓,6,8,1993,1993,山形頂,標準瀝青瓦,乙烯基壁板,乙烯基壁板,面磚,68.0,極佳,良好,澆置混凝土,良好,良好,無採光,普通居住空間,310,未完工,0,370,680,瓦斯熱風,良好,有,標準斷路器,680,790,0,1470,0,0,2,1,3,1,普通,6,正常,1,普通,內建車庫,已完工,2,420,普通,普通,鋪面,232,63,0,0,0,0,無泳池,無圍籬,儲藏棚,480,4,2009,一般保證契約,一般交易,185000,12.128116509451258
97,1,1層樓(1946年後),低密度住宅區,78.0,10264,柏油路,無巷道,略不規則,平坦,內側地,緩坡,學院溪(CollgCr),正常,正常,獨棟,1層樓,7,5,1999,1999,山形頂,標準瀝青瓦,乙烯基壁板,乙烯基壁板,面磚,183.0,良好,普通,澆置混凝土,良好,普通,採光普通,普通居住空間,1162,未完工,0,426,1588,瓦斯熱風,極佳,有,標準斷路器,1588,0,0,1588,0,0,2,0,3,1,良好,6,正常,0,無壁爐,連接主屋,粗略完工,2,472,普通,普通,鋪面,158,29,0,0,0,0,無泳池,無圍籬,無其他設施,0,8,2006,一般保證契約,一般交易,214000,12.273735966890268
98,1,1層樓(1946年後),低密度住宅區,73.0,10921,柏油路,無巷道,規則,山坡,內側地,緩坡,愛德華茲(Edwards),正常,正常,獨棟,1層樓,4,5,1965,1965,四坡頂,標準瀝青瓦,硬質纖維板,硬質纖維板,面磚,48.0,普通,普通,煤渣磚,普通,普通,無採光,一般娛樂空間,520,未完工,0,440,960,瓦斯熱風,普通,有,保險絲(普通),960,0,0,960,1,0,1,0,3,1,普通,6,正常,0,無壁爐,連接主屋,已完工,1,432,普通,普通,部分鋪面,120,0,0,0,0,0,無泳池,無圍籬,無其他設施,0,5,2007,一般保證契約,一般交易,94750,11.459007676978688
99,2,1層樓(1945年前),低密度住宅區,85.0,10625,柏油路,無巷道,規則,平坦,角地,緩坡,愛德華茲(Edwards),正常,正常,獨棟,1層樓,5,5,1920,1950,山形頂,標準瀝青瓦,木壁板,木壁板,無砌面,0.0,普通,普通,磚與瓦,普通,普通,無採光,普通居住空間,108,未完工,0,350,458,瓦斯熱風,尚可,無,標準斷路器,835,0,0,835,0,0,1,0,2,1,普通,5,正常,0,無壁爐,地下室車庫,未完工,1,366,尚可,普通,鋪面,0,0,77,0,0,0,無泳池,無圍籬,儲藏棚,400,5,2010,法院或遺產拍賣,異常交易(如法拍),83000,11.326607934898927
101,4,1層樓(1946年後),低密度住宅區,80.0,10603,柏油路,無巷道,略不規則,平坦,內側地,緩坡,西北艾姆斯(NWAmes),正常,正常,獨棟,1層樓,6,7,1977,2001,山形頂,標準瀝青瓦,夾板,夾板,面磚,28.0,普通,普通,澆置混凝土,普通,普通,採光少,普通居住空間,1200,未完工,0,410,1610,瓦斯熱風,良好,有,標準斷路器,1610,0,0,1610,1,0,2,0,3,1,良好,6,正常,2,普通,連接主屋,粗略完工,2,480,普通,普通,鋪面,168,68,0,0,0,0,無泳池,無圍籬,無其他設施,0,2,2010,一般保證契約,一般交易,205000,12.230770136157428
103,2,雙拼住宅,低密度住宅區,64.0,7018,柏油路,無巷道,規則,坡堤,內側地,緩坡,西索耶(SawyerW),正常,正常,雙拼,1層樓,5,5,1979,1979,山形頂,標準瀝青瓦,硬質纖維板,硬質纖維板,無砌面,0.0,普通,尚可,板式,無地下室,無地下室,無地下室,無地下室,0,無地下室,0,0,0,瓦斯熱風,普通,有,標準斷路器,1535,0,0,1535,0,0,2,0,4,2,普通,8,正常,0,無壁爐,連接主屋,未完工,2,410,普通,普通,鋪面,0,0,0,0,0,0,無泳池,無圍籬,無其他設施,0,6,2009,一般保證契約,兩筆相連物件分配,118964,11.68658461118553
104,1,1層樓(1946年後),低密度住宅區,94.0,10402,柏油路,無巷道,略不規則,平坦,角地,緩坡,學院溪(CollgCr),正常,正常,獨棟,1層樓,7,5,2009,2009,山形頂,標準瀝青瓦,乙烯基壁板,乙烯基壁板,無砌面,0.0,普通,普通,澆置混凝土,良好,普通,無採光,未完工,0,未完工,0,1226,1226,瓦斯熱風,極佳,有,標準斷路器,1226,0,0,1226,0,0,2,0,3,1,良好,6,正常,0,無壁爐,連接主屋,粗略完工,3,740,普通,普通,鋪面,0,36,0,0,0,0,無泳池,無圍籬,無其他設施,0,5,2010,一般保證契約,一般交易,198900,12.200562492481511
105,0,1.5層樓(已完工),中密度住宅區,60.0,7758,柏油路,無巷道,規則,平坦,角地,緩坡,交通部與鐵路區(IDOTRR),正常,正常,獨棟,1.5層(二樓完工),7,4,1931,1950,山形頂,標準瀝青瓦,灰泥,灰泥,面磚,600.0,普通,尚可,澆置混凝土,普通,普通,無採光,低品質空間,224,未完工,0,816,1040,瓦斯熱風,極佳,有,保險絲(普通),1226,592,0,1818,0,0,1,1,4,1,普通,7,正常,2,普通,獨立車庫,未完工,1,240,普通,普通,鋪面,0,0,0,0,184,0,無泳池,無圍籬,無其他設施,0,6,2007,一般保證契約,一般交易,169500,12.040614105490253
106,1,2層樓(1946年後),浮動村住宅區,75.0,9375,柏油路,無巷道,規則,平坦,內側地,緩坡,薩默塞特(Somerst),正常,正常,獨棟,2層樓,8,5,2003,2004,四坡頂,標準瀝青瓦,乙烯基壁板,乙烯基壁板,面磚,768.0,良好,普通,澆置混凝土,極佳,普通,無採光,未完工,0,未完工,0,1053,1053,瓦斯熱風,極佳,有,標準斷路器,1053,939,0,1992,0,0,2,1,3,1,良好,9,正常,1,良好,連接主屋,粗略完工,2,648,普通,普通,鋪面,140,45,0,0,0,0,無泳池,無圍籬,無其他設施,0,8,2008,一般保證契約,一般交易,250000,12.429220196836383
107,3,1層樓(1945年前),中密度住宅區,60.0,10800,柏油路,碎石巷,規則,平坦,內側地,緩坡,舊城區(OldTown),正常,正常,獨棟,1層樓,4,7,1885,1995,孟莎式,標準瀝青瓦,乙烯基壁板,乙烯基壁板,無砌面,0.0,普通,普通,磚與瓦,尚可,普通,無採光,未完工,0,未完工,0,641,641,瓦斯熱風,良好,有,標準斷路器,1047,0,0,1047,0,0,1,0,2,1,普通,6,正常,0,無壁爐,獨立車庫,未完工,1,273,尚可,尚可,泥土或碎石,0,0,0,0,0,0,無泳池,無圍籬,儲藏棚,450,8,2007,一般保證契約,一般交易,100000,11.51293546492023
109,0,1.5層樓(已完工),中密度住宅區,85.0,8500,柏油路,無巷道,規則,平坦,角地,緩坡,交通部與鐵路區(IDOTRR),鄰近主幹道,正常,獨棟,1.5層(二樓完工),5,7,1919,2005,山形頂,標準瀝青瓦,水泥板,水泥板,無砌面,0.0,普通,普通,煤渣磚,普通,普通,無採光,未完工,0,未完工,0,793,793,瓦斯熱水,普通,無,保險絲(普通),997,520,0,1517,0,0,2,0,3,1,尚可,7,正常,0,無壁爐,無車庫,無車庫,0,0,無車庫,無車庫,泥土或碎石,0,0,144,0,0,0,無泳池,無圍籬,無其他設施,0,8,2007,一般保證契約,一般交易,115000,11.652696102959753
110,4,1層樓(1946年後),低密度住宅區,105.0,11751,柏油路,無巷道,略不規則,平坦,內側地,緩坡,西北艾姆斯(NWAmes),正常,正常,獨棟,1層樓,6,6,1977,1977,四坡頂,標準瀝青瓦,夾板,夾板,面磚,480.0,普通,普通,煤渣磚,良好,普通,無採光,低於平均居住空間,705,未完工,0,1139,1844,瓦斯熱風,極佳,有,標準斷路器,1844,0,0,1844,0,0,2,0,3,1,普通,7,正常,1,普通,連接主屋,粗略完工,2,546,普通,普通,鋪面,0,122,0,0,0,0,無泳池,隱私性低,無其他設施,0,1,2010,法院或遺產拍賣,一般交易,190000,12.154784614286667
111,0,1.5層樓(已完工),低密度住宅區,75.0,9525,柏油路,無巷道,規則,平坦,內側地,緩坡,愛德華茲(Edwards),正常,正常,獨棟,1.5層(二樓完工),6,4,1954,1972,山形頂,標準瀝青瓦,木壁板,木壁板,無砌面,0.0,普通,普通,煤渣磚,普通,尚可,無採光,一般娛樂空間,444,未完工,0,550,994,瓦斯熱風,良好,有,標準斷路器,1216,639,0,1855,0,0,2,0,4,1,普通,7,正常,0,無壁爐,連接主屋,未完工,1,325,普通,普通,鋪面,182,0,0,0,0,0,無泳池,無圍籬,無其他設施,0,10,2006,一般保證契約,一般交易,136900,11.827013315851762
113,2,2層樓(1946年後),低密度住宅區,77.0,9965,柏油路,無巷道,規則,平坦,內側地,緩坡,學院溪(CollgCr),正常,正常,獨棟,2層樓,7,5,2007,2007,山形頂,標準瀝青瓦,乙烯基壁板,乙烯基壁板,石材,220.0,良好,普通,澆置混凝土,極佳,普通,採光普通,優良居住空間,984,未完工,0,280,1264,瓦斯熱風,極佳,有,標準斷路器,1282,1414,0,2696,1,0,2,1,4,1,極佳,10,正常,1,良好,內建車庫,已完工,3,792,普通,普通,鋪面,120,184,0,0,168,0,無泳池,無圍籬,無其他設施,0,10,2007,新屋,預售屋(估價時未完工),383970,12.85832230788469
114,2,1層樓(1946年後),低密度住宅區,68.0,21000,柏油路,無巷道,規則,坡堤,角地,緩坡,克勞福德(Crawfor),正常,正常,獨棟,1層樓,6,5,1953,1953,四坡頂,標準瀝青瓦,木壁板,木壁板,面磚,184.0,普通,良好,煤渣磚,良好,普通,採光少,普通居住空間,35,一般娛樂空間,869,905,1809,瓦斯熱風,普通,有,標準斷路器,2259,0,0,2259,1,0,2,0,3,1,良好,7,正常,2,良好,地下室車庫,未完工,2,450,普通,普通,鋪面,166,120,192,0,0,0,無泳池,隱私性低,無其他設施,0,10,2007,法院或遺產拍賣,異常交易(如法拍),217000,12.28765724080691
115,4,2層樓(1945年前),低密度住宅區,61.0,7259,柏油路,無巷道,略不規則,平坦,內側地,中坡,克勞福德(Crawfor),正常,正常,獨棟,2層樓,6,8,1945,2002,穀倉頂,標準瀝青瓦,木壁板,木壁板,無砌面,0.0,普通,普通,煤渣磚,普通,普通,無採光,普通居住空間,774,低品質空間,150,104,1028,瓦斯熱風,極佳,有,標準斷路器,1436,884,0,2320,1,0,2,1,3,1,良好,9,正常,1,普通,獨立車庫,未完工,1,180,普通,普通,鋪面,224,0,0,0,0,0,無泳池,隱私性低,無其他設施,0,7,2007,一般保證契約,一般交易,259500,12.466515835145202
117,1,1層樓(1946年後),低密度住宅區,70.5,11616,柏油路,無巷道,規則,平坦,內側地,緩坡,索耶(Sawyer),正常,正常,獨棟,1層樓,5,5,1962,1962,山形頂,標準瀝青瓦,木壁板,木壁板,面磚,116.0,普通,普通,煤渣磚,普通,普通,無採光,低品質空間,170,低於平均居住空間,670,252,1092,瓦斯熱風,普通,有,標準斷路器,1092,0,0,1092,0,1,1,0,3,1,普通,6,正常,1,差,連接主屋,未完工,1,288,普通,普通,鋪面,0,20,144,0,0,0,無泳池,無圍籬,無其他設施,0,9,2009,一般保證契約,一般交易,139000,11.842236406331555
118,3,1層樓(1946年後),低密度住宅區,74.0,8536,柏油路,無巷道,規則,平坦,角地,緩坡,愛德華茲(Edwards),正常,正常,獨棟,1層樓,5,5,2006,2007,山形頂,標準瀝青瓦,乙烯基壁板,乙烯基壁板,無砌面,0.0,普通,普通,澆置混凝土,良好,普通,無採光,未完工,0,未完工,0,1125,1125,瓦斯熱風,良好,有,標準斷路器,1125,0,0,1125,0,0,1,1,2,1,普通,5,正常,0,無壁爐,連接主屋,未完工,2,430,普通,普通,鋪面,80,64,0,0,0,0,無泳池,無圍籬,無其他設施,0,4,2007,新屋,預售屋(估價時未完工),155000,11.951186847493476
119,1,2層樓(1946年後),低密度住宅區,90.0,12376,柏油路,無巷道,規則,平坦,角地,緩坡,西索耶(SawyerW),正常,正常,獨棟,2層樓,7,5,1990,1990,四坡頂,標準瀝青瓦,夾板,夾板,無砌面,0.0,普通,普通,澆置混凝土,良好,普通,採光少,優良居住空間,1470,未完工,0,203,1673,瓦斯熱風,良好,有,標準斷路器,1699,1523,0,3222,1,0,3,0,5,1,良好,11,正常,2,普通,連接主屋,未完工,3,594,普通,普通,鋪面,367,0,0,0,0,0,無泳池,無圍籬,無其他設施,0,5,2010,一般保證契約,一般交易,320000,12.676079399771027
120,4,2層樓(1946年後),低密度住宅區,65.0,8461,柏油路,無巷道,規則,平坦,內側地,緩坡,學院溪(CollgCr),正常,正常,獨棟,2層樓,6,5,2005,2006,山形頂,標準瀝青瓦,乙烯基壁板,乙烯基壁板,無砌面,0.0,良好,普通,澆置混凝土,良好,普通,無採光,未完工,0,未完工,0,728,728,瓦斯熱風,極佳,有,標準斷路器,728,728,0,1456,0,0,2,1,3,1,良好,8,正常,1,良好,連接主屋,已完工,2,390,普通,普通,鋪面,0,24,0,0,0,0,無泳池,無圍籬,無其他設施,0,7,2006,新屋,預售屋(估價時未完工),163990,12.0075668272517
121,0,錯層式,低密度住宅區,80.0,21453,柏油路,無巷道,略不規則,低窪,死巷底,陡坡,清溪(ClearCr),正常,正常,獨棟,錯層,6,5,1969,1969,平頂,金屬,夾板,夾板,無砌面,0.0,普通,普通,煤渣磚,普通,普通,採光良好,普通居住空間,938,未完工,0,0,938,瓦斯熱風,極佳,有,標準斷路器,988,0,0,988,1,0,1,0,1,1,普通,4,正常,2,普通,連接主屋,未完工,2,540,普通,普通,鋪面,0,130,0,130,0,0,無泳池,無圍籬,無其他設施,0,10,2006,一般保證契約,一般交易,180000,12.100717685412471
122,2,1.5層樓(已完工),中密度住宅區,50.0,6060,柏油路,無巷道,規則,平坦,內側地,緩坡,交通部與鐵路區(IDOTRR),正常,正常,獨棟,1.5層(二樓完工),4,5,1939,1950,山形頂,標準瀝青瓦,石棉瓦,石棉瓦,無砌面,0.0,普通,普通,澆置混凝土,普通,普通,無採光,未完工,0,未完工,0,732,732,瓦斯熱風,良好,有,標準斷路器,772,351,0,1123,0,0,1,0,3,1,普通,4,正常,0,無壁爐,獨立車庫,未完工,1,264,普通,普通,部分鋪面,0,0,140,0,0,0,無泳池,隱私性低,無其他設施,0,6,2007,一般保證契約,一般交易,100000,11.51293546492023
123,4,1層樓(1946年後),低密度住宅區,75.0,9464,柏油路,無巷道,規則,平坦,角地,緩坡,北艾姆斯(NAmes),正常,正常,獨棟,1層樓,6,7,1958,1958,四坡頂,標準瀝青瓦,金屬壁板,金屬壁板,面磚,135.0,普通,良好,煤渣磚,普通,普通,無採光,低於平均居住空間,570,未完工,0,510,1080,瓦斯熱風,良好,有,標準斷路器,1080,0,0,1080,0,0,1,0,3,1,普通,5,正常,0,無壁爐,連接主屋,未完工,1,288,普通,普通,鋪面,0,0,0,0,130,0,無泳池,無圍籬,無其他設施,0,6,2008,一般保證契約,一般交易,136000,11.820417517632333
125,3,1層樓(1946年後),低密度住宅區,48.0,17043,柏油路,無巷道,略不規則,平坦,死巷底,緩坡,西北艾姆斯(NWAmes),正常,正常,獨棟,1層樓,6,5,1979,1998,山形頂,標準瀝青瓦,硬質纖維板,硬質纖維板,無砌面,0.0,普通,良好,煤渣磚,良好,尚可,無採光,未完工,0,未完工,0,1362,1362,瓦斯熱風,普通,有,標準斷路器,1586,0,0,1586,0,0,2,0,3,1,普通,7,正常,1,普通,連接主屋,未完工,2,435,普通,普通,鋪面,192,0,0,0,0,0,無泳池,無圍籬,無其他設施,0,1,2009,一般保證契約,一般交易,181000,12.10625783509458
126,1,兩戶改建住宅,中密度住宅區,60.0,6780,柏油路,無巷道,規則,平坦,內側地,緩坡,交通部與鐵路區(IDOTRR),正常,正常,兩戶改建,1.5層(二樓完工),6,8,1935,1982,山形頂,標準瀝青瓦,木壁板,木壁板,無砌面,0.0,普通,尚可,煤渣磚,普通,普通,採光普通,優良居住空間,490,未完工,0,30,520,瓦斯熱風,良好,無,標準斷路器,520,0,234,754,1,0,1,0,2,1,普通,5,正常,0,無壁爐,無車庫,無車庫,0,0,無車庫,無車庫,泥土或碎石,53,0,0,0,0,0,無泳池,無圍籬,無其他設施,0,6,2006,一般保證契約,一般交易,84500,11.344518647594766
127,0,1層樓社區住宅(1946年後),低密度住宅區,24.0,4928,柏油路,無巷道,略不規則,平坦,內側地,緩坡,北公園村(NPkVill),正常,正常,連棟邊間,1層樓,6,5,1976,1976,山形頂,標準瀝青瓦,夾板,夾板,無砌面,0.0,普通,普通,煤渣磚,良好,普通,無採光,普通居住空間,120,未完工,0,958,1078,瓦斯熱風,普通,有,標準斷路器,958,0,0,958,0,0,2,0,2,1,普通,5,正常,1,普通,連接主屋,粗略完工,2,440,普通,普通,鋪面,0,205,0,0,0,0,無泳池,無圍籬,無其他設施,0,2,2007,一般保證契約,一般交易,128000,11.759793355371237
128,3,1.5層樓(未完工),中密度住宅區,55.0,4388,柏油路,無巷道,略不規則,坡堤,內側地,緩坡,舊城區(OldTown),鄰近支線道路,正常,獨棟,1.5層(二樓未完工),5,7,1930,1950,山形頂,標準瀝青瓦,木瓦,木壁板,無砌面,0.0,普通,良好,磚與瓦,普通,普通,無採光,低品質空間,116,未完工,0,556,672,瓦斯熱風,極佳,有,標準斷路器,840,0,0,840,0,0,1,0,3,1,普通,5,正常,1,普通,無車庫,無車庫,0,0,無車庫,無車庫,泥土或碎石,0,0,0,0,0,0,無泳池,無圍籬,無其他設施,0,6,2007,一般保證契約,一般交易,87000,11.373674891823535
130,3,1層樓(1946年後),低密度住宅區,69.0,8973,柏油路,無巷道,規則,平坦,內側地,緩坡,北艾姆斯(NAmes),正常,正常,獨棟,1層樓,5,7,1958,1991,山形頂,標準瀝青瓦,夾板,夾板,面磚,85.0,普通,普通,煤渣磚,普通,普通,無採光,一般娛樂空間,567,低於平均居住空間,28,413,1008,瓦斯熱風,普通,有,保險絲(良),1053,0,0,1053,0,1,1,1,3,1,極佳,6,正常,0,無壁爐,多種車庫,粗略完工,2,750,普通,普通,鋪面,0,80,0,180,0,0,無泳池,簡易鐵絲網,無其他設施,0,7,2006,一般保證契約,異常交易(如法拍),150000,11.918397239722838
131,2,2層樓(1946年後),低密度住宅區,88.0,14200,柏油路,無巷道,規則,平坦,角地,緩坡,北艾姆斯(NAmes),正常,正常,獨棟,2層樓,7,6,1966,1966,山形頂,標準瀝青瓦,金屬壁板,金屬壁板,面磚,309.0,普通,普通,煤渣磚,普通,普通,無採光,一般娛樂空間,445,未完工,0,479,924,瓦斯熱風,極佳,有,標準斷路器,1216,941,0,2157,0,0,2,1,4,1,良好,8,正常,2,良好,連接主屋,已完工,2,487,普通,普通,鋪面,105,66,0,0,0,0,無泳池,隱私性佳,無其他設施,0,5,2006,一般保證契約,一般交易,226000,12.328294703023396
132,3,2層樓(1946年後),低密度住宅區,65.0,12224,柏油路,無巷道,略不規則,平坦,角地,緩坡,吉爾伯特(Gilbert),正常,正常,獨棟,2層樓,6,5,2000,2000,山形頂,標準瀝青瓦,乙烯基壁板,乙烯基壁板,面磚,40.0,良好,普通,澆置混凝土,良好,普通,無採光,優良居住空間,695,未完工,0,297,992,瓦斯熱風,極佳,有,標準斷路器,1022,1032,0,2054,1,0,2,1,3,1,良好,7,正常,1,普通,內建車庫,粗略完工,2,390,普通,普通,鋪面,24,48,0,0,0,0,無泳池,無圍籬,無其他設施,0,7,2009,一般保證契約,一般交易,244000,12.404927602627597
133,1,1層樓(1946年後),低密度住宅區,75.0,7388,柏油路,無巷道,規則,平坦,角地,緩坡,北艾姆斯(NAmes),正常,正常,獨棟,1層樓,5,6,1959,2002,山形頂,標準瀝青瓦,金屬壁板,金屬壁板,無砌面,0.0,普通,普通,煤渣磚,普通,普通,無採光,一般娛樂空間,405,未完工,0,658,1063,瓦斯熱風,良好,有,標準斷路器,1327,0,0,1327,1,0,1,0,3,1,良好,7,正常,0,無壁爐,獨立車庫,未完工,2,624,普通,普通,鋪面,0,0,0,0,0,0,無泳池,無圍籬,無其他設施,0,7,2007,一般保證契約,一般交易,150750,11.923384748066601
134,0,1層樓(1946年後),低密度住宅區,85.0,6853,柏油路,無巷道,略不規則,平坦,內側地,緩坡,林地(Timber),正常,正常,獨棟,1層樓,8,5,2001,2002,山形頂,標準瀝青瓦,乙烯基壁板,乙烯基壁板,面磚,136.0,良好,普通,澆置混凝土,極佳,普通,無採光,優良居住空間,1005,未完工,0,262,1267,瓦斯熱風,極佳,有,標準斷路器,1296,0,0,1296,1,0,2,0,2,1,良好,6,正常,0,無壁爐,連接主屋,已完工,2,471,普通,普通,鋪面,192,25,0,0,0,0,無泳池,無圍籬,無其他設施,0,6,2009,一般保證契約,一般交易,220000,12.301387370778713
135,2,1層樓(1946年後),低密度住宅區,78.0,10335,柏油路,無巷道,略不規則,平坦,內側地,緩坡,索耶(Sawyer),正常,正常,獨棟,1層樓,5,6,1968,1993,山形頂,標準瀝青瓦,夾板,夾板,無砌面,0.0,普通,普通,煤渣磚,普通,普通,無採光,一般娛樂空間,570,未完工,0,891,1461,瓦斯熱風,良好,有,標準斷路器,1721,0,0,1721,0,0,2,1,3,1,普通,7,輕微扣分1,1,普通,連接主屋,粗略完工,2,440,普通,普通,鋪面,0,96,180,0,0,0,無泳池,隱私性低,無其他設施,0,7,2006,一般保證契約,一般交易,180000,12.100717685412471
136,0,1層樓(1946年後),低密度住宅區,80.0,10400,柏油路,無巷道,規則,平坦,內側地,緩坡,西北艾姆斯(NWAmes),正常,正常,獨棟,1層樓,7,6,1970,1970,四坡頂,標準瀝青瓦,夾板,夾板,面磚,288.0,普通,普通,澆置混凝土,普通,普通,無採光,未完工,0,未完工,0,1304,1304,瓦斯熱風,良好,有,標準斷路器,1682,0,0,1682,0,0,2,0,3,1,普通,7,正常,1,良好,連接主屋,未完工,2,530,普通,普通,鋪面,98,0,0,0,0,0,無泳池,隱私性低,無其他設施,0,5,2008,一般保證契約,一般交易,174000,12.066816325306588
137,1,1層樓(1946年後),低密度住宅區,74.5,10355,柏油路,無巷道,略不規則,平坦,角地,緩坡,北艾姆斯(NAmes),正常,正常,獨棟,1層樓,5,5,1967,1967,山形頂,標準瀝青瓦,金屬壁板,金屬壁板,面磚,196.0,普通,普通,煤渣磚,普通,普通,無採光,低於平均居住空間,695,未完工,0,519,1214,瓦斯熱風,普通,有,標準斷路器,1214,0,0,1214,0,0,2,0,3,1,普通,5,正常,1,尚可,連接主屋,粗略完工,1,318,普通,普通,鋪面,0,111,0,0,0,0,無泳池,無圍籬,無其他設施,0,7,2007,一般保證契約,一般交易,143000,11.870606902224587
138,3,雙拼住宅,低密度住宅區,82.0,11070,柏油路,無巷道,規則,平坦,內側地,緩坡,米切爾(Mitchel),正常,正常,雙拼,1層樓,7,5,1988,1989,山形頂,標準瀝青瓦,乙烯基壁板,乙烯基壁板,面磚,70.0,普通,普通,煤渣磚,普通,普通,無採光,未完工,0,未完工,0,1907,1907,瓦斯熱風,良好,有,標準斷路器,1959,0,0,1959,0,0,3,0,5,2,普通,9,正常,0,無壁爐,多種車庫,未完工,3,766,普通,普通,鋪面,0,0,0,0,0,0,無泳池,無圍籬,無其他設施,0,7,2006,一般保證契約,親友交易,171000,12.049424683420915
139,4,2層樓(1946年後),低密度住宅區,73.0,9066,柏油路,無巷道,略不規則,平坦,內側地,緩坡,學院溪(CollgCr),正常,正常,獨棟,2層樓,8,5,1999,2000,山形頂,標準瀝青瓦,乙烯基壁板,乙烯基壁板,面磚,320.0,良好,普通,澆置混凝土,良好,普通,採光少,優良居住空間,668,未完工,0,336,1004,瓦斯熱風,極佳,有,標準斷路器,1004,848,0,1852,0,0,2,1,3,1,良好,7,正常,2,普通,連接主屋,已完工,3,660,普通,普通,鋪面,224,106,0,0,0,0,無泳池,隱私性佳,無其他設施,0,12,2008,一般保證契約,一般交易,230000,12.345838935721968
140,0,2層樓(1946年後),低密度住宅區,65.0,15426,柏油路,無巷道,略不規則,平坦,內側地,緩坡,學院溪(CollgCr),正常,正常,獨棟,2層樓,6,5,1997,1997,山形頂,標準瀝青瓦,乙烯基壁板,乙烯基壁板,無砌面,0.0,普通,普通,澆置混凝土,良好,普通,無採光,優良居住空間,821,未完工,0,107,928,瓦斯熱風,極佳,有,標準斷路器,928,836,0,1764,1,0,2,1,3,1,良好,7,正常,0,無壁爐,連接主屋,粗略完工,2,470,普通,普通,鋪面,276,99,0,0,0,0,無泳池,隱私性低,無其他設施,0,8,2009,一般保證契約,一般交易,231500,12.352339472153524
141,2,1層樓(1946年後),低密度住宅區,70.0,10500,柏油路,無巷道,規則,平坦,兩面臨路,緩坡,北艾姆斯(NAmes),正常,正常,獨棟,1層樓,4,5,1971,1971,山形頂,標準瀝青瓦,硬質纖維板,硬質纖維板,無砌面,0.0,普通,普通,煤渣磚,普通,普通,無採光,普通居住空間,432,未完工,0,432,864,瓦斯熱風,普通,有,標準斷路器,864,0,0,864,0,0,1,0,3,1,普通,5,正常,1,差,無車庫,無車庫,0,0,無車庫,無車庫,鋪面,0,0,0,0,0,0,無泳池,無圍籬,無其他設施,0,4,2010,低利合約,一般交易,115000,11.652696102959753
143,3,1.5層樓(已完工),低密度住宅區,71.0,8520,柏油路,無巷道,規則,平坦,角地,緩坡,北艾姆斯(NAmes),鄰近主幹道,正常,獨棟,1.5層(二樓完工),5,4,1952,1952,山形頂,標準瀝青瓦,面磚,木壁板,無砌面,0.0,普通,尚可,煤渣磚,普通,普通,無採光,一般娛樂空間,507,未完工,0,403,910,瓦斯熱風,尚可,有,標準斷路器,910,475,0,1385,0,0,2,0,4,1,普通,6,正常,0,無壁爐,獨立車庫,未完工,2,720,普通,普通,鋪面,0,0,0,0,0,0,無泳池,隱私性低,無其他設施,0,6,2010,一般保證契約,一般交易,166000,12.019749091416921
144,3,1層樓(1946年後),低密度住宅區,78.0,10335,柏油路,無巷道,略不規則,平坦,內側地,緩坡,學院溪(CollgCr),正常,正常,獨棟,1層樓,7,5,1999,1999,山形頂,標準瀝青瓦,乙烯基壁板,乙烯基壁板,面磚,183.0,良好,普通,澆置混凝土,良好,普通,採光良好,優良居住空間,679,未完工,0,811,1490,瓦斯熱風,極佳,有,標準斷路器,1501,0,0,1501,1,0,2,0,3,1,良好,6,正常,0,無壁爐,連接主屋,粗略完工,2,577,普通,普通,鋪面,144,29,0,0,0,0,無泳池,無圍籬,無其他設施,0,6,2009,一般保證契約,一般交易,204000,12.225880174775122
145,3,雙拼住宅,中密度住宅區,70.0,9100,柏油路,無巷道,規則,平坦,內側地,緩坡,索耶(Sawyer),緊鄰東西向鐵路,正常,雙拼,1層樓,5,5,1963,1963,山形頂,標準瀝青瓦,硬質纖維板,硬質纖維板,面磚,336.0,普通,普通,煤渣磚,普通,普通,無採光,一般娛樂空間,1332,未完工,0,396,1728,瓦斯熱風,普通,有,標準斷路器,1728,0,0,1728,1,0,2,0,6,2,普通,10,正常,0,無壁爐,獨立車庫,未完工,2,504,普通,普通,鋪面,0,0,0,0,0,0,無泳池,無圍籬,無其他設施,0,11,2006,低利合約,異常交易(如法拍),125000,11.736077016252437
146,2,2層樓社區住宅(1946年後),中密度住宅區,24.0,2522,柏油路,無巷道,規則,平坦,內側地,緩坡,愛德華茲(Edwards),正常,正常,連棟中間,2層樓,6,5,2004,2006,山形頂,標準瀝青瓦,乙烯基壁板,乙烯基壁板,石材,50.0,良好,普通,澆置混凝土,良好,普通,無採光,未完工,0,未完工,0,970,970,瓦斯熱風,極佳,有,標準斷路器,970,739,0,1709,0,0,2,0,3,1,良好,7,重大扣分1,0,無壁爐,獨立車庫,未完工,2,380,普通,普通,鋪面,0,40,0,0,0,0,無泳池,無圍籬,無其他設施,0,4,2006,一般保證契約,一般交易,130000,11.775297421715827
147,3,1層樓(1945年前),中密度住宅區,51.0,6120,柏油路,無巷道,規則,平坦,角地,緩坡,布魯克賽德(BrkSide),正常,正常,獨棟,1層樓,5,7,1931,1993,山形頂,標準瀝青瓦,木壁板,木壁板,無砌面,0.0,普通,普通,磚與瓦,普通,普通,無採光,低於平均居住空間,209,未完工,0,506,715,瓦斯熱風,普通,有,保險絲(良),875,0,0,875,1,0,1,0,2,1,普通,5,正常,0,無壁爐,獨立車庫,未完工,1,180,尚可,普通,鋪面,48,0,0,0,0,0,無泳池,無圍籬,無其他設施,0,11,2009,一般保證契約,一般交易,105000,11.561725152903833
148,1,2層樓(1946年後),低密度住宅區,65.0,9505,柏油路,無巷道,略不規則,平坦,死巷底,緩坡,吉爾伯特(Gilbert),正常,正常,獨棟,2層樓,7,5,2001,2001,山形頂,標準瀝青瓦,乙烯基壁板,乙烯基壁板,面磚,180.0,良好,普通,澆置混凝土,良好,普通,無採光,未完工,0,未完工,0,884,884,瓦斯熱風,極佳,有,標準斷路器,884,1151,0,2035,0,0,2,1,3,1,良好,8,正常,1,良好,內建車庫,已完工,2,434,普通,普通,鋪面,144,48,0,0,0,0,無泳池,無圍籬,無其他設施,0,5,2010,一般保證契約,一般交易,222500,12.312686874960354
149,4,1層樓(1946年後),低密度住宅區,63.0,7500,柏油路,無巷道,規則,平坦,內側地,緩坡,西索耶(SawyerW),正常,正常,獨棟,1層樓,7,5,2004,2005,山形頂,標準瀝青瓦,乙烯基壁板,乙烯基壁板,面磚,120.0,普通,普通,澆置混凝土,良好,普通,無採光,優良居住空間,680,未完工,0,400,1080,瓦斯熱風,極佳,有,標準斷路器,1080,0,0,1080,1,0,1,0,3,1,良好,6,正常,0,無壁爐,無車庫,無車庫,0,0,無車庫,無車庫,鋪面,0,0,0,0,0,0,無泳池,無圍籬,無其他設施,0,4,2008,一般保證契約,一般交易,141000,11.856522261533737
150,4,1.5層樓(已完工),中密度住宅區,52.0,6240,柏油路,無巷道,規則,平坦,內側地,緩坡,布魯克賽德(BrkSide),正常,正常,獨棟,1.5層(二樓完工),5,4,1936,1950,山形頂,標準瀝青瓦,金屬壁板,金屬壁板,無砌面,0.0,普通,普通,磚與瓦,良好,普通,無採光,未完工,0,未完工,0,896,896,瓦斯熱風,良好,有,保險絲(良),896,448,0,1344,0,0,1,0,3,1,普通,7,正常,0,無壁爐,獨立車庫,未完工,1,240,尚可,普通,鋪面,200,114,0,0,0,0,無泳池,無圍籬,無其他設施,0,4,2006,一般保證契約,一般交易,115000,11.652696102959753
151,4,1層樓(1946年後),低密度住宅區,120.0,10356,柏油路,無巷道,規則,平坦,角地,緩坡,學院溪(CollgCr),正常,正常,獨棟,1層樓,5,6,1975,1975,山形頂,標準瀝青瓦,硬質纖維板,硬質纖維板,無砌面,0.0,普通,普通,煤渣磚,普通,普通,採光普通,低於平均居住空間,716,未完工,0,253,969,瓦斯熱風,普通,有,標準斷路器,969,0,0,969,0,0,1,1,3,1,普通,5,正常,0,無壁爐,連接主屋,未完工,2,440,普通,普通,鋪面,0,0,0,0,0,0,無泳池,隱私性低,無其他設施,0,1,2007,一般保證契約,一般交易,122000,11.711784520403112
152,3,1層樓(1946年後),低密度住宅區,107.0,13891,柏油路,無巷道,規則,平坦,內側地,緩坡,北嶺高地(NridgHt),正常,正常,獨棟,1層樓,8,5,2007,2008,四坡頂,標準瀝青瓦,乙烯基壁板,乙烯基壁板,石材,436.0,良好,普通,澆置混凝土,極佳,普通,採光良好,優良居住空間,1400,未完工,0,310,1710,瓦斯熱風,極佳,有,標準斷路器,1710,0,0,1710,1,0,2,0,2,1,良好,6,正常,1,良好,連接主屋,粗略完工,3,866,普通,普通,鋪面,0,102,0,0,0,0,無泳池,無圍籬,無其他設施,0,1,2008,新屋,預售屋(估價時未完工),372402,12.827731880206521
153,2,2層樓(1946年後),低密度住宅區,80.0,14803,柏油路,無巷道,略不規則,平坦,死巷底,緩坡,西北艾姆斯(NWAmes),正常,正常,獨棟,2層樓,6,5,1971,1971,山形頂,標準瀝青瓦,硬質纖維板,硬質纖維板,面磚,252.0,普通,普通,煤渣磚,普通,普通,無採光,一般娛樂空間,416,未完工,0,409,825,瓦斯熱風,良好,有,標準斷路器,1097,896,0,1993,0,0,2,1,4,1,普通,8,正常,1,良好,連接主屋,粗略完工,2,495,普通,普通,鋪面,0,66,0,0,0,0,無泳池,木圍籬佳,無其他設施,0,6,2006,一般保證契約,一般交易,190000,12.154784614286667
154,3,1層樓(1946年後),低密度住宅區,80.0,13500,柏油路,無巷道,規則,平坦,內側地,緩坡,清溪(ClearCr),正常,正常,獨棟,1層樓,6,7,1960,1975,平頂,標準瀝青瓦,面磚,夾板,無砌面,0.0,普通,普通,煤渣磚,良好,普通,採光良好,低於平均居住空間,429,普通居住空間,1080,93,1602,瓦斯熱風,良好,有,標準斷路器,1252,0,0,1252,1,0,1,0,1,1,普通,4,正常,1,良好,連接主屋,粗略完工,2,564,普通,普通,鋪面,409,0,0,0,0,0,無泳池,無圍籬,無其他設施,0,3,2008,一般保證契約,一般交易,235000,12.367345048436391
155,3,1層樓(1945年前),中密度住宅區,84.0,11340,柏油路,無巷道,規則,平坦,角地,緩坡,舊城區(OldTown),正常,正常,獨棟,1層樓,6,5,1923,1950,山形頂,標準瀝青瓦,木壁板,木壁板,無砌面,0.0,普通,普通,磚與瓦,普通,普通,無採光,未完工,0,未完工,0,1200,1200,瓦斯熱風,普通,有,保險絲(良),1200,0,0,1200,0,0,1,0,4,1,普通,7,正常,0,無壁爐,獨立車庫,未完工,1,312,尚可,尚可,鋪面,0,0,228,0,0,0,無泳池,無圍籬,無其他設施,0,3,2006,一般保證契約,親友交易,125000,11.736077016252437
156,0,1.5層樓(已完工),低密度住宅區,60.0,9600,柏油路,無巷道,規則,平坦,角地,緩坡,愛德華茲(Edwards),鄰近主幹道,正常,獨棟,1.5層(二樓完工),6,5,1924,1950,山形頂,標準瀝青瓦,木壁板,木壁板,無砌面,0.0,普通,普通,磚與瓦,普通,普通,無採光,未完工,0,未完工,0,572,572,重力式暖爐,尚可,無,保險絲(普通),572,524,0,1096,0,0,1,0,2,1,普通,5,正常,0,無壁爐,無車庫,無車庫,0,0,無車庫,無車庫,泥土或碎石,0,8,128,0,0,0,無泳池,無圍籬,無其他設施,0,4,2008,一般保證契約,一般交易,79000,11.277215789596893
157,4,1層樓(1946年後),低密度住宅區,60.0,7200,柏油路,無巷道,規則,平坦,內側地,緩坡,北艾姆斯(NAmes),正常,正常,獨棟,1層樓,5,7,1950,1950,四坡頂,標準瀝青瓦,木壁板,木壁板,無砌面,0.0,普通,普通,煤渣磚,無地下室,無地下室,無地下室,無地下室,0,無地下室,0,0,0,瓦斯熱風,普通,有,保險絲(普通),1040,0,0,1040,0,0,1,0,2,1,普通,5,正常,0,無壁爐,獨立車庫,未完工,2,625,普通,普通,鋪面,0,0,0,0,0,0,無泳池,無圍籬,無其他設施,0,6,2006,一般保證契約,一般交易,109500,11.603688960617083
158,4,2層樓(1946年後),低密度住宅區,92.0,12003,柏油路,無巷道,規則,平坦,角地,緩坡,林地(Timber),正常,正常,獨棟,2層樓,8,5,2009,2010,山形頂,標準瀝青瓦,乙烯基壁板,乙烯基壁板,面磚,84.0,良好,普通,澆置混凝土,極佳,普通,無採光,未完工,0,未完工,0,774,774,瓦斯熱風,極佳,有,標準斷路器,774,1194,0,1968,0,0,2,1,4,1,極佳,8,正常,1,良好,內建車庫,已完工,3,680,普通,普通,鋪面,0,75,0,0,0,0,無泳池,無圍籬,無其他設施,0,5,2010,新屋,預售屋(估價時未完工),269500,12.504327379899443
159,2,2層樓(1946年後),浮動村住宅區,100.0,12552,柏油路,無巷道,規則,平坦,角地,緩坡,薩默塞特(Somerst),正常,正常,獨棟,2層樓,7,5,2004,2005,山形頂,標準瀝青瓦,乙烯基壁板,乙烯基壁板,無砌面,0.0,良好,普通,澆置混凝土,良好,普通,無採光,優良居住空間,222,未完工,0,769,991,瓦斯熱風,極佳,有,標準斷路器,991,956,0,1947,0,0,2,1,3,1,良好,8,正常,1,良好,連接主屋,粗略完工,2,678,普通,普通,鋪面,0,136,0,0,0,0,無泳池,木圍籬佳,無其他設施,0,5,2010,一般保證契約,一般交易,254900,12.448630513463613
160,2,2層樓(1946年後),低密度住宅區,134.0,19378,柏油路,無巷道,略不規則,山坡,角地,緩坡,吉爾伯特(Gilbert),正常,正常,獨棟,2層樓,7,5,2005,2006,山形頂,標準瀝青瓦,乙烯基壁板,乙烯基壁板,面磚,456.0,良好,普通,澆置混凝土,良好,普通,採光少,優良居住空間,57,未完工,0,1335,1392,瓦斯熱風,極佳,有,標準斷路器,1392,1070,0,2462,1,0,2,1,4,1,良好,9,正常,1,良好,連接主屋,粗略完工,2,576,普通,普通,鋪面,239,132,0,168,0,0,無泳池,無圍籬,無其他設施,0,3,2006,新屋,預售屋(估價時未完工),320000,12.676079399771027
161,2,1層樓(1946年後),低密度住宅區,68.0,11120,柏油路,無巷道,略不規則,平坦,死巷底,緩坡,文克(Veenker),正常,正常,獨棟,1層樓,6,6,1984,1984,山形頂,標準瀝青瓦,夾板,夾板,無砌面,0.0,普通,普通,澆置混凝土,良好,普通,無採光,低於平均居住空間,660,未完工,0,572,1232,瓦斯熱風,普通,有,標準斷路器,1232,0,0,1232,0,0,2,0,3,1,普通,6,正常,0,無壁爐,連接主屋,未完工,2,516,普通,普通,鋪面,0,0,0,0,0,0,無泳池,無圍籬,無其他設施,0,6,2008,一般保證契約,一般交易,162500,11.998439434579149
162,4,2層樓(1946年後),低密度住宅區,110.0,13688,柏油路,無巷道,略不規則,平坦,內側地,緩坡,北嶺高地(NridgHt),正常,正常,獨棟,2層樓,9,5,2003,2004,山形頂,標準瀝青瓦,乙烯基壁板,乙烯基壁板,面磚,664.0,良好,普通,澆置混凝土,極佳,普通,採光普通,優良居住空間,1016,未完工,0,556,1572,瓦斯熱風,極佳,有,標準斷路器,1572,1096,0,2668,1,0,2,1,3,1,極佳,10,正常,2,良好,內建車庫,已完工,3,726,普通,普通,鋪面,400,0,0,0,0,0,無泳池,無圍籬,無其他設施,0,3,2008,一般保證契約,一般交易,412500,12.929993908996359
163,0,1層樓(1946年後),低密度住宅區,95.0,12182,柏油路,無巷道,規則,平坦,角地,緩坡,北嶺高地(NridgHt),正常,正常,獨棟,1層樓,7,5,2005,2005,山形頂,標準瀝青瓦,乙烯基壁板,乙烯基壁板,面磚,226.0,良好,普通,澆置混凝土,良好,普通,採光少,低於平均居住空間,1201,未完工,0,340,1541,瓦斯熱風,極佳,有,標準斷路器,1541,0,0,1541,0,0,2,0,3,1,良好,7,正常,1,良好,連接主屋,粗略完工,2,532,普通,普通,鋪面,0,70,0,0,0,0,無泳池,無圍籬,無其他設施,0,5,2010,新屋,預售屋(估價時未完工),220000,12.301387370778713
165,1,1層樓含完工閣樓,中密度住宅區,40.0,5400,柏油路,柏油巷,規則,平坦,角地,緩坡,舊城區(OldTown),正常,正常,獨棟,1層樓,6,7,1926,2004,山形頂,標準瀝青瓦,金屬壁板,金屬壁板,無砌面,0.0,普通,良好,磚與瓦,普通,普通,採光少,低品質空間,370,未完工,0,779,1149,瓦斯熱風,良好,有,保險絲(良),1149,467,0,1616,0,0,2,0,3,1,良好,5,正常,0,無壁爐,獨立車庫,未完工,1,216,普通,普通,鋪面,0,0,183,0,0,0,無泳池,無圍籬,無其他設施,0,10,2007,一般保證契約,一般交易,152000,11.931642378754141
166,1,兩戶改建住宅,低密度住宅區,62.0,10106,柏油路,無巷道,規則,平坦,內側地,緩坡,愛德華茲(Edwards),正常,正常,兩戶改建,1.5層(二樓完工),5,7,1940,1999,山形頂,標準瀝青瓦,木壁板,木壁板,無砌面,0.0,普通,良好,磚與瓦,普通,普通,無採光,普通居住空間,351,一般娛樂空間,181,112,644,瓦斯熱風,良好,有,標準斷路器,808,547,0,1355,1,0,2,0,4,2,普通,6,正常,0,無壁爐,無車庫,無車庫,0,0,無車庫,無車庫,鋪面,140,0,0,0,0,0,無泳池,無圍籬,無其他設施,0,9,2008,一般保證契約,一般交易,127500,11.755879486687116
167,0,1層樓(1946年後),低密度住宅區,80.0,10708,柏油路,無巷道,略不規則,平坦,內側地,緩坡,清溪(ClearCr),正常,正常,獨棟,1層樓,5,5,1955,1993,四坡頂,標準瀝青瓦,木壁板,木壁板,無砌面,0.0,良好,普通,煤渣磚,普通,普通,無採光,低品質空間,379,低於平均居住空間,768,470,1617,瓦斯熱風,極佳,有,保險絲(良),1867,0,0,1867,1,0,1,0,2,1,普通,7,正常,3,良好,連接主屋,已完工,1,303,普通,普通,鋪面,476,0,0,0,142,0,無泳池,木圍籬佳,無其他設施,0,11,2009,法院或遺產拍賣,一般交易,190000,12.154784614286667
168,0,2層樓(1946年後),低密度住宅區,86.0,10562,柏油路,無巷道,規則,平坦,內側地,緩坡,北嶺高地(NridgHt),正常,正常,獨棟,2層樓,8,5,2007,2007,山形頂,標準瀝青瓦,乙烯基壁板,乙烯基壁板,石材,300.0,良好,普通,澆置混凝土,極佳,普通,無採光,優良居住空間,1288,未完工,0,294,1582,瓦斯熱風,極佳,有,標準斷路器,1610,551,0,2161,1,0,1,1,3,1,極佳,8,正常,1,良好,連接主屋,已完工,3,789,普通,普通,鋪面,178,120,0,0,0,0,無泳池,無圍籬,無其他設施,0,11,2007,新屋,預售屋(估價時未完工),325624,12.693501691489768
170,0,1層樓(1946年後),低密度住宅區,85.0,16669,柏油路,無巷道,略不規則,平坦,角地,緩坡,林地(Timber),正常,正常,獨棟,1層樓,8,6,1981,1981,四坡頂,劈製木瓦,夾板,夾板,面磚,653.0,良好,普通,煤渣磚,良好,普通,無採光,未完工,0,未完工,0,1686,1686,瓦斯熱風,普通,有,標準斷路器,1707,0,0,1707,0,0,2,1,2,1,普通,6,正常,1,普通,連接主屋,粗略完工,2,511,普通,普通,鋪面,574,64,0,0,0,0,無泳池,無圍籬,無其他設施,0,1,2006,一般保證契約,一般交易,228000,12.337105293891872
171,0,1.5層樓(已完工),中密度住宅區,60.0,12358,柏油路,無巷道,略不規則,平坦,內側地,緩坡,舊城區(OldTown),鄰近支線道路,正常,獨棟,1.5層(二樓完工),5,6,1941,1950,山形頂,標準瀝青瓦,金屬壁板,金屬壁板,無砌面,0.0,普通,普通,煤渣磚,普通,普通,無採光,一般娛樂空間,360,未完工,0,360,720,瓦斯熱風,普通,有,標準斷路器,854,0,528,1382,0,0,1,1,2,1,普通,7,正常,0,無壁爐,獨立車庫,未完工,2,660,普通,普通,鋪面,237,0,0,0,0,0,無泳池,無圍籬,無其他設施,0,5,2007,一般保證契約,一般交易,128500,11.763691965388299
172,3,1層樓(1946年後),低密度住宅區,141.0,31770,柏油路,無巷道,略不規則,平坦,角地,緩坡,北艾姆斯(NAmes),正常,正常,獨棟,1層樓,6,5,1960,1960,四坡頂,標準瀝青瓦,面磚,夾板,石材,112.0,普通,普通,煤渣磚,普通,良好,採光良好,低於平均居住空間,639,未完工,0,441,1080,瓦斯熱風,尚可,有,標準斷路器,1656,0,0,1656,1,0,1,0,3,1,普通,7,正常,2,良好,連接主屋,已完工,2,528,普通,普通,部分鋪面,210,62,0,0,0,0,無泳池,無圍籬,無其他設施,0,5,2010,一般保證契約,一般交易,215000,12.278397958261774
173,4,2層樓社區住宅(1946年後),低密度住宅區,44.0,5306,柏油路,無巷道,略不規則,平坦,內側地,緩坡,石橋(StoneBr),正常,正常,連棟邊間,2層樓,7,7,1987,1987,山形頂,標準瀝青瓦,硬質纖維板,硬質纖維板,無砌面,0.0,良好,良好,澆置混凝土,良好,良好,無採光,優良居住空間,495,一般娛樂空間,215,354,1064,瓦斯熱風,良好,有,標準斷路器,1064,703,0,1767,1,0,2,0,2,1,良好,5,正常,1,普通,連接主屋,粗略完工,2,504,良好,普通,鋪面,441,35,0,0,0,0,無泳池,無圍籬,無其他設施,0,6,2006,一般保證契約,一般交易,239000,12.384223015005313
174,2,1層樓(1946年後),低密度住宅區,80.0,10197,柏油路,無巷道,略不規則,平坦,內側地,緩坡,北艾姆斯(NAmes),正常,正常,獨棟,1層樓,6,5,1961,1961,山形頂,標準瀝青瓦,木瓦,木瓦,一般磚,491.0,普通,普通,煤渣磚,普通,普通,無採光,普通居住空間,288,一般娛樂空間,374,700,1362,瓦斯熱風,普通,有,標準斷路器,1362,0,0,1362,1,0,1,1,3,1,普通,6,正常,1,普通,連接主屋,未完工,2,504,普通,普通,鋪面,0,20,0,0,0,0,無泳池,無圍籬,無其他設施,0,6,2008,法院或遺產拍賣,一般交易,163000,12.001511614739405
175,2,1層樓(1946年後),低密度住宅區,47.0,12416,柏油路,無巷道,略不規則,平坦,內側地,緩坡,林地(Timber),正常,正常,獨棟,1層樓,6,5,1986,1986,山形頂,標準瀝青瓦,乙烯基壁板,夾板,石材,132.0,普通,普通,煤渣磚,良好,尚可,無採光,普通居住空間,1398,低品質空間,208,0,1606,瓦斯熱風,普通,有,標準斷路器,1651,0,0,1651,1,0,2,0,3,1,普通,7,輕微扣分2,1,普通,連接主屋,已完工,2,616,普通,普通,鋪面,192,0,0,0,0,0,無泳池,無圍籬,無其他設施,0,11,2008,一般保證契約,一般交易,184000,12.122696471358964
177,4,2層樓(1946年後),低密度住宅區,97.0,10029,柏油路,無巷道,略不規則,平坦,角地,緩坡,清溪(ClearCr),正常,正常,獨棟,2層樓,6,5,1988,1989,山形頂,標準瀝青瓦,夾板,夾板,面磚,268.0,良好,普通,澆置混凝土,良好,普通,無採光,優良居住空間,831,未完工,0,320,1151,瓦斯熱風,普通,有,標準斷路器,1164,896,0,2060,0,1,2,1,4,1,普通,8,正常,1,普通,連接主屋,未完工,2,521,普通,普通,鋪面,0,228,0,0,192,0,無泳池,無圍籬,無其他設施,0,9,2007,一般保證契約,一般交易,211000,12.259618151783465
178,4,1.5層樓(已完工),低密度住宅區,70.5,13650,柏油路,無巷道,規則,平坦,內側地,緩坡,索耶(Sawyer),正常,正常,獨棟,1.5層(二樓完工),5,5,1958,1958,山形頂,標準瀝青瓦,金屬壁板,金屬壁板,無砌面,0.0,良好,良好,煤渣磚,普通,普通,無採光,普通居住空間,57,低於平均居住空間,441,554,1052,瓦斯熱風,極佳,有,標準斷路器,1252,668,0,1920,1,0,2,0,4,1,良好,8,正常,1,良好,連接主屋,未完工,2,451,普通,普通,鋪面,0,0,0,0,0,0,無泳池,無圍籬,無其他設施,0,7,2006,一般保證契約,一般交易,172500,12.058158312538197
179,2,1層樓(1946年後),低密度住宅區,63.0,17423,柏油路,無巷道,略不規則,平坦,死巷底,緩坡,石橋(StoneBr),正常,正常,獨棟,1層樓,9,5,2008,2009,四坡頂,標準瀝青瓦,乙烯基壁板,乙烯基壁板,石材,748.0,極佳,普通,澆置混凝土,極佳,普通,無採光,優良居住空間,1904,未完工,0,312,2216,瓦斯熱風,極佳,有,標準斷路器,2234,0,0,2234,1,0,2,0,1,1,極佳,9,正常,1,良好,連接主屋,已完工,3,1166,普通,普通,鋪面,0,60,0,0,0,0,無泳池,無圍籬,無其他設施,0,7,2009,新屋,預售屋(估價時未完工),501837,13.126032637428713
180,3,1層樓(1945年前),中密度住宅區,60.0,8520,柏油路,無巷道,規則,平坦,內側地,緩坡,舊城區(OldTown),正常,正常,獨棟,1層樓,5,6,1923,2006,山形頂,標準瀝青瓦,木壁板,木壁板,無砌面,0.0,良好,普通,煤渣磚,普通,普通,無採光,未完工,0,未完工,0,968,968,瓦斯熱風,普通,有,標準斷路器,968,0,0,968,0,0,1,0,2,1,普通,5,正常,0,無壁爐,獨立車庫,未完工,2,480,尚可,普通,泥土或碎石,0,0,184,0,0,0,無泳池,無圍籬,無其他設施,0,7,2007,一般保證契約,一般交易,100000,11.51293546492023
181,4,2層樓社區住宅(1946年後),浮動村住宅區,73.5,2117,柏油路,無巷道,規則,平坦,內側地,緩坡,薩默塞特(Somerst),正常,正常,連棟中間,2層樓,6,5,2000,2000,山形頂,標準瀝青瓦,金屬壁板,金屬壁板,面磚,456.0,良好,普通,澆置混凝土,良好,普通,無採光,優良居住空間,436,未完工,0,320,756,瓦斯熱風,極佳,有,標準斷路器,769,756,0,1525,0,0,2,1,3,1,良好,5,正常,1,普通,獨立車庫,未完工,2,440,普通,普通,鋪面,0,0,0,0,0,0,無泳池,無圍籬,無其他設施,0,6,2007,一般保證契約,一般交易,177000,12.083910661257521
182,3,2層樓(1945年前),低密度住宅區,54.0,7588,柏油路,無巷道,規則,平坦,內側地,緩坡,克勞福德(Crawfor),正常,正常,獨棟,2層樓,7,6,1920,1950,山形頂,標準瀝青瓦,灰泥,灰泥,無砌面,0.0,普通,普通,磚與瓦,尚可,普通,無採光,低品質空間,352,未完工,0,441,793,瓦斯熱風,良好,有,標準斷路器,901,901,0,1802,0,0,1,1,4,1,普通,9,正常,1,良好,獨立車庫,未完工,1,216,尚可,普通,鋪面,0,0,40,0,0,0,無泳池,無圍籬,無其他設施,0,7,2006,一般保證契約,一般交易,200100,12.206577518060588
183,3,1層樓(1946年後),低密度住宅區,60.0,9060,柏油路,無巷道,規則,平坦,內側地,緩坡,愛德華茲(Edwards),鄰近主幹道,正常,獨棟,1層樓,5,6,1957,2006,四坡頂,標準瀝青瓦,木壁板,木壁板,面磚,98.0,普通,普通,澆置混凝土,無地下室,無地下室,無地下室,無地下室,0,無地下室,0,0,0,瓦斯熱風,極佳,有,標準斷路器,1340,0,0,1340,0,0,1,0,3,1,普通,7,正常,1,良好,連接主屋,粗略完工,1,252,普通,普通,鋪面,116,0,0,180,0,0,無泳池,隱私性低,無其他設施,0,6,2007,一般保證契約,一般交易,120000,11.695255355062795
184,3,1.5層樓(已完工),中密度住宅區,63.0,11426,柏油路,無巷道,規則,平坦,內側地,緩坡,舊城區(OldTown),正常,正常,獨棟,1.5層(二樓完工),7,5,2003,2003,山形頂,標準瀝青瓦,乙烯基壁板,乙烯基壁板,無砌面,0.0,普通,普通,澆置混凝土,良好,普通,無採光,未完工,0,未完工,0,1362,1362,瓦斯熱風,極佳,有,標準斷路器,1362,720,0,2082,0,0,2,1,3,1,良好,6,中度扣分,0,無壁爐,獨立車庫,未完工,2,484,普通,普通,泥土或碎石,280,238,0,0,0,0,無泳池,無圍籬,無其他設施,0,6,2008,一般保證契約,一般交易,200000,12.206077645517674
186,3,2.5層樓,中密度住宅區,90.0,22950,柏油路,無巷道,中度不規則,平坦,內側地,緩坡,舊城區(OldTown),鄰近主幹道,正常,獨棟,2.5層(三樓完工),10,9,1892,1993,山形頂,鋸製木瓦,木壁板,木壁板,無砌面,0.0,良好,良好,磚與瓦,普通,普通,採光少,未完工,0,未完工,0,1107,1107,瓦斯熱風,極佳,有,標準斷路器,1518,1518,572,3608,0,0,2,1,4,1,極佳,12,正常,2,普通,獨立車庫,未完工,3,840,極佳,普通,鋪面,0,260,0,0,410,0,無泳池,隱私性佳,無其他設施,0,6,2006,一般保證契約,一般交易,475000,13.07107218827772
187,0,錯層式,低密度住宅區,71.0,9947,柏油路,無巷道,略不規則,平坦,死巷底,緩坡,米切爾(Mitchel),正常,正常,獨棟,錯層,7,5,1990,1991,山形頂,標準瀝青瓦,硬質纖維板,硬質纖維板,無砌面,0.0,普通,普通,澆置混凝土,良好,普通,採光普通,優良居住空間,611,未完工,0,577,1188,瓦斯熱風,極佳,有,標準斷路器,1217,0,0,1217,1,0,2,0,3,1,良好,6,正常,0,無壁爐,連接主屋,未完工,2,497,普通,普通,鋪面,168,27,0,0,0,0,無泳池,隱私性佳,無其他設施,0,6,2009,一般保證契約,一般交易,173000,12.06105265381003
188,0,1.5層樓(已完工),低密度住宅區,60.0,10410,柏油路,無巷道,規則,平坦,內側地,緩坡,舊城區(OldTown),正常,正常,獨棟,1.5層(二樓完工),5,7,1916,1987,山形頂,標準瀝青瓦,硬質纖維板,硬質纖維板,無砌面,0.0,普通,普通,煤渣磚,尚可,普通,無採光,未完工,0,未完工,0,660,660,瓦斯熱風,極佳,有,標準斷路器,808,704,144,1656,0,0,2,1,3,1,普通,8,輕微扣分2,0,無壁爐,獨立車庫,未完工,1,180,尚可,尚可,泥土或碎石,0,0,0,140,0,0,無泳池,隱私性低,無其他設施,0,8,2009,一般保證契約,一般交易,135000,11.813037464800539
189,3,雙拼住宅,低密度住宅區,64.0,7018,柏油路,無巷道,規則,坡堤,內側地,緩坡,西索耶(SawyerW),鄰近支線道路,正常,雙拼,錯層玄關,5,5,1979,1979,山形頂,標準瀝青瓦,夾板,夾板,石材,275.0,普通,普通,煤渣磚,良好,普通,採光普通,優良居住空間,1086,未完工,0,0,1086,瓦斯熱風,普通,有,標準斷路器,1224,0,0,1224,2,0,0,2,2,2,普通,6,正常,2,普通,獨立車庫,未完工,2,528,普通,普通,鋪面,120,0,0,0,0,0,無泳池,無圍籬,無其他設施,0,6,2009,一般保證契約,兩筆相連物件分配,153337,11.940399914116648
190,0,1層樓社區住宅(1946年後),低密度住宅區,41.0,4923,柏油路,無巷道,規則,平坦,內側地,緩坡,石橋(StoneBr),正常,正常,連棟邊間,1層樓,8,5,2001,2002,山形頂,標準瀝青瓦,水泥板,水泥板,無砌面,0.0,良好,普通,澆置混凝土,極佳,普通,採光普通,優良居住空間,1153,未完工,0,440,1593,瓦斯熱風,極佳,有,標準斷路器,1593,0,0,1593,1,0,1,1,0,1,極佳,5,正常,1,良好,連接主屋,已完工,2,682,普通,普通,鋪面,0,120,0,0,224,0,無泳池,無圍籬,無其他設施,0,8,2008,一般保證契約,一般交易,286000,12.563750586299374
191,3,2層樓(1945年前),低密度住宅區,70.0,10570,柏油路,無巷道,規則,坡堤,內側地,中坡,克勞福德(Crawfor),正常,正常,獨棟,2層樓,8,8,1932,1994,四坡頂,標準瀝青瓦,面磚,面磚,無砌面,0.0,良好,普通,煤渣磚,良好,良好,無採光,一般娛樂空間,297,未完工,0,556,853,瓦斯熱風,普通,有,標準斷路器,1549,1178,0,2727,0,0,2,1,3,1,良好,10,重大扣分1,2,普通,獨立車庫,未完工,2,440,普通,普通,鋪面,0,74,0,0,0,0,無泳池,無圍籬,無其他設施,0,12,2007,一般保證契約,一般交易,315000,12.660331092405906
192,3,2層樓(1946年後),低密度住宅區,74.5,7472,柏油路,無巷道,略不規則,平坦,死巷底,緩坡,北艾姆斯(NAmes),正常,正常,獨棟,2層樓,7,9,1972,2004,山形頂,標準瀝青瓦,硬質纖維板,硬質纖維板,面磚,138.0,普通,普通,煤渣磚,普通,普通,無採光,普通居住空間,626,未完工,0,99,725,瓦斯熱風,良好,有,標準斷路器,725,754,0,1479,1,0,1,1,4,1,良好,7,正常,0,無壁爐,連接主屋,已完工,2,484,普通,普通,鋪面,0,32,0,0,0,0,無泳池,無圍籬,無其他設施,0,6,2007,一般保證契約,一般交易,184000,12.122696471358964
194,4,2層樓社區住宅(1946年後),中密度住宅區,24.0,2522,柏油路,無巷道,規則,平坦,內側地,緩坡,愛德華茲(Edwards),正常,正常,連棟中間,2層樓,7,5,2004,2004,山形頂,標準瀝青瓦,乙烯基壁板,乙烯基壁板,石材,50.0,良好,普通,澆置混凝土,良好,普通,無採光,未完工,0,未完工,0,970,970,瓦斯熱風,極佳,有,標準斷路器,970,739,0,1709,0,0,2,0,3,1,良好,7,重大扣分1,0,無壁爐,獨立車庫,未完工,2,380,普通,普通,鋪面,0,40,0,0,0,0,無泳池,無圍籬,無其他設施,0,5,2006,一般保證契約,一般交易,130000,11.775297421715827
195,3,1層樓(1946年後),低密度住宅區,60.0,7180,柏油路,無巷道,略不規則,平坦,內側地,緩坡,學院溪(CollgCr),正常,正常,獨棟,1層樓,5,7,1972,1972,四坡頂,標準瀝青瓦,硬質纖維板,硬質纖維板,無砌面,0.0,普通,普通,煤渣磚,普通,普通,採光普通,普通居住空間,390,未完工,0,474,864,瓦斯熱風,普通,有,標準斷路器,864,0,0,864,0,0,1,0,3,1,普通,5,正常,0,無壁爐,獨立車庫,未完工,1,352,普通,普通,鋪面,0,0,0,0,0,0,無泳池,無圍籬,無其他設施,0,5,2008,一般保證契約,一般交易,127000,11.751950239425476
196,0,2層樓社區住宅(1946年後),低密度住宅區,24.0,2280,柏油路,無巷道,規則,平坦,兩面臨路,緩坡,北公園村(NPkVill),正常,正常,連棟中間,2層樓,6,6,1976,1976,山形頂,標準瀝青瓦,夾板,一般磚,無砌面,0.0,普通,普通,煤渣磚,良好,普通,無採光,普通居住空間,566,未完工,0,289,855,瓦斯熱風,普通,有,標準斷路器,855,601,0,1456,0,0,2,1,3,1,普通,7,正常,1,普通,連接主屋,未完工,2,440,普通,普通,鋪面,87,0,0,0,0,0,無泳池,無圍籬,無其他設施,0,7,2009,一般保證契約,一般交易,148500,11.908346971208951
198,2,2.5層樓,低密度住宅區,174.0,25419,柏油路,無巷道,規則,平坦,角地,緩坡,北艾姆斯(NAmes),鄰近主幹道,正常,獨棟,2層樓,8,4,1918,1990,山形頂,標準瀝青瓦,灰泥,灰泥,無砌面,0.0,良好,良好,澆置混凝土,普通,普通,無採光,優良居住空間,1036,低品質空間,184,140,1360,瓦斯熱風,良好,有,標準斷路器,1360,1360,392,3112,1,1,2,0,4,1,良好,8,正常,1,極佳,獨立車庫,未完工,2,795,普通,普通,鋪面,0,16,552,0,0,512,極佳,隱私性佳,無其他設施,0,3,2006,一般保證契約,異常交易(如法拍),235000,12.367345048436391
200,1,1層樓(1946年後),低密度住宅區,76.0,9591,柏油路,無巷道,規則,平坦,內側地,緩坡,北嶺高地(NridgHt),正常,正常,獨棟,1層樓,8,5,2004,2005,四坡頂,標準瀝青瓦,乙烯基壁板,乙烯基壁板,面磚,262.0,良好,普通,澆置混凝土,極佳,普通,採光普通,優良居住空間,1088,未完工,0,625,1713,瓦斯熱風,極佳,有,標準斷路器,1713,0,0,1713,1,0,2,0,3,1,極佳,7,正常,1,良好,連接主屋,已完工,3,856,普通,普通,鋪面,0,26,0,0,170,0,無泳池,無圍籬,無其他設施,0,1,2009,一般保證契約,一般交易,274900,12.524166311833152
201,4,1層樓(1946年後),中密度住宅區,80.0,8546,柏油路,無巷道,規則,平坦,角地,緩坡,愛德華茲(Edwards),正常,正常,獨棟,1層樓,4,5,2003,2004,山形頂,標準瀝青瓦,乙烯基壁板,乙烯基壁板,無砌面,0.0,普通,普通,澆置混凝土,良好,普通,無採光,未完工,0,未完工,0,1121,1121,瓦斯熱風,極佳,有,標準斷路器,1121,0,0,1121,0,0,2,0,2,1,普通,5,正常,0,無壁爐,連接主屋,粗略完工,2,440,普通,普通,鋪面,132,64,0,0,0,0,無泳池,無圍籬,無其他設施,0,3,2010,一般保證契約,一般交易,140000,11.849404844423074
202,2,1層樓(1946年後),低密度住宅區,75.0,10125,柏油路,無巷道,規則,平坦,內側地,緩坡,米切爾(Mitchel),正常,正常,獨棟,1層樓,6,6,1977,1977,山形頂,標準瀝青瓦,夾板,夾板,無砌面,0.0,普通,普通,煤渣磚,普通,普通,無採光,普通居住空間,641,低品質空間,279,276,1196,瓦斯熱風,普通,有,標準斷路器,1279,0,0,1279,0,1,2,0,3,1,普通,6,正常,2,尚可,獨立車庫,未完工,2,473,普通,普通,鋪面,238,83,0,0,0,0,無泳池,隱私性低,無其他設施,0,2,2008,一般保證契約,一般交易,171500,12.052344376474922
203,0,1.5層樓(已完工),低密度住宅區,50.0,7000,柏油路,無巷道,規則,平坦,角地,緩坡,舊城區(OldTown),鄰近主幹道,正常,獨棟,1.5層(二樓完工),6,6,1924,1950,山形頂,標準瀝青瓦,金屬壁板,金屬壁板,無砌面,0.0,普通,良好,磚與瓦,尚可,普通,無採光,低品質空間,617,未完工,0,0,617,瓦斯熱風,良好,有,標準斷路器,865,445,0,1310,0,0,2,0,2,1,普通,6,輕微扣分1,0,無壁爐,連接主屋,未完工,1,398,普通,普通,鋪面,0,0,126,0,0,0,無泳池,無圍籬,無其他設施,0,5,2006,法院或遺產拍賣,一般交易,112000,11.626263078808801
205,2,1.5層樓(已完工),中密度住宅區,50.0,3500,柏油路,碎石巷,規則,平坦,內側地,緩坡,舊城區(OldTown),正常,正常,獨棟,1.5層(二樓完工),5,7,1947,1950,山形頂,標準瀝青瓦,石棉瓦,石棉瓦,無砌面,0.0,普通,普通,煤渣磚,普通,普通,無採光,低品質空間,312,未完工,0,408,720,瓦斯熱風,普通,有,標準斷路器,720,564,0,1284,0,0,1,1,2,1,普通,5,正常,0,無壁爐,獨立車庫,未完工,1,240,普通,普通,鋪面,0,35,0,0,0,0,無泳池,簡易鐵絲網,無其他設施,0,4,2009,一般保證契約,一般交易,110000,11.608244735642321
206,0,1層樓(1946年後),低密度住宅區,99.0,11851,柏油路,無巷道,規則,平坦,角地,緩坡,吉爾伯特(Gilbert),正常,正常,獨棟,1層樓,7,5,1990,1990,山形頂,標準瀝青瓦,硬質纖維板,硬質纖維板,無砌面,0.0,普通,普通,澆置混凝土,良好,普通,無採光,未完工,0,未完工,0,1424,1424,瓦斯熱風,極佳,有,標準斷路器,1442,0,0,1442,0,0,2,0,3,1,普通,5,正常,0,無壁爐,連接主屋,粗略完工,2,500,普通,普通,鋪面,0,34,0,508,0,0,無泳池,無圍籬,無其他設施,0,5,2009,一般保證契約,一般交易,180500,12.103491596905931
207,3,1層樓(1946年後),低密度住宅區,40.0,13673,柏油路,無巷道,略不規則,平坦,死巷底,緩坡,索耶(Sawyer),緊鄰東西向鐵路,正常,獨棟,1層樓,5,5,1962,1962,山形頂,標準瀝青瓦,硬質纖維板,硬質纖維板,無砌面,0.0,普通,良好,煤渣磚,普通,普通,無採光,未完工,0,未完工,0,1140,1140,瓦斯熱風,普通,有,標準斷路器,1696,0,0,1696,0,0,1,1,3,1,普通,8,輕微扣分2,1,普通,連接主屋,粗略完工,1,349,普通,普通,鋪面,0,30,0,0,0,0,無泳池,無圍籬,無其他設施,0,3,2007,一般保證契約,一般交易,143900,11.87688084212164
208,2,1層樓(1946年後),低密度住宅區,74.5,12493,柏油路,無巷道,略不規則,平坦,內側地,緩坡,北艾姆斯(NAmes),正常,正常,獨棟,1層樓,4,5,1960,1960,山形頂,標準瀝青瓦,木壁板,木壁板,無砌面,0.0,普通,普通,澆置混凝土,普通,普通,無採光,普通居住空間,419,一般娛樂空間,306,375,1100,瓦斯熱風,普通,有,標準斷路器,1100,0,0,1100,1,0,1,0,3,1,普通,6,正常,1,差,連接主屋,粗略完工,1,312,普通,普通,鋪面,355,0,0,0,0,0,無泳池,木圍籬佳,無其他設施,0,4,2008,一般保證契約,一般交易,141000,11.856522261533737
210,2,1層樓(1946年後),低密度住宅區,75.0,8250,柏油路,無巷道,規則,平坦,內側地,緩坡,北艾姆斯(NAmes),正常,正常,獨棟,1層樓,6,7,1964,1964,四坡頂,標準瀝青瓦,硬質纖維板,硬質纖維板,石材,260.0,普通,普通,煤渣磚,良好,普通,無採光,一般娛樂空間,787,未完工,0,305,1092,瓦斯熱風,極佳,有,標準斷路器,1092,0,0,1092,1,0,1,0,3,1,普通,6,正常,0,無壁爐,連接主屋,粗略完工,2,504,普通,良好,鋪面,0,0,0,0,0,0,無泳池,隱私性低,無其他設施,0,7,2008,一般保證契約,一般交易,145000,11.884495917930655
211,0,1層樓(1945年前),低密度住宅區,67.0,5604,柏油路,無巷道,規則,平坦,內側地,緩坡,愛德華茲(Edwards),正常,正常,獨棟,1層樓,5,6,1925,1950,山形頂,標準瀝青瓦,灰泥,灰泥,無砌面,0.0,普通,普通,煤渣磚,普通,普通,無採光,一般娛樂空間,468,未完工,0,396,864,瓦斯熱風,普通,無,保險絲(良),864,0,0,864,1,0,1,0,2,1,普通,5,正常,0,無壁爐,無車庫,無車庫,0,0,無車庫,無車庫,鋪面,0,0,96,0,0,0,無泳池,無圍籬,無其他設施,0,4,2008,一般保證契約,一般交易,98000,11.49273296168228
212,3,1層樓(1946年後),低密度住宅區,83.0,10420,柏油路,無巷道,規則,平坦,角地,緩坡,愛德華茲(Edwards),正常,正常,獨棟,1層樓,6,5,2009,2009,山形頂,標準瀝青瓦,乙烯基壁板,乙烯基壁板,無砌面,0.0,普通,普通,澆置混凝土,良好,普通,採光少,優良居住空間,36,未完工,0,1176,1212,瓦斯熱風,極佳,有,標準斷路器,1212,0,0,1212,0,0,2,0,3,1,良好,6,正常,0,無壁爐,連接主屋,粗略完工,2,460,普通,普通,鋪面,100,22,0,0,0,0,無泳池,無圍籬,無其他設施,0,3,2010,一般保證契約,一般交易,186000,12.133507329024972
213,2,2層樓(1946年後),浮動村住宅區,72.0,8640,柏油路,無巷道,規則,平坦,內側地,緩坡,薩默塞特(Somerst),正常,正常,獨棟,2層樓,7,5,2009,2009,山形頂,標準瀝青瓦,乙烯基壁板,乙烯基壁板,無砌面,0.0,普通,普通,澆置混凝土,良好,普通,無採光,優良居住空間,822,未完工,0,78,900,瓦斯熱風,極佳,有,標準斷路器,932,920,0,1852,1,0,2,1,3,1,良好,7,正常,1,普通,連接主屋,粗略完工,2,644,普通,普通,鋪面,168,108,0,0,0,0,無泳池,無圍籬,無其他設施,0,7,2009,新屋,預售屋(估價時未完工),252678,12.439875187430008
214,2,1層樓(1946年後),低密度住宅區,43.0,13568,柏油路,無巷道,中度不規則,平坦,死巷底,緩坡,學院溪(CollgCr),正常,正常,獨棟,1層樓,5,5,1995,1995,山形頂,標準瀝青瓦,乙烯基壁板,乙烯基壁板,無砌面,0.0,普通,普通,澆置混凝土,良好,普通,無採光,普通居住空間,716,未完工,0,274,990,瓦斯熱風,極佳,有,標準斷路器,990,0,0,990,0,1,1,0,3,1,普通,5,正常,0,無壁爐,連接主屋,未完工,2,576,普通,普通,鋪面,224,0,0,0,0,0,無泳池,無圍籬,無其他設施,0,7,2006,一般保證契約,一般交易,156000,11.957617696467539
215,1,2層樓(1946年後),低密度住宅區,70.0,10900,柏油路,無巷道,略不規則,平坦,兩面臨路,緩坡,學院溪(CollgCr),正常,正常,獨棟,2層樓,6,7,1977,1977,山形頂,標準瀝青瓦,硬質纖維板,硬質纖維板,面磚,153.0,普通,普通,煤渣磚,良好,普通,無採光,優良居住空間,378,未完工,0,311,689,瓦斯熱風,極佳,有,標準斷路器,689,703,0,1392,0,0,1,1,3,1,普通,6,正常,0,無壁爐,連接主屋,已完工,1,299,普通,普通,鋪面,0,36,0,0,0,0,無泳池,隱私性低,儲藏棚,450,3,2010,一般保證契約,一般交易,161750,11.993813394724253
216,2,1層樓(1946年後),低密度住宅區,72.0,10011,柏油路,無巷道,略不規則,平坦,內側地,緩坡,北艾姆斯(NAmes),正常,正常,獨棟,1層樓,5,6,1957,1996,山形頂,標準瀝青瓦,硬質纖維板,硬質纖維板,面磚,64.0,普通,普通,煤渣磚,普通,普通,無採光,低於平均居住空間,360,未完工,0,710,1070,瓦斯熱風,普通,有,標準斷路器,1236,0,0,1236,0,1,1,0,2,1,良好,6,輕微扣分1,1,尚可,連接主屋,未完工,1,447,普通,普通,鋪面,0,0,0,0,0,0,無泳池,隱私性低,無其他設施,0,5,2006,一般保證契約,一般交易,134450,11.808955099378537
217,3,1層樓(1946年後),低密度住宅區,65.0,8450,柏油路,無巷道,規則,平坦,內側地,緩坡,學院溪(CollgCr),正常,正常,獨棟,1層樓,7,5,2004,2004,山形頂,標準瀝青瓦,乙烯基壁板,乙烯基壁板,面磚,266.0,良好,普通,澆置混凝土,良好,普通,採光少,優良居住空間,946,未完工,0,490,1436,瓦斯熱風,極佳,有,標準斷路器,1436,0,0,1436,1,0,2,0,3,1,良好,8,正常,0,無壁爐,連接主屋,未完工,2,484,普通,普通,鋪面,139,98,0,0,0,0,無泳池,無圍籬,無其他設施,0,4,2008,一般保證契約,一般交易,210000,12.25486757159303
218,2,2層樓(1945年前),中密度住宅區,57.0,9906,柏油路,碎石巷,規則,平坦,內側地,緩坡,舊城區(OldTown),正常,正常,獨棟,2層樓,4,4,1925,1950,山形頂,標準瀝青瓦,金屬壁板,金屬壁板,無砌面,0.0,普通,普通,煤渣磚,普通,普通,無採光,未完工,0,未完工,0,686,686,瓦斯熱風,尚可,無,標準斷路器,810,518,0,1328,0,0,1,0,3,1,普通,8,正常,0,無壁爐,獨立車庫,未完工,1,210,普通,普通,鋪面,0,172,60,0,0,0,無泳池,無圍籬,無其他設施,0,9,2006,一般保證契約,親友交易,107000,11.580593459194764
220,1,1層樓社區住宅(1946年後),低密度住宅區,43.0,3010,柏油路,無巷道,規則,平坦,內側地,緩坡,布魯明頓高地(Blmngtn),正常,正常,連棟邊間,1層樓,7,5,2005,2006,山形頂,標準瀝青瓦,乙烯基壁板,乙烯基壁板,面磚,16.0,良好,普通,澆置混凝土,良好,普通,採光普通,優良居住空間,16,未完工,0,1232,1248,瓦斯熱風,極佳,有,標準斷路器,1248,0,0,1248,0,0,2,0,2,1,良好,5,正常,0,無壁爐,連接主屋,已完工,2,438,普通,普通,鋪面,108,0,0,0,0,0,無泳池,無圍籬,無其他設施,0,3,2006,新屋,預售屋(估價時未完工),167240,12.027191164883384
222,4,2層樓(1946年後),低密度住宅區,65.0,8068,柏油路,無巷道,略不規則,平坦,內側地,緩坡,吉爾伯特(Gilbert),正常,正常,獨棟,2層樓,6,5,2002,2002,山形頂,標準瀝青瓦,乙烯基壁板,乙烯基壁板,無砌面,0.0,良好,普通,澆置混凝土,良好,普通,無採光,未完工,0,未完工,0,1010,1010,瓦斯熱風,極佳,有,標準斷路器,1010,1257,0,2267,0,0,2,1,4,1,良好,8,正常,1,普通,內建車庫,粗略完工,2,390,普通,普通,鋪面,120,46,0,0,0,0,無泳池,無圍籬,無其他設施,0,12,2009,低利合約,一般交易,200000,12.206077645517674
223,1,2層樓(1946年後),低密度住宅區,85.0,11475,柏油路,無巷道,規則,平坦,內側地,緩坡,西北艾姆斯(NWAmes),緊鄰南北向鐵路,正常,獨棟,2層樓,6,6,1975,1975,山形頂,標準瀝青瓦,乙烯基壁板,乙烯基壁板,無砌面,0.0,普通,普通,煤渣磚,良好,普通,無採光,普通居住空間,550,未完工,0,163,713,瓦斯熱風,普通,有,標準斷路器,811,741,0,1552,1,0,2,1,3,1,普通,6,正常,1,普通,連接主屋,粗略完工,2,434,普通,普通,鋪面,209,208,0,0,0,0,無泳池,隱私性低,無其他設施,0,2,2006,一般保證契約,一般交易,179900,12.100161978566867
224,2,1層樓(1946年後),低密度住宅區,70.0,10500,柏油路,無巷道,規則,平坦,兩面臨路,緩坡,北艾姆斯(NAmes),正常,正常,獨棟,1層樓,4,6,1971,1971,山形頂,標準瀝青瓦,硬質纖維板,硬質纖維板,無砌面,0.0,普通,普通,煤渣磚,普通,普通,無採光,普通居住空間,524,低品質空間,180,160,864,瓦斯熱風,良好,有,標準斷路器,864,0,0,864,0,0,1,0,2,1,普通,4,正常,0,無壁爐,獨立車庫,未完工,2,576,普通,普通,鋪面,216,0,0,0,0,0,無泳池,無圍籬,無其他設施,0,3,2009,一般保證契約,異常交易(如法拍),97000,11.48247656671073
225,4,1層樓(1946年後),低密度住宅區,103.0,13472,柏油路,無巷道,規則,平坦,內側地,緩坡,北嶺高地(NridgHt),正常,正常,獨棟,1層樓,10,5,2003,2003,四坡頂,標準瀝青瓦,乙烯基壁板,乙烯基壁板,面磚,922.0,極佳,普通,澆置混凝土,極佳,普通,採光良好,優良居住空間,56,未完工,0,2336,2392,瓦斯熱風,極佳,有,標準斷路器,2392,0,0,2392,0,0,2,0,3,1,極佳,8,正常,1,極佳,連接主屋,已完工,3,968,普通,普通,鋪面,248,105,0,0,0,0,無泳池,無圍籬,無其他設施,0,6,2009,一般保證契約,一般交易,386250,12.864242696187505
226,4,2層樓社區住宅(1946年後),中密度住宅區,21.0,1680,柏油路,無巷道,規則,平坦,內側地,緩坡,布萊爾戴爾(BrDale),正常,正常,連棟中間,2層樓,5,5,1971,1971,山形頂,標準瀝青瓦,硬質纖維板,硬質纖維板,面磚,142.0,普通,普通,煤渣磚,普通,普通,無採光,未完工,0,未完工,0,630,630,瓦斯熱風,普通,有,標準斷路器,630,672,0,1302,0,0,2,1,3,1,普通,6,正常,0,無壁爐,獨立車庫,未完工,1,280,普通,普通,鋪面,0,0,0,0,0,0,無泳池,無圍籬,無其他設施,0,5,2009,法院或遺產拍賣,異常交易(如法拍),112000,11.626263078808801
227,3,2層樓(1946年後),低密度住宅區,82.0,9950,柏油路,無巷道,略不規則,平坦,內側地,緩坡,北嶺(NoRidge),正常,正常,獨棟,2層樓,7,5,1995,1995,山形頂,標準瀝青瓦,乙烯基壁板,乙烯基壁板,面磚,290.0,良好,普通,澆置混凝土,良好,普通,無採光,優良居住空間,565,未完工,0,638,1203,瓦斯熱風,極佳,有,標準斷路器,1214,1306,0,2520,0,0,2,1,4,1,良好,9,正常,1,普通,連接主屋,粗略完工,3,721,普通,普通,鋪面,224,114,0,0,0,0,無泳池,無圍籬,無其他設施,0,6,2007,一般保證契約,異常交易(如法拍),290000,12.577639650232573
228,4,2層樓社區住宅(1946年後),中密度住宅區,21.0,1869,柏油路,無巷道,規則,平坦,內側地,緩坡,布萊爾戴爾(BrDale),正常,正常,連棟中間,2層樓,6,6,1970,1970,山形頂,標準瀝青瓦,硬質纖維板,硬質纖維板,面磚,127.0,普通,普通,煤渣磚,普通,普通,無採光,一般娛樂空間,321,未完工,0,162,483,瓦斯熱風,普通,有,標準斷路器,483,504,0,987,0,0,1,1,2,1,普通,5,正常,0,無壁爐,獨立車庫,未完工,1,280,普通,普通,鋪面,0,0,0,0,0,0,無泳池,無圍籬,無其他設施,0,9,2008,一般保證契約,一般交易,106000,11.571203807011969
229,3,1層樓(1946年後),低密度住宅區,70.0,8521,柏油路,無巷道,規則,平坦,兩面臨路,緩坡,索耶(Sawyer),鄰近支線道路,正常,獨棟,1層樓,5,5,1967,1967,山形頂,標準瀝青瓦,硬質纖維板,硬質纖維板,無砌面,0.0,普通,普通,煤渣磚,普通,普通,無採光,普通居住空間,842,未完工,0,70,912,瓦斯熱風,普通,有,標準斷路器,912,0,0,912,0,0,1,0,3,1,普通,5,正常,1,尚可,獨立車庫,未完工,1,336,普通,普通,鋪面,0,0,0,0,0,0,無泳池,隱私性低,無其他設施,0,5,2010,一般保證契約,一般交易,125000,11.736077016252437
230,3,1層樓社區住宅(1946年後),低密度住宅區,43.0,3182,柏油路,無巷道,規則,平坦,內側地,緩坡,布魯明頓高地(Blmngtn),正常,正常,連棟邊間,1層樓,7,5,2005,2006,山形頂,標準瀝青瓦,乙烯基壁板,乙烯基壁板,面磚,16.0,良好,普通,澆置混凝土,良好,普通,採光普通,優良居住空間,16,未完工,0,1357,1373,瓦斯熱風,極佳,有,標準斷路器,1555,0,0,1555,0,0,2,0,2,1,良好,7,正常,1,普通,連接主屋,已完工,2,430,普通,普通,鋪面,143,20,0,0,0,0,無泳池,無圍籬,無其他設施,0,5,2009,一般保證契約,一般交易,192500,12.167856627501678
231,0,1層樓(1946年後),低密度住宅區,73.0,8760,柏油路,無巷道,規則,平坦,內側地,緩坡,北艾姆斯(NAmes),正常,正常,獨棟,1層樓,6,6,1959,1959,四坡頂,標準瀝青瓦,金屬壁板,金屬壁板,面磚,220.0,普通,普通,煤渣磚,普通,普通,無採光,未完工,0,未完工,0,1194,1194,瓦斯熱風,普通,有,標準斷路器,1194,0,0,1194,1,0,1,0,3,1,普通,6,正常,0,無壁爐,連接主屋,粗略完工,1,312,普通,普通,鋪面,0,0,120,0,0,0,無泳池,無圍籬,無其他設施,0,4,2010,一般保證契約,一般交易,148000,11.904974309480181
233,2,2層樓社區住宅(1946年後),中密度住宅區,21.0,1680,柏油路,無巷道,規則,平坦,內側地,緩坡,布萊爾戴爾(BrDale),正常,正常,連棟中間,2層樓,6,5,1972,1972,山形頂,標準瀝青瓦,硬質纖維板,硬質纖維板,面磚,297.0,普通,普通,煤渣磚,普通,普通,無採光,未完工,0,未完工,0,483,483,瓦斯熱風,普通,有,標準斷路器,483,504,0,987,0,0,1,1,2,1,普通,5,正常,1,差,連接主屋,未完工,1,288,普通,普通,鋪面,0,0,0,0,0,0,無泳池,無圍籬,無其他設施,0,6,2006,一般保證契約,一般交易,94500,11.456365695436427
235,3,2層樓(1946年後),低密度住宅區,65.0,7851,柏油路,無巷道,規則,平坦,內側地,緩坡,吉爾伯特(Gilbert),正常,正常,獨棟,2層樓,6,5,2002,2002,山形頂,標準瀝青瓦,乙烯基壁板,乙烯基壁板,無砌面,0.0,良好,普通,澆置混凝土,良好,普通,無採光,優良居住空間,625,未完工,0,235,860,瓦斯熱風,極佳,有,標準斷路器,860,1100,0,1960,1,0,2,1,4,1,良好,8,正常,2,普通,內建車庫,已完工,2,440,普通,普通,鋪面,288,48,0,0,0,0,無泳池,無圍籬,無其他設施,0,5,2010,一般保證契約,一般交易,216500,12.285350445351659
236,3,2層樓社區住宅(1946年後),中密度住宅區,21.0,1680,柏油路,無巷道,規則,平坦,內側地,緩坡,布萊爾戴爾(BrDale),正常,正常,連棟邊間,2層樓,6,3,1971,1971,山形頂,標準瀝青瓦,硬質纖維板,硬質纖維板,面磚,604.0,普通,普通,煤渣磚,普通,普通,無採光,普通居住空間,358,未完工,0,125,483,瓦斯熱風,普通,有,標準斷路器,483,504,0,987,0,0,1,1,2,1,普通,5,正常,0,無壁爐,獨立車庫,未完工,1,264,普通,普通,鋪面,0,0,0,0,0,0,無泳池,無圍籬,無其他設施,0,8,2008,一般保證契約,一般交易,89500,11.402005077384885
237,2,1層樓(1946年後),低密度住宅區,65.0,8773,柏油路,無巷道,規則,平坦,兩面臨路,緩坡,學院溪(CollgCr),正常,正常,獨棟,1層樓,7,5,2004,2004,山形頂,標準瀝青瓦,乙烯基壁板,乙烯基壁板,面磚,98.0,良好,普通,澆置混凝土,良好,普通,採光普通,優良居住空間,24,未完工,0,1390,1414,瓦斯熱風,極佳,有,標準斷路器,1414,0,0,1414,0,0,2,0,3,1,良好,6,正常,0,無壁爐,連接主屋,粗略完工,2,494,普通,普通,鋪面,132,105,0,0,0,0,無泳池,無圍籬,無其他設施,0,5,2010,一般保證契約,一般交易,185500,12.130815551850676
239,4,1層樓(1946年後),低密度住宅區,93.0,12030,柏油路,無巷道,規則,平坦,內側地,緩坡,北嶺高地(NridgHt),正常,正常,獨棟,1層樓,8,5,2007,2007,四坡頂,標準瀝青瓦,乙烯基壁板,乙烯基壁板,面磚,254.0,極佳,普通,澆置混凝土,極佳,普通,無採光,未完工,0,未完工,0,1694,1694,瓦斯熱風,極佳,有,標準斷路器,1694,0,0,1694,0,0,2,0,3,1,良好,7,正常,0,無壁爐,連接主屋,已完工,3,818,普通,普通,鋪面,168,228,0,0,0,0,無泳池,無圍籬,無其他設施,0,12,2007,新屋,預售屋(估價時未完工),318000,12.669809806411457
242,0,1層樓(1945年前),中密度住宅區,40.0,3880,柏油路,無巷道,規則,平坦,內側地,緩坡,舊城區(OldTown),正常,正常,獨棟,1層樓,5,9,1945,1997,山形頂,標準瀝青瓦,乙烯基壁板,乙烯基壁板,無砌面,0.0,普通,良好,煤渣磚,普通,普通,無採光,普通居住空間,329,未完工,0,357,686,瓦斯熱風,良好,有,標準斷路器,866,0,0,866,0,0,1,0,2,1,良好,4,正常,0,無壁爐,無車庫,無車庫,0,0,無車庫,無車庫,鋪面,58,42,0,0,0,0,無泳池,無圍籬,無其他設施,0,8,2007,一般保證契約,一般交易,110500,11.612779849672751
243,0,1.5層樓(已完工),中密度住宅區,63.0,5000,柏油路,無巷道,規則,平坦,角地,緩坡,舊城區(OldTown),正常,正常,獨棟,1.5層(二樓完工),5,4,1900,1950,山形頂,標準瀝青瓦,木壁板,木壁板,無砌面,0.0,普通,普通,磚與瓦,普通,普通,無採光,未完工,0,未完工,0,540,540,瓦斯熱風,良好,無,保險絲(良),889,551,0,1440,0,0,1,0,3,1,普通,6,正常,0,無壁爐,連接主屋,未完工,1,352,尚可,普通,鋪面,0,0,77,0,0,0,無泳池,無圍籬,無其他設施,0,4,2006,一般保證契約,一般交易,79000,11.277215789596893
244,4,2層樓社區住宅(1946年後),低密度住宅區,75.0,10762,柏油路,無巷道,規則,平坦,角地,緩坡,西索耶(SawyerW),正常,正常,連棟邊間,2層樓,6,6,1980,1980,山形頂,標準瀝青瓦,夾板,夾板,無砌面,0.0,普通,普通,煤渣磚,良好,普通,無採光,未完工,0,未完工,0,626,626,瓦斯熱風,普通,有,標準斷路器,626,591,0,1217,0,0,1,1,3,1,普通,6,正常,1,普通,連接主屋,粗略完工,1,288,普通,普通,鋪面,0,28,0,0,0,0,無泳池,無圍籬,無其他設施,0,4,2009,一般保證契約,一般交易,120000,11.695255355062795
246,4,1層樓(1946年後),低密度住宅區,80.0,10400,柏油路,無巷道,規則,平坦,內側地,緩坡,西北艾姆斯(NWAmes),正常,正常,獨棟,1層樓,7,5,1988,1988,山形頂,標準瀝青瓦,木壁板,木壁板,面磚,102.0,普通,普通,煤渣磚,良好,普通,採光普通,優良居住空間,929,未完工,0,916,1845,瓦斯熱風,良好,有,標準斷路器,1872,0,0,1872,0,1,2,0,3,1,普通,6,正常,1,普通,連接主屋,已完工,2,604,普通,普通,鋪面,197,39,0,0,0,0,無泳池,無圍籬,無其他設施,0,6,2006,一般保證契約,一般交易,241500,12.394628892852941
247,4,兩戶改建住宅,中密度住宅區,69.0,9142,柏油路,碎石巷,規則,平坦,內側地,緩坡,舊城區(OldTown),正常,正常,兩戶改建,2層樓,6,8,1910,1950,山形頂,標準瀝青瓦,石棉瓦,石棉瓦,無砌面,0.0,普通,尚可,石材,尚可,普通,無採光,未完工,0,未完工,0,1020,1020,瓦斯熱風,良好,無,保險絲(差),908,1020,0,1928,0,0,2,0,4,2,尚可,9,正常,0,無壁爐,獨立車庫,未完工,1,440,差,差,鋪面,0,60,112,0,0,0,無泳池,無圍籬,無其他設施,0,4,2006,一般保證契約,一般交易,137000,11.827743504053695
249,3,2層樓(1946年後),低密度住宅區,72.0,11317,柏油路,無巷道,規則,平坦,內側地,緩坡,學院溪(CollgCr),正常,正常,獨棟,2層樓,7,5,2003,2003,山形頂,標準瀝青瓦,乙烯基壁板,乙烯基壁板,面磚,101.0,良好,普通,澆置混凝土,良好,普通,無採光,未完工,0,未完工,0,840,840,瓦斯熱風,極佳,有,標準斷路器,840,828,0,1668,0,0,2,1,3,1,良好,8,正常,0,無壁爐,連接主屋,粗略完工,2,500,普通,普通,鋪面,144,68,0,0,0,0,無泳池,無圍籬,無其他設施,0,9,2007,一般保證契約,一般交易,180000,12.100717685412471
250,1,1.5層樓(已完工),低密度住宅區,80.0,159000,柏油路,無巷道,中度不規則,低窪,死巷底,陡坡,清溪(ClearCr),正常,正常,獨棟,1.5層(二樓完工),6,7,1958,2006,山形頂,標準瀝青瓦,木壁板,硬質纖維板,一般磚,472.0,良好,普通,煤渣磚,良好,普通,採光良好,一般娛樂空間,697,未完工,0,747,1444,瓦斯熱風,良好,有,標準斷路器,1444,700,0,2144,0,1,2,0,4,1,良好,7,正常,2,普通,連接主屋,已完工,2,389,普通,普通,鋪面,0,98,0,0,0,0,無泳池,無圍籬,儲藏棚,500,6,2007,一般保證契約,一般交易,277000,12.531776395271262
251,4,1層樓(1945年前),低密度住宅區,55.0,5350,柏油路,無巷道,略不規則,平坦,內側地,緩坡,布魯克賽德(BrkSide),正常,正常,獨棟,1層樓,3,2,1940,1966,山形頂,標準瀝青瓦,木壁板,夾板,無砌面,0.0,普通,差,煤渣磚,普通,普通,無採光,未完工,0,未完工,0,728,728,瓦斯熱風,極佳,有,標準斷路器,1306,0,0,1306,0,0,1,0,3,1,尚可,6,中度扣分,0,無壁爐,無車庫,無車庫,0,0,無車庫,無車庫,鋪面,263,0,0,0,0,0,無泳池,木圍籬佳,儲藏棚,450,5,2010,一般保證契約,一般交易,76500,11.245059091624615
252,4,1層樓社區住宅(1946年後),中密度住宅區,44.0,4750,柏油路,無巷道,略不規則,山坡,內側地,中坡,克勞福德(Crawfor),正常,正常,連棟邊間,1層樓,8,5,2006,2007,四坡頂,標準瀝青瓦,乙烯基壁板,乙烯基壁板,石材,481.0,良好,普通,澆置混凝土,良好,普通,採光良好,優良居住空間,1573,未完工,0,0,1573,瓦斯熱風,極佳,有,標準斷路器,1625,0,0,1625,1,1,2,0,2,1,良好,5,正常,1,良好,連接主屋,已完工,2,538,普通,普通,鋪面,123,0,0,0,153,0,無泳池,無圍籬,無其他設施,0,12,2007,一般保證契約,親友交易,235000,12.367345048436391
253,3,2層樓(1946年後),低密度住宅區,65.0,8366,柏油路,無巷道,略不規則,平坦,內側地,緩坡,西索耶(SawyerW),正常,正常,獨棟,2層樓,6,5,2004,2004,山形頂,標準瀝青瓦,乙烯基壁板,乙烯基壁板,無砌面,0.0,良好,普通,澆置混凝土,良好,普通,無採光,未完工,0,未完工,0,798,798,瓦斯熱風,極佳,有,標準斷路器,798,842,0,1640,0,0,2,1,3,1,良好,6,正常,0,無壁爐,連接主屋,粗略完工,2,520,普通,普通,鋪面,138,45,0,0,0,0,無泳池,無圍籬,無其他設施,0,12,2008,一般保證契約,一般交易,173000,12.06105265381003
254,0,錯層式,低密度住宅區,85.0,9350,柏油路,無巷道,規則,平坦,內側地,緩坡,北艾姆斯(NAmes),正常,正常,獨棟,錯層,6,7,1964,1991,四坡頂,標準瀝青瓦,硬質纖維板,硬質纖維板,面磚,108.0,普通,普通,煤渣磚,良好,普通,採光良好,低品質空間,270,普通居住空間,580,452,1302,瓦斯熱風,極佳,有,標準斷路器,1302,0,0,1302,0,1,2,0,3,1,良好,7,輕微扣分1,0,無壁爐,連接主屋,粗略完工,1,309,普通,普通,鋪面,333,0,0,0,0,0,無泳池,隱私性低,無其他設施,0,10,2007,現金保證契約,一般交易,158000,11.970356641102999
255,0,1層樓(1946年後),低密度住宅區,70.0,8400,柏油路,無巷道,規則,平坦,內側地,緩坡,北艾姆斯(NAmes),正常,正常,獨棟,1層樓,5,6,1957,1957,山形頂,標準瀝青瓦,金屬壁板,金屬壁板,無砌面,0.0,普通,良好,煤渣磚,普通,普通,無採光,一般娛樂空間,922,未完工,0,392,1314,瓦斯熱風,普通,有,標準斷路器,1314,0,0,1314,1,0,1,0,3,1,普通,5,正常,0,無壁爐,連接主屋,粗略完工,1,294,普通,普通,鋪面,250,0,0,0,0,0,無泳池,無圍籬,無其他設施,0,6,2010,一般保證契約,一般交易,145000,11.884495917930655
256,0,2層樓(1946年後),低密度住宅區,66.0,8738,柏油路,無巷道,略不規則,平坦,內側地,緩坡,吉爾伯特(Gilbert),正常,正常,獨棟,2層樓,7,5,1999,1999,山形頂,標準瀝青瓦,乙烯基壁板,乙烯基壁板,面磚,302.0,良好,普通,澆置混凝土,良好,普通,無採光,未完工,0,未完工,0,975,975,瓦斯熱風,極佳,有,標準斷路器,1005,1286,0,2291,0,0,2,1,4,1,良好,8,正常,1,普通,內建車庫,已完工,2,429,普通,普通,鋪面,192,0,0,0,0,0,無泳池,無圍籬,無其他設施,0,2,2006,一般保證契約,一般交易,230000,12.345838935721968
257,1,2層樓(1946年後),浮動村住宅區,64.0,8791,柏油路,無巷道,略不規則,平坦,內側地,緩坡,薩默塞特(Somerst),正常,正常,獨棟,2層樓,6,5,2003,2003,山形頂,標準瀝青瓦,乙烯基壁板,乙烯基壁板,無砌面,0.0,良好,普通,澆置混凝土,良好,普通,無採光,一般娛樂空間,503,未完工,0,361,864,瓦斯熱風,極佳,有,標準斷路器,864,864,0,1728,0,0,2,1,3,1,良好,7,正常,0,無壁爐,連接主屋,粗略完工,2,673,普通,普通,鋪面,216,56,0,0,0,0,無泳池,無圍籬,無其他設施,0,5,2008,一般保證契約,一般交易,207500,12.242891437918386
258,2,1層樓(1946年後),低密度住宅區,68.0,8814,柏油路,無巷道,規則,平坦,內側地,緩坡,學院溪(CollgCr),正常,正常,獨棟,1層樓,7,5,2006,2006,山形頂,標準瀝青瓦,乙烯基壁板,乙烯基壁板,石材,180.0,良好,普通,澆置混凝土,良好,普通,無採光,優良居住空間,1334,未完工,0,270,1604,瓦斯熱風,極佳,有,標準斷路器,1604,0,0,1604,1,0,2,1,3,1,良好,8,正常,1,良好,連接主屋,粗略完工,2,660,普通,普通,鋪面,123,110,0,0,0,0,無泳池,無圍籬,無其他設施,0,3,2009,一般保證契約,異常交易(如法拍),220000,12.301387370778713
259,1,2層樓(1946年後),低密度住宅區,80.0,12435,柏油路,無巷道,規則,平坦,內側地,緩坡,學院溪(CollgCr),正常,正常,獨棟,2層樓,7,5,2001,2001,山形頂,標準瀝青瓦,乙烯基壁板,乙烯基壁板,面磚,172.0,良好,普通,澆置混凝土,良好,普通,無採光,優良居住空間,361,未完工,0,602,963,瓦斯熱風,極佳,有,標準斷路器,963,829,0,1792,0,0,2,1,3,1,良好,7,正常,1,普通,連接主屋,粗略完工,2,564,普通,普通,鋪面,0,96,0,245,0,0,無泳池,無圍籬,無其他設施,0,5,2008,一般保證契約,一般交易,231500,12.352339472153524
261,2,錯層式,低密度住宅區,120.0,19296,柏油路,無巷道,規則,平坦,角地,緩坡,北艾姆斯(NAmes),鄰近主幹道,正常,獨棟,錯層,6,5,1962,1962,山形頂,標準瀝青瓦,木壁板,木壁板,面磚,399.0,普通,普通,煤渣磚,普通,普通,採光良好,一般娛樂空間,672,普通居住空間,690,0,1362,瓦斯熱風,普通,有,標準斷路器,1382,0,0,1382,1,0,1,0,3,1,普通,6,正常,1,普通,連接主屋,未完工,2,884,普通,普通,鋪面,0,0,252,0,0,0,無泳池,木圍籬佳,無其他設施,0,5,2009,一般保證契約,一般交易,176000,12.07824495582233
263,1,錯層式,低密度住宅區,88.0,8471,柏油路,無巷道,略不規則,平坦,角地,緩坡,索耶(Sawyer),正常,正常,獨棟,錯層,6,7,1977,1995,山形頂,標準瀝青瓦,硬質纖維板,夾板,面磚,46.0,普通,普通,煤渣磚,良好,良好,採光普通,普通居住空間,506,未完工,0,0,506,瓦斯熱風,普通,有,標準斷路器,1212,0,0,1212,1,0,1,0,3,1,普通,6,正常,1,普通,連接主屋,未完工,2,492,普通,普通,鋪面,292,12,0,0,0,0,無泳池,木圍籬佳,無其他設施,0,7,2006,一般保證契約,一般交易,151000,11.92504173829169
264,4,1.5層樓(已完工),中密度住宅區,50.0,5500,柏油路,無巷道,規則,平坦,角地,緩坡,舊城區(OldTown),正常,正常,獨棟,1.5層(二樓完工),5,7,1929,2001,山形頂,標準瀝青瓦,木壁板,木壁板,無砌面,0.0,普通,普通,磚與瓦,普通,普通,無採光,低品質空間,234,普通居住空間,692,0,926,瓦斯熱風,普通,有,標準斷路器,926,0,390,1316,1,0,1,0,3,1,普通,6,正常,0,無壁爐,獨立車庫,未完工,2,484,普通,普通,鋪面,0,0,0,0,0,0,無泳池,無圍籬,無其他設施,0,4,2010,一般保證契約,一般交易,130000,11.775297421715827
265,3,1層樓(1945年前),中密度住宅區,30.0,5232,柏油路,碎石巷,不規則,坡堤,內側地,緩坡,舊城區(OldTown),鄰近主幹道,正常,獨棟,1層樓,5,5,1925,2004,山形頂,標準瀝青瓦,木壁板,木壁板,無砌面,0.0,普通,普通,磚與瓦,尚可,普通,無採光,未完工,0,未完工,0,680,680,瓦斯熱風,良好,無,保險絲(差),764,0,0,764,0,0,1,0,2,1,普通,4,正常,0,無壁爐,獨立車庫,未完工,2,504,普通,普通,泥土或碎石,0,0,0,0,0,0,無泳池,無圍籬,無其他設施,0,6,2008,一般保證契約,一般交易,73000,11.19822841866684
266,0,1層樓(1946年後),低密度住宅區,78.0,12090,柏油路,無巷道,略不規則,平坦,內側地,緩坡,西北艾姆斯(NWAmes),正常,正常,獨棟,1層樓,6,6,1981,1981,山形頂,標準瀝青瓦,金屬壁板,金屬壁板,面磚,210.0,普通,良好,煤渣磚,良好,普通,無採光,優良居住空間,588,低品質空間,228,606,1422,瓦斯熱風,普通,有,標準斷路器,1422,0,0,1422,0,0,2,0,3,1,良好,7,正常,1,普通,連接主屋,已完工,2,576,普通,普通,鋪面,276,0,0,0,0,0,無泳池,隱私性佳,無其他設施,0,6,2008,一般保證契約,一般交易,175500,12.075400019877522
267,4,2層樓(1946年後),低密度住宅區,70.0,11207,柏油路,無巷道,略不規則,山坡,兩面臨路,緩坡,吉爾伯特(Gilbert),正常,正常,獨棟,2層樓,6,5,1997,1997,山形頂,標準瀝青瓦,乙烯基壁板,乙烯基壁板,無砌面,0.0,普通,普通,澆置混凝土,良好,普通,採光普通,優良居住空間,714,未完工,0,88,802,瓦斯熱風,良好,有,標準斷路器,802,709,0,1511,1,0,2,1,3,1,普通,8,正常,1,普通,連接主屋,已完工,2,413,普通,普通,鋪面,95,75,0,0,0,0,無泳池,無圍籬,無其他設施,0,6,2006,一般保證契約,一般交易,185000,12.128116509451258
268,0,2.5層樓,低密度住宅區,60.0,8400,柏油路,無巷道,規則,坡堤,內側地,中坡,州立大學西南(SWISU),正常,正常,獨棟,2.5層(三樓完工),5,8,1939,1997,山形頂,標準瀝青瓦,木壁板,木壁板,無砌面,0.0,普通,普通,澆置混凝土,普通,普通,無採光,低品質空間,378,未完工,0,342,720,瓦斯熱風,極佳,有,標準斷路器,1052,720,420,2192,0,0,2,1,4,1,良好,8,正常,1,良好,獨立車庫,未完工,1,240,普通,普通,鋪面,262,24,0,0,0,0,無泳池,無圍籬,無其他設施,0,7,2008,一般保證契約,一般交易,179500,12.097936057925594
269,1,1層樓(1945年前),中密度住宅區,71.0,6900,柏油路,無巷道,規則,平坦,內側地,緩坡,交通部與鐵路區(IDOTRR),正常,正常,獨棟,1層樓,5,6,1940,1955,山形頂,標準瀝青瓦,乙烯基壁板,乙烯基壁板,無砌面,0.0,普通,普通,煤渣磚,普通,普通,無採光,普通居住空間,403,一般娛樂空間,125,212,740,瓦斯熱風,極佳,有,標準斷路器,778,0,0,778,0,0,1,0,2,1,普通,4,正常,1,良好,獨立車庫,已完工,1,924,極佳,極佳,鋪面,0,25,0,0,0,0,無泳池,無圍籬,無其他設施,0,2,2008,一般保證契約,一般交易,120500,11.699413330633599
270,2,1層樓(1946年後),低密度住宅區,65.5,7917,柏油路,無巷道,略不規則,平坦,角地,緩坡,愛德華茲(Edwards),正常,正常,獨棟,1層樓,6,7,1976,1976,四坡頂,標準瀝青瓦,硬質纖維板,硬質纖維板,面磚,174.0,普通,良好,煤渣磚,普通,良好,無採光,低於平均居住空間,751,未完工,0,392,1143,瓦斯熱風,普通,有,標準斷路器,1113,0,0,1113,1,0,1,1,3,1,普通,6,正常,1,尚可,連接主屋,粗略完工,1,504,普通,良好,鋪面,370,30,0,0,0,0,無泳池,隱私性佳,無其他設施,0,5,2007,一般保證契約,一般交易,148000,11.904974309480181
273,2,2層樓(1946年後),低密度住宅區,92.0,11764,柏油路,無巷道,略不規則,平坦,死巷底,緩坡,北嶺(NoRidge),正常,正常,獨棟,2層樓,8,7,1999,2007,山形頂,標準瀝青瓦,乙烯基壁板,乙烯基壁板,面磚,348.0,良好,普通,澆置混凝土,良好,普通,無採光,優良居住空間,524,未完工,0,628,1152,瓦斯熱風,極佳,有,標準斷路器,1164,1106,0,2270,0,0,2,1,4,1,良好,9,正常,1,良好,連接主屋,已完工,3,671,普通,普通,鋪面,132,57,0,0,0,0,無泳池,無圍籬,無其他設施,0,4,2010,一般保證契約,一般交易,290000,12.577639650232573
274,4,1層樓(1946年後),低密度住宅區,80.0,9600,柏油路,無巷道,規則,平坦,內側地,緩坡,北艾姆斯(NAmes),鄰近支線道路,正常,獨棟,1層樓,6,6,1958,1988,四坡頂,標準瀝青瓦,木壁板,木壁板,一般磚,183.0,普通,普通,煤渣磚,普通,普通,無採光,一般娛樂空間,620,低品質空間,620,0,1240,瓦斯熱風,良好,有,標準斷路器,1632,0,0,1632,1,0,2,0,3,1,普通,6,輕微扣分1,1,良好,連接主屋,粗略完工,1,338,普通,普通,鋪面,289,0,0,0,0,0,無泳池,隱私性低,無其他設施,0,4,2009,一般保證契約,一般交易,139000,11.842236406331555
277,3,1層樓(1946年後),低密度住宅區,129.0,9196,柏油路,無巷道,略不規則,平坦,內側地,緩坡,米切爾(Mitchel),正常,正常,獨棟,1層樓,7,5,2003,2003,山形頂,標準瀝青瓦,乙烯基壁板,乙烯基壁板,無砌面,0.0,良好,普通,澆置混凝土,極佳,普通,無採光,未完工,0,未完工,0,1560,1560,瓦斯熱風,極佳,有,標準斷路器,1560,0,0,1560,0,0,2,0,3,1,良好,7,正常,0,無壁爐,連接主屋,已完工,2,573,普通,普通,鋪面,100,150,0,0,0,0,無泳池,無圍籬,無其他設施,0,4,2010,一般保證契約,一般交易,201000,12.211065162153215
279,3,1層樓(1946年後),低密度住宅區,107.0,14450,柏油路,無巷道,規則,平坦,內側地,緩坡,北嶺高地(NridgHt),正常,正常,獨棟,1層樓,9,5,2006,2007,山形頂,標準瀝青瓦,水泥板,水泥板,面磚,315.0,極佳,普通,澆置混凝土,極佳,普通,採光良好,未完工,0,未完工,0,2121,2121,瓦斯熱風,極佳,有,標準斷路器,2121,0,0,2121,0,0,2,1,3,1,極佳,8,正常,1,極佳,連接主屋,已完工,3,732,普通,普通,鋪面,124,98,0,0,142,0,無泳池,無圍籬,無其他設施,0,5,2007,新屋,預售屋(估價時未完工),415298,12.936754021718041
280,1,2層樓(1946年後),低密度住宅區,83.0,10005,柏油路,無巷道,規則,平坦,內側地,緩坡,清溪(ClearCr),正常,正常,獨棟,2層樓,7,5,1977,1977,四坡頂,標準瀝青瓦,夾板,夾板,面磚,299.0,普通,普通,煤渣磚,良好,普通,無採光,低於平均居住空間,392,未完工,0,768,1160,瓦斯熱風,極佳,有,標準斷路器,1156,866,0,2022,0,0,2,1,4,1,普通,8,正常,1,普通,連接主屋,已完工,2,505,普通,普通,鋪面,288,117,0,0,0,0,無泳池,無圍籬,無其他設施,0,3,2008,一般保證契約,一般交易,192000,12.165255859329688
281,2,2層樓(1946年後),低密度住宅區,82.0,11287,柏油路,無巷道,規則,平坦,內側地,緩坡,西索耶(SawyerW),正常,正常,獨棟,2層樓,7,6,1989,1989,山形頂,標準瀝青瓦,夾板,夾板,面磚,340.0,良好,普通,煤渣磚,良好,普通,採光普通,優良居住空間,421,未完工,0,386,807,瓦斯熱風,良好,有,標準斷路器,1175,807,0,1982,0,0,2,1,3,1,良好,7,正常,1,普通,連接主屋,已完工,2,575,普通,普通,鋪面,0,84,0,196,0,0,無泳池,無圍籬,無其他設施,0,1,2007,一般保證契約,一般交易,228500,12.339295865674435
282,3,1層樓(1946年後),浮動村住宅區,60.0,7200,柏油路,柏油巷,規則,平坦,內側地,緩坡,薩默塞特(Somerst),正常,正常,獨棟,1層樓,6,5,2006,2006,山形頂,標準瀝青瓦,乙烯基壁板,乙烯基壁板,石材,68.0,良好,普通,澆置混凝土,良好,普通,無採光,優良居住空間,905,未完工,0,357,1262,瓦斯熱風,良好,有,標準斷路器,1262,0,0,1262,0,0,2,0,2,1,良好,5,正常,0,無壁爐,連接主屋,已完工,2,572,普通,普通,鋪面,0,120,0,0,0,0,無泳池,無圍籬,無其他設施,0,5,2006,新屋,預售屋(估價時未完工),185000,12.128116509451258
283,4,1層樓社區住宅(1946年後),低密度住宅區,34.0,5063,柏油路,無巷道,規則,平坦,內側地,緩坡,北嶺高地(NridgHt),正常,正常,連棟中間,1層樓,7,5,2007,2008,山形頂,標準瀝青瓦,乙烯基壁板,乙烯基壁板,石材,166.0,良好,普通,澆置混凝土,良好,普通,無採光,優良居住空間,904,未完工,0,410,1314,瓦斯熱風,極佳,有,標準斷路器,1314,0,0,1314,1,0,2,0,2,1,良好,6,正常,1,良好,連接主屋,粗略完工,2,626,普通,普通,鋪面,172,62,0,0,0,0,無泳池,無圍籬,無其他設施,0,4,2009,低頭期低利合約,一般交易,207500,12.242891437918386
284,0,1層樓(1946年後),低密度住宅區,74.0,9612,柏油路,無巷道,規則,平坦,內側地,緩坡,薩默塞特(Somerst),鄰近支線道路,正常,獨棟,1層樓,8,5,2008,2009,山形頂,標準瀝青瓦,乙烯基壁板,乙烯基壁板,石材,72.0,良好,普通,澆置混凝土,良好,普通,無採光,未完工,0,未完工,0,1468,1468,瓦斯熱風,極佳,有,標準斷路器,1468,0,0,1468,0,0,2,0,3,1,良好,6,正常,1,良好,連接主屋,已完工,3,898,普通,普通,鋪面,210,150,0,0,0,0,無泳池,無圍籬,無其他設施,0,12,2009,新屋,預售屋(估價時未完工),244600,12.407383590534293
285,3,1層樓社區住宅(1946年後),低密度住宅區,50.0,8012,柏油路,無巷道,規則,平坦,內側地,緩坡,西索耶(SawyerW),正常,正常,連棟邊間,1層樓,6,5,1992,1992,山形頂,標準瀝青瓦,夾板,仿灰泥,無砌面,0.0,良好,普通,澆置混凝土,良好,普通,無採光,優良居住空間,430,未完工,0,1145,1575,瓦斯熱風,良好,有,標準斷路器,1575,0,0,1575,1,0,2,0,2,1,良好,5,正常,0,無壁爐,連接主屋,粗略完工,2,529,普通,普通,鋪面,0,0,52,0,0,0,無泳池,無圍籬,無其他設施,0,7,2007,一般保證契約,一般交易,179200,12.09626335986454
286,0,2層樓社區住宅(1946年後),浮動村住宅區,35.0,4251,柏油路,柏油巷,略不規則,平坦,內側地,緩坡,薩默塞特(Somerst),正常,正常,連棟邊間,2層樓,7,5,2006,2007,山形頂,標準瀝青瓦,金屬壁板,金屬壁板,無砌面,0.0,良好,普通,澆置混凝土,良好,普通,無採光,未完工,0,未完工,0,625,625,瓦斯熱風,極佳,有,標準斷路器,625,625,0,1250,0,0,2,1,2,1,良好,5,正常,0,無壁爐,獨立車庫,粗略完工,2,528,普通,普通,鋪面,0,54,0,0,0,0,無泳池,無圍籬,無其他設施,0,6,2007,新屋,預售屋(估價時未完工),164700,12.011886987792716
287,2,1.5層樓(已完工),低密度住宅區,77.0,9786,柏油路,無巷道,略不規則,坡堤,內側地,緩坡,北艾姆斯(NAmes),正常,正常,獨棟,1.5層(二樓完工),6,7,1962,1981,山形頂,標準瀝青瓦,木壁板,木壁板,無砌面,0.0,普通,普通,煤渣磚,普通,普通,無採光,一般娛樂空間,600,未完工,0,312,912,瓦斯熱風,普通,有,標準斷路器,1085,649,0,1734,0,0,1,1,3,1,良好,7,正常,1,良好,連接主屋,粗略完工,2,440,普通,普通,鋪面,0,0,0,0,128,0,無泳池,隱私性佳,無其他設施,0,6,2006,一般保證契約,一般交易,159000,11.976665770490767
288,1,1層樓(1946年後),低密度住宅區,74.5,8125,柏油路,無巷道,略不規則,平坦,角地,緩坡,北艾姆斯(NAmes),正常,正常,獨棟,1層樓,4,4,1971,1971,山形頂,標準瀝青瓦,硬質纖維板,硬質纖維板,無砌面,0.0,普通,普通,煤渣磚,普通,普通,無採光,低於平均居住空間,614,未完工,0,244,858,瓦斯熱風,普通,有,標準斷路器,858,0,0,858,0,0,1,0,3,1,普通,5,正常,0,無壁爐,無車庫,無車庫,0,0,無車庫,無車庫,鋪面,0,0,0,0,0,0,無泳池,無圍籬,無其他設施,0,6,2006,一般保證契約,一般交易,88000,11.385103457032141
289,3,1層樓(1946年後),低密度住宅區,70.5,9819,柏油路,無巷道,略不規則,平坦,內側地,緩坡,索耶(Sawyer),正常,正常,獨棟,1層樓,5,5,1967,1967,山形頂,標準瀝青瓦,金屬壁板,金屬壁板,面磚,31.0,普通,良好,煤渣磚,普通,普通,無採光,低於平均居住空間,450,未完工,0,432,882,瓦斯熱風,普通,有,標準斷路器,900,0,0,900,0,0,1,0,3,1,普通,5,正常,0,無壁爐,獨立車庫,未完工,1,280,普通,普通,鋪面,0,0,0,0,0,0,無泳池,隱私性低,無其他設施,0,2,2010,一般保證契約,一般交易,122000,11.711784520403112
291,1,2層樓(1946年後),低密度住宅區,120.0,15611,柏油路,無巷道,規則,平坦,內側地,緩坡,學院溪(CollgCr),正常,正常,獨棟,2層樓,8,5,2006,2006,山形頂,標準瀝青瓦,乙烯基壁板,乙烯基壁板,無砌面,0.0,良好,普通,澆置混凝土,良好,普通,採光普通,未完工,0,未完工,0,1079,1079,瓦斯熱風,極佳,有,標準斷路器,1079,840,0,1919,0,0,2,1,3,1,良好,8,正常,1,良好,連接主屋,粗略完工,2,685,良好,普通,鋪面,0,51,0,0,0,0,無泳池,無圍籬,無其他設施,0,7,2006,新屋,預售屋(估價時未完工),233230,12.359784657728284
292,2,兩戶改建住宅,低密度住宅區,55.0,5687,柏油路,碎石巷,規則,坡堤,內側地,緩坡,州立大學西南(SWISU),正常,正常,兩戶改建,2層樓,5,6,1912,2000,山形頂,標準瀝青瓦,乙烯基壁板,乙烯基壁板,無砌面,0.0,普通,尚可,澆置混凝土,普通,尚可,無採光,一般娛樂空間,210,未完工,0,570,780,瓦斯熱風,極佳,無,標準斷路器,936,780,0,1716,1,0,2,0,6,1,尚可,9,正常,0,無壁爐,無車庫,無車庫,0,0,無車庫,無車庫,泥土或碎石,0,184,0,0,0,0,無泳池,無圍籬,無其他設施,0,3,2008,一般保證契約,一般交易,135900,11.819681958463892
293,2,1.5層樓(已完工),低密度住宅區,60.0,11409,柏油路,無巷道,規則,平坦,內側地,緩坡,愛德華茲(Edwards),正常,正常,獨棟,1.5層(二樓完工),5,4,1949,2008,山形頂,標準瀝青瓦,木壁板,木壁板,無砌面,0.0,普通,普通,煤渣磚,普通,普通,無採光,低品質空間,292,未完工,0,476,768,瓦斯熱風,良好,有,標準斷路器,1148,568,0,1716,0,0,1,1,3,1,普通,8,輕微扣分2,1,良好,連接主屋,未完工,1,281,普通,普通,鋪面,0,0,0,0,160,0,無泳池,無圍籬,無其他設施,0,1,2009,一般保證契約,一般交易,131000,11.782960235741939
294,0,2層樓(1946年後),低密度住宅區,80.0,16659,柏油路,無巷道,略不規則,平坦,角地,緩坡,西北艾姆斯(NWAmes),緊鄰公園綠地等正面設施,正常,獨棟,2層樓,7,7,1977,1994,山形頂,標準瀝青瓦,夾板,夾板,面磚,34.0,普通,普通,煤渣磚,普通,普通,無採光,普通居住空間,795,未完工,0,0,795,瓦斯熱風,尚可,有,標準斷路器,1468,795,0,2263,1,0,2,1,3,1,良好,9,正常,1,普通,連接主屋,已完工,2,539,普通,普通,鋪面,0,250,0,0,0,0,無泳池,無圍籬,無其他設施,0,3,2006,一般保證契約,一般交易,235000,12.367345048436391
295,4,1層樓(1946年後),低密度住宅區,80.0,9600,柏油路,無巷道,規則,平坦,內側地,緩坡,北艾姆斯(NAmes),正常,正常,獨棟,1層樓,6,5,1953,1953,四坡頂,標準瀝青瓦,硬質纖維板,硬質纖維板,石材,238.0,普通,普通,煤渣磚,普通,普通,無採光,優良居住空間,1285,未完工,0,131,1416,瓦斯熱風,普通,有,標準斷路器,1644,0,0,1644,1,0,1,0,3,1,普通,7,正常,2,良好,連接主屋,已完工,2,418,普通,普通,鋪面,110,0,0,0,0,0,無泳池,無圍籬,無其他設施,0,10,2009,一般保證契約,一般交易,167000,12.025755079404917
296,1,錯層式,低密度住宅區,37.0,7937,柏油路,無巷道,略不規則,平坦,死巷底,緩坡,米切爾(Mitchel),正常,正常,獨棟,錯層,6,6,1984,1984,山形頂,標準瀝青瓦,硬質纖維板,硬質纖維板,無砌面,0.0,普通,普通,煤渣磚,普通,普通,採光普通,優良居住空間,819,未完工,0,184,1003,瓦斯熱風,普通,有,標準斷路器,1003,0,0,1003,1,0,1,0,3,1,普通,6,正常,0,無壁爐,獨立車庫,未完工,2,588,普通,普通,鋪面,120,0,0,0,0,0,無泳池,隱私性佳,無其他設施,0,3,2006,一般保證契約,一般交易,142500,11.86710429621008
297,0,1.5層樓(已完工),中密度住宅區,75.0,13710,柏油路,無巷道,規則,平坦,內側地,緩坡,交通部與鐵路區(IDOTRR),正常,正常,獨棟,1.5層(二樓完工),5,5,1950,1950,山形頂,標準瀝青瓦,木壁板,木壁板,無砌面,0.0,普通,普通,煤渣磚,普通,普通,無採光,低於平均居住空間,420,未完工,0,490,910,瓦斯熱風,普通,有,保險絲(良),910,648,0,1558,0,0,1,1,4,1,普通,6,正常,0,無壁爐,連接主屋,未完工,1,282,普通,普通,鋪面,289,0,0,0,0,0,無泳池,隱私性低,無其他設施,0,6,2007,一般保證契約,一般交易,152000,11.931642378754141
299,0,2層樓(1946年後),低密度住宅區,90.0,11700,柏油路,無巷道,規則,平坦,內側地,緩坡,西北艾姆斯(NWAmes),正常,正常,獨棟,2層樓,6,6,1968,1968,孟莎式,標準瀝青瓦,硬質纖維板,瀝青瓦,面磚,365.0,良好,普通,煤渣磚,普通,普通,無採光,普通居住空間,384,一般娛樂空間,175,143,702,瓦斯熱風,良好,有,標準斷路器,1041,702,0,1743,0,1,1,2,3,1,普通,7,正常,1,良好,連接主屋,未完工,2,539,普通,普通,鋪面,224,0,0,0,0,0,無泳池,無圍籬,無其他設施,0,6,2007,一般保證契約,一般交易,175000,12.07254696717504
300,3,1層樓(1946年後),低密度住宅區,80.0,14000,柏油路,無巷道,規則,平坦,內側地,緩坡,克勞福德(Crawfor),正常,正常,獨棟,1層樓,6,8,1950,2004,山形頂,標準瀝青瓦,硬質纖維板,硬質纖維板,無砌面,0.0,普通,良好,煤渣磚,普通,普通,無採光,未完工,0,未完工,0,1092,1092,瓦斯熱風,極佳,有,標準斷路器,1152,0,0,1152,0,1,1,0,3,1,良好,6,正常,1,良好,連接主屋,未完工,1,300,普通,普通,鋪面,0,36,0,0,0,0,無泳池,隱私性佳,無其他設施,0,8,2009,一般保證契約,親友交易,158500,11.973516181427835
301,4,兩戶改建住宅,低密度住宅區,90.0,15750,柏油路,無巷道,規則,平坦,角地,緩坡,克勞福德(Crawfor),正常,正常,兩戶改建,1層樓,5,5,1953,1953,四坡頂,標準瀝青瓦,金屬壁板,金屬壁板,面磚,56.0,普通,普通,煤渣磚,普通,普通,採光少,低於平均居住空間,841,未完工,0,324,1165,瓦斯熱風,普通,有,標準斷路器,1336,0,0,1336,1,0,1,0,2,1,普通,5,正常,2,良好,連接主屋,未完工,1,375,普通,普通,鋪面,0,0,0,0,0,0,無泳池,無圍籬,無其他設施,0,6,2006,一般保證契約,一般交易,157000,11.964007453736912
302,0,2層樓(1946年後),低密度住宅區,66.0,16226,柏油路,無巷道,不規則,平坦,內側地,緩坡,學院溪(CollgCr),正常,正常,獨棟,2層樓,8,5,1998,1999,山形頂,標準瀝青瓦,乙烯基壁板,乙烯基壁板,無砌面,0.0,良好,普通,澆置混凝土,良好,普通,無採光,優良居住空間,281,未完工,0,747,1028,瓦斯熱風,極佳,有,標準斷路器,1210,1242,0,2452,0,0,2,1,4,1,良好,9,正常,1,普通,內建車庫,已完工,2,683,普通,普通,鋪面,208,50,0,0,0,0,無泳池,無圍籬,無其他設施,0,5,2007,一般保證契約,一般交易,267000,12.495007682693725
303,1,1層樓(1946年後),低密度住宅區,118.0,13704,柏油路,無巷道,略不規則,平坦,角地,緩坡,學院溪(CollgCr),正常,正常,獨棟,1層樓,7,5,2001,2002,山形頂,標準瀝青瓦,乙烯基壁板,乙烯基壁板,面磚,150.0,良好,普通,澆置混凝土,良好,普通,無採光,未完工,0,未完工,0,1541,1541,瓦斯熱風,極佳,有,標準斷路器,1541,0,0,1541,0,0,2,0,3,1,良好,6,正常,1,普通,連接主屋,粗略完工,3,843,普通,普通,鋪面,468,81,0,0,0,0,無泳池,無圍籬,無其他設施,0,1,2006,一般保證契約,一般交易,205000,12.230770136157428
304,1,1層樓(1946年後),低密度住宅區,70.0,9800,柏油路,無巷道,規則,平坦,角地,緩坡,學院溪(CollgCr),正常,正常,獨棟,1層樓,5,7,1972,1972,山形頂,標準瀝青瓦,乙烯基壁板,乙烯基壁板,無砌面,0.0,普通,普通,澆置混凝土,普通,普通,無採光,普通居住空間,894,未完工,0,0,894,瓦斯熱風,普通,有,標準斷路器,894,0,0,894,1,0,1,0,3,1,普通,5,正常,0,無壁爐,連接主屋,未完工,2,552,普通,普通,鋪面,256,0,0,0,0,0,無泳池,木圍籬佳,無其他設施,0,7,2006,一般保證契約,異常交易(如法拍),149900,11.917730355182513
305,2,2.5層樓,中密度住宅區,87.0,18386,柏油路,無巷道,規則,平坦,內側地,緩坡,舊城區(OldTown),正常,正常,獨棟,2.5層(三樓完工),7,9,1880,2002,山形頂,標準瀝青瓦,水泥板,水泥板,無砌面,0.0,普通,普通,磚與瓦,普通,普通,無採光,未完工,0,未完工,0,1470,1470,瓦斯熱風,極佳,有,標準斷路器,1675,1818,0,3493,0,0,3,0,3,1,良好,10,正常,1,極佳,連接主屋,未完工,3,870,普通,普通,鋪面,302,0,0,0,0,0,無泳池,無圍籬,無其他設施,0,5,2008,一般保證契約,一般交易,295000,12.59473402514672
306,2,1層樓(1946年後),低密度住宅區,80.0,10386,柏油路,無巷道,規則,平坦,內側地,緩坡,學院溪(CollgCr),正常,正常,獨棟,1層樓,8,5,2004,2005,山形頂,標準瀝青瓦,水泥板,水泥板,石材,246.0,良好,普通,澆置混凝土,良好,普通,無採光,優良居住空間,1464,未完工,0,536,2000,瓦斯熱風,極佳,有,標準斷路器,2000,0,0,2000,1,0,2,0,3,1,良好,8,正常,0,無壁爐,連接主屋,已完工,3,888,普通,普通,鋪面,168,0,0,0,0,0,無泳池,無圍籬,無其他設施,0,7,2007,一般保證契約,一般交易,305900,12.631016799175821
308,4,1.5層樓(已完工),中密度住宅區,60.0,7920,柏油路,碎石巷,略不規則,平坦,內側地,緩坡,交通部與鐵路區(IDOTRR),鄰近主幹道,正常,獨棟,1.5層(二樓完工),6,7,1920,1950,山形頂,標準瀝青瓦,金屬壁板,金屬壁板,無砌面,0.0,普通,尚可,煤渣磚,普通,普通,無採光,未完工,0,未完工,0,319,319,瓦斯熱風,普通,有,保險絲(良),1035,371,0,1406,0,0,1,0,3,1,尚可,6,正常,0,無壁爐,無車庫,無車庫,0,0,無車庫,無車庫,泥土或碎石,0,144,0,0,0,0,無泳池,隱私性低,無其他設施,0,3,2008,一般保證契約,一般交易,89500,11.402005077384885
309,4,1層樓(1945年前),低密度住宅區,65.5,12342,柏油路,無巷道,略不規則,平坦,內側地,緩坡,愛德華茲(Edwards),正常,正常,獨棟,1層樓,4,5,1940,1950,山形頂,標準瀝青瓦,乙烯基壁板,乙烯基壁板,無砌面,0.0,普通,普通,煤渣磚,普通,普通,無採光,低於平均居住空間,262,未完工,0,599,861,瓦斯熱風,極佳,有,標準斷路器,861,0,0,861,0,0,1,0,1,1,普通,4,正常,0,無壁爐,獨立車庫,未完工,2,539,普通,普通,鋪面,158,0,0,0,0,0,無泳池,無圍籬,無其他設施,0,3,2009,一般保證契約,一般交易,82500,11.320565693461432
312,1,1層樓(1946年後),低密度住宅區,50.0,8000,柏油路,無巷道,規則,平坦,內側地,緩坡,北艾姆斯(NAmes),正常,正常,獨棟,1層樓,6,6,1948,2002,山形頂,標準瀝青瓦,乙烯基壁板,乙烯基壁板,無砌面,0.0,普通,良好,煤渣磚,普通,普通,無採光,普通居住空間,680,未完工,0,292,972,瓦斯熱風,極佳,有,標準斷路器,972,0,0,972,1,0,1,0,2,1,普通,5,正常,1,良好,獨立車庫,未完工,1,240,普通,普通,鋪面,0,0,0,0,0,0,無泳池,無圍籬,無其他設施,0,5,2009,一般保證契約,一般交易,132000,11.790564777297387
313,3,兩戶改建住宅,中密度住宅區,65.0,7800,柏油路,無巷道,規則,平坦,內側地,緩坡,舊城區(OldTown),鄰近主幹道,正常,兩戶改建,1.5層(二樓完工),5,7,1939,1950,山形頂,標準瀝青瓦,金屬壁板,金屬壁板,無砌面,0.0,普通,普通,煤渣磚,良好,普通,採光少,一般娛樂空間,507,未完工,0,286,793,瓦斯熱風,普通,有,標準斷路器,793,325,0,1118,1,0,1,0,3,1,普通,5,正常,1,良好,獨立車庫,未完工,2,410,普通,普通,鋪面,0,0,0,0,271,0,無泳池,隱私性低,無其他設施,0,5,2006,一般保證契約,一般交易,119900,11.694421681264394
314,1,1層樓(1946年後),低密度住宅區,150.0,215245,柏油路,無巷道,不規則,低窪,內側地,陡坡,林地(Timber),正常,正常,獨棟,1層樓,7,5,1965,1965,四坡頂,標準瀝青瓦,面磚,面磚,無砌面,0.0,普通,普通,煤渣磚,良好,普通,採光良好,普通居住空間,1236,一般娛樂空間,820,80,2136,瓦斯熱水,普通,有,標準斷路器,2036,0,0,2036,2,0,2,0,3,1,普通,8,正常,2,良好,連接主屋,粗略完工,2,513,普通,普通,鋪面,0,0,0,0,0,0,無泳池,無圍籬,無其他設施,0,6,2009,一般保證契約,一般交易,375000,12.834683971615659
315,2,2層樓(1945年前),中密度住宅區,60.0,9600,柏油路,碎石巷,規則,平坦,內側地,緩坡,舊城區(OldTown),正常,正常,獨棟,2層樓,7,7,1925,1990,山形頂,標準瀝青瓦,木壁板,木壁板,無砌面,0.0,普通,普通,磚與瓦,普通,良好,無採光,低品質空間,16,未完工,0,712,728,瓦斯熱風,極佳,有,標準斷路器,832,809,0,1641,0,1,1,1,3,1,極佳,6,正常,1,良好,獨立車庫,未完工,2,546,尚可,普通,鋪面,0,0,234,0,0,0,無泳池,無圍籬,無其他設施,0,8,2006,一般保證契約,一般交易,178000,12.08954444723597
316,2,2層樓(1946年後),低密度住宅區,71.0,7795,柏油路,無巷道,略不規則,平坦,內側地,緩坡,吉爾伯特(Gilbert),正常,正常,獨棟,2層樓,7,5,2004,2005,山形頂,標準瀝青瓦,乙烯基壁板,乙烯基壁板,無砌面,0.0,良好,普通,澆置混凝土,良好,普通,無採光,優良居住空間,425,未完工,0,291,716,瓦斯熱風,極佳,有,標準斷路器,716,716,0,1432,1,0,2,1,3,1,良好,6,正常,1,良好,連接主屋,已完工,2,432,普通,普通,鋪面,100,51,0,0,0,0,無泳池,無圍籬,無其他設施,0,7,2009,一般保證契約,一般交易,188500,12.146858590895919
318,1,2層樓(1946年後),浮動村住宅區,75.0,9000,柏油路,無巷道,規則,平坦,內側地,緩坡,薩默塞特(Somerst),正常,正常,獨棟,2層樓,8,5,2006,2006,山形頂,標準瀝青瓦,乙烯基壁板,乙烯基壁板,無砌面,0.0,良好,普通,澆置混凝土,良好,普通,採光普通,未完工,0,未完工,0,1088,1088,瓦斯熱風,極佳,有,標準斷路器,1088,871,0,1959,0,0,2,1,3,1,良好,8,正常,1,良好,連接主屋,粗略完工,3,1025,普通,普通,鋪面,208,46,0,0,0,0,無泳池,無圍籬,無其他設施,0,12,2007,一般保證契約,一般交易,270000,12.506180941677357
319,0,2層樓(1946年後),低密度住宅區,90.0,9900,柏油路,無巷道,規則,低窪,內側地,中坡,北嶺(NoRidge),正常,正常,獨棟,2層樓,7,5,1993,1993,山形頂,標準瀝青瓦,硬質纖維板,硬質纖維板,面磚,256.0,良好,普通,澆置混凝土,良好,普通,採光良好,優良居住空間,987,未完工,0,360,1347,瓦斯熱風,極佳,有,標準斷路器,1372,1274,0,2646,1,0,2,1,4,1,良好,9,正常,1,普通,連接主屋,粗略完工,3,656,普通,普通,鋪面,340,60,144,0,0,0,無泳池,無圍籬,無其他設施,0,4,2009,一般保證契約,一般交易,260000,12.468440756144114
320,1,錯層式,低密度住宅區,80.0,14115,柏油路,無巷道,規則,平坦,內側地,緩坡,西北艾姆斯(NWAmes),正常,正常,獨棟,錯層,7,5,1980,1980,山形頂,標準瀝青瓦,夾板,夾板,面磚,225.0,普通,普通,煤渣磚,良好,普通,採光普通,優良居住空間,1036,未完工,0,336,1372,瓦斯熱風,普通,有,標準斷路器,1472,0,0,1472,1,0,2,0,3,1,普通,6,正常,2,普通,連接主屋,未完工,2,588,普通,普通,鋪面,233,48,0,0,0,0,無泳池,無圍籬,無其他設施,0,6,2009,一般保證契約,一般交易,187500,12.141539457711714
321,4,2層樓(1946年後),低密度住宅區,111.0,16259,柏油路,無巷道,規則,平坦,角地,緩坡,北嶺高地(NridgHt),正常,正常,獨棟,2層樓,9,5,2006,2006,山形頂,標準瀝青瓦,乙烯基壁板,乙烯基壁板,石材,370.0,普通,普通,澆置混凝土,極佳,良好,採光普通,未完工,0,未完工,0,1249,1249,瓦斯熱風,極佳,有,標準斷路器,1249,1347,0,2596,0,0,3,1,4,1,良好,9,正常,0,無壁爐,連接主屋,粗略完工,3,840,普通,普通,鋪面,240,154,0,0,0,0,無泳池,無圍籬,無其他設施,0,9,2006,新屋,預售屋(估價時未完工),342643,12.74444728628135
322,3,2層樓(1946年後),低密度住宅區,99.0,12099,柏油路,無巷道,略不規則,平坦,內側地,緩坡,北嶺高地(NridgHt),正常,正常,獨棟,2層樓,8,5,2004,2004,山形頂,標準瀝青瓦,乙烯基壁板,乙烯基壁板,面磚,388.0,良好,普通,澆置混凝土,極佳,普通,採光普通,優良居住空間,970,未完工,0,166,1136,瓦斯熱風,極佳,有,標準斷路器,1136,1332,0,2468,1,0,2,1,4,1,良好,10,正常,1,良好,內建車庫,已完工,3,872,普通,普通,鋪面,184,154,0,0,0,0,無泳池,無圍籬,無其他設施,0,6,2007,一般保證契約,一般交易,354000,12.777055016970678
324,2,1層樓(1946年後),中密度住宅區,49.0,5820,柏油路,無巷道,規則,平坦,內側地,緩坡,舊城區(OldTown),正常,正常,獨棟,1層樓,3,8,1955,2005,山形頂,標準瀝青瓦,乙烯基壁板,乙烯基壁板,無砌面,0.0,普通,良好,煤渣磚,普通,普通,無採光,普通居住空間,256,未完工,0,906,1162,瓦斯熱風,極佳,有,標準斷路器,1163,0,0,1163,1,0,1,0,3,1,普通,6,正常,0,無壁爐,連接主屋,未完工,1,220,尚可,普通,鋪面,142,98,0,0,0,0,無泳池,無圍籬,無其他設施,0,7,2006,一般保證契約,一般交易,126175,11.745433036677353
326,0,1.5層樓(未完工),中密度住宅區,50.0,5000,柏油路,無巷道,規則,平坦,內側地,緩坡,交通部與鐵路區(IDOTRR),緊鄰東西向鐵路,正常,獨棟,1.5層(二樓未完工),5,6,1941,1950,山形頂,標準瀝青瓦,金屬壁板,金屬壁板,無砌面,0.0,普通,普通,煤渣磚,普通,普通,採光普通,低於平均居住空間,116,未完工,0,604,720,瓦斯熱風,差,無,保險絲(普通),803,0,0,803,0,0,1,0,2,1,普通,5,正常,0,無壁爐,獨立車庫,未完工,2,360,普通,普通,鋪面,0,0,244,0,0,0,無泳池,無圍籬,無其他設施,0,12,2007,一般保證契約,一般交易,87000,11.373674891823535
327,2,1層樓社區住宅(1946年後),低密度住宅區,32.0,10846,柏油路,無巷道,略不規則,平坦,死巷底,緩坡,文克(Veenker),正常,正常,連棟邊間,1層樓,8,5,1993,1993,山形頂,標準瀝青瓦,面磚,面磚,無砌面,0.0,良好,普通,澆置混凝土,良好,普通,採光良好,優良居住空間,1619,未完工,0,100,1719,瓦斯熱風,極佳,有,標準斷路器,1719,0,0,1719,2,0,1,1,1,1,良好,6,正常,2,良好,連接主屋,已完工,2,473,普通,普通,鋪面,122,30,0,0,0,0,無泳池,無圍籬,無其他設施,0,5,2008,一般分期合約,一般交易,324000,12.688501881189456
328,2,1層樓(1946年後),低密度住宅區,80.0,11600,柏油路,無巷道,規則,平坦,內側地,緩坡,北艾姆斯(NAmes),正常,正常,獨棟,1層樓,6,5,1960,1960,四坡頂,標準瀝青瓦,木壁板,木壁板,面磚,175.0,普通,普通,煤渣磚,普通,普通,無採光,一般娛樂空間,565,未完工,0,818,1383,瓦斯熱風,普通,有,標準斷路器,1383,0,0,1383,0,0,1,1,3,1,普通,7,正常,0,無壁爐,連接主屋,粗略完工,1,292,普通,普通,鋪面,0,45,0,0,0,0,無泳池,無圍籬,無其他設施,0,4,2006,一般保證契約,一般交易,145250,11.886218559372042
329,3,2.5層樓,低密度住宅區,52.0,11888,柏油路,柏油巷,略不規則,坡堤,內側地,緩坡,布魯克賽德(BrkSide),鄰近公園綠地等正面設施,正常,獨棟,2.5層(三樓未完工),6,6,1916,1994,山形頂,標準瀝青瓦,木壁板,木瓦,無砌面,0.0,普通,普通,磚與瓦,普通,普通,無採光,未完工,0,未完工,0,844,844,瓦斯熱風,良好,無,保險絲(良),1445,689,0,2134,0,0,2,0,5,1,良好,10,正常,0,無壁爐,獨立車庫,未完工,2,441,普通,普通,鋪面,0,60,268,0,0,0,無泳池,無圍籬,無其他設施,0,7,2009,一般保證契約,一般交易,214500,12.276069679344003
330,4,2層樓(1945年前),中密度住宅區,60.0,6402,柏油路,無巷道,規則,平坦,角地,緩坡,交通部與鐵路區(IDOTRR),正常,正常,獨棟,2層樓,5,5,1920,1950,山形頂,標準瀝青瓦,木壁板,木瓦,無砌面,0.0,普通,普通,澆置混凝土,普通,普通,採光少,未完工,0,未完工,0,596,596,瓦斯熱風,普通,無,標準斷路器,596,596,0,1192,0,0,1,0,3,1,普通,6,正常,0,無壁爐,獨立車庫,未完工,1,189,尚可,尚可,泥土或碎石,0,0,137,0,0,0,無泳池,木圍籬佳,無其他設施,0,7,2009,一般保證契約,一般交易,78000,11.264476926102367
331,0,雙拼住宅,低密度住宅區,74.5,10624,柏油路,無巷道,略不規則,平坦,內側地,緩坡,北艾姆斯(NAmes),正常,正常,雙拼,1層樓,5,4,1964,1964,山形頂,標準瀝青瓦,硬質纖維板,硬質纖維板,面磚,84.0,普通,普通,煤渣磚,普通,普通,無採光,優良居住空間,40,一般娛樂空間,264,1424,1728,瓦斯熱風,普通,有,標準斷路器,1728,0,0,1728,0,1,2,0,6,2,普通,10,正常,0,無壁爐,獨立車庫,未完工,1,352,普通,普通,鋪面,155,0,0,0,0,0,無泳池,無圍籬,無其他設施,0,11,2007,一般保證契約,一般交易,119000,11.686887175419702
332,3,1層樓(1946年後),低密度住宅區,70.0,8176,柏油路,無巷道,規則,平坦,內側地,緩坡,北艾姆斯(NAmes),正常,正常,獨棟,1層樓,5,6,1958,1992,山形頂,標準瀝青瓦,木壁板,木壁板,無砌面,0.0,普通,普通,煤渣磚,普通,普通,無採光,一般娛樂空間,846,未完工,0,210,1056,瓦斯熱風,尚可,有,標準斷路器,1056,0,0,1056,1,0,1,0,3,1,普通,6,正常,0,無壁爐,連接主屋,粗略完工,1,308,普通,普通,鋪面,0,0,0,0,0,0,無泳池,無圍籬,無其他設施,0,8,2007,一般保證契約,一般交易,139000,11.842236406331555
334,2,1層樓社區住宅(1946年後),中密度住宅區,59.0,8198,柏油路,無巷道,規則,平坦,三面臨路,緩坡,北嶺高地(NridgHt),正常,正常,連棟邊間,1層樓,7,5,2004,2004,山形頂,標準瀝青瓦,乙烯基壁板,乙烯基壁板,石材,146.0,良好,普通,澆置混凝土,良好,普通,採光普通,優良居住空間,720,未完工,0,638,1358,瓦斯熱風,極佳,有,標準斷路器,1358,0,0,1358,1,0,2,0,2,1,良好,6,正常,1,良好,連接主屋,粗略完工,2,484,普通,普通,鋪面,192,30,0,0,0,0,無泳池,無圍籬,無其他設施,0,7,2008,一般保證契約,一般交易,207000,12.240478903153711
335,1,2層樓(1946年後),低密度住宅區,59.0,9042,柏油路,無巷道,略不規則,平坦,內側地,緩坡,吉爾伯特(Gilbert),正常,正常,獨棟,2層樓,6,5,1998,1998,山形頂,標準瀝青瓦,乙烯基壁板,乙烯基壁板,無砌面,0.0,普通,普通,澆置混凝土,良好,普通,採光良好,優良居住空間,828,未完工,0,115,943,瓦斯熱風,良好,有,標準斷路器,943,695,0,1638,1,0,2,1,3,1,普通,7,正常,2,普通,連接主屋,已完工,2,472,普通,普通,鋪面,100,38,0,0,0,0,無泳池,無圍籬,無其他設施,0,7,2008,一般保證契約,一般交易,192000,12.165255859329688
336,0,兩戶改建住宅,低密度住宅區,85.0,164660,碎石路,無巷道,略不規則,山坡,角地,陡坡,林地(Timber),正常,正常,兩戶改建,1.5層(二樓完工),5,6,1965,1965,山形頂,標準瀝青瓦,夾板,夾板,無砌面,0.0,普通,普通,煤渣磚,普通,普通,採光良好,普通居住空間,1249,低於平均居住空間,147,103,1499,瓦斯熱風,極佳,有,標準斷路器,1619,167,0,1786,2,0,2,0,3,1,普通,7,正常,2,良好,連接主屋,已完工,2,529,普通,普通,鋪面,670,0,0,0,0,0,無泳池,無圍籬,儲藏棚,700,8,2008,一般保證契約,一般交易,228950,12.34126328584159
337,0,1層樓(1946年後),低密度住宅區,86.0,14157,柏油路,無巷道,略不規則,山坡,角地,緩坡,石橋(StoneBr),正常,正常,獨棟,1層樓,9,5,2005,2006,四坡頂,標準瀝青瓦,乙烯基壁板,乙烯基壁板,石材,200.0,良好,普通,澆置混凝土,極佳,普通,採光良好,優良居住空間,1249,未完工,0,673,1922,瓦斯熱風,極佳,有,標準斷路器,1922,0,0,1922,1,0,2,0,3,1,良好,8,正常,1,良好,連接主屋,已完工,3,676,普通,普通,鋪面,178,51,0,0,0,0,無泳池,無圍籬,無其他設施,0,7,2007,一般保證契約,一般交易,377426,12.841132451487937
338,4,1層樓(1946年後),低密度住宅區,70.0,9135,柏油路,無巷道,規則,平坦,內側地,緩坡,學院溪(CollgCr),正常,正常,獨棟,1層樓,7,5,2002,2003,山形頂,標準瀝青瓦,乙烯基壁板,乙烯基壁板,面磚,113.0,良好,普通,澆置混凝土,良好,普通,採光普通,優良居住空間,810,未完工,0,726,1536,瓦斯熱風,極佳,有,標準斷路器,1536,0,0,1536,1,0,2,0,3,1,良好,7,正常,0,無壁爐,連接主屋,粗略完工,2,532,普通,普通,鋪面,192,74,0,0,0,0,無泳池,無圍籬,無其他設施,0,12,2008,一般保證契約,一般交易,214000,12.273735966890268
339,1,1層樓(1946年後),低密度住宅區,91.0,14145,柏油路,無巷道,規則,平坦,角地,緩坡,西北艾姆斯(NWAmes),正常,正常,獨棟,1層樓,7,7,1984,1998,山形頂,標準瀝青瓦,木壁板,木壁板,無砌面,0.0,良好,普通,煤渣磚,良好,普通,採光少,普通居住空間,213,未完工,0,995,1208,瓦斯熱風,極佳,有,標準斷路器,1621,0,0,1621,1,0,2,0,3,1,良好,8,正常,0,無壁爐,連接主屋,粗略完工,2,440,普通,普通,鋪面,108,45,0,0,0,0,無泳池,無圍籬,儲藏棚,400,5,2006,一般保證契約,一般交易,202500,12.218500103788143
341,2,2層樓(1946年後),低密度住宅區,85.0,14191,柏油路,無巷道,規則,平坦,內側地,緩坡,林地(Timber),正常,正常,獨棟,2層樓,8,5,2002,2002,山形頂,標準瀝青瓦,乙烯基壁板,乙烯基壁板,無砌面,0.0,良好,普通,澆置混凝土,良好,普通,無採光,未完工,0,未完工,0,967,967,瓦斯熱風,極佳,有,標準斷路器,993,915,0,1908,0,0,2,1,4,1,良好,9,正常,0,無壁爐,連接主屋,已完工,2,431,普通,普通,鋪面,135,0,0,0,0,0,無泳池,無圍籬,無其他設施,0,4,2010,一般保證契約,一般交易,202900,12.220473454337986
342,4,1層樓(1946年後),高密度住宅區,60.0,8400,柏油路,無巷道,規則,平坦,內側地,緩坡,西索耶(SawyerW),鄰近支線道路,正常,獨棟,1層樓,4,4,1950,1950,山形頂,標準瀝青瓦,木壁板,石棉瓦,無砌面,0.0,尚可,尚可,煤渣磚,普通,尚可,無採光,未完工,0,未完工,0,721,721,瓦斯熱風,良好,有,標準斷路器,841,0,0,841,0,0,1,0,2,1,普通,4,正常,0,無壁爐,車棚,未完工,1,294,普通,普通,泥土或碎石,250,0,24,0,0,0,無泳池,無圍籬,無其他設施,0,9,2009,一般保證契約,一般交易,82000,11.314486721293981
343,1,雙拼住宅,低密度住宅區,74.5,8544,柏油路,無巷道,規則,平坦,內側地,緩坡,北艾姆斯(NAmes),正常,正常,雙拼,1層樓,3,4,1949,1950,山形頂,標準瀝青瓦,灰泥,灰泥,面磚,340.0,普通,普通,板式,無地下室,無地下室,無地下室,無地下室,0,無地下室,0,0,0,壁掛暖爐,尚可,無,保險絲(良),1040,0,0,1040,0,0,2,0,2,2,普通,6,正常,0,無壁爐,獨立車庫,未完工,2,400,普通,普通,鋪面,0,0,0,0,0,0,無泳池,無圍籬,無其他設施,0,5,2006,一般保證契約,一般交易,87500,11.37940550085183
344,2,1層樓社區住宅(1946年後),低密度住宅區,63.0,8849,柏油路,無巷道,略不規則,平坦,內側地,緩坡,北嶺高地(NridgHt),正常,正常,連棟邊間,1層樓,9,5,2005,2005,四坡頂,標準瀝青瓦,金屬壁板,金屬壁板,面磚,616.0,極佳,普通,澆置混凝土,極佳,普通,無採光,優良居住空間,28,未完工,0,1656,1684,瓦斯熱風,極佳,有,標準斷路器,1684,0,0,1684,0,0,2,0,2,1,極佳,6,正常,1,極佳,連接主屋,粗略完工,2,564,普通,普通,鋪面,495,72,0,0,0,0,無泳池,無圍籬,無其他設施,0,7,2008,一般保證契約,一般交易,266000,12.491255347155265
346,3,1.5層樓(已完工),低密度住宅區,65.0,6435,柏油路,無巷道,規則,平坦,內側地,緩坡,布魯克賽德(BrkSide),緊鄰南北向鐵路,正常,獨棟,1.5層(二樓完工),6,5,1939,1950,山形頂,標準瀝青瓦,金屬壁板,金屬壁板,無砌面,0.0,普通,普通,磚與瓦,普通,普通,無採光,未完工,0,未完工,0,972,972,瓦斯熱風,良好,有,標準斷路器,972,605,0,1577,0,0,1,0,3,1,尚可,6,正常,1,良好,獨立車庫,未完工,1,312,普通,普通,鋪面,0,0,0,0,0,0,無泳池,無圍籬,無其他設施,0,10,2006,一般保證契約,一般交易,140200,11.850832386224807
347,3,1層樓(1946年後),低密度住宅區,74.5,12772,柏油路,無巷道,略不規則,平坦,死巷底,緩坡,北艾姆斯(NAmes),正常,正常,獨棟,1層樓,6,8,1960,1998,四坡頂,標準瀝青瓦,金屬壁板,金屬壁板,無砌面,0.0,普通,良好,煤渣磚,普通,普通,採光少,低於平均居住空間,498,未完工,0,460,958,瓦斯熱風,普通,有,標準斷路器,958,0,0,958,0,0,1,0,2,1,普通,5,正常,0,無壁爐,連接主屋,粗略完工,1,301,普通,普通,鋪面,0,0,0,0,0,0,無泳池,無圍籬,第二車庫,15500,4,2007,一般保證契約,一般交易,151500,11.928347504569842
348,3,1層樓(1946年後),低密度住宅區,74.5,17600,柏油路,無巷道,略不規則,平坦,內側地,緩坡,北艾姆斯(NAmes),正常,正常,獨棟,1層樓,6,5,1960,1960,山形頂,標準瀝青瓦,木壁板,木壁板,面磚,30.0,普通,普通,煤渣磚,普通,普通,無採光,低於平均居住空間,1270,未完工,0,208,1478,瓦斯熱風,極佳,有,保險絲(良),1478,0,0,1478,1,0,2,0,3,1,普通,6,正常,2,良好,連接主屋,未完工,2,498,普通,普通,鋪面,0,40,0,0,0,0,無泳池,無圍籬,無其他設施,0,12,2009,一般保證契約,一般交易,157500,11.967187086434018
349,2,2層樓社區住宅(1946年後),低密度住宅區,36.0,2448,柏油路,無巷道,規則,平坦,內側地,緩坡,北嶺高地(NridgHt),正常,正常,連棟中間,2層樓,7,5,2003,2004,山形頂,標準瀝青瓦,乙烯基壁板,木瓦,石材,106.0,良好,普通,澆置混凝土,良好,普通,無採光,優良居住空間,573,未完工,0,191,764,瓦斯熱風,極佳,有,標準斷路器,764,862,0,1626,1,0,2,1,2,1,良好,6,正常,0,無壁爐,內建車庫,粗略完工,2,474,普通,普通,鋪面,0,27,0,0,0,0,無泳池,無圍籬,無其他設施,0,10,2008,一般保證契約,一般交易,154000,11.944714374881176
350,1,2層樓(1946年後),低密度住宅區,56.0,20431,柏油路,無巷道,中度不規則,平坦,內側地,緩坡,北嶺高地(NridgHt),正常,正常,獨棟,2層樓,9,5,2005,2006,四坡頂,標準瀝青瓦,水泥板,水泥板,面磚,870.0,極佳,普通,澆置混凝土,極佳,普通,無採光,優良居住空間,1410,未完工,0,438,1848,瓦斯熱風,極佳,有,標準斷路器,1848,880,0,2728,1,0,2,1,4,1,極佳,10,正常,2,極佳,連接主屋,已完工,3,706,普通,普通,鋪面,0,0,0,0,0,0,無泳池,無圍籬,無其他設施,0,4,2006,新屋,預售屋(估價時未完工),437154,12.988043102265232
353,3,1.5層樓(已完工),低密度住宅區,60.0,9084,柏油路,無巷道,規則,平坦,內側地,緩坡,愛德華茲(Edwards),鄰近主幹道,正常,獨棟,1.5層(二樓完工),5,6,1941,1950,山形頂,標準瀝青瓦,乙烯基壁板,乙烯基壁板,無砌面,0.0,普通,普通,煤渣磚,普通,尚可,採光少,低品質空間,236,一般娛樂空間,380,0,616,瓦斯熱風,普通,無,標準斷路器,616,495,0,1111,0,1,1,0,3,1,普通,5,正常,0,無壁爐,獨立車庫,未完工,1,200,普通,尚可,鋪面,48,0,0,0,0,0,無泳池,無圍籬,無其他設施,0,3,2008,低頭期低利合約,一般交易,95000,11.461642696843066
356,4,1層樓(1946年後),低密度住宅區,105.0,11249,柏油路,無巷道,中度不規則,平坦,內側地,緩坡,學院溪(CollgCr),正常,正常,獨棟,1層樓,6,5,1995,1995,山形頂,標準瀝青瓦,乙烯基壁板,乙烯基壁板,無砌面,0.0,良好,良好,澆置混凝土,良好,良好,無採光,普通居住空間,334,低於平均居住空間,544,322,1200,瓦斯熱風,極佳,有,標準斷路器,1200,0,0,1200,1,0,2,0,3,1,良好,6,正常,0,無壁爐,連接主屋,粗略完工,2,521,普通,普通,鋪面,0,26,0,0,0,0,無泳池,無圍籬,無其他設施,0,8,2007,一般保證契約,一般交易,177500,12.086731521684555
357,1,1層樓(1946年後),低密度住宅區,65.0,9248,柏油路,無巷道,略不規則,平坦,內側地,緩坡,吉爾伯特(Gilbert),正常,正常,獨棟,1層樓,6,6,1992,1992,山形頂,標準瀝青瓦,硬質纖維板,硬質纖維板,面磚,106.0,普通,普通,澆置混凝土,良好,普通,無採光,優良居住空間,560,未完工,0,598,1158,瓦斯熱風,良好,有,標準斷路器,1167,0,0,1167,1,0,2,0,3,1,良好,6,正常,0,無壁爐,連接主屋,粗略完工,2,400,普通,普通,鋪面,120,26,0,0,0,0,無泳池,無圍籬,無其他設施,0,7,2009,一般保證契約,一般交易,173000,12.06105265381003
358,0,1層樓社區住宅(1946年後),中密度住宅區,44.0,4224,柏油路,無巷道,規則,平坦,內側地,緩坡,草地村(MeadowV),正常,正常,連棟邊間,1層樓,5,5,1976,1976,山形頂,標準瀝青瓦,水泥板,水泥板,無砌面,0.0,普通,普通,澆置混凝土,良好,普通,無採光,普通居住空間,874,未完工,0,268,1142,瓦斯熱風,普通,有,標準斷路器,1142,0,0,1142,1,0,1,1,3,1,普通,6,正常,1,差,連接主屋,已完工,2,528,普通,普通,鋪面,536,90,0,0,0,0,無泳池,隱私性低,無其他設施,0,8,2007,一般保證契約,一般交易,134000,11.80560254159177
360,1,2層樓(1946年後),低密度住宅區,78.0,12011,柏油路,無巷道,略不規則,平坦,死巷底,緩坡,北嶺(NoRidge),正常,正常,獨棟,2層樓,8,5,1998,1998,山形頂,標準瀝青瓦,乙烯基壁板,乙烯基壁板,面磚,530.0,良好,普通,澆置混凝土,良好,普通,採光普通,優良居住空間,956,未完工,0,130,1086,瓦斯熱風,極佳,有,標準斷路器,1086,838,0,1924,1,0,2,1,3,1,良好,7,正常,1,普通,連接主屋,粗略完工,2,592,普通,普通,鋪面,208,75,0,0,374,0,無泳池,無圍籬,無其他設施,0,6,2006,一般保證契約,一般交易,280000,12.54254845357358
361,0,錯層玄關式,低密度住宅區,71.0,7540,柏油路,無巷道,略不規則,平坦,死巷底,緩坡,米切爾(Mitchel),正常,正常,獨棟,錯層玄關,6,6,1978,1978,山形頂,標準瀝青瓦,乙烯基壁板,乙烯基壁板,無砌面,0.0,普通,普通,煤渣磚,良好,普通,採光普通,優良居住空間,773,未完工,0,115,888,瓦斯熱風,極佳,有,標準斷路器,912,0,0,912,1,0,1,0,2,1,普通,5,正常,1,普通,連接主屋,粗略完工,2,470,普通,普通,鋪面,0,0,0,0,192,0,無泳池,隱私性低,無其他設施,0,6,2007,一般保證契約,一般交易,156000,11.957617696467539
363,4,錯層玄關式,低密度住宅區,64.0,7301,柏油路,無巷道,規則,平坦,角地,緩坡,愛德華茲(Edwards),正常,正常,獨棟,錯層玄關,7,5,2003,2003,山形頂,標準瀝青瓦,硬質纖維板,硬質纖維板,面磚,500.0,良好,普通,板式,無地下室,無地下室,無地下室,無地下室,0,無地下室,0,0,0,瓦斯熱風,極佳,有,標準斷路器,495,1427,0,1922,0,0,3,0,4,1,良好,7,正常,1,極佳,內建車庫,粗略完工,2,672,普通,普通,鋪面,0,0,177,0,0,0,無泳池,無圍籬,無其他設施,0,7,2009,低頭期合約,一般交易,198500,12.198549416880068
365,0,2層樓(1946年後),低密度住宅區,80.0,18800,柏油路,無巷道,略不規則,平坦,兩面臨路,緩坡,西北艾姆斯(NWAmes),正常,正常,獨棟,2層樓,6,5,1976,1976,山形頂,標準瀝青瓦,硬質纖維板,硬質纖維板,面磚,120.0,普通,普通,澆置混凝土,良好,普通,採光少,優良居住空間,712,未完工,0,84,796,瓦斯熱風,普通,有,標準斷路器,790,784,0,1574,1,0,2,1,3,1,普通,6,正常,1,普通,連接主屋,已完工,2,566,普通,普通,鋪面,306,111,0,0,0,0,無泳池,無圍籬,無其他設施,0,7,2006,一般保證契約,一般交易,190000,12.154784614286667
367,4,1層樓(1946年後),低密度住宅區,74.5,9500,柏油路,無巷道,略不規則,平坦,內側地,緩坡,北艾姆斯(NAmes),正常,正常,獨棟,1層樓,6,5,1963,1963,山形頂,標準瀝青瓦,夾板,夾板,面磚,247.0,普通,普通,煤渣磚,良好,普通,無採光,低於平均居住空間,609,未完工,0,785,1394,瓦斯熱風,良好,有,標準斷路器,1394,0,0,1394,1,0,1,1,3,1,普通,6,正常,2,良好,連接主屋,粗略完工,2,514,普通,普通,鋪面,0,76,0,0,185,0,無泳池,無圍籬,無其他設施,0,7,2009,一般保證契約,一般交易,159000,11.976665770490767
369,0,1層樓(1946年後),低密度住宅區,78.0,7800,柏油路,無巷道,規則,平坦,內側地,緩坡,北艾姆斯(NAmes),正常,正常,獨棟,1層樓,5,6,1954,1954,山形頂,標準瀝青瓦,硬質纖維板,硬質纖維板,面磚,200.0,普通,普通,澆置混凝土,普通,普通,無採光,低品質空間,540,未完工,0,728,1268,瓦斯熱風,良好,有,標準斷路器,1268,0,0,1268,0,0,1,0,2,1,普通,7,正常,1,良好,連接主屋,已完工,1,244,普通,普通,鋪面,0,98,0,0,0,0,無泳池,無圍籬,無其他設施,0,3,2010,一般保證契約,一般交易,132000,11.790564777297387
370,4,1層樓(1946年後),低密度住宅區,74.5,9830,柏油路,無巷道,略不規則,平坦,角地,緩坡,北艾姆斯(NAmes),正常,正常,獨棟,1層樓,5,7,1959,2006,山形頂,標準瀝青瓦,木壁板,木壁板,無砌面,0.0,普通,良好,煤渣磚,普通,普通,無採光,普通居住空間,72,一般娛樂空間,258,733,1063,瓦斯熱風,極佳,有,標準斷路器,1287,0,0,1287,1,0,1,0,3,1,良好,7,正常,1,良好,獨立車庫,已完工,2,576,普通,普通,鋪面,364,17,0,0,182,0,無泳池,無圍籬,無其他設施,0,3,2010,一般保證契約,一般交易,162000,11.995357787034976
371,0,2層樓(1946年後),低密度住宅區,65.0,8121,柏油路,無巷道,略不規則,平坦,內側地,緩坡,吉爾伯特(Gilbert),正常,正常,獨棟,2層樓,6,5,2000,2000,山形頂,標準瀝青瓦,乙烯基壁板,乙烯基壁板,無砌面,0.0,普通,普通,澆置混凝土,良好,普通,無採光,未完工,0,未完工,0,953,953,瓦斯熱風,極佳,有,標準斷路器,953,711,0,1664,0,0,2,1,3,1,普通,7,正常,1,普通,連接主屋,粗略完工,2,460,普通,普通,鋪面,100,40,0,0,0,0,無泳池,無圍籬,無其他設施,0,1,2006,一般保證契約,一般交易,172400,12.057578437658945
373,0,1層樓社區住宅(1946年後),低密度住宅區,50.0,7175,柏油路,無巷道,規則,平坦,內側地,緩坡,西索耶(SawyerW),正常,正常,連棟邊間,1層樓,6,5,1984,1984,山形頂,標準瀝青瓦,夾板,夾板,無砌面,0.0,普通,普通,煤渣磚,良好,普通,無採光,普通居住空間,623,低品質空間,121,0,744,瓦斯熱風,普通,有,標準斷路器,752,0,0,752,1,0,1,0,2,1,普通,4,正常,0,無壁爐,連接主屋,未完工,1,264,普通,普通,鋪面,353,0,0,0,90,0,無泳池,隱私性低,無其他設施,0,2,2010,一般保證契約,一般交易,125000,11.736077016252437
374,2,1層樓(1946年後),低密度住宅區,79.0,10634,柏油路,無巷道,規則,平坦,內側地,緩坡,北艾姆斯(NAmes),正常,正常,獨棟,1層樓,5,6,1953,1953,山形頂,標準瀝青瓦,金屬壁板,金屬壁板,無砌面,0.0,普通,普通,澆置混凝土,普通,普通,無採光,低於平均居住空間,428,低品質空間,180,0,608,瓦斯熱風,普通,有,標準斷路器,1319,0,0,1319,1,0,1,0,3,1,普通,5,輕微扣分2,0,無壁爐,連接主屋,未完工,1,270,普通,普通,鋪面,66,0,0,0,0,0,無泳池,木圍籬佳,無其他設施,0,11,2009,一般保證契約,一般交易,123000,11.719947764402807
376,3,1層樓(1945年前),低密度住宅區,65.5,10020,柏油路,無巷道,略不規則,低窪,內側地,陡坡,愛德華茲(Edwards),正常,正常,獨棟,1層樓,1,1,1922,1950,山形頂,標準瀝青瓦,木壁板,木壁板,無砌面,0.0,尚可,尚可,磚與瓦,尚可,差,採光良好,低於平均居住空間,350,未完工,0,333,683,瓦斯熱風,良好,無,保險絲(良),904,0,0,904,1,0,0,1,1,1,尚可,4,重大扣分1,0,無壁爐,無車庫,無車庫,0,0,無車庫,無車庫,鋪面,0,0,0,0,0,0,無泳池,無圍籬,無其他設施,0,3,2009,一般保證契約,一般交易,61000,11.0186455364637
377,2,錯層玄關式,低密度住宅區,57.0,8846,柏油路,無巷道,略不規則,平坦,死巷底,緩坡,學院溪(CollgCr),正常,正常,獨棟,錯層玄關,5,5,1996,1996,山形頂,標準瀝青瓦,乙烯基壁板,乙烯基壁板,無砌面,0.0,良好,普通,澆置混凝土,良好,普通,採光普通,優良居住空間,298,未完工,0,572,870,瓦斯熱風,極佳,有,標準斷路器,914,0,0,914,0,0,1,0,2,1,普通,5,正常,0,無壁爐,獨立車庫,未完工,2,576,普通,普通,鋪面,0,0,0,0,0,0,無泳池,無圍籬,無其他設施,0,7,2006,一般保證契約,一般交易,148000,11.904974309480181
378,4,2層樓(1946年後),浮動村住宅區,102.0,11143,柏油路,無巷道,略不規則,平坦,角地,緩坡,薩默塞特(Somerst),正常,正常,獨棟,2層樓,8,5,2004,2005,山形頂,標準瀝青瓦,水泥板,水泥板,無砌面,0.0,良好,普通,澆置混凝土,良好,普通,無採光,未完工,0,未完工,0,1580,1580,瓦斯熱風,極佳,有,標準斷路器,1580,886,0,2466,0,0,3,0,4,1,良好,8,正常,1,良好,連接主屋,粗略完工,2,610,普通,普通,鋪面,159,214,0,0,0,0,無泳池,無圍籬,無其他設施,0,12,2007,一般保證契約,一般交易,340000,12.73670383776449
379,3,1層樓(1946年後),低密度住宅區,88.0,11394,柏油路,無巷道,規則,平坦,角地,緩坡,石橋(StoneBr),正常,正常,獨棟,1層樓,9,2,2010,2010,四坡頂,標準瀝青瓦,乙烯基壁板,乙烯基壁板,石材,350.0,良好,普通,澆置混凝土,極佳,普通,採光普通,優良居住空間,1445,未完工,0,411,1856,瓦斯熱風,極佳,有,標準斷路器,1856,0,0,1856,1,0,1,1,1,1,極佳,8,正常,1,極佳,連接主屋,已完工,3,834,普通,普通,鋪面,113,0,0,0,0,0,無泳池,無圍籬,無其他設施,0,6,2010,新屋,預售屋(估價時未完工),394432,12.885204569609956
380,1,2層樓(1946年後),低密度住宅區,60.0,8123,柏油路,無巷道,略不規則,平坦,內側地,緩坡,吉爾伯特(Gilbert),緊鄰南北向鐵路,正常,獨棟,2層樓,6,5,2000,2000,山形頂,標準瀝青瓦,乙烯基壁板,乙烯基壁板,面磚,16.0,普通,普通,澆置混凝土,良好,普通,無採光,未完工,0,未完工,0,982,982,瓦斯熱風,極佳,有,標準斷路器,1007,793,0,1800,0,0,2,1,3,1,普通,7,正常,1,普通,連接主屋,已完工,2,463,普通,普通,鋪面,100,63,0,0,0,0,無泳池,無圍籬,無其他設施,0,6,2009,一般保證契約,一般交易,179000,12.095146671399466
381,0,1.5層樓(已完工),低密度住宅區,50.0,5000,柏油路,柏油巷,規則,平坦,內側地,緩坡,州立大學西南(SWISU),正常,正常,獨棟,1.5層(二樓完工),5,6,1924,1950,山形頂,標準瀝青瓦,面磚,木壁板,無砌面,0.0,普通,普通,磚與瓦,普通,普通,無採光,低品質空間,218,未完工,0,808,1026,瓦斯熱風,普通,有,標準斷路器,1026,665,0,1691,0,0,2,0,3,1,良好,6,正常,1,良好,獨立車庫,未完工,1,308,普通,普通,鋪面,0,0,242,0,0,0,無泳池,無圍籬,無其他設施,0,5,2010,一般保證契約,一般交易,127000,11.751950239425476
382,1,1層樓(1946年後),浮動村住宅區,60.0,7200,柏油路,柏油巷,規則,平坦,內側地,緩坡,薩默塞特(Somerst),正常,正常,獨棟,1層樓,7,5,2006,2006,山形頂,標準瀝青瓦,乙烯基壁板,乙烯基壁板,無砌面,0.0,良好,普通,澆置混凝土,良好,良好,無採光,未完工,0,未完工,0,1293,1293,瓦斯熱風,極佳,有,標準斷路器,1301,0,0,1301,1,0,2,0,2,1,良好,5,正常,1,良好,連接主屋,粗略完工,2,572,普通,普通,鋪面,216,121,0,0,0,0,無泳池,無圍籬,無其他設施,0,8,2006,新屋,預售屋(估價時未完工),187750,12.142871895843887
384,0,1.5層樓(未完工),高密度住宅區,60.0,9000,柏油路,無巷道,規則,平坦,角地,緩坡,西索耶(SawyerW),正常,正常,獨棟,1.5層(二樓未完工),6,3,1928,1950,山形頂,標準瀝青瓦,木壁板,木壁板,無砌面,0.0,普通,普通,磚與瓦,尚可,尚可,無採光,未完工,0,未完工,0,784,784,瓦斯熱風,普通,無,保險絲(良),784,0,0,784,0,0,1,0,2,1,普通,5,正常,0,無壁爐,獨立車庫,未完工,2,360,尚可,尚可,泥土或碎石,0,0,91,0,0,0,無泳池,無圍籬,無其他設施,0,10,2009,一般保證契約,一般交易,76000,11.23850177707664
385,0,2層樓(1946年後),低密度住宅區,80.0,53107,柏油路,無巷道,中度不規則,低窪,角地,中坡,清溪(ClearCr),鄰近支線道路,正常,獨棟,2層樓,6,5,1992,1992,山形頂,標準瀝青瓦,硬質纖維板,硬質纖維板,無砌面,0.0,良好,普通,澆置混凝土,良好,普通,採光普通,優良居住空間,985,未完工,0,595,1580,瓦斯熱風,極佳,有,標準斷路器,1079,874,0,1953,1,0,2,1,3,1,良好,9,正常,2,尚可,連接主屋,已完工,2,501,普通,普通,鋪面,216,231,0,0,0,0,無泳池,無圍籬,無其他設施,0,6,2007,一般保證契約,一般交易,240000,12.388398368982115
386,1,1層樓社區住宅(1946年後),低密度住宅區,43.0,3182,柏油路,無巷道,規則,平坦,內側地,緩坡,布魯明頓高地(Blmngtn),正常,正常,連棟邊間,1層樓,8,5,2004,2005,山形頂,標準瀝青瓦,乙烯基壁板,乙烯基壁板,面磚,16.0,良好,普通,澆置混凝土,良好,普通,無採光,優良居住空間,24,未完工,0,1232,1256,瓦斯熱風,極佳,有,標準斷路器,1269,0,0,1269,0,0,2,0,2,1,良好,6,正常,1,普通,連接主屋,已完工,2,430,普通,普通,鋪面,146,20,0,0,144,0,無泳池,無圍籬,無其他設施,0,4,2010,一般保證契約,一般交易,192000,12.165255859329688
387,2,1.5層樓(已完工),低密度住宅區,58.0,8410,柏油路,無巷道,規則,平坦,兩面臨路,緩坡,愛德華茲(Edwards),鄰近支線道路,正常,獨棟,1.5層(二樓完工),5,3,1910,1996,穀倉頂,標準瀝青瓦,木壁板,乙烯基壁板,無砌面,0.0,普通,尚可,澆置混凝土,普通,普通,無採光,未完工,0,未完工,0,658,658,瓦斯熱風,普通,有,標準斷路器,658,526,0,1184,0,0,1,0,5,1,普通,8,正常,0,無壁爐,無車庫,無車庫,0,0,無車庫,無車庫,泥土或碎石,0,151,0,0,0,0,無泳池,無圍籬,無其他設施,0,5,2006,一般保證契約,購買相鄰土地,81000,11.302216779257382
388,1,錯層式,低密度住宅區,72.0,7200,柏油路,無巷道,規則,平坦,內側地,緩坡,愛德華茲(Edwards),正常,正常,獨棟,錯層,6,6,1976,1976,四坡頂,標準瀝青瓦,金屬壁板,金屬壁板,面磚,255.0,普通,普通,煤渣磚,普通,普通,採光普通,普通居住空間,631,未完工,0,410,1041,瓦斯熱風,極佳,有,標準斷路器,1125,0,0,1125,1,0,1,0,3,1,普通,6,正常,1,尚可,獨立車庫,未完工,1,352,普通,普通,鋪面,296,0,0,0,0,0,無泳池,木圍籬佳,無其他設施,0,10,2009,一般保證契約,異常交易(如法拍),125000,11.736077016252437
389,3,1層樓(1946年後),低密度住宅區,93.0,9382,柏油路,無巷道,略不規則,平坦,死巷底,緩坡,學院溪(CollgCr),正常,正常,獨棟,1層樓,7,5,1999,2000,山形頂,標準瀝青瓦,乙烯基壁板,乙烯基壁板,面磚,125.0,良好,普通,澆置混凝土,良好,普通,無採光,未完工,0,未完工,0,1468,1468,瓦斯熱風,極佳,有,標準斷路器,1479,0,0,1479,0,0,2,0,3,1,良好,6,正常,0,無壁爐,連接主屋,粗略完工,2,577,普通,普通,鋪面,120,25,0,0,0,0,無泳池,無圍籬,無其他設施,0,7,2008,一般保證契約,一般交易,191000,12.160033942617156
390,2,2層樓(1946年後),低密度住宅區,96.0,12474,柏油路,無巷道,規則,平坦,內側地,緩坡,北嶺高地(NridgHt),正常,正常,獨棟,2層樓,10,5,2007,2008,山形頂,標準瀝青瓦,乙烯基壁板,乙烯基壁板,石材,272.0,極佳,普通,澆置混凝土,極佳,普通,採光普通,優良居住空間,1280,未完工,0,402,1682,瓦斯熱風,極佳,有,標準斷路器,1742,590,0,2332,1,0,2,1,3,1,極佳,9,正常,1,極佳,內建車庫,已完工,3,846,普通,普通,鋪面,196,134,0,0,0,0,無泳池,無圍籬,無其他設施,0,8,2008,新屋,預售屋(估價時未完工),426000,12.962196972666593
391,4,1.5層樓(已完工),低密度住宅區,50.0,8405,柏油路,碎石巷,規則,平坦,內側地,緩坡,愛德華茲(Edwards),正常,正常,獨棟,1.5層(二樓完工),5,8,1900,1950,山形頂,標準瀝青瓦,金屬壁板,金屬壁板,無砌面,0.0,普通,普通,磚與瓦,普通,良好,無採光,一般娛樂空間,241,低於平均居住空間,391,229,861,瓦斯熱風,極佳,有,標準斷路器,961,406,0,1367,1,0,1,0,4,1,普通,7,正常,0,無壁爐,獨立車庫,未完工,1,384,普通,普通,鋪面,0,130,112,0,0,0,無泳池,隱私性低,無其他設施,0,4,2008,一般保證契約,一般交易,119000,11.686887175419702
392,1,2層樓(1946年後),低密度住宅區,71.0,12209,柏油路,無巷道,略不規則,平坦,死巷底,緩坡,米切爾(Mitchel),正常,正常,獨棟,2層樓,6,5,2001,2002,山形頂,標準瀝青瓦,乙烯基壁板,乙烯基壁板,無砌面,0.0,普通,普通,澆置混凝土,極佳,普通,無採光,普通居住空間,690,未完工,0,114,804,瓦斯熱風,極佳,有,標準斷路器,804,1157,0,1961,1,0,2,1,3,1,良好,7,正常,1,普通,內建車庫,已完工,2,560,普通,普通,鋪面,125,192,0,0,0,0,無泳池,無圍籬,無其他設施,0,6,2009,一般保證契約,一般交易,215000,12.278397958261774
393,4,1層樓(1946年後),低密度住宅區,74.5,8339,柏油路,無巷道,略不規則,平坦,內側地,緩坡,北艾姆斯(NAmes),正常,正常,獨棟,1層樓,5,7,1959,1959,山形頂,標準瀝青瓦,金屬壁板,金屬壁板,無砌面,0.0,普通,普通,板式,無地下室,無地下室,無地下室,無地下室,0,無地下室,0,0,0,瓦斯熱風,普通,有,標準斷路器,882,0,0,882,0,0,1,0,3,1,普通,5,正常,0,無壁爐,連接主屋,粗略完工,1,294,普通,普通,鋪面,0,0,0,0,0,0,無泳池,隱私性低,儲藏棚,1200,7,2007,一般保證契約,一般交易,106500,11.575909653758895
394,1,1層樓(1945年前),低密度住宅區,52.0,7446,柏油路,無巷道,規則,平坦,角地,緩坡,布魯克賽德(BrkSide),鄰近支線道路,正常,獨棟,1層樓,4,5,1941,1950,山形頂,標準瀝青瓦,木瓦,木瓦,無砌面,0.0,普通,普通,煤渣磚,普通,普通,無採光,一般娛樂空間,266,未完工,0,522,788,瓦斯熱風,普通,有,保險絲(良),788,0,0,788,0,0,1,0,2,1,普通,4,正常,2,普通,無車庫,無車庫,0,0,無車庫,無車庫,鋪面,0,0,0,0,0,0,無泳池,木圍籬佳,無其他設施,0,4,2006,一般保證契約,異常交易(如法拍),100000,11.51293546492023
396,0,1層樓(1946年後),低密度住宅區,68.0,9571,柏油路,無巷道,規則,平坦,內側地,緩坡,愛德華茲(Edwards),正常,正常,獨棟,1層樓,5,6,1956,1956,山形頂,標準瀝青瓦,木壁板,木壁板,無砌面,0.0,普通,普通,煤渣磚,普通,普通,採光普通,低於平均居住空間,739,未完工,0,405,1144,瓦斯熱風,普通,有,標準斷路器,1144,0,0,1144,1,0,1,0,3,1,普通,6,正常,0,無壁爐,連接主屋,未完工,1,596,普通,普通,鋪面,44,0,0,0,0,0,無泳池,無圍籬,無其他設施,0,6,2010,一般保證契約,一般交易,129000,11.767575435251748
397,3,1層樓(1946年後),低密度住宅區,60.0,7200,柏油路,無巷道,規則,低窪,內側地,緩坡,學院溪(CollgCr),正常,正常,獨棟,1層樓,5,5,1972,1972,四坡頂,標準瀝青瓦,金屬壁板,金屬壁板,無砌面,0.0,普通,普通,煤渣磚,普通,普通,採光普通,一般娛樂空間,777,未完工,0,117,894,瓦斯熱風,普通,有,標準斷路器,894,0,0,894,0,0,1,0,2,1,普通,6,正常,0,無壁爐,獨立車庫,粗略完工,2,600,普通,普通,鋪面,215,0,0,0,0,0,無泳池,無圍籬,無其他設施,0,9,2009,一般保證契約,一般交易,123000,11.719947764402807
398,0,2層樓(1946年後),低密度住宅區,69.0,7590,柏油路,無巷道,規則,平坦,內側地,緩坡,北艾姆斯(NAmes),鄰近公園綠地等正面設施,正常,獨棟,2層樓,5,5,1962,1962,山形頂,標準瀝青瓦,乙烯基壁板,乙烯基壁板,面磚,288.0,普通,普通,煤渣磚,普通,普通,無採光,普通居住空間,540,未完工,0,324,864,瓦斯熱風,普通,有,標準斷路器,876,936,0,1812,0,0,2,0,4,1,普通,8,正常,1,普通,連接主屋,粗略完工,1,264,普通,普通,鋪面,0,168,0,0,0,0,無泳池,無圍籬,無其他設施,0,7,2007,一般保證契約,一般交易,169500,12.040614105490253
400,3,2層樓(1946年後),浮動村住宅區,65.0,8125,柏油路,無巷道,規則,平坦,內側地,緩坡,薩默塞特(Somerst),正常,正常,獨棟,2層樓,7,5,2006,2007,山形頂,標準瀝青瓦,水泥板,水泥板,石材,100.0,良好,普通,澆置混凝土,良好,普通,無採光,優良居住空間,812,未完工,0,280,1092,瓦斯熱風,極佳,有,標準斷路器,1112,438,0,1550,1,0,2,0,2,1,良好,7,正常,0,無壁爐,連接主屋,已完工,2,438,普通,普通,鋪面,0,168,0,0,0,0,無泳池,無圍籬,無其他設施,0,10,2009,一般保證契約,一般交易,241000,12.392556361841777
401,0,1層樓社區住宅(1946年後),低密度住宅區,38.0,14963,柏油路,無巷道,中度不規則,平坦,內側地,緩坡,文克(Veenker),正常,正常,連棟邊間,1層樓,8,5,1996,1996,山形頂,標準瀝青瓦,面磚,面磚,無砌面,0.0,良好,普通,澆置混凝土,良好,普通,無採光,優良居住空間,786,未完工,0,474,1260,瓦斯熱風,極佳,有,標準斷路器,1288,0,0,1288,1,0,1,1,1,1,極佳,4,正常,2,良好,連接主屋,已完工,2,500,普通,普通,鋪面,120,30,0,0,224,0,無泳池,無圍籬,無其他設施,0,12,2008,一般保證契約,一般交易,245500,12.411056299528171
402,2,1層樓(1946年後),低密度住宅區,65.0,8767,柏油路,無巷道,略不規則,平坦,內側地,緩坡,學院溪(CollgCr),正常,正常,獨棟,1層樓,7,5,2005,2005,山形頂,標準瀝青瓦,乙烯基壁板,乙烯基壁板,無砌面,0.0,良好,普通,澆置混凝土,良好,普通,採光普通,優良居住空間,24,未完工,0,1286,1310,瓦斯熱風,極佳,有,標準斷路器,1310,0,0,1310,0,0,2,0,3,1,良好,6,正常,1,良好,連接主屋,已完工,2,400,普通,普通,鋪面,0,0,0,0,0,0,無泳池,無圍籬,無其他設施,0,7,2006,新屋,預售屋(估價時未完工),164990,12.013646205940514
403,4,1層樓(1945年前),低密度住宅區,60.0,10200,柏油路,無巷道,規則,平坦,內側地,緩坡,索耶(Sawyer),正常,正常,獨棟,1層樓,5,8,1940,1997,山形頂,標準瀝青瓦,木壁板,木壁板,無砌面,0.0,普通,普通,澆置混凝土,普通,普通,無採光,未完工,0,未完工,0,672,672,瓦斯熱風,極佳,有,標準斷路器,672,0,0,672,0,0,1,0,2,1,普通,4,正常,0,無壁爐,獨立車庫,未完工,1,240,普通,普通,泥土或碎石,168,0,0,0,0,0,無泳池,隱私性佳,無其他設施,0,8,2008,一般保證契約,一般交易,108000,11.58989576532275
404,2,2層樓(1946年後),低密度住宅區,93.0,12090,柏油路,無巷道,規則,平坦,角地,緩坡,北嶺(NoRidge),正常,正常,獨棟,2層樓,8,5,1998,1998,四坡頂,標準瀝青瓦,乙烯基壁板,乙烯基壁板,面磚,650.0,良好,普通,澆置混凝土,良好,普通,無採光,未完工,0,未完工,0,1141,1141,瓦斯熱風,良好,有,標準斷路器,1165,1098,0,2263,0,0,2,1,4,1,良好,10,正常,1,普通,內建車庫,已完工,2,420,普通,普通,鋪面,144,123,0,0,0,0,無泳池,無圍籬,無其他設施,0,7,2006,一般保證契約,異常交易(如法拍),258000,12.460718739865236
405,0,2層樓(1946年後),低密度住宅區,65.0,10364,柏油路,無巷道,略不規則,平坦,內側地,緩坡,吉爾伯特(Gilbert),正常,正常,獨棟,2層樓,6,5,1995,1996,山形頂,標準瀝青瓦,金屬壁板,金屬壁板,無砌面,0.0,普通,普通,澆置混凝土,良好,普通,無採光,未完工,0,未完工,0,806,806,瓦斯熱風,良好,有,標準斷路器,806,766,0,1572,0,0,2,1,3,1,普通,7,正常,1,普通,內建車庫,已完工,2,373,普通,普通,鋪面,0,40,0,0,0,0,無泳池,無圍籬,無其他設施,0,5,2007,一般保證契約,一般交易,168000,12.031725210748633
406,0,1層樓(1946年後),低密度住宅區,70.5,9991,柏油路,無巷道,略不規則,平坦,角地,緩坡,索耶(Sawyer),鄰近支線道路,正常,獨棟,1層樓,4,4,1976,1993,山形頂,標準瀝青瓦,夾板,夾板,無砌面,0.0,普通,普通,煤渣磚,普通,普通,無採光,低於平均居住空間,1116,未完工,0,165,1281,瓦斯熱風,極佳,有,標準斷路器,1620,0,0,1620,1,0,2,0,3,1,普通,8,輕微扣分1,1,普通,連接主屋,未完工,2,490,普通,普通,鋪面,120,78,0,0,0,0,無泳池,木圍籬佳,無其他設施,0,6,2009,一般保證契約,一般交易,150000,11.918397239722838
407,2,1.5層樓(已完工),低密度住宅區,51.0,10480,柏油路,無巷道,規則,平坦,內側地,緩坡,州立大學西南(SWISU),正常,正常,獨棟,1.5層(二樓完工),6,5,1936,1950,山形頂,標準瀝青瓦,金屬壁板,金屬壁板,無砌面,0.0,普通,普通,磚與瓦,普通,普通,無採光,未完工,0,未完工,0,1064,1064,瓦斯熱風,極佳,有,保險絲(良),1166,0,473,1639,0,0,1,0,3,1,普通,6,重大扣分2,0,無壁爐,獨立車庫,未完工,1,240,普通,普通,鋪面,0,0,0,0,0,0,無泳池,無圍籬,無其他設施,0,3,2008,一般保證契約,一般交易,115000,11.652696102959753
408,4,2層樓(1945年前),低密度住宅區,63.0,15576,柏油路,無巷道,規則,平坦,內側地,緩坡,克勞福德(Crawfor),正常,正常,獨棟,2層樓,6,7,1915,1976,山形頂,標準瀝青瓦,木壁板,夾板,無砌面,0.0,普通,普通,磚與瓦,良好,普通,無採光,未完工,0,未完工,0,840,840,瓦斯熱風,極佳,有,標準斷路器,840,840,0,1680,0,0,2,0,4,1,普通,8,正常,0,無壁爐,連接主屋,未完工,1,308,普通,普通,鋪面,0,0,160,0,0,0,無泳池,無圍籬,無其他設施,0,3,2008,一般保證契約,一般交易,177000,12.083910661257521
409,1,2層樓(1946年後),低密度住宅區,109.0,14154,柏油路,無巷道,規則,平坦,角地,緩坡,北嶺高地(NridgHt),正常,正常,獨棟,2層樓,7,5,2006,2006,山形頂,標準瀝青瓦,乙烯基壁板,乙烯基壁板,面磚,350.0,良好,普通,澆置混凝土,極佳,良好,無採光,未完工,0,未完工,0,1063,1063,瓦斯熱風,極佳,有,標準斷路器,1071,1101,0,2172,0,0,2,1,3,1,良好,9,正常,1,良好,連接主屋,粗略完工,3,947,普通,普通,鋪面,192,62,0,0,0,0,無泳池,無圍籬,無其他設施,0,8,2007,新屋,預售屋(估價時未完工),280000,12.54254845357358
410,1,2層樓(1946年後),浮動村住宅區,85.0,10800,柏油路,無巷道,規則,平坦,內側地,緩坡,薩默塞特(Somerst),正常,正常,獨棟,2層樓,8,5,2007,2008,山形頂,標準瀝青瓦,乙烯基壁板,乙烯基壁板,石材,100.0,良好,普通,澆置混凝土,極佳,普通,無採光,優良居住空間,789,未完工,0,245,1034,瓦斯熱風,極佳,有,標準斷路器,1050,1028,0,2078,1,0,2,1,3,1,極佳,8,正常,1,良好,連接主屋,已完工,3,836,普通,普通,鋪面,0,102,0,0,0,0,無泳池,無圍籬,無其他設施,0,4,2008,新屋,預售屋(估價時未完工),339750,12.73596827534975
411,1,1層樓(1946年後),低密度住宅區,68.0,9571,柏油路,無巷道,規則,平坦,內側地,緩坡,愛德華茲(Edwards),正常,正常,獨棟,1層樓,5,3,1958,1958,山形頂,標準瀝青瓦,一般磚,一般磚,無砌面,0.0,普通,尚可,煤渣磚,普通,尚可,無採光,未完工,0,未完工,0,1276,1276,瓦斯熱風,普通,有,保險絲(良),1276,0,0,1276,0,0,1,0,3,1,普通,5,中度扣分,0,無壁爐,連接主屋,未完工,1,350,普通,普通,鋪面,0,0,0,0,0,0,無泳池,無圍籬,無其他設施,0,6,2009,法院或遺產拍賣,異常交易(如法拍),60000,11.002116507732017
413,1,1層樓(1946年後),浮動村住宅區,73.5,4403,柏油路,無巷道,中度不規則,平坦,內側地,緩坡,薩默塞特(Somerst),正常,正常,獨棟,1層樓,7,5,2009,2009,山形頂,標準瀝青瓦,金屬壁板,金屬壁板,石材,432.0,極佳,普通,澆置混凝土,極佳,普通,採光普通,優良居住空間,578,未完工,0,892,1470,瓦斯熱風,極佳,有,標準斷路器,1478,0,0,1478,1,0,2,1,2,1,良好,7,正常,1,良好,連接主屋,已完工,2,484,普通,普通,鋪面,0,144,0,0,0,0,無泳池,無圍籬,無其他設施,0,6,2010,新屋,預售屋(估價時未完工),222000,12.310437165348775
415,2,2層樓(1946年後),低密度住宅區,59.0,11228,柏油路,無巷道,中度不規則,平坦,死巷底,緩坡,西索耶(SawyerW),正常,正常,獨棟,2層樓,7,5,1993,1993,山形頂,標準瀝青瓦,乙烯基壁板,乙烯基壁板,無砌面,0.0,良好,普通,澆置混凝土,良好,普通,無採光,低於平均居住空間,50,優良居住空間,531,499,1080,瓦斯熱風,極佳,有,標準斷路器,1080,1017,0,2097,0,1,2,1,3,1,良好,9,正常,1,普通,連接主屋,未完工,3,678,普通,普通,鋪面,196,187,0,0,0,0,無泳池,無圍籬,無其他設施,0,12,2008,一般保證契約,一般交易,228000,12.337105293891872
418,0,2層樓(1945年前),低密度住宅區,86.0,22420,柏油路,無巷道,略不規則,平坦,內側地,緩坡,克勞福德(Crawfor),鄰近支線道路,正常,獨棟,2層樓,6,6,1918,1950,四坡頂,標準瀝青瓦,木壁板,灰泥,無砌面,0.0,普通,普通,磚與瓦,良好,普通,無採光,低於平均居住空間,1128,未完工,0,242,1370,瓦斯熱水,普通,無,保險絲(良),1370,1254,0,2624,1,0,2,1,4,1,普通,10,正常,1,良好,獨立車庫,未完工,3,864,普通,普通,泥土或碎石,0,0,0,0,0,0,無泳池,無圍籬,無其他設施,0,11,2007,一般保證契約,一般交易,239000,12.384223015005313
419,4,1.5層樓(已完工),低密度住宅區,60.0,8160,柏油路,無巷道,規則,平坦,內側地,緩坡,愛德華茲(Edwards),正常,正常,獨棟,1.5層(二樓完工),5,6,1940,1950,山形頂,標準瀝青瓦,金屬壁板,金屬壁板,無砌面,0.0,普通,普通,磚與瓦,普通,普通,無採光,普通居住空間,312,未完工,0,444,756,瓦斯熱風,尚可,無,保險絲(普通),756,378,0,1134,1,0,1,1,3,1,普通,7,正常,0,無壁爐,獨立車庫,未完工,1,240,普通,普通,部分鋪面,0,0,0,0,0,0,無泳池,無圍籬,無其他設施,0,4,2007,一般保證契約,購買相鄰土地,126000,11.744045122410057
420,2,1層樓(1946年後),低密度住宅區,65.0,8450,柏油路,無巷道,規則,平坦,內側地,緩坡,北艾姆斯(NAmes),正常,正常,獨棟,1層樓,5,6,1968,1968,山形頂,標準瀝青瓦,乙烯基壁板,乙烯基壁板,無砌面,0.0,普通,普通,煤渣磚,普通,普通,無採光,低於平均居住空間,775,未完工,0,281,1056,瓦斯熱風,極佳,有,標準斷路器,1056,0,0,1056,1,0,1,0,3,1,普通,6,正常,1,尚可,連接主屋,未完工,1,304,普通,普通,鋪面,0,85,184,0,0,0,無泳池,無圍籬,無其他設施,0,7,2010,一般保證契約,一般交易,142000,11.863589378812122
421,1,雙拼住宅,中密度住宅區,78.0,7060,柏油路,無巷道,規則,平坦,內側地,緩坡,米切爾(Mitchel),正常,正常,雙拼,錯層玄關,7,5,1997,1998,山形頂,標準瀝青瓦,乙烯基壁板,乙烯基壁板,面磚,200.0,普通,良好,澆置混凝土,良好,良好,採光良好,優良居住空間,1309,未完工,0,35,1344,瓦斯熱風,極佳,有,標準斷路器,1344,0,0,1344,2,0,2,0,2,2,普通,8,正常,0,無壁爐,連接主屋,已完工,4,784,普通,普通,鋪面,0,0,0,0,0,0,無泳池,無圍籬,無其他設施,0,11,2008,一般保證契約,兩筆相連物件分配,206300,12.237091546357338
422,3,1層樓(1946年後),低密度住宅區,80.0,16635,柏油路,無巷道,略不規則,平坦,兩面臨路,緩坡,西北艾姆斯(NWAmes),正常,正常,獨棟,1層樓,6,7,1977,2000,山形頂,標準瀝青瓦,水泥板,水泥板,石材,126.0,良好,普通,煤渣磚,良好,普通,無採光,普通居住空間,1246,未完工,0,356,1602,瓦斯熱風,良好,有,標準斷路器,1602,0,0,1602,0,1,2,0,3,1,良好,8,正常,1,普通,連接主屋,已完工,2,529,普通,普通,鋪面,240,0,0,0,0,0,無泳池,無圍籬,無其他設施,0,6,2009,一般保證契約,一般交易,215000,12.278397958261774
425,3,1層樓(1946年後),低密度住宅區,72.0,9000,柏油路,無巷道,規則,平坦,內側地,緩坡,北艾姆斯(NAmes),正常,正常,獨棟,1層樓,6,5,1956,1956,山形頂,標準瀝青瓦,木壁板,木壁板,面磚,74.0,普通,普通,煤渣磚,良好,普通,無採光,低品質空間,616,未完工,0,580,1196,瓦斯熱風,良好,有,保險絲(良),1196,0,0,1196,1,0,1,0,2,1,普通,6,正常,1,良好,連接主屋,粗略完工,1,297,普通,普通,鋪面,0,44,0,0,0,0,無泳池,無圍籬,無其他設施,0,5,2008,一般保證契約,一般交易,139000,11.842236406331555
431,1,2層樓社區住宅(1946年後),中密度住宅區,21.0,1680,柏油路,無巷道,規則,平坦,內側地,緩坡,布萊爾戴爾(BrDale),正常,正常,連棟中間,2層樓,6,5,1971,1971,山形頂,標準瀝青瓦,硬質纖維板,硬質纖維板,面磚,232.0,普通,普通,煤渣磚,普通,普通,無採光,普通居住空間,387,未完工,0,96,483,瓦斯熱風,普通,有,標準斷路器,483,504,0,987,0,0,1,1,2,1,普通,4,正常,0,無壁爐,獨立車庫,未完工,1,264,普通,普通,鋪面,0,0,0,0,0,0,無泳池,無圍籬,無其他設施,0,7,2008,法院或遺產拍賣,異常交易(如法拍),85400,11.355113089309977
432,4,1.5層樓(已完工),中密度住宅區,60.0,5586,柏油路,無巷道,略不規則,坡堤,內側地,緩坡,舊城區(OldTown),鄰近支線道路,正常,獨棟,1.5層(二樓完工),6,7,1920,1998,山形頂,標準瀝青瓦,金屬壁板,金屬壁板,無砌面,0.0,普通,普通,磚與瓦,普通,普通,無採光,未完工,0,未完工,0,901,901,瓦斯熱風,良好,有,標準斷路器,1088,110,0,1198,0,0,1,0,4,1,普通,7,正常,0,無壁爐,無車庫,無車庫,0,0,無車庫,無車庫,泥土或碎石,0,98,0,0,0,0,無泳池,隱私性低,無其他設施,0,9,2008,低頭期合約,異常交易(如法拍),79900,11.288543647320601
435,0,社區錯層住宅,中密度住宅區,21.0,1890,柏油路,無巷道,規則,平坦,內側地,緩坡,草地村(MeadowV),正常,正常,連棟中間,錯層玄關,4,7,1972,1972,山形頂,標準瀝青瓦,水泥板,水泥板,無砌面,0.0,普通,良好,煤渣磚,良好,普通,採光普通,普通居住空間,495,未完工,0,135,630,瓦斯熱風,良好,有,標準斷路器,630,0,0,630,1,0,1,0,1,1,普通,3,正常,0,無壁爐,無車庫,無車庫,0,0,無車庫,無車庫,鋪面,88,0,0,0,0,0,無泳池,無圍籬,無其他設施,0,6,2008,一般保證契約,一般交易,81000,11.302216779257382
436,4,2層樓(1946年後),低密度住宅區,43.0,10667,柏油路,無巷道,中度不規則,平坦,死巷底,緩坡,學院溪(CollgCr),鄰近公園綠地等正面設施,正常,獨棟,2層樓,7,6,1996,1996,山形頂,標準瀝青瓦,乙烯基壁板,乙烯基壁板,無砌面,0.0,良好,普通,澆置混凝土,良好,普通,採光普通,優良居住空間,385,普通居住空間,344,70,799,瓦斯熱風,極佳,有,標準斷路器,827,834,0,1661,1,0,2,1,3,1,良好,6,正常,1,普通,連接主屋,粗略完工,2,550,普通,普通,鋪面,158,61,0,0,0,0,無泳池,無圍籬,無其他設施,0,4,2009,低頭期低利合約,一般交易,212000,12.264346270624157
437,1,1.5層樓(已完工),中密度住宅區,40.0,4400,柏油路,無巷道,規則,平坦,內側地,緩坡,舊城區(OldTown),正常,正常,獨棟,1.5層(二樓完工),6,8,1920,1950,山形頂,標準瀝青瓦,灰泥,灰泥,無砌面,0.0,普通,普通,磚與瓦,尚可,普通,無採光,未完工,0,未完工,0,648,648,瓦斯熱風,普通,有,保險絲(良),734,384,0,1118,0,0,1,0,2,1,普通,6,正常,0,無壁爐,獨立車庫,未完工,2,440,普通,普通,鋪面,0,0,0,0,0,0,無泳池,無圍籬,無其他設施,0,10,2006,一般保證契約,一般交易,116000,11.661354090741
438,2,1.5層樓(未完工),中密度住宅區,50.0,6000,柏油路,無巷道,規則,平坦,內側地,緩坡,布魯克賽德(BrkSide),正常,正常,獨棟,1.5層(二樓未完工),6,7,1926,2004,山形頂,標準瀝青瓦,木壁板,木壁板,無砌面,0.0,良好,普通,澆置混凝土,普通,普通,無採光,未完工,0,未完工,0,884,884,瓦斯熱風,良好,有,標準斷路器,904,0,0,904,0,0,1,0,2,1,普通,4,正常,0,無壁爐,獨立車庫,未完工,1,180,普通,普通,鋪面,0,0,105,0,0,0,無泳池,無圍籬,無其他設施,0,1,2009,一般保證契約,一般交易,119000,11.686887175419702
439,4,1層樓(1945年前),低密度住宅區,40.0,4280,柏油路,無巷道,規則,平坦,內側地,緩坡,克勞福德(Crawfor),正常,正常,獨棟,1層樓,5,6,1913,2002,山形頂,標準瀝青瓦,木瓦,灰泥,無砌面,0.0,普通,普通,澆置混凝土,普通,普通,無採光,低品質空間,365,未完工,0,75,440,瓦斯熱風,普通,無,標準斷路器,694,0,0,694,0,0,1,0,2,1,良好,4,正常,1,良好,獨立車庫,未完工,1,352,良好,普通,部分鋪面,0,0,34,0,0,0,無泳池,隱私性低,無其他設施,0,3,2007,一般保證契約,一般交易,90350,11.411457364027745
440,3,1.5層樓(已完工),低密度住宅區,67.0,12354,柏油路,碎石巷,規則,平坦,角地,緩坡,愛德華茲(Edwards),正常,正常,獨棟,1.5層(二樓完工),6,8,1920,2000,山形頂,標準瀝青瓦,木壁板,木壁板,無砌面,0.0,普通,普通,磚與瓦,普通,尚可,採光少,未完工,0,未完工,0,684,684,瓦斯熱風,良好,有,標準斷路器,684,512,0,1196,0,0,1,0,3,1,良好,7,正常,0,無壁爐,獨立車庫,未完工,2,528,普通,普通,鋪面,0,46,0,0,0,0,無泳池,隱私性佳,儲藏棚,800,8,2009,低利合約,一般交易,110000,11.608244735642321
441,1,1層樓(1946年後),低密度住宅區,105.0,15431,柏油路,無巷道,規則,平坦,內側地,緩坡,北嶺高地(NridgHt),正常,正常,獨棟,1層樓,10,5,2008,2008,四坡頂,標準瀝青瓦,乙烯基壁板,乙烯基壁板,石材,200.0,極佳,普通,澆置混凝土,極佳,普通,採光良好,優良居住空間,1767,普通居住空間,539,788,3094,瓦斯熱風,極佳,有,標準斷路器,2402,0,0,2402,1,0,2,0,2,1,極佳,10,正常,2,良好,連接主屋,已完工,3,672,普通,普通,鋪面,0,72,0,0,170,0,無泳池,無圍籬,無其他設施,0,4,2009,一般保證契約,一般交易,555000,13.22672519452875
442,1,雙拼住宅,低密度住宅區,92.0,12108,柏油路,無巷道,規則,平坦,內側地,緩坡,愛德華茲(Edwards),正常,正常,雙拼,1層樓,4,4,1955,1955,山形頂,標準瀝青瓦,乙烯基壁板,乙烯基壁板,面磚,270.0,普通,普通,煤渣磚,普通,普通,無採光,普通居住空間,133,未完工,0,1307,1440,瓦斯熱風,普通,無,保險絲(普通),1440,0,0,1440,0,0,2,0,4,2,尚可,8,正常,0,無壁爐,無車庫,無車庫,0,0,無車庫,無車庫,鋪面,0,0,0,0,0,0,無泳池,無圍籬,無其他設施,0,9,2008,一般保證契約,一般交易,118000,11.678448377988165
443,0,1.5層樓(已完工),中密度住宅區,52.0,6240,柏油路,無巷道,規則,平坦,內側地,緩坡,布魯克賽德(BrkSide),正常,正常,獨棟,1.5層(二樓完工),5,7,1930,1992,山形頂,標準瀝青瓦,金屬壁板,金屬壁板,無砌面,0.0,普通,普通,澆置混凝土,普通,普通,無採光,未完工,0,未完工,0,1078,1078,瓦斯熱風,普通,有,標準斷路器,1128,445,0,1573,0,0,2,0,3,1,普通,8,正常,1,良好,獨立車庫,未完工,2,360,普通,普通,部分鋪面,0,0,0,0,0,0,無泳池,無圍籬,無其他設施,0,6,2008,一般保證契約,一般交易,162900,12.000897933306716
444,3,1層樓社區住宅(1946年後),低密度住宅區,53.0,3922,柏油路,無巷道,規則,平坦,內側地,緩坡,布魯明頓高地(Blmngtn),正常,正常,連棟邊間,1層樓,7,5,2006,2007,山形頂,標準瀝青瓦,木瓦,木瓦,面磚,72.0,良好,普通,澆置混凝土,極佳,普通,採光普通,未完工,0,未完工,0,1258,1258,瓦斯熱風,極佳,有,標準斷路器,1258,0,0,1258,0,0,2,0,2,1,良好,6,正常,1,良好,連接主屋,已完工,3,648,普通,普通,鋪面,144,16,0,0,0,0,無泳池,無圍籬,無其他設施,0,6,2007,新屋,預售屋(估價時未完工),172500,12.058158312538197
445,0,2層樓(1946年後),低密度住宅區,70.0,8750,柏油路,無巷道,規則,平坦,內側地,緩坡,學院溪(CollgCr),正常,正常,獨棟,2層樓,7,5,1994,1995,山形頂,標準瀝青瓦,乙烯基壁板,乙烯基壁板,無砌面,0.0,良好,良好,澆置混凝土,良好,普通,無採光,優良居住空間,642,未完工,0,273,915,瓦斯熱風,極佳,有,標準斷路器,933,975,0,1908,1,0,2,1,4,1,良好,8,正常,1,普通,連接主屋,未完工,2,493,普通,普通,鋪面,144,133,0,0,0,0,無泳池,無圍籬,無其他設施,0,7,2008,一般保證契約,一般交易,210000,12.25486757159303
446,0,1層樓(1946年後),低密度住宅區,73.0,9855,柏油路,無巷道,規則,平坦,角地,緩坡,愛德華茲(Edwards),正常,正常,獨棟,1層樓,6,5,1956,1956,四坡頂,標準瀝青瓦,木壁板,木壁板,無砌面,0.0,普通,普通,煤渣磚,普通,普通,無採光,未完工,0,未完工,0,1436,1436,瓦斯熱風,尚可,有,標準斷路器,1689,0,0,1689,0,0,1,0,3,1,普通,7,正常,1,良好,連接主屋,未完工,2,480,普通,普通,鋪面,0,0,0,0,0,0,無泳池,隱私性低,無其他設施,0,11,2009,法院或遺產拍賣,一般交易,127500,11.755879486687116
447,3,1層樓(1946年後),低密度住宅區,137.0,16492,柏油路,無巷道,略不規則,平坦,角地,緩坡,北艾姆斯(NAmes),緊鄰公園綠地等正面設施,正常,獨棟,1層樓,6,6,1966,2002,山形頂,標準瀝青瓦,面磚,夾板,無砌面,0.0,良好,普通,煤渣磚,普通,普通,無採光,普通居住空間,247,一般娛樂空間,713,557,1517,瓦斯熱風,極佳,有,標準斷路器,1888,0,0,1888,0,0,2,1,2,1,良好,6,中度扣分,1,良好,連接主屋,已完工,2,578,普通,普通,鋪面,0,0,0,0,0,0,無泳池,無圍籬,無其他設施,0,6,2010,一般保證契約,一般交易,190000,12.154784614286667
448,2,2層樓(1946年後),低密度住宅區,65.0,11214,柏油路,無巷道,略不規則,平坦,角地,緩坡,吉爾伯特(Gilbert),正常,正常,獨棟,2層樓,7,5,1998,1999,山形頂,標準瀝青瓦,乙烯基壁板,乙烯基壁板,無砌面,0.0,良好,普通,澆置混凝土,良好,普通,無採光,未完工,0,未完工,0,930,930,瓦斯熱風,良好,有,標準斷路器,956,930,0,1886,0,0,2,1,4,1,良好,10,正常,1,普通,連接主屋,已完工,2,431,普通,普通,鋪面,89,0,0,0,0,0,無泳池,無圍籬,無其他設施,0,7,2006,一般保證契約,一般交易,199900,12.20557752297723
449,0,1.5層樓(已完工),中密度住宅區,50.0,8600,柏油路,無巷道,規則,坡堤,內側地,緩坡,交通部與鐵路區(IDOTRR),正常,正常,獨棟,1.5層(二樓完工),6,6,1937,1950,山形頂,標準瀝青瓦,金屬壁板,金屬壁板,無砌面,0.0,普通,普通,磚與瓦,普通,普通,無採光,未完工,0,未完工,0,780,780,瓦斯熱風,普通,有,標準斷路器,780,596,0,1376,0,0,2,0,3,1,普通,7,正常,1,良好,獨立車庫,未完工,1,198,普通,普通,泥土或碎石,0,0,0,0,0,0,無泳池,無圍籬,無其他設施,0,6,2006,一般保證契約,一般交易,119500,11.691080018519527
450,1,1.5層樓(已完工),中密度住宅區,50.0,6000,柏油路,無巷道,規則,平坦,內側地,緩坡,舊城區(OldTown),正常,正常,獨棟,1.5層(二樓完工),3,7,1948,2002,山形頂,標準瀝青瓦,金屬壁板,金屬壁板,無砌面,0.0,普通,良好,煤渣磚,普通,普通,無採光,普通居住空間,331,未完工,0,318,649,瓦斯熱風,極佳,有,標準斷路器,679,504,0,1183,0,0,1,1,2,1,普通,6,正常,0,無壁爐,獨立車庫,未完工,1,308,普通,普通,鋪面,0,176,0,0,0,0,無泳池,無圍籬,無其他設施,0,6,2007,一般保證契約,一般交易,120000,11.695255355062795
451,2,1層樓(1945年前),中密度住宅區,70.0,5684,柏油路,無巷道,規則,平坦,內側地,緩坡,舊城區(OldTown),正常,正常,獨棟,1層樓,6,8,1930,2005,四坡頂,標準瀝青瓦,木壁板,木壁板,無砌面,0.0,普通,普通,磚與瓦,普通,普通,無採光,未完工,0,未完工,0,813,813,瓦斯熱風,極佳,有,保險絲(良),813,0,0,813,0,0,1,0,2,1,良好,5,正常,0,無壁爐,獨立車庫,未完工,1,270,尚可,尚可,泥土或碎石,0,113,0,0,0,0,無泳池,無圍籬,無其他設施,0,6,2006,一般保證契約,一般交易,110000,11.608244735642321
453,0,2層樓(1946年後),低密度住宅區,85.0,9303,柏油路,無巷道,略不規則,平坦,角地,緩坡,林地(Timber),正常,正常,獨棟,2層樓,6,5,1996,1997,四坡頂,標準瀝青瓦,乙烯基壁板,乙烯基壁板,面磚,42.0,良好,普通,澆置混凝土,極佳,普通,無採光,普通居住空間,742,未完工,0,130,872,瓦斯熱風,極佳,有,標準斷路器,888,868,0,1756,1,0,2,1,3,1,普通,7,正常,0,無壁爐,連接主屋,已完工,2,422,普通,普通,鋪面,144,122,0,0,0,0,無泳池,無圍籬,無其他設施,0,7,2007,一般保證契約,一般交易,204000,12.225880174775122
455,0,雙拼住宅,低密度住宅區,63.0,9297,柏油路,無巷道,規則,平坦,內側地,緩坡,米切爾(Mitchel),正常,正常,雙拼,1層樓,5,5,1976,1976,山形頂,標準瀝青瓦,夾板,夾板,無砌面,0.0,普通,普通,煤渣磚,普通,普通,無採光,普通居住空間,1606,未完工,0,122,1728,瓦斯熱風,普通,有,標準斷路器,1728,0,0,1728,2,0,2,0,4,2,普通,8,正常,0,無壁爐,獨立車庫,未完工,2,560,普通,普通,鋪面,0,0,0,0,0,0,無泳池,無圍籬,無其他設施,0,7,2006,一般保證契約,親友交易,188000,12.144202560946876
456,1,1層樓(1946年後),低密度住宅區,80.0,9600,柏油路,無巷道,規則,平坦,內側地,緩坡,西北艾姆斯(NWAmes),正常,正常,獨棟,1層樓,7,6,1973,1973,四坡頂,標準瀝青瓦,硬質纖維板,硬質纖維板,面磚,320.0,普通,普通,煤渣磚,普通,普通,無採光,普通居住空間,916,未完工,0,326,1242,瓦斯熱風,尚可,有,標準斷路器,1242,0,0,1242,0,0,1,1,3,1,普通,6,正常,1,普通,連接主屋,未完工,2,528,普通,普通,鋪面,0,0,0,0,0,0,無泳池,無圍籬,無其他設施,0,9,2007,一般保證契約,一般交易,175500,12.075400019877522
457,3,2層樓(1945年前),中密度住宅區,34.0,4571,柏油路,碎石巷,規則,平坦,內側地,緩坡,舊城區(OldTown),正常,正常,獨棟,2層樓,5,5,1916,1950,山形頂,標準瀝青瓦,石棉瓦,石棉瓦,無砌面,0.0,普通,普通,磚與瓦,普通,普通,無採光,未完工,0,未完工,0,624,624,瓦斯熱風,尚可,無,標準斷路器,624,720,0,1344,0,0,1,0,4,1,普通,7,正常,0,無壁爐,獨立車庫,未完工,3,513,尚可,尚可,鋪面,0,0,96,0,0,0,無泳池,無圍籬,無其他設施,0,5,2008,法院或遺產拍賣,異常交易(如法拍),98000,11.49273296168228
458,1,1層樓(1946年後),低密度住宅區,80.0,53227,柏油路,無巷道,略不規則,低窪,死巷底,中坡,清溪(ClearCr),正常,正常,獨棟,1層樓,4,6,1954,1994,平頂,焦油碎石,夾板,夾板,無砌面,0.0,普通,普通,煤渣磚,良好,普通,採光良好,低於平均居住空間,1116,未完工,0,248,1364,瓦斯熱風,極佳,有,標準斷路器,1663,0,0,1663,1,0,1,0,2,1,良好,6,輕微扣分1,2,良好,連接主屋,已完工,2,529,普通,普通,鋪面,224,137,0,0,0,0,無泳池,無圍籬,無其他設施,0,3,2008,一般保證契約,一般交易,256000,12.45293662970407
459,2,2層樓(1945年前),中密度住宅區,60.0,5100,柏油路,碎石巷,規則,平坦,內側地,緩坡,舊城區(OldTown),正常,正常,獨棟,2層樓,8,7,1925,1996,四坡頂,標準瀝青瓦,灰泥,木瓦,無砌面,0.0,普通,良好,澆置混凝土,普通,普通,無採光,未完工,0,未完工,0,588,588,瓦斯熱風,尚可,有,標準斷路器,833,833,0,1666,0,0,1,0,3,1,良好,7,正常,1,良好,獨立車庫,未完工,1,228,普通,普通,鋪面,192,63,0,0,0,0,無泳池,隱私性低,無其他設施,0,6,2008,一般保證契約,一般交易,161000,11.989165855127435
460,1,1.5層樓(已完工),低密度住宅區,52.0,7015,柏油路,無巷道,略不規則,坡堤,角地,緩坡,布魯克賽德(BrkSide),正常,正常,獨棟,1.5層(二樓完工),5,4,1950,1950,山形頂,標準瀝青瓦,金屬壁板,金屬壁板,一般磚,161.0,普通,普通,煤渣磚,普通,普通,無採光,低品質空間,185,未完工,0,524,709,瓦斯熱風,普通,有,標準斷路器,979,224,0,1203,1,0,1,0,3,1,良好,5,正常,1,普通,獨立車庫,未完工,1,352,普通,普通,鋪面,0,0,248,0,0,0,無泳池,無圍籬,無其他設施,0,7,2009,一般保證契約,一般交易,110000,11.608244735642321
461,2,2層樓(1946年後),浮動村住宅區,75.0,8004,柏油路,無巷道,略不規則,平坦,內側地,緩坡,薩默塞特(Somerst),緊鄰南北向鐵路,正常,獨棟,2層樓,8,5,2009,2009,山形頂,標準瀝青瓦,乙烯基壁板,乙烯基壁板,石材,110.0,良好,普通,澆置混凝土,良好,普通,無採光,優良居住空間,544,未完工,0,288,832,瓦斯熱風,極佳,有,標準斷路器,832,1103,0,1935,1,0,2,1,3,1,普通,8,正常,0,無壁爐,內建車庫,已完工,2,552,普通,普通,鋪面,0,150,0,0,0,0,無泳池,無圍籬,無其他設施,0,12,2009,新屋,預售屋(估價時未完工),263435,12.481565733211923
462,3,2層樓(1945年前),低密度住宅區,60.0,7200,柏油路,無巷道,規則,平坦,內側地,緩坡,州立大學西南(SWISU),鄰近支線道路,正常,獨棟,2層樓,7,9,1936,2007,山形頂,標準瀝青瓦,木壁板,木壁板,無砌面,0.0,良好,良好,澆置混凝土,良好,良好,無採光,普通居住空間,350,低於平均居住空間,210,0,560,瓦斯熱風,極佳,有,標準斷路器,575,560,0,1135,1,0,1,0,3,1,良好,6,正常,0,無壁爐,獨立車庫,粗略完工,2,576,普通,普通,鋪面,256,0,0,0,0,0,無泳池,隱私性低,無其他設施,0,4,2009,一般保證契約,一般交易,155000,11.951186847493476
463,2,1層樓(1946年後),低密度住宅區,60.0,8281,柏油路,無巷道,略不規則,平坦,內側地,緩坡,索耶(Sawyer),正常,正常,獨棟,1層樓,5,5,1965,1965,山形頂,標準瀝青瓦,金屬壁板,金屬壁板,無砌面,0.0,普通,普通,煤渣磚,普通,普通,無採光,一般娛樂空間,553,低於平均居住空間,311,0,864,瓦斯熱風,良好,有,標準斷路器,864,0,0,864,0,0,1,0,3,1,普通,5,正常,1,差,獨立車庫,未完工,1,360,普通,普通,鋪面,0,0,236,0,0,0,無泳池,木圍籬佳,無其他設施,0,12,2009,一般保證契約,一般交易,62383,11.04106411122238
464,0,2層樓(1945年前),低密度住宅區,74.0,11988,柏油路,無巷道,略不規則,山坡,內側地,中坡,克勞福德(Crawfor),正常,正常,獨棟,2層樓,6,7,1934,1995,四坡頂,標準瀝青瓦,灰泥,灰泥,無砌面,0.0,普通,普通,煤渣磚,普通,普通,無採光,低品質空間,326,未完工,0,389,715,瓦斯熱風,尚可,有,保險絲(良),849,811,0,1660,0,0,1,1,3,1,普通,6,正常,1,良好,獨立車庫,未完工,1,240,普通,普通,鋪面,0,0,0,0,0,0,無泳池,無圍籬,無其他設施,0,8,2008,一般保證契約,一般交易,188700,12.147919030759663
466,3,1層樓社區住宅(1946年後),中密度住宅區,43.0,3072,柏油路,無巷道,規則,平坦,內側地,緩坡,布魯明頓高地(Blmngtn),正常,正常,連棟邊間,1層樓,7,5,2004,2004,四坡頂,標準瀝青瓦,乙烯基壁板,乙烯基壁板,面磚,18.0,良好,普通,澆置混凝土,良好,普通,無採光,未完工,0,未完工,0,1375,1375,瓦斯熱風,極佳,有,標準斷路器,1414,0,0,1414,0,0,2,0,2,1,良好,6,正常,1,普通,連接主屋,已完工,2,398,普通,普通,鋪面,144,20,0,0,0,0,無泳池,無圍籬,無其他設施,0,5,2006,一般保證契約,一般交易,178740,12.093693109638318
467,2,1層樓(1946年後),低密度住宅區,85.0,10628,柏油路,無巷道,規則,平坦,內側地,緩坡,北艾姆斯(NAmes),正常,正常,獨棟,1層樓,7,5,1970,1970,平頂,焦油碎石,夾板,夾板,無砌面,0.0,普通,良好,煤渣磚,普通,良好,採光良好,優良居住空間,778,未完工,0,499,1277,瓦斯熱風,普通,有,標準斷路器,1277,0,0,1277,1,0,1,0,2,1,普通,5,正常,1,差,連接主屋,未完工,2,526,普通,普通,鋪面,0,0,0,0,176,0,無泳池,木圍籬佳,無其他設施,0,4,2007,一般保證契約,一般交易,167000,12.025755079404917
468,3,2層樓(1945年前),低密度住宅區,79.0,9480,柏油路,無巷道,規則,平坦,內側地,緩坡,北艾姆斯(NAmes),鄰近主幹道,正常,獨棟,2層樓,5,7,1942,1995,山形頂,標準瀝青瓦,金屬壁板,金屬壁板,石材,224.0,普通,普通,煤渣磚,普通,普通,無採光,低品質空間,386,未完工,0,342,728,瓦斯熱風,極佳,有,標準斷路器,888,756,0,1644,0,0,1,1,3,1,良好,7,正常,2,良好,連接主屋,未完工,1,312,普通,普通,鋪面,168,0,0,0,0,0,無泳池,無圍籬,無其他設施,0,6,2007,一般保證契約,一般交易,146500,11.89478753335453
469,2,1層樓(1946年後),低密度住宅區,98.0,11428,柏油路,無巷道,略不規則,平坦,內側地,緩坡,北嶺高地(NridgHt),正常,正常,獨棟,1層樓,8,5,2006,2006,山形頂,標準瀝青瓦,乙烯基壁板,乙烯基壁板,石材,248.0,良好,普通,澆置混凝土,良好,普通,無採光,未完工,0,未完工,0,1626,1626,瓦斯熱風,極佳,有,標準斷路器,1634,0,0,1634,0,0,2,0,3,1,良好,7,正常,1,良好,連接主屋,粗略完工,3,866,普通,普通,鋪面,0,44,0,0,0,0,無泳池,無圍籬,無其他設施,0,5,2007,一般保證契約,一般交易,250000,12.429220196836383
470,0,2層樓(1946年後),低密度住宅區,76.0,9291,柏油路,無巷道,略不規則,平坦,角地,緩坡,西索耶(SawyerW),東西向鐵路200英尺內,正常,獨棟,2層樓,6,5,1993,1993,山形頂,標準瀝青瓦,硬質纖維板,硬質纖維板,面磚,120.0,良好,普通,澆置混凝土,良好,普通,無採光,優良居住空間,426,未完工,0,406,832,瓦斯熱風,極佳,有,標準斷路器,832,878,0,1710,0,0,2,1,3,1,良好,7,正常,0,無壁爐,連接主屋,粗略完工,2,506,普通,普通,鋪面,144,70,0,0,0,0,無泳池,無圍籬,無其他設施,0,6,2008,一般保證契約,一般交易,187000,12.138869243416009
471,0,1層樓社區住宅(1946年後),低密度住宅區,53.5,6820,柏油路,無巷道,略不規則,平坦,角地,緩坡,石橋(StoneBr),正常,正常,連棟邊間,1層樓,8,5,1985,1985,山形頂,標準瀝青瓦,硬質纖維板,硬質纖維板,無砌面,0.0,良好,普通,澆置混凝土,良好,普通,採光普通,優良居住空間,368,低於平均居住空間,1120,0,1488,瓦斯熱風,普通,有,標準斷路器,1502,0,0,1502,1,0,1,1,1,1,良好,4,正常,0,無壁爐,連接主屋,粗略完工,2,528,普通,普通,鋪面,0,54,0,0,140,0,無泳池,無圍籬,無其他設施,0,6,2010,一般保證契約,一般交易,212000,12.264346270624157
472,4,2層樓(1946年後),低密度住宅區,92.0,11952,柏油路,無巷道,規則,平坦,內側地,緩坡,西北艾姆斯(NWAmes),緊鄰公園綠地等正面設施,正常,獨棟,2層樓,7,6,1977,1977,孟莎式,劈製木瓦,木瓦,夾板,無砌面,0.0,普通,普通,煤渣磚,良好,普通,無採光,未完工,0,未完工,0,808,808,瓦斯熱風,普通,有,標準斷路器,1161,808,0,1969,0,0,2,1,3,1,普通,8,正常,1,良好,連接主屋,粗略完工,2,534,普通,普通,鋪面,0,0,0,0,276,0,無泳池,無圍籬,無其他設施,0,11,2007,一般保證契約,一般交易,190000,12.154784614286667
473,4,社區錯層住宅,中密度住宅區,35.0,3675,柏油路,無巷道,規則,平坦,內側地,緩坡,愛德華茲(Edwards),正常,正常,連棟邊間,錯層,6,5,2005,2005,山形頂,標準瀝青瓦,乙烯基壁板,乙烯基壁板,面磚,80.0,普通,普通,澆置混凝土,良好,普通,採光良好,優良居住空間,459,未完工,0,88,547,瓦斯熱風,極佳,有,標準斷路器,1072,0,0,1072,1,0,1,0,2,1,普通,5,正常,0,無壁爐,地下室車庫,粗略完工,2,525,普通,普通,鋪面,0,28,0,0,0,0,無泳池,無圍籬,無其他設施,0,6,2008,一般保證契約,一般交易,148000,11.904974309480181
474,0,1層樓(1946年後),低密度住宅區,110.0,14977,柏油路,無巷道,略不規則,平坦,內側地,緩坡,北嶺高地(NridgHt),正常,正常,獨棟,1層樓,8,5,2006,2007,山形頂,標準瀝青瓦,乙烯基壁板,乙烯基壁板,面磚,304.0,良好,普通,澆置混凝土,極佳,普通,採光良好,優良居住空間,1350,未完工,0,626,1976,瓦斯熱風,極佳,有,標準斷路器,1976,0,0,1976,1,0,2,0,2,1,良好,7,正常,1,極佳,連接主屋,粗略完工,3,908,普通,普通,鋪面,250,63,0,0,0,0,無泳池,無圍籬,無其他設施,0,7,2007,新屋,預售屋(估價時未完工),440000,12.994532278619134
475,1,1層樓社區住宅(1946年後),低密度住宅區,41.0,5330,柏油路,無巷道,規則,平坦,內側地,緩坡,石橋(StoneBr),正常,正常,連棟邊間,1層樓,8,5,2000,2000,山形頂,標準瀝青瓦,水泥板,水泥板,無砌面,0.0,良好,普通,澆置混凝土,良好,普通,採光普通,優良居住空間,1196,未完工,0,298,1494,瓦斯熱風,極佳,有,標準斷路器,1652,0,0,1652,1,0,2,0,2,1,極佳,6,正常,0,無壁爐,連接主屋,粗略完工,2,499,普通,普通,鋪面,96,48,0,0,0,0,無泳池,無圍籬,無其他設施,0,8,2007,一般保證契約,一般交易,251000,12.433212202169729
476,1,1層樓(1946年後),低密度住宅區,80.0,8480,柏油路,無巷道,規則,平坦,角地,緩坡,索耶(Sawyer),正常,正常,獨棟,1層樓,5,6,1963,1963,四坡頂,標準瀝青瓦,硬質纖維板,硬質纖維板,無砌面,0.0,普通,普通,煤渣磚,普通,普通,無採光,優良居住空間,630,未完工,0,340,970,瓦斯熱風,普通,有,標準斷路器,970,0,0,970,1,0,1,0,2,1,普通,5,正常,0,無壁爐,獨立車庫,未完工,2,624,普通,普通,鋪面,0,24,0,0,192,0,無泳池,無圍籬,無其他設施,0,7,2007,一般保證契約,一般交易,132500,11.794345471549745
477,2,1層樓(1946年後),低密度住宅區,75.0,13125,柏油路,無巷道,規則,平坦,內側地,中坡,學院溪(CollgCr),正常,正常,獨棟,1層樓,6,5,1997,1998,山形頂,標準瀝青瓦,乙烯基壁板,乙烯基壁板,面磚,215.0,普通,普通,澆置混凝土,良好,普通,採光良好,優良居住空間,994,未完工,0,484,1478,瓦斯熱風,極佳,有,標準斷路器,1493,0,0,1493,1,0,2,0,3,1,良好,7,正常,1,普通,連接主屋,已完工,2,508,普通,普通,鋪面,140,39,0,0,0,0,無泳池,無圍籬,無其他設施,0,4,2008,一般保證契約,一般交易,208900,12.249615734512616
478,4,2層樓(1946年後),低密度住宅區,105.0,13693,柏油路,無巷道,規則,平坦,內側地,緩坡,北嶺高地(NridgHt),正常,正常,獨棟,2層樓,9,5,2006,2006,四坡頂,標準瀝青瓦,乙烯基壁板,乙烯基壁板,面磚,772.0,極佳,普通,澆置混凝土,良好,普通,採光普通,未完工,0,未完工,0,2153,2153,瓦斯熱風,極佳,有,標準斷路器,2069,574,0,2643,0,0,2,1,3,1,極佳,9,正常,1,良好,內建車庫,已完工,3,694,普通,普通,鋪面,414,84,0,0,0,0,無泳池,無圍籬,無其他設施,0,3,2007,一般保證契約,一般交易,380000,12.847929163278053
481,4,1層樓(1946年後),低密度住宅區,98.0,16033,柏油路,無巷道,略不規則,平坦,兩面臨路,緩坡,北嶺高地(NridgHt),正常,正常,獨棟,1層樓,9,5,2004,2005,四坡頂,標準瀝青瓦,乙烯基壁板,乙烯基壁板,面磚,378.0,良好,普通,澆置混凝土,極佳,普通,採光良好,優良居住空間,1261,未完工,0,572,1833,瓦斯熱風,極佳,有,標準斷路器,1850,0,0,1850,1,0,2,0,3,1,良好,8,正常,1,良好,連接主屋,已完工,3,772,普通,普通,鋪面,519,112,0,0,0,0,無泳池,無圍籬,無其他設施,0,3,2006,一般保證契約,一般交易,326000,12.694655727828803
482,2,1層樓(1946年後),低密度住宅區,72.0,11846,柏油路,無巷道,略不規則,山坡,內側地,緩坡,北嶺高地(NridgHt),正常,正常,獨棟,1層樓,9,5,2003,2004,四坡頂,標準瀝青瓦,乙烯基壁板,乙烯基壁板,面磚,562.0,良好,普通,澆置混凝土,極佳,普通,採光良好,優良居住空間,1567,未完工,0,225,1792,瓦斯熱風,極佳,有,標準斷路器,1792,0,0,1792,1,0,2,0,2,1,極佳,6,正常,1,良好,連接主屋,已完工,3,874,普通,普通,鋪面,206,49,0,0,0,0,無泳池,無圍籬,無其他設施,0,8,2006,一般保證契約,一般交易,374000,12.832013750189885
483,4,2層樓(1945年前),中密度住宅區,50.0,2500,柏油路,柏油巷,規則,平坦,角地,緩坡,舊城區(OldTown),正常,正常,獨棟,2層樓,7,8,1915,2005,山形頂,標準瀝青瓦,灰泥,灰泥,無砌面,0.0,良好,普通,澆置混凝土,普通,普通,無採光,普通居住空間,299,未完工,0,611,910,瓦斯熱風,極佳,有,標準斷路器,916,910,0,1826,1,0,1,1,4,1,極佳,7,輕微扣分2,1,良好,連接主屋,未完工,1,164,尚可,尚可,鋪面,0,0,0,0,0,0,無泳池,無圍籬,無其他設施,0,6,2009,一般保證契約,一般交易,155000,11.951186847493476
484,1,1層樓社區住宅(1946年後),中密度住宅區,32.0,4500,柏油路,無巷道,規則,平坦,兩面臨路,緩坡,米切爾(Mitchel),正常,正常,連棟中間,1層樓,6,5,1998,1998,四坡頂,標準瀝青瓦,乙烯基壁板,乙烯基壁板,面磚,116.0,普通,普通,澆置混凝土,極佳,普通,無採光,優良居住空間,897,未完工,0,319,1216,瓦斯熱風,極佳,有,標準斷路器,1216,0,0,1216,1,0,2,0,2,1,普通,5,正常,0,無壁爐,連接主屋,未完工,2,402,普通,普通,鋪面,0,125,0,0,0,0,無泳池,無圍籬,無其他設施,0,5,2006,一般保證契約,一般交易,164000,12.00762780434872
485,2,1層樓(1946年後),低密度住宅區,70.5,7758,柏油路,無巷道,略不規則,平坦,角地,緩坡,索耶(Sawyer),正常,正常,獨棟,1層樓,5,7,1962,2001,山形頂,標準瀝青瓦,硬質纖維板,夾板,無砌面,0.0,普通,良好,煤渣磚,普通,普通,無採光,普通居住空間,588,未完工,0,411,999,瓦斯熱風,良好,有,標準斷路器,999,0,0,999,1,0,1,0,3,1,良好,6,正常,0,無壁爐,獨立車庫,未完工,1,264,普通,普通,鋪面,0,132,0,0,0,0,無泳池,無圍籬,無其他設施,0,3,2007,一般保證契約,一般交易,132500,11.794345471549745
486,0,1層樓(1946年後),低密度住宅區,80.0,9600,柏油路,無巷道,規則,平坦,內側地,緩坡,北艾姆斯(NAmes),正常,正常,獨棟,1層樓,5,7,1950,2007,山形頂,標準瀝青瓦,金屬壁板,金屬壁板,無砌面,0.0,良好,普通,煤渣磚,普通,普通,無採光,普通居住空間,607,未完工,0,506,1113,瓦斯熱風,良好,有,標準斷路器,1113,0,0,1113,0,0,1,0,3,1,良好,5,正常,1,良好,連接主屋,未完工,1,264,普通,普通,鋪面,0,80,120,0,0,0,無泳池,無圍籬,無其他設施,0,7,2009,一般保證契約,一般交易,147000,11.898194668458823
487,4,1層樓(1946年後),低密度住宅區,79.0,10289,柏油路,無巷道,規則,平坦,內側地,緩坡,北艾姆斯(NAmes),正常,正常,獨棟,1層樓,5,7,1965,1965,四坡頂,標準瀝青瓦,金屬壁板,金屬壁板,面磚,168.0,普通,普通,煤渣磚,普通,普通,無採光,普通居住空間,836,未完工,0,237,1073,瓦斯熱風,普通,有,標準斷路器,1073,0,0,1073,1,0,1,1,3,1,普通,6,正常,0,無壁爐,連接主屋,粗略完工,2,515,普通,普通,鋪面,0,0,0,0,0,0,無泳池,無圍籬,無其他設施,0,6,2007,一般保證契約,一般交易,156000,11.957617696467539
488,4,1層樓(1946年後),低密度住宅區,70.0,12243,柏油路,無巷道,略不規則,平坦,內側地,緩坡,西北艾姆斯(NWAmes),正常,正常,獨棟,1層樓,5,6,1971,1971,山形頂,標準瀝青瓦,夾板,夾板,無砌面,0.0,普通,普通,煤渣磚,良好,普通,採光普通,普通居住空間,998,未完工,0,486,1484,瓦斯熱風,良好,有,標準斷路器,1484,0,0,1484,0,0,2,0,3,1,普通,7,正常,1,普通,連接主屋,未完工,2,487,普通,普通,鋪面,224,0,0,0,180,0,無泳池,無圍籬,無其他設施,0,2,2007,一般保證契約,一般交易,175000,12.07254696717504
489,2,兩戶改建住宅,低密度住宅區,60.0,10800,柏油路,無巷道,規則,平坦,角地,緩坡,舊城區(OldTown),正常,正常,兩戶改建,1.5層(二樓完工),5,4,1900,1970,山形頂,標準瀝青瓦,木壁板,木壁板,無砌面,0.0,普通,尚可,煤渣磚,普通,尚可,無採光,低於平均居住空間,664,未完工,0,290,954,瓦斯熱風,普通,無,保險絲(良),1766,648,0,2414,0,0,2,0,3,2,普通,10,中度扣分,1,良好,連接主屋,未完工,2,520,普通,尚可,泥土或碎石,142,0,0,0,0,0,無泳池,無圍籬,無其他設施,0,5,2006,低頭期合約,一般交易,160000,11.982935344196433
490,0,社區錯層住宅,中密度住宅區,21.0,1526,柏油路,無巷道,規則,平坦,內側地,緩坡,草地村(MeadowV),正常,正常,連棟中間,錯層玄關,4,8,1970,2002,山形頂,標準瀝青瓦,水泥板,水泥板,無砌面,0.0,普通,良好,煤渣磚,良好,普通,採光普通,優良居住空間,515,未完工,0,115,630,瓦斯熱風,普通,有,標準斷路器,630,0,0,630,1,0,1,0,1,1,良好,3,正常,0,無壁爐,連接主屋,未完工,1,286,普通,普通,鋪面,0,0,0,0,0,0,無泳池,無圍籬,無其他設施,0,5,2009,一般保證契約,一般交易,86000,11.362114203075018
492,2,1.5層樓(已完工),低密度住宅區,79.0,9490,柏油路,無巷道,規則,平坦,內側地,緩坡,北艾姆斯(NAmes),鄰近主幹道,正常,獨棟,1.5層(二樓完工),6,7,1941,1950,山形頂,標準瀝青瓦,木壁板,木壁板,無砌面,0.0,普通,普通,煤渣磚,普通,普通,無採光,低於平均居住空間,403,一般娛樂空間,165,238,806,瓦斯熱風,普通,有,保險絲(良),958,620,0,1578,1,0,1,0,3,1,尚可,5,正常,2,普通,連接主屋,未完工,1,240,普通,普通,鋪面,0,0,32,0,0,0,無泳池,隱私性低,無其他設施,0,8,2006,一般保證契約,一般交易,133000,11.798111925972618
493,2,2層樓(1946年後),低密度住宅區,105.0,15578,柏油路,無巷道,略不規則,平坦,角地,緩坡,吉爾伯特(Gilbert),正常,正常,獨棟,2層樓,6,5,2006,2006,山形頂,標準瀝青瓦,乙烯基壁板,乙烯基壁板,無砌面,0.0,良好,普通,澆置混凝土,良好,普通,無採光,未完工,0,未完工,0,728,728,瓦斯熱風,良好,有,標準斷路器,728,728,0,1456,0,0,2,1,3,1,普通,8,正常,0,無壁爐,連接主屋,粗略完工,2,429,普通,普通,鋪面,0,0,0,0,0,0,無泳池,無圍籬,無其他設施,0,5,2006,新屋,預售屋(估價時未完工),172785,12.059809113551397
494,4,1層樓(1946年後),低密度住宅區,70.0,7931,柏油路,無巷道,規則,平坦,內側地,緩坡,北艾姆斯(NAmes),正常,正常,獨棟,1層樓,5,6,1960,1960,山形頂,標準瀝青瓦,面磚,木壁板,無砌面,0.0,普通,普通,煤渣磚,普通,普通,無採光,低於平均居住空間,374,低品質空間,532,363,1269,瓦斯熱風,普通,有,保險絲(良),1269,0,0,1269,0,0,1,1,3,1,普通,6,正常,1,尚可,獨立車庫,未完工,1,308,普通,普通,鋪面,0,0,0,0,0,0,無泳池,無圍籬,無其他設施,0,6,2008,一般保證契約,一般交易,155000,11.951186847493476
496,0,1層樓(1945年前),商業區,60.0,7879,柏油路,無巷道,規則,平坦,內側地,緩坡,交通部與鐵路區(IDOTRR),正常,正常,獨棟,1層樓,4,5,1920,1950,山形頂,標準瀝青瓦,木壁板,木壁板,無砌面,0.0,普通,普通,煤渣磚,普通,普通,無採光,一般娛樂空間,495,未完工,0,225,720,瓦斯熱風,普通,無,保險絲(良),720,0,0,720,0,0,1,0,2,1,普通,4,正常,0,無壁爐,無車庫,無車庫,0,0,無車庫,無車庫,泥土或碎石,0,523,115,0,0,0,無泳池,木圍籬佳,無其他設施,0,11,2009,一般保證契約,異常交易(如法拍),34900,10.460270761075149
497,3,1層樓(1946年後),低密度住宅區,90.5,12692,柏油路,無巷道,略不規則,平坦,內側地,緩坡,北嶺(NoRidge),正常,正常,獨棟,1層樓,8,5,1992,1993,四坡頂,標準瀝青瓦,面磚,面磚,無砌面,0.0,良好,普通,澆置混凝土,良好,普通,無採光,優良居住空間,1231,未完工,0,1969,3200,瓦斯熱風,極佳,有,標準斷路器,3228,0,0,3228,1,0,3,0,4,1,良好,10,正常,1,良好,連接主屋,粗略完工,2,546,普通,普通,鋪面,264,75,291,0,0,0,無泳池,無圍籬,無其他設施,0,5,2007,一般保證契約,一般交易,430000,12.971542813248437
498,4,1.5層樓(已完工),低密度住宅區,60.0,9120,柏油路,柏油巷,規則,平坦,內側地,緩坡,布魯克賽德(BrkSide),正常,正常,獨棟,1.5層(二樓完工),7,6,1925,1950,山形頂,標準瀝青瓦,木壁板,木壁板,無砌面,0.0,普通,良好,澆置混凝土,普通,普通,無採光,一般娛樂空間,329,未完工,0,697,1026,瓦斯熱風,極佳,有,標準斷路器,1133,687,0,1820,1,0,2,0,4,1,普通,8,正常,0,無壁爐,獨立車庫,未完工,1,240,普通,普通,泥土或碎石,0,100,0,0,0,0,無泳池,隱私性佳,無其他設施,0,6,2008,一般保證契約,一般交易,184000,12.122696471358964
499,4,1層樓(1946年後),低密度住宅區,65.0,7800,柏油路,無巷道,規則,平坦,內側地,緩坡,索耶(Sawyer),正常,正常,獨棟,1層樓,5,7,1967,2004,四坡頂,標準瀝青瓦,硬質纖維板,硬質纖維板,面磚,89.0,普通,普通,澆置混凝土,普通,普通,無採光,普通居住空間,450,未完工,0,414,864,瓦斯熱風,極佳,有,標準斷路器,899,0,0,899,0,0,1,0,3,1,良好,5,正常,0,無壁爐,連接主屋,已完工,1,288,普通,普通,鋪面,64,0,0,0,0,0,無泳池,隱私性低,無其他設施,0,6,2009,一般保證契約,一般交易,130000,11.775297421715827
500,4,1層樓(1946年後),低密度住宅區,70.0,7535,柏油路,無巷道,略不規則,平坦,內側地,緩坡,北艾姆斯(NAmes),正常,正常,獨棟,1層樓,5,7,1958,1985,山形頂,標準瀝青瓦,金屬壁板,金屬壁板,無砌面,0.0,普通,普通,煤渣磚,普通,普通,無採光,低於平均居住空間,111,低品質空間,279,522,912,瓦斯熱風,尚可,有,標準斷路器,912,0,0,912,0,1,1,0,2,1,普通,5,正常,0,無壁爐,連接主屋,已完工,1,297,普通,普通,鋪面,12,285,0,0,0,0,無泳池,簡易鐵絲網,儲藏棚,480,6,2007,一般保證契約,一般交易,120000,11.695255355062795
501,3,2層樓社區住宅(1946年後),中密度住宅區,21.0,1890,柏油路,無巷道,規則,平坦,內側地,緩坡,布萊爾戴爾(BrDale),正常,正常,連棟中間,2層樓,6,5,1973,1973,山形頂,標準瀝青瓦,硬質纖維板,硬質纖維板,面磚,285.0,普通,普通,煤渣磚,普通,普通,無採光,低於平均居住空間,356,未完工,0,316,672,瓦斯熱風,普通,有,標準斷路器,672,546,0,1218,0,0,1,1,3,1,普通,7,正常,0,無壁爐,獨立車庫,未完工,1,264,普通,普通,鋪面,144,28,0,0,0,0,無泳池,無圍籬,無其他設施,0,5,2007,一般保證契約,一般交易,113000,11.635151947212842
502,1,2層樓(1946年後),浮動村住宅區,75.0,9803,柏油路,無巷道,規則,平坦,內側地,緩坡,薩默塞特(Somerst),正常,正常,獨棟,2層樓,7,5,2005,2005,山形頂,標準瀝青瓦,乙烯基壁板,乙烯基壁板,無砌面,0.0,良好,普通,澆置混凝土,良好,普通,無採光,優良居住空間,400,未完工,0,466,866,瓦斯熱風,良好,有,標準斷路器,866,902,0,1768,0,0,2,1,3,1,良好,7,正常,0,無壁爐,連接主屋,粗略完工,2,603,普通,普通,鋪面,0,108,0,0,0,0,無泳池,無圍籬,無其他設施,0,2,2008,一般保證契約,一般交易,226700,12.331387247601905
503,0,1層樓(1946年後),低密度住宅區,70.0,9170,柏油路,無巷道,規則,平坦,角地,緩坡,愛德華茲(Edwards),鄰近支線道路,正常,獨棟,1層樓,5,7,1965,1965,四坡頂,標準瀝青瓦,金屬壁板,金屬壁板,無砌面,0.0,普通,普通,煤渣磚,普通,普通,無採光,普通居住空間,698,優良居住空間,96,420,1214,瓦斯熱風,極佳,有,標準斷路器,1214,0,0,1214,1,0,1,0,2,1,普通,6,正常,0,無壁爐,獨立車庫,未完工,2,461,尚可,尚可,鋪面,0,0,184,0,0,0,無泳池,隱私性佳,儲藏棚,400,4,2007,一般保證契約,一般交易,140000,11.849404844423074
504,4,1層樓(1946年後),低密度住宅區,100.0,15602,柏油路,無巷道,略不規則,平坦,內側地,緩坡,克勞福德(Crawfor),正常,正常,獨棟,1層樓,7,8,1959,1997,山形頂,標準瀝青瓦,面磚,木壁板,無砌面,0.0,普通,普通,煤渣磚,普通,普通,無採光,普通居住空間,1247,未完工,0,254,1501,瓦斯熱風,普通,有,標準斷路器,1801,0,0,1801,1,0,2,0,1,1,普通,6,正常,2,普通,連接主屋,已完工,2,484,普通,普通,鋪面,0,54,0,0,161,0,無泳池,木圍籬佳,無其他設施,0,3,2010,一般保證契約,一般交易,289000,12.574185427296195
505,3,2層樓社區住宅(1946年後),低密度住宅區,24.0,2308,柏油路,無巷道,規則,平坦,內側地,緩坡,北公園村(NPkVill),正常,正常,連棟邊間,2層樓,6,5,1974,1974,山形頂,標準瀝青瓦,夾板,一般磚,無砌面,0.0,普通,普通,煤渣磚,普通,普通,無採光,普通居住空間,257,一般娛樂空間,495,103,855,瓦斯熱風,普通,有,標準斷路器,855,467,0,1322,0,1,2,1,3,1,普通,6,正常,1,尚可,連接主屋,未完工,2,440,普通,普通,鋪面,260,0,0,0,0,0,無泳池,無圍籬,無其他設施,0,6,2009,一般保證契約,一般交易,147000,11.898194668458823
506,2,雙拼住宅,中密度住宅區,60.0,7596,柏油路,碎石巷,規則,平坦,內側地,緩坡,舊城區(OldTown),鄰近主幹道,正常,雙拼,2層樓,5,5,1952,1952,四坡頂,標準瀝青瓦,木壁板,木壁板,面磚,360.0,普通,普通,煤渣磚,普通,普通,無採光,未完工,0,未完工,0,960,960,瓦斯熱風,良好,有,標準斷路器,960,1000,0,1960,0,0,2,0,4,2,普通,10,正常,0,無壁爐,獨立車庫,未完工,2,400,普通,普通,泥土或碎石,0,0,0,0,0,0,無泳池,無圍籬,無其他設施,0,7,2009,法院或遺產拍賣,一般交易,124500,11.732069026983156
507,0,2層樓(1946年後),低密度住宅區,80.0,9554,柏油路,無巷道,略不規則,平坦,內側地,緩坡,西索耶(SawyerW),正常,正常,獨棟,2層樓,8,5,1993,1994,山形頂,標準瀝青瓦,乙烯基壁板,乙烯基壁板,面磚,125.0,良好,普通,澆置混凝土,良好,普通,無採光,優良居住空間,380,未完工,0,397,777,瓦斯熱風,極佳,有,標準斷路器,1065,846,0,1911,0,0,2,1,3,1,良好,8,正常,1,普通,連接主屋,粗略完工,2,471,普通,普通,鋪面,182,81,0,0,0,0,無泳池,無圍籬,無其他設施,0,9,2006,一般保證契約,一般交易,215000,12.278397958261774
508,1,1層樓(1946年後),浮動村住宅區,75.0,7862,柏油路,無巷道,略不規則,平坦,內側地,緩坡,薩默塞特(Somerst),正常,正常,獨棟,1層樓,6,5,2009,2009,山形頂,標準瀝青瓦,乙烯基壁板,乙烯基壁板,無砌面,0.0,良好,普通,澆置混凝土,良好,普通,無採光,優良居住空間,27,未完工,0,1191,1218,瓦斯熱風,極佳,有,標準斷路器,1218,0,0,1218,0,0,2,0,2,1,良好,4,正常,0,無壁爐,連接主屋,已完工,2,676,普通,普通,鋪面,0,102,0,0,0,0,無泳池,無圍籬,無其他設施,0,9,2009,新屋,預售屋(估價時未完工),208300,12.246739428005663
509,0,2層樓(1945年前),中密度住宅區,60.0,9600,柏油路,無巷道,規則,平坦,內側地,緩坡,舊城區(OldTown),正常,正常,獨棟,2層樓,7,9,1928,2005,穀倉頂,標準瀝青瓦,金屬壁板,金屬壁板,無砌面,0.0,普通,極佳,磚與瓦,普通,普通,無採光,一般娛樂空間,141,未完工,0,548,689,瓦斯熱風,極佳,有,標準斷路器,689,689,0,1378,0,0,2,0,3,1,良好,7,正常,1,良好,獨立車庫,未完工,2,360,普通,普通,泥土或碎石,0,0,116,0,0,0,無泳池,無圍籬,無其他設施,0,10,2008,一般保證契約,一般交易,161000,11.989165855127435
510,2,1層樓(1946年後),低密度住宅區,80.0,9600,柏油路,無巷道,規則,平坦,角地,緩坡,北艾姆斯(NAmes),正常,正常,獨棟,1層樓,5,6,1959,1959,山形頂,標準瀝青瓦,金屬壁板,金屬壁板,面磚,132.0,普通,普通,煤渣磚,普通,普通,無採光,普通居住空間,991,未完工,0,50,1041,瓦斯熱風,極佳,有,標準斷路器,1041,0,0,1041,1,0,1,0,3,1,普通,6,正常,0,無壁爐,連接主屋,粗略完工,1,270,普通,普通,鋪面,224,88,0,0,0,0,無泳池,隱私性低,無其他設施,0,7,2009,一般保證契約,一般交易,124500,11.732069026983156
511,1,1層樓(1946年後),低密度住宅區,75.0,14559,柏油路,無巷道,規則,平坦,內側地,緩坡,北艾姆斯(NAmes),正常,正常,獨棟,1層樓,5,7,1951,2000,四坡頂,標準瀝青瓦,木壁板,木壁板,一般磚,70.0,良好,普通,煤渣磚,普通,普通,無採光,低於平均居住空間,650,一般娛樂空間,180,178,1008,瓦斯熱風,極佳,有,標準斷路器,1363,0,0,1363,1,0,1,0,2,1,普通,6,輕微扣分1,2,普通,車棚,未完工,1,288,普通,普通,鋪面,324,42,0,0,168,0,無泳池,無圍籬,儲藏棚,2000,6,2009,一般保證契約,一般交易,164900,12.013100572810686
512,4,1層樓社區住宅(1946年後),低密度住宅區,40.0,6792,柏油路,無巷道,略不規則,平坦,內側地,緩坡,北嶺高地(NridgHt),正常,正常,連棟邊間,1層樓,7,5,2005,2006,山形頂,標準瀝青瓦,乙烯基壁板,乙烯基壁板,石材,94.0,良好,普通,澆置混凝土,良好,普通,無採光,未完工,0,未完工,0,1368,1368,瓦斯熱風,極佳,有,標準斷路器,1368,0,0,1368,0,0,2,0,2,1,良好,6,正常,1,良好,連接主屋,粗略完工,2,474,普通,普通,鋪面,132,35,0,0,0,0,無泳池,無圍籬,無其他設施,0,3,2006,新屋,預售屋(估價時未完工),202665,12.2193145828011
513,4,1層樓(1946年後),低密度住宅區,70.0,9100,柏油路,無巷道,規則,平坦,角地,緩坡,北艾姆斯(NAmes),鄰近支線道路,正常,獨棟,1層樓,5,5,1958,1958,山形頂,標準瀝青瓦,乙烯基壁板,乙烯基壁板,無砌面,0.0,普通,普通,煤渣磚,普通,普通,無採光,低於平均居住空間,521,低品質空間,174,169,864,瓦斯熱風,普通,有,標準斷路器,864,0,0,864,1,0,1,0,3,1,普通,5,正常,0,無壁爐,獨立車庫,未完工,2,624,普通,普通,鋪面,0,0,0,0,0,0,無泳池,無圍籬,無其他設施,0,7,2006,一般保證契約,一般交易,129900,11.774527900858468
514,2,1層樓(1946年後),低密度住宅區,71.0,9187,柏油路,無巷道,規則,坡堤,角地,緩坡,米切爾(Mitchel),正常,正常,獨棟,1層樓,6,5,1983,1983,山形頂,標準瀝青瓦,乙烯基壁板,乙烯基壁板,無砌面,0.0,普通,良好,澆置混凝土,普通,普通,無採光,普通居住空間,336,未完工,0,748,1084,瓦斯熱風,普通,有,標準斷路器,1080,0,0,1080,0,0,1,1,3,1,普通,5,正常,0,無壁爐,連接主屋,未完工,2,484,普通,普通,鋪面,120,0,158,0,0,0,無泳池,無圍籬,無其他設施,0,6,2007,一般保證契約,一般交易,134000,11.80560254159177
515,2,1.5層樓(未完工),低密度住宅區,55.0,10594,柏油路,無巷道,規則,平坦,內側地,緩坡,克勞福德(Crawfor),正常,正常,獨棟,1.5層(二樓未完工),5,5,1926,1950,山形頂,標準瀝青瓦,木壁板,木壁板,無砌面,0.0,普通,普通,磚與瓦,普通,普通,無採光,未完工,0,未完工,0,768,768,重力式暖爐,尚可,無,標準斷路器,789,0,0,789,0,0,1,0,2,1,普通,5,正常,0,無壁爐,獨立車庫,未完工,1,200,差,差,鋪面,0,0,112,0,0,0,無泳池,隱私性低,無其他設施,0,6,2007,一般保證契約,一般交易,96500,11.477308649967686
516,4,1層樓(1946年後),低密度住宅區,94.0,12220,柏油路,無巷道,規則,平坦,內側地,緩坡,北嶺高地(NridgHt),正常,正常,獨棟,1層樓,10,5,2009,2009,四坡頂,標準瀝青瓦,水泥板,水泥板,面磚,305.0,極佳,普通,煤渣磚,極佳,普通,無採光,優良居住空間,1436,未完工,0,570,2006,瓦斯熱風,極佳,有,標準斷路器,2020,0,0,2020,1,0,2,1,3,1,極佳,9,正常,1,良好,連接主屋,已完工,3,900,普通,普通,鋪面,156,54,0,0,0,0,無泳池,無圍籬,無其他設施,0,9,2009,新屋,預售屋(估價時未完工),402861,12.90634935052389
517,3,錯層式,低密度住宅區,80.0,10448,柏油路,無巷道,略不規則,平坦,角地,緩坡,西北艾姆斯(NWAmes),正常,正常,獨棟,錯層,6,6,1972,1972,山形頂,標準瀝青瓦,硬質纖維板,硬質纖維板,面磚,333.0,普通,普通,煤渣磚,普通,普通,無採光,未完工,0,未完工,0,689,689,瓦斯熱風,普通,有,標準斷路器,1378,741,0,2119,0,0,2,1,3,1,普通,7,正常,1,普通,連接主屋,粗略完工,2,583,普通,普通,鋪面,0,104,0,0,0,0,無泳池,隱私性佳,無其他設施,0,8,2009,法院或遺產拍賣,異常交易(如法拍),158000,11.970356641102999
518,0,2層樓(1946年後),低密度住宅區,79.0,10208,柏油路,無巷道,略不規則,平坦,內側地,緩坡,北嶺(NoRidge),正常,正常,獨棟,2層樓,7,5,1996,1997,山形頂,標準瀝青瓦,乙烯基壁板,乙烯基壁板,面磚,921.0,良好,普通,澆置混凝土,良好,普通,無採光,未完工,0,未完工,0,1264,1264,瓦斯熱風,極佳,有,標準斷路器,1277,1067,0,2344,0,0,2,1,3,1,良好,7,正常,1,普通,連接主屋,粗略完工,3,889,普通,普通,鋪面,220,0,0,0,0,0,無泳池,無圍籬,無其他設施,0,7,2009,一般保證契約,一般交易,265000,12.487488878546145
519,3,2層樓(1946年後),低密度住宅區,70.0,9531,柏油路,無巷道,略不規則,平坦,死巷底,緩坡,學院溪(CollgCr),正常,正常,獨棟,2層樓,6,5,1998,1998,山形頂,標準瀝青瓦,乙烯基壁板,乙烯基壁板,無砌面,0.0,普通,普通,澆置混凝土,良好,普通,採光少,優良居住空間,706,未完工,0,88,794,瓦斯熱風,極佳,有,標準斷路器,882,914,0,1796,1,0,2,1,3,1,普通,7,正常,0,無壁爐,連接主屋,粗略完工,2,546,普通,普通,鋪面,0,36,0,0,0,0,無泳池,隱私性低,無其他設施,0,5,2007,一般保證契約,一般交易,211000,12.259618151783465
520,0,2層樓(1945年前),低密度住宅區,53.0,10918,柏油路,無巷道,規則,平坦,內側地,緩坡,克勞福德(Crawfor),正常,正常,獨棟,2層樓,7,9,1926,2004,穀倉頂,標準瀝青瓦,金屬壁板,金屬壁板,無砌面,0.0,良好,普通,磚與瓦,良好,普通,無採光,未完工,0,未完工,0,1276,1276,瓦斯熱風,極佳,有,標準斷路器,1276,804,0,2080,0,0,1,1,3,1,良好,9,正常,2,良好,獨立車庫,未完工,1,282,普通,普通,鋪面,0,0,0,0,145,0,無泳池,隱私性低,無其他設施,0,6,2009,一般保證契約,一般交易,234000,12.36308066783498
521,0,兩戶改建住宅,低密度住宅區,60.0,10800,柏油路,碎石巷,規則,平坦,內側地,緩坡,舊城區(OldTown),正常,正常,兩戶改建,2層樓,4,7,1900,2000,山形頂,標準瀝青瓦,金屬壁板,金屬壁板,無砌面,0.0,普通,普通,磚與瓦,無地下室,無地下室,無地下室,無地下室,0,無地下室,0,0,0,瓦斯熱風,普通,無,保險絲(良),694,600,0,1294,0,0,2,0,3,2,普通,7,正常,0,無壁爐,無車庫,無車庫,0,0,無車庫,無車庫,泥土或碎石,220,114,210,0,0,0,無泳池,無圍籬,無其他設施,0,8,2008,一般保證契約,一般交易,106250,11.573559498507079
522,0,1層樓(1946年後),低密度住宅區,90.0,11988,柏油路,無巷道,略不規則,平坦,角地,緩坡,北艾姆斯(NAmes),鄰近支線道路,正常,獨棟,1層樓,6,6,1957,1957,山形頂,標準瀝青瓦,乙烯基壁板,乙烯基壁板,無砌面,0.0,普通,普通,煤渣磚,普通,普通,無採光,一般娛樂空間,777,未完工,0,467,1244,瓦斯熱風,極佳,有,保險絲(良),1244,0,0,1244,0,0,1,1,3,1,普通,6,正常,2,良好,連接主屋,未完工,1,336,普通,普通,鋪面,0,40,0,0,0,0,無泳池,無圍籬,無其他設施,0,5,2007,一般保證契約,一般交易,150000,11.918397239722838
525,2,2層樓(1946年後),低密度住宅區,95.0,11787,柏油路,無巷道,略不規則,平坦,內側地,緩坡,北嶺(NoRidge),正常,正常,獨棟,2層樓,7,5,1996,1997,山形頂,標準瀝青瓦,乙烯基壁板,乙烯基壁板,面磚,594.0,良好,普通,澆置混凝土,良好,普通,無採光,優良居住空間,719,未完工,0,660,1379,瓦斯熱風,極佳,有,標準斷路器,1383,1015,0,2398,1,0,2,1,3,1,良好,8,正常,1,普通,連接主屋,已完工,3,834,普通,普通,鋪面,239,60,0,0,0,0,無泳池,無圍籬,無其他設施,0,8,2007,一般保證契約,一般交易,315750,12.662709207270272
526,1,1層樓(1946年後),浮動村住宅區,62.0,7500,柏油路,柏油巷,規則,平坦,內側地,緩坡,薩默塞特(Somerst),正常,正常,獨棟,1層樓,7,5,2005,2005,山形頂,標準瀝青瓦,乙烯基壁板,乙烯基壁板,無砌面,0.0,良好,普通,澆置混凝土,良好,普通,無採光,未完工,0,未完工,0,1257,1257,瓦斯熱風,極佳,有,標準斷路器,1266,0,0,1266,0,0,2,0,3,1,良好,6,正常,1,普通,連接主屋,未完工,2,453,普通,普通,鋪面,38,144,0,0,0,0,無泳池,無圍籬,無其他設施,0,4,2006,一般保證契約,一般交易,176000,12.07824495582233
528,0,2層樓(1946年後),低密度住宅區,67.0,14948,柏油路,無巷道,略不規則,平坦,內側地,緩坡,北嶺高地(NridgHt),正常,正常,獨棟,2層樓,9,5,2008,2008,四坡頂,標準瀝青瓦,乙烯基壁板,乙烯基壁板,石材,268.0,極佳,普通,澆置混凝土,極佳,普通,採光普通,優良居住空間,1330,未完工,0,122,1452,瓦斯熱風,極佳,有,標準斷路器,1476,1237,0,2713,1,0,2,1,3,1,極佳,11,正常,1,良好,連接主屋,已完工,3,858,普通,普通,鋪面,126,66,0,0,0,0,無泳池,無圍籬,無其他設施,0,11,2008,新屋,預售屋(估價時未完工),446261,13.008661502470739
531,0,錯層式,低密度住宅區,85.0,10200,柏油路,無巷道,規則,平坦,內側地,緩坡,林地(Timber),正常,正常,獨棟,錯層,6,5,1988,1989,山形頂,標準瀝青瓦,硬質纖維板,硬質纖維板,面磚,219.0,良好,普通,煤渣磚,良好,普通,採光普通,優良居住空間,783,未完工,0,678,1461,瓦斯熱風,極佳,有,標準斷路器,1509,0,0,1509,1,0,2,0,3,1,良好,5,正常,1,尚可,連接主屋,粗略完工,2,600,普通,普通,鋪面,224,0,0,0,0,0,無泳池,無圍籬,無其他設施,0,8,2008,一般保證契約,異常交易(如法拍),175000,12.07254696717504
532,1,2層樓(1945年前),中密度住宅區,60.0,6155,柏油路,無巷道,略不規則,平坦,三面臨路,緩坡,布魯克賽德(BrkSide),南北向鐵路200英尺內,鄰近支線道路,獨棟,2層樓,6,8,1920,1999,山形頂,標準瀝青瓦,木壁板,木壁板,無砌面,0.0,普通,普通,磚與瓦,尚可,尚可,採光少,未完工,0,未完工,0,611,611,瓦斯熱風,極佳,有,標準斷路器,751,611,0,1362,0,0,2,0,3,1,普通,6,正常,0,無壁爐,獨立車庫,已完工,2,502,普通,尚可,鋪面,0,0,84,0,0,0,無泳池,無圍籬,無其他設施,0,6,2008,一般保證契約,一般交易,128000,11.759793355371237
534,3,1層樓(1946年後),低密度住宅區,50.0,5000,柏油路,無巷道,規則,低窪,內側地,中坡,布魯克賽德(BrkSide),正常,正常,獨棟,1層樓,1,3,1946,1950,山形頂,標準瀝青瓦,乙烯基壁板,乙烯基壁板,無砌面,0.0,尚可,尚可,板式,無地下室,無地下室,無地下室,無地下室,0,無地下室,0,0,0,瓦斯熱風,尚可,無,保險絲(普通),334,0,0,334,0,0,1,0,1,1,尚可,2,正常,0,無壁爐,無車庫,無車庫,0,0,無車庫,無車庫,泥土或碎石,0,0,0,0,0,0,無泳池,無圍籬,無其他設施,0,1,2007,一般保證契約,一般交易,39300,10.579005242826247
535,0,2層樓(1946年後),低密度住宅區,74.0,9056,柏油路,無巷道,略不規則,平坦,內側地,緩坡,吉爾伯特(Gilbert),正常,正常,獨棟,2層樓,8,5,2004,2004,山形頂,標準瀝青瓦,乙烯基壁板,乙烯基壁板,無砌面,0.0,良好,普通,澆置混凝土,極佳,良好,採光普通,未完工,0,未完工,0,707,707,瓦斯熱風,極佳,有,標準斷路器,707,707,0,1414,0,0,2,1,3,1,良好,6,正常,1,良好,連接主屋,已完工,2,403,普通,普通,鋪面,100,35,0,0,0,0,無泳池,無圍籬,無其他設施,0,10,2006,一般保證契約,一般交易,178000,12.08954444723597
537,1,2層樓(1946年後),低密度住宅區,57.0,8924,柏油路,無巷道,略不規則,平坦,死巷底,緩坡,學院溪(CollgCr),正常,正常,獨棟,2層樓,7,5,1998,1999,山形頂,標準瀝青瓦,乙烯基壁板,乙烯基壁板,無砌面,0.0,普通,普通,澆置混凝土,良好,普通,採光普通,未完工,0,未完工,0,880,880,瓦斯熱風,極佳,有,標準斷路器,880,844,0,1724,0,0,2,1,3,1,良好,8,正常,0,無壁爐,連接主屋,已完工,2,527,普通,普通,鋪面,120,155,0,0,0,0,無泳池,無圍籬,無其他設施,0,7,2008,一般保證契約,一般交易,188000,12.144202560946876
538,3,1層樓(1946年後),低密度住宅區,74.5,12735,柏油路,無巷道,略不規則,平坦,兩面臨路,緩坡,北艾姆斯(NAmes),正常,正常,獨棟,1層樓,4,5,1972,1972,四坡頂,標準瀝青瓦,金屬壁板,金屬壁板,無砌面,0.0,普通,普通,煤渣磚,普通,普通,無採光,低於平均居住空間,600,未完工,0,264,864,瓦斯熱風,普通,有,標準斷路器,864,0,0,864,0,0,1,0,3,1,普通,5,正常,0,無壁爐,獨立車庫,未完工,2,576,普通,普通,鋪面,216,0,0,0,0,0,無泳池,簡易鐵絲網,無其他設施,0,4,2008,法院或遺產拍賣,一般交易,111250,11.619544188752133
540,0,1層樓(1946年後),低密度住宅區,70.0,11423,柏油路,無巷道,規則,平坦,內側地,緩坡,學院溪(CollgCr),正常,正常,獨棟,1層樓,8,5,2001,2002,山形頂,標準瀝青瓦,乙烯基壁板,乙烯基壁板,面磚,479.0,良好,普通,澆置混凝土,良好,普通,採光普通,優良居住空間,1358,未完工,0,223,1581,瓦斯熱風,極佳,有,標準斷路器,1601,0,0,1601,1,0,2,0,3,1,良好,6,正常,1,普通,連接主屋,粗略完工,2,670,普通,普通,鋪面,180,0,0,0,0,0,無泳池,隱私性低,儲藏棚,2000,5,2010,一般保證契約,一般交易,272000,12.513561021741964
541,1,1層樓(1946年後),低密度住宅區,85.0,14601,柏油路,無巷道,規則,平坦,內側地,緩坡,林地(Timber),正常,正常,獨棟,1層樓,9,5,2006,2006,四坡頂,標準瀝青瓦,乙烯基壁板,乙烯基壁板,面磚,584.0,極佳,普通,澆置混凝土,極佳,普通,採光普通,優良居住空間,1260,未完工,0,578,1838,瓦斯熱風,極佳,有,標準斷路器,1838,0,0,1838,1,0,2,0,2,1,極佳,8,正常,1,良好,連接主屋,已完工,3,765,普通,普通,鋪面,270,68,0,0,0,0,無泳池,無圍籬,無其他設施,0,3,2009,一般保證契約,一般交易,315000,12.660331092405906
542,3,2層樓(1946年後),低密度住宅區,90.5,11000,柏油路,無巷道,規則,平坦,兩面臨路,緩坡,北嶺(NoRidge),正常,正常,獨棟,2層樓,8,5,2000,2000,山形頂,標準瀝青瓦,乙烯基壁板,乙烯基壁板,面磚,72.0,良好,普通,澆置混凝土,良好,普通,無採光,未完工,0,未完工,0,969,969,瓦斯熱風,極佳,有,標準斷路器,997,1288,0,2285,0,0,2,1,4,1,良好,8,正常,1,普通,內建車庫,已完工,3,648,普通,普通,鋪面,0,56,0,0,0,0,無泳池,無圍籬,無其他設施,0,6,2007,一般保證契約,一般交易,248000,12.421188057397055
543,4,1層樓(1946年後),低密度住宅區,78.0,10140,柏油路,無巷道,規則,平坦,內側地,緩坡,西北艾姆斯(NWAmes),緊鄰南北向鐵路,正常,獨棟,1層樓,7,5,1998,1999,四坡頂,標準瀝青瓦,乙烯基壁板,乙烯基壁板,無砌面,0.0,良好,普通,澆置混凝土,極佳,普通,無採光,低品質空間,144,優良居住空間,1127,379,1650,瓦斯熱風,極佳,有,標準斷路器,1680,0,0,1680,1,0,2,0,3,1,良好,7,重大扣分1,1,普通,連接主屋,已完工,2,583,普通,普通,鋪面,78,73,0,0,0,0,無泳池,無圍籬,無其他設施,0,6,2009,一般保證契約,一般交易,213250,12.270225154674701
545,1,2層樓(1946年後),低密度住宅區,58.0,17104,柏油路,無巷道,略不規則,平坦,內側地,緩坡,吉爾伯特(Gilbert),正常,正常,獨棟,2層樓,7,5,2006,2006,山形頂,標準瀝青瓦,乙烯基壁板,乙烯基壁板,無砌面,0.0,良好,普通,澆置混凝土,良好,良好,採光普通,優良居住空間,554,未完工,0,100,654,瓦斯熱風,極佳,有,標準斷路器,664,832,0,1496,1,0,2,1,3,1,良好,7,正常,1,良好,連接主屋,粗略完工,2,426,普通,普通,鋪面,100,24,0,0,0,0,無泳池,無圍籬,無其他設施,0,9,2006,新屋,預售屋(估價時未完工),179665,12.098854850641
546,2,1.5層樓(已完工),低密度住宅區,80.0,13837,柏油路,無巷道,略不規則,平坦,角地,緩坡,西北艾姆斯(NWAmes),正常,正常,獨棟,1.5層(二樓完工),7,5,1988,1988,山形頂,標準瀝青瓦,硬質纖維板,硬質纖維板,面磚,178.0,良好,良好,澆置混凝土,良好,良好,無採光,優良居住空間,1002,低品質空間,202,0,1204,瓦斯熱風,良好,有,標準斷路器,1377,806,0,2183,0,0,2,1,4,1,良好,9,正常,0,無壁爐,連接主屋,未完工,3,786,普通,普通,鋪面,0,0,0,0,0,0,無泳池,無圍籬,無其他設施,0,2,2006,一般保證契約,一般交易,229000,12.34148164933907
547,4,1.5層樓(已完工),低密度住宅區,70.0,8737,柏油路,無巷道,略不規則,坡堤,內側地,緩坡,布魯克賽德(BrkSide),正常,正常,獨棟,1.5層(二樓完工),6,7,1923,1950,山形頂,標準瀝青瓦,面磚,木壁板,無砌面,0.0,普通,普通,磚與瓦,良好,普通,無採光,一般娛樂空間,300,未完工,0,765,1065,瓦斯熱風,極佳,有,保險絲(良),915,720,0,1635,0,0,1,1,3,1,普通,6,正常,1,良好,獨立車庫,未完工,2,440,普通,普通,鋪面,0,38,0,144,0,0,無泳池,無圍籬,無其他設施,0,5,2007,一般保證契約,一般交易,210000,12.25486757159303
548,0,錯層玄關式,低密度住宅區,54.0,7244,柏油路,無巷道,規則,平坦,內側地,緩坡,米切爾(Mitchel),正常,正常,獨棟,錯層玄關,5,7,1970,1970,山形頂,標準瀝青瓦,乙烯基壁板,乙烯基壁板,無砌面,0.0,普通,良好,煤渣磚,良好,普通,採光普通,普通居住空間,619,未完工,0,149,768,瓦斯熱風,極佳,有,標準斷路器,768,0,0,768,1,0,1,0,2,1,普通,5,正常,0,無壁爐,獨立車庫,未完工,2,624,普通,普通,鋪面,104,0,0,0,0,0,無泳池,無圍籬,無其他設施,0,4,2007,一般保證契約,一般交易,129500,11.771443882099637
549,3,1層樓(1946年後),中密度住宅區,49.0,8235,柏油路,無巷道,略不規則,山坡,內側地,緩坡,舊城區(OldTown),鄰近支線道路,南北向鐵路200英尺內,獨棟,1層樓,5,7,1955,1995,山形頂,標準瀝青瓦,金屬壁板,金屬壁板,無砌面,0.0,普通,良好,煤渣磚,普通,普通,無採光,低品質空間,180,一般娛樂空間,645,0,825,瓦斯熱風,普通,有,標準斷路器,825,0,0,825,1,0,1,0,2,1,普通,4,正常,0,無壁爐,獨立車庫,粗略完工,2,720,普通,普通,鋪面,140,50,0,0,0,0,無泳池,隱私性低,無其他設施,0,6,2008,一般保證契約,一般交易,125000,11.736077016252437
550,2,2層樓(1946年後),浮動村住宅區,75.0,9375,柏油路,無巷道,規則,平坦,內側地,緩坡,薩默塞特(Somerst),正常,正常,獨棟,2層樓,7,5,2003,2004,山形頂,標準瀝青瓦,乙烯基壁板,乙烯基壁板,無砌面,0.0,良好,普通,澆置混凝土,良好,普通,無採光,未完工,0,未完工,0,912,912,瓦斯熱風,極佳,有,標準斷路器,912,1182,0,2094,0,0,2,1,4,1,良好,8,正常,1,良好,內建車庫,已完工,2,615,普通,普通,鋪面,182,182,0,0,0,0,無泳池,無圍籬,無其他設施,0,11,2009,一般保證契約,一般交易,263000,12.479913113434042
551,1,1層樓社區住宅(1946年後),低密度住宅區,53.0,4043,柏油路,無巷道,規則,平坦,內側地,緩坡,北公園村(NPkVill),正常,正常,連棟邊間,1層樓,6,6,1977,1977,山形頂,標準瀝青瓦,夾板,夾板,無砌面,0.0,普通,普通,煤渣磚,良好,普通,無採光,普通居住空間,559,未完工,0,510,1069,瓦斯熱風,普通,有,標準斷路器,1069,0,0,1069,0,0,2,0,2,1,普通,4,正常,0,無壁爐,連接主屋,粗略完工,2,440,普通,普通,鋪面,0,55,0,0,200,0,無泳池,無圍籬,無其他設施,0,10,2008,法院或遺產拍賣,異常交易(如法拍),140000,11.849404844423074
552,3,1層樓(1946年後),中密度住宅區,50.0,6000,柏油路,無巷道,規則,平坦,內側地,緩坡,舊城區(OldTown),正常,正常,獨棟,1層樓,5,6,1957,1957,四坡頂,標準瀝青瓦,面磚,面磚,無砌面,0.0,普通,普通,煤渣磚,普通,普通,無採光,一般娛樂空間,308,未完工,0,620,928,瓦斯熱風,良好,有,保險絲(良),928,0,0,928,0,0,1,0,3,1,普通,5,正常,0,無壁爐,連接主屋,已完工,1,288,普通,普通,鋪面,0,0,0,0,0,0,無泳池,無圍籬,無其他設施,0,6,2008,一般保證契約,一般交易,112500,11.630717389475995
553,1,1層樓(1946年後),低密度住宅區,87.0,11146,柏油路,無巷道,略不規則,平坦,內側地,緩坡,北嶺高地(NridgHt),正常,正常,獨棟,1層樓,8,5,2006,2006,山形頂,標準瀝青瓦,乙烯基壁板,乙烯基壁板,石材,250.0,良好,普通,澆置混凝土,極佳,普通,採光普通,未完工,0,未完工,0,1709,1709,瓦斯熱風,極佳,有,標準斷路器,1717,0,0,1717,0,0,2,0,3,1,良好,7,正常,1,良好,連接主屋,粗略完工,3,908,普通,普通,鋪面,169,39,0,0,0,0,無泳池,無圍籬,無其他設施,0,7,2009,一般保證契約,一般交易,255500,12.450981602512561
554,1,1層樓(1946年後),低密度住宅區,67.0,8777,柏油路,無巷道,規則,平坦,內側地,緩坡,愛德華茲(Edwards),鄰近支線道路,正常,獨棟,1層樓,4,5,1949,2003,山形頂,標準瀝青瓦,乙烯基壁板,乙烯基壁板,無砌面,0.0,普通,普通,煤渣磚,無地下室,無地下室,無地下室,無地下室,0,無地下室,0,0,0,瓦斯熱風,極佳,有,標準斷路器,1126,0,0,1126,0,0,2,0,2,1,良好,5,正常,0,無壁爐,獨立車庫,已完工,2,520,普通,普通,泥土或碎石,0,96,0,0,0,0,無泳池,隱私性低,無其他設施,0,5,2009,一般保證契約,一般交易,108000,11.58989576532275
556,2,1.5層樓(未完工),中密度住宅區,58.0,6380,柏油路,無巷道,規則,平坦,內側地,緩坡,布魯克賽德(BrkSide),正常,正常,獨棟,1.5層(二樓未完工),5,6,1922,1950,山形頂,標準瀝青瓦,金屬壁板,金屬壁板,無砌面,0.0,普通,普通,磚與瓦,普通,尚可,無採光,未完工,0,未完工,0,993,993,瓦斯熱風,普通,有,保險絲(良),1048,0,0,1048,0,0,1,0,2,1,普通,5,正常,1,良好,獨立車庫,未完工,1,280,普通,普通,鋪面,0,0,116,0,0,0,無泳池,無圍籬,無其他設施,0,8,2006,一般保證契約,一般交易,113000,11.635151947212842
557,2,1層樓(1946年後),低密度住宅區,69.0,14850,柏油路,無巷道,略不規則,平坦,內側地,緩坡,北艾姆斯(NAmes),正常,正常,獨棟,1層樓,5,5,1957,1957,山形頂,標準瀝青瓦,木壁板,木壁板,無砌面,0.0,普通,普通,煤渣磚,普通,普通,無採光,一般娛樂空間,895,未完工,0,197,1092,瓦斯熱風,普通,有,保險絲(良),1092,0,0,1092,1,0,1,0,2,1,普通,6,正常,1,普通,連接主屋,已完工,1,299,普通,普通,鋪面,268,0,0,0,122,0,無泳池,簡易鐵絲網,無其他設施,0,5,2006,一般保證契約,一般交易,141000,11.856522261533737
558,0,1.5層樓(已完工),商業區,60.0,11040,柏油路,無巷道,規則,低窪,內側地,中坡,交通部與鐵路區(IDOTRR),正常,正常,獨棟,1.5層(二樓完工),4,6,1920,1950,山形頂,標準瀝青瓦,金屬壁板,金屬壁板,無砌面,0.0,普通,普通,煤渣磚,普通,普通,無採光,一般娛樂空間,637,未完工,0,0,637,瓦斯熱風,良好,有,標準斷路器,897,439,0,1336,0,0,1,1,3,1,普通,7,正常,0,無壁爐,車棚,未完工,1,570,普通,普通,鋪面,0,47,120,0,0,0,無泳池,無圍籬,無其他設施,0,9,2006,法院或遺產拍賣,一般交易,108000,11.58989576532275
560,3,1層樓社區住宅(1946年後),低密度住宅區,43.0,3196,柏油路,無巷道,規則,平坦,內側地,緩坡,布魯明頓高地(Blmngtn),正常,正常,連棟邊間,1層樓,7,5,2003,2004,山形頂,標準瀝青瓦,乙烯基壁板,乙烯基壁板,面磚,18.0,良好,普通,澆置混凝土,良好,普通,採光良好,未完工,0,未完工,0,1374,1374,瓦斯熱風,極佳,有,標準斷路器,1557,0,0,1557,0,0,2,0,2,1,良好,7,正常,1,普通,連接主屋,已完工,2,420,普通,普通,鋪面,143,20,0,0,0,0,無泳池,無圍籬,無其他設施,0,10,2006,一般保證契約,一般交易,234000,12.36308066783498
561,1,1層樓(1946年後),低密度住宅區,70.5,11341,柏油路,無巷道,略不規則,平坦,內側地,緩坡,索耶(Sawyer),正常,正常,獨棟,1層樓,5,6,1957,1996,四坡頂,標準瀝青瓦,木壁板,木壁板,面磚,180.0,普通,普通,煤渣磚,良好,普通,無採光,普通居住空間,1302,未完工,0,90,1392,瓦斯熱風,普通,有,標準斷路器,1392,0,0,1392,1,0,1,1,3,1,普通,5,中度扣分,1,良好,獨立車庫,未完工,2,528,普通,普通,鋪面,0,0,0,0,95,0,無泳池,無圍籬,無其他設施,0,5,2010,一般保證契約,一般交易,121500,11.707677772181546
562,2,1層樓(1946年後),低密度住宅區,77.0,10010,柏油路,無巷道,規則,平坦,內側地,中坡,米切爾(Mitchel),正常,正常,獨棟,1層樓,5,5,1974,1975,山形頂,標準瀝青瓦,硬質纖維板,硬質纖維板,無砌面,0.0,普通,普通,煤渣磚,良好,普通,採光普通,普通居住空間,1071,低品質空間,123,195,1389,瓦斯熱風,良好,有,標準斷路器,1389,0,0,1389,1,0,1,0,2,1,普通,6,正常,1,普通,連接主屋,粗略完工,2,418,普通,普通,鋪面,240,38,0,0,0,0,無泳池,無圍籬,無其他設施,0,4,2006,一般保證契約,一般交易,170000,12.04355959836804
563,4,1層樓(1945年前),低密度住宅區,63.0,13907,柏油路,無巷道,規則,平坦,內側地,緩坡,愛德華茲(Edwards),正常,正常,獨棟,1層樓,5,6,1940,1969,山形頂,標準瀝青瓦,木瓦,木瓦,無砌面,0.0,普通,普通,煤渣磚,普通,普通,無採光,低於平均居住空間,290,未完工,0,706,996,瓦斯熱風,極佳,有,標準斷路器,996,0,0,996,1,0,1,0,3,1,普通,6,正常,1,良好,無車庫,無車庫,0,0,無車庫,無車庫,鋪面,144,0,0,0,0,0,無泳池,無圍籬,無其他設施,0,7,2008,一般保證契約,一般交易,108000,11.58989576532275
564,2,1.5層樓(已完工),低密度住宅區,66.0,21780,柏油路,無巷道,規則,平坦,內側地,緩坡,愛德華茲(Edwards),正常,正常,獨棟,1.5層(二樓完工),6,7,1918,1950,山形頂,標準瀝青瓦,木壁板,木壁板,無砌面,0.0,普通,普通,磚與瓦,良好,普通,採光少,未完工,0,未完工,0,1163,1163,瓦斯熱風,極佳,有,標準斷路器,1163,511,0,1674,0,0,2,0,4,1,普通,8,正常,1,良好,獨立車庫,已完工,2,396,普通,普通,泥土或碎石,72,36,0,0,144,0,無泳池,無圍籬,無其他設施,0,7,2008,一般保證契約,一般交易,185000,12.128116509451258
565,0,2層樓(1946年後),低密度住宅區,90.5,13346,柏油路,無巷道,略不規則,平坦,死巷底,緩坡,北嶺(NoRidge),正常,正常,獨棟,2層樓,7,5,1992,2000,山形頂,標準瀝青瓦,硬質纖維板,硬質纖維板,無砌面,0.0,良好,普通,澆置混凝土,良好,普通,無採光,優良居住空間,728,未完工,0,367,1095,瓦斯熱風,極佳,有,標準斷路器,1166,1129,0,2295,1,0,2,1,4,1,良好,9,正常,1,普通,連接主屋,粗略完工,2,590,普通,普通,鋪面,0,40,0,0,0,0,無泳池,無圍籬,無其他設施,0,7,2006,一般保證契約,一般交易,268000,12.498745990829315
566,1,2層樓(1945年前),低密度住宅區,66.0,6858,柏油路,無巷道,規則,坡堤,角地,緩坡,州立大學西南(SWISU),正常,正常,獨棟,2層樓,6,4,1915,1950,山形頂,標準瀝青瓦,木壁板,木壁板,無砌面,0.0,普通,普通,澆置混凝土,良好,普通,無採光,未完工,0,未完工,0,806,806,瓦斯熱風,普通,無,保險絲(普通),841,806,0,1647,1,0,1,1,4,1,尚可,6,正常,0,無壁爐,獨立車庫,未完工,1,216,普通,普通,鋪面,0,66,136,0,0,0,無泳池,無圍籬,無其他設施,0,5,2010,一般保證契約,一般交易,128000,11.759793355371237
567,4,2層樓(1946年後),低密度住宅區,77.0,11198,柏油路,無巷道,略不規則,平坦,內側地,緩坡,石橋(StoneBr),正常,正常,獨棟,2層樓,9,5,2005,2007,四坡頂,標準瀝青瓦,乙烯基壁板,乙烯基壁板,面磚,245.0,良好,普通,澆置混凝土,良好,良好,無採光,未完工,0,未完工,0,1122,1122,瓦斯熱風,極佳,有,標準斷路器,1134,1370,0,2504,0,0,2,1,4,1,極佳,11,正常,1,良好,內建車庫,已完工,3,656,普通,普通,鋪面,144,39,0,0,0,0,無泳池,無圍籬,無其他設施,0,6,2008,一般保證契約,一般交易,325000,12.691583538230217
569,2,1.5層樓(已完工),低密度住宅區,79.0,12327,柏油路,無巷道,略不規則,低窪,內側地,中坡,西索耶(SawyerW),正常,正常,獨棟,1.5層(二樓完工),8,8,1983,2009,山形頂,標準瀝青瓦,木壁板,木壁板,無砌面,0.0,良好,普通,煤渣磚,良好,普通,採光良好,優良居住空間,1441,未完工,0,55,1496,瓦斯熱風,極佳,有,標準斷路器,1496,636,0,2132,1,0,1,1,1,1,良好,5,輕微扣分2,1,良好,內建車庫,已完工,2,612,良好,普通,鋪面,349,40,0,0,0,0,無泳池,無圍籬,無其他設施,0,9,2009,一般保證契約,一般交易,316600,12.665397584983758
570,1,雙拼住宅,低密度住宅區,74.5,7032,柏油路,無巷道,略不規則,平坦,角地,緩坡,北艾姆斯(NAmes),正常,正常,雙拼,錯層玄關,5,5,1979,1979,山形頂,標準瀝青瓦,金屬壁板,金屬壁板,無砌面,0.0,普通,普通,煤渣磚,良好,普通,採光良好,優良居住空間,943,未完工,0,0,943,瓦斯熱風,普通,有,標準斷路器,943,0,0,943,1,0,1,0,2,1,普通,4,正常,2,普通,獨立車庫,未完工,2,600,普通,普通,鋪面,42,0,0,0,0,0,無泳池,無圍籬,無其他設施,0,12,2006,一般保證契約,一般交易,135960,11.820123358887447
571,0,雙拼住宅,低密度住宅區,74.0,13101,柏油路,無巷道,略不規則,平坦,內側地,緩坡,北艾姆斯(NAmes),正常,正常,雙拼,1層樓,5,5,1965,1965,山形頂,標準瀝青瓦,硬質纖維板,硬質纖維板,面磚,108.0,普通,普通,煤渣磚,普通,普通,無採光,低品質空間,231,未完工,0,1497,1728,瓦斯熱風,普通,有,標準斷路器,1728,0,0,1728,0,0,2,0,6,2,普通,10,正常,0,無壁爐,獨立車庫,未完工,2,576,普通,普通,鋪面,0,0,0,0,0,0,無泳池,無圍籬,無其他設施,0,11,2008,一般保證契約,一般交易,142600,11.867805799560465
573,4,2層樓(1946年後),低密度住宅區,83.0,13159,柏油路,無巷道,略不規則,山坡,角地,緩坡,林地(Timber),正常,正常,獨棟,2層樓,7,5,2009,2009,山形頂,標準瀝青瓦,乙烯基壁板,乙烯基壁板,無砌面,0.0,普通,普通,澆置混凝土,極佳,普通,採光普通,未完工,0,未完工,0,846,846,瓦斯熱風,良好,有,標準斷路器,846,846,0,1692,0,0,2,1,3,1,良好,6,正常,0,無壁爐,連接主屋,粗略完工,2,650,普通,普通,鋪面,208,114,0,0,0,0,無泳池,無圍籬,無其他設施,0,7,2009,新屋,預售屋(估價時未完工),224500,12.32163544049751
574,1,錯層式,低密度住宅區,76.0,9967,柏油路,無巷道,略不規則,平坦,內側地,緩坡,吉爾伯特(Gilbert),正常,正常,獨棟,錯層,7,5,2000,2000,山形頂,標準瀝青瓦,乙烯基壁板,乙烯基壁板,無砌面,0.0,普通,普通,澆置混凝土,良好,普通,無採光,未完工,0,未完工,0,384,384,瓦斯熱風,極佳,有,標準斷路器,774,656,0,1430,0,0,2,1,3,1,普通,8,正常,1,普通,內建車庫,粗略完工,2,400,普通,普通,鋪面,100,0,0,0,0,0,無泳池,無圍籬,無其他設施,0,12,2007,一般保證契約,一般交易,170000,12.04355959836804
575,0,錯層式,低密度住宅區,70.0,10500,柏油路,無巷道,規則,平坦,兩面臨路,緩坡,北艾姆斯(NAmes),正常,正常,獨棟,錯層,5,7,1971,2005,穀倉頂,標準瀝青瓦,金屬壁板,瀝青瓦,面磚,82.0,普通,普通,煤渣磚,普通,普通,採光普通,普通居住空間,349,未完工,0,23,372,瓦斯熱風,普通,有,標準斷路器,576,533,0,1109,0,1,1,0,3,1,普通,5,正常,0,無壁爐,內建車庫,未完工,1,288,普通,普通,鋪面,35,0,0,0,0,0,無泳池,木圍籬佳,無其他設施,0,12,2007,一般保證契約,一般交易,139000,11.842236406331555
578,4,錯層式,低密度住宅區,96.0,11777,柏油路,無巷道,略不規則,平坦,內側地,緩坡,索耶(Sawyer),正常,正常,獨棟,錯層,5,6,1966,1966,山形頂,標準瀝青瓦,乙烯基壁板,乙烯基壁板,面磚,97.0,普通,普通,煤渣磚,普通,普通,採光普通,低品質空間,328,普通居住空間,551,285,1164,瓦斯熱風,極佳,有,標準斷路器,1320,0,0,1320,1,0,1,0,3,1,普通,6,正常,2,尚可,連接主屋,粗略完工,2,564,普通,普通,鋪面,160,68,240,0,0,0,無泳池,無圍籬,無其他設施,0,5,2006,一般保證契約,異常交易(如法拍),164500,12.010671928196443
579,0,2層樓社區住宅(1946年後),浮動村住宅區,34.0,3604,柏油路,柏油巷,規則,平坦,角地,緩坡,薩默塞特(Somerst),正常,正常,連棟邊間,2層樓,7,5,2007,2007,山形頂,標準瀝青瓦,乙烯基壁板,乙烯基壁板,無砌面,0.0,良好,普通,澆置混凝土,良好,普通,無採光,未完工,0,未完工,0,689,689,瓦斯熱風,極佳,有,標準斷路器,703,689,0,1392,0,0,2,0,2,1,良好,5,正常,0,無壁爐,獨立車庫,未完工,2,540,普通,普通,鋪面,0,102,0,0,0,0,無泳池,無圍籬,無其他設施,0,2,2008,一般保證契約,異常交易(如法拍),146000,11.891368749982085
580,2,1.5層樓(已完工),中密度住宅區,81.0,12150,柏油路,碎石巷,規則,平坦,內側地,緩坡,舊城區(OldTown),正常,正常,獨棟,1.5層(二樓完工),5,5,1954,1954,山形頂,標準瀝青瓦,金屬壁板,金屬壁板,面磚,335.0,普通,普通,磚與瓦,普通,普通,無採光,未完工,0,未完工,0,1050,1050,瓦斯熱風,極佳,無,保險絲(普通),1050,745,0,1795,0,0,2,0,4,1,普通,7,正常,0,無壁爐,連接主屋,未完工,1,352,尚可,普通,鋪面,0,0,0,0,0,0,無泳池,無圍籬,無其他設施,0,11,2008,一般保證契約,一般交易,131500,11.78676973513378
581,3,1層樓(1946年後),低密度住宅區,74.5,14585,柏油路,無巷道,略不規則,平坦,死巷底,緩坡,北艾姆斯(NAmes),正常,正常,獨棟,1層樓,6,6,1960,1987,山形頂,標準瀝青瓦,木壁板,木壁板,面磚,85.0,普通,普通,煤渣磚,普通,普通,無採光,低於平均居住空間,594,一般娛樂空間,219,331,1144,瓦斯熱風,極佳,有,標準斷路器,1429,0,0,1429,0,1,1,0,3,1,良好,7,正常,2,良好,連接主屋,未完工,2,572,普通,普通,鋪面,216,110,0,0,0,0,無泳池,無圍籬,無其他設施,0,6,2007,一般保證契約,一般交易,181900,12.111217862017215
583,3,雙拼住宅,低密度住宅區,81.0,11841,碎石路,無巷道,規則,平坦,內側地,緩坡,愛德華茲(Edwards),正常,正常,雙拼,錯層玄關,6,5,1990,1990,山形頂,標準瀝青瓦,硬質纖維板,硬質纖維板,面磚,104.0,普通,良好,煤渣磚,良好,普通,採光普通,優良居住空間,816,未完工,0,0,816,瓦斯熱風,普通,有,標準斷路器,816,0,0,816,1,0,1,0,3,1,普通,5,正常,0,無壁爐,無車庫,無車庫,0,0,無車庫,無車庫,鋪面,0,32,0,0,0,0,無泳池,無圍籬,無其他設施,0,5,2007,一般保證契約,一般交易,118500,11.682676678340282
584,1,2.5層樓,中密度住宅區,75.0,13500,柏油路,無巷道,規則,平坦,內側地,緩坡,舊城區(OldTown),鄰近主幹道,緊鄰公園綠地等正面設施,獨棟,2.5層(三樓未完工),10,9,1893,2000,山形頂,標準瀝青瓦,木壁板,木壁板,無砌面,0.0,極佳,極佳,磚與瓦,普通,普通,無採光,未完工,0,未完工,0,1237,1237,瓦斯熱風,良好,有,標準斷路器,1521,1254,0,2775,0,0,3,1,3,1,良好,9,正常,1,良好,獨立車庫,未完工,2,880,良好,普通,鋪面,105,502,0,0,0,0,無泳池,無圍籬,無其他設施,0,7,2008,一般保證契約,一般交易,325000,12.691583538230217
587,4,1層樓(1945年前),低密度住宅區,55.0,10267,柏油路,無巷道,規則,平坦,內側地,緩坡,布魯克賽德(BrkSide),緊鄰南北向鐵路,正常,獨棟,1層樓,6,7,1918,2000,山形頂,標準瀝青瓦,灰泥,木瓦,無砌面,0.0,普通,良好,磚與瓦,普通,良好,採光少,一般娛樂空間,210,普通居住空間,606,0,816,瓦斯熱風,極佳,有,標準斷路器,838,0,0,838,1,0,1,0,2,1,尚可,5,正常,0,無壁爐,獨立車庫,已完工,1,275,普通,普通,泥土或碎石,0,0,112,0,0,0,無泳池,簡易鐵絲網,無其他設施,0,5,2008,一般保證契約,一般交易,130000,11.775297421715827
588,3,錯層玄關式,低密度住宅區,74.0,8740,柏油路,無巷道,略不規則,平坦,內側地,緩坡,索耶(Sawyer),正常,正常,獨棟,錯層玄關,5,6,1982,1982,四坡頂,標準瀝青瓦,硬質纖維板,硬質纖維板,無砌面,0.0,普通,普通,煤渣磚,普通,普通,採光普通,普通居住空間,672,未完工,0,168,840,瓦斯熱風,普通,有,標準斷路器,860,0,0,860,1,0,1,0,2,1,普通,4,正常,0,無壁爐,獨立車庫,未完工,2,528,普通,普通,鋪面,0,0,0,0,0,0,無泳池,無圍籬,無其他設施,0,7,2009,一般保證契約,一般交易,137000,11.827743504053695
593,4,1層樓(1946年後),低密度住宅區,60.0,6600,柏油路,無巷道,規則,平坦,內側地,緩坡,米切爾(Mitchel),正常,正常,獨棟,1層樓,5,8,1982,2003,山形頂,標準瀝青瓦,硬質纖維板,硬質纖維板,無砌面,0.0,普通,良好,澆置混凝土,普通,良好,無採光,優良居住空間,816,未完工,0,0,816,瓦斯熱風,極佳,有,標準斷路器,816,0,0,816,1,0,1,0,2,1,普通,4,正常,0,無壁爐,獨立車庫,已完工,2,816,普通,普通,鋪面,0,0,0,0,0,0,無泳池,無圍籬,無其他設施,0,6,2008,一般保證契約,一般交易,138000,11.835016210489899
594,2,1層樓社區住宅(1946年後),中密度住宅區,70.0,4435,柏油路,無巷道,規則,平坦,內側地,緩坡,學院溪(CollgCr),正常,正常,連棟邊間,1層樓,6,5,2003,2003,山形頂,標準瀝青瓦,乙烯基壁板,乙烯基壁板,面磚,170.0,良好,普通,澆置混凝土,良好,普通,採光普通,優良居住空間,685,未完工,0,163,848,瓦斯熱風,極佳,有,標準斷路器,848,0,0,848,1,0,1,0,1,1,良好,4,正常,0,無壁爐,連接主屋,已完工,2,420,普通,普通,鋪面,140,0,0,0,0,0,無泳池,無圍籬,無其他設施,0,5,2009,一般保證契約,一般交易,140000,11.849404844423074
595,3,1層樓(1946年後),低密度住宅區,88.0,7990,柏油路,無巷道,略不規則,平坦,內側地,緩坡,學院溪(CollgCr),正常,正常,獨棟,1層樓,5,6,1975,1975,四坡頂,標準瀝青瓦,硬質纖維板,硬質纖維板,無砌面,0.0,普通,普通,煤渣磚,良好,普通,無採光,未完工,0,未完工,0,924,924,瓦斯熱風,普通,有,標準斷路器,924,0,0,924,0,0,1,0,3,1,普通,5,正常,0,無壁爐,獨立車庫,未完工,1,280,普通,普通,鋪面,0,0,0,0,0,0,無泳池,隱私性低,無其他設施,0,4,2008,一般保證契約,一般交易,110000,11.608244735642321
596,0,1層樓(1946年後),低密度住宅區,69.0,11302,柏油路,無巷道,略不規則,平坦,內側地,緩坡,石橋(StoneBr),正常,正常,獨棟,1層樓,8,5,2005,2006,山形頂,標準瀝青瓦,乙烯基壁板,其他,面磚,238.0,良好,普通,澆置混凝土,良好,普通,採光良好,優良居住空間,1422,未完工,0,392,1814,瓦斯熱風,極佳,有,標準斷路器,1826,0,0,1826,1,0,2,0,3,1,良好,7,正常,1,普通,連接主屋,已完工,3,758,普通,普通,鋪面,180,75,0,0,120,0,無泳池,無圍籬,無其他設施,0,8,2006,新屋,預售屋(估價時未完工),319000,12.672949516558306
597,0,2層樓(1945年前),中密度住宅區,60.0,3600,柏油路,碎石巷,規則,平坦,內側地,緩坡,舊城區(OldTown),正常,正常,獨棟,2層樓,6,7,1910,1993,山形頂,標準瀝青瓦,乙烯基壁板,乙烯基壁板,無砌面,0.0,普通,普通,煤渣磚,普通,普通,無採光,未完工,0,未完工,0,684,684,瓦斯熱風,極佳,無,保險絲(良),684,684,0,1368,0,0,1,0,3,1,普通,7,正常,0,無壁爐,獨立車庫,未完工,1,216,普通,尚可,泥土或碎石,0,158,0,0,0,0,無泳池,無圍籬,無其他設施,0,10,2006,一般保證契約,一般交易,114504,11.648373769145277
601,1,2層樓(1946年後),低密度住宅區,74.0,10927,柏油路,無巷道,規則,平坦,內側地,緩坡,北嶺高地(NridgHt),正常,正常,獨棟,2層樓,8,5,2005,2005,山形頂,標準瀝青瓦,乙烯基壁板,乙烯基壁板,面磚,280.0,良好,普通,澆置混凝土,良好,普通,採光普通,優良居住空間,546,未完工,0,512,1058,瓦斯熱風,極佳,有,標準斷路器,1058,846,0,1904,1,0,2,1,3,1,極佳,8,正常,1,良好,內建車庫,已完工,2,736,普通,普通,鋪面,179,60,0,0,0,0,無泳池,無圍籬,無其他設施,0,6,2006,一般保證契約,一般交易,275000,12.524530013005734
602,3,1.5層樓(已完工),中密度住宅區,50.0,9000,柏油路,無巷道,規則,坡堤,內側地,緩坡,交通部與鐵路區(IDOTRR),正常,正常,獨棟,1.5層(二樓完工),6,6,1937,1950,山形頂,標準瀝青瓦,木壁板,木壁板,無砌面,0.0,普通,良好,澆置混凝土,普通,普通,無採光,未完工,0,未完工,0,780,780,瓦斯熱風,普通,有,標準斷路器,780,595,0,1375,0,0,1,1,3,1,良好,6,正常,1,良好,獨立車庫,未完工,1,544,普通,普通,部分鋪面,0,162,0,0,126,0,無泳池,無圍籬,無其他設施,0,12,2007,一般保證契約,一般交易,141000,11.856522261533737
604,1,2層樓社區住宅(1946年後),浮動村住宅區,30.0,3182,柏油路,柏油巷,規則,平坦,內側地,緩坡,薩默塞特(Somerst),正常,正常,連棟邊間,2層樓,7,5,2004,2005,山形頂,標準瀝青瓦,金屬壁板,金屬壁板,無砌面,0.0,良好,普通,澆置混凝土,良好,普通,無採光,未完工,0,未完工,0,600,600,瓦斯熱風,極佳,有,標準斷路器,600,600,0,1200,0,0,2,1,2,1,良好,4,正常,0,無壁爐,獨立車庫,粗略完工,2,480,普通,普通,鋪面,0,172,0,0,0,0,無泳池,無圍籬,無其他設施,0,6,2010,一般保證契約,一般交易,151000,11.92504173829169
605,2,1層樓(1946年後),低密度住宅區,88.0,12803,柏油路,無巷道,略不規則,平坦,內側地,緩坡,學院溪(CollgCr),正常,正常,獨棟,1層樓,7,5,2002,2002,山形頂,標準瀝青瓦,乙烯基壁板,乙烯基壁板,面磚,99.0,良好,普通,澆置混凝土,良好,普通,採光少,優良居住空間,922,未完工,0,572,1494,瓦斯熱風,極佳,有,標準斷路器,1494,0,0,1494,1,0,2,0,3,1,良好,6,正常,1,普通,連接主屋,粗略完工,2,530,普通,普通,鋪面,192,36,0,0,0,0,無泳池,無圍籬,無其他設施,0,9,2008,一般保證契約,一般交易,221000,12.30592250537653
606,2,2層樓(1946年後),低密度住宅區,85.0,13600,柏油路,無巷道,規則,平坦,內側地,緩坡,北艾姆斯(NAmes),正常,正常,獨棟,2層樓,7,6,1965,1990,山形頂,標準瀝青瓦,硬質纖維板,硬質纖維板,面磚,176.0,普通,普通,煤渣磚,普通,普通,無採光,低於平均居住空間,454,未完工,0,314,768,瓦斯熱風,普通,有,標準斷路器,1186,800,0,1986,0,0,2,1,3,1,普通,7,正常,3,尚可,連接主屋,未完工,2,486,普通,普通,鋪面,0,42,0,0,189,0,無泳池,無圍籬,無其他設施,0,10,2009,一般保證契約,一般交易,205000,12.230770136157428
607,4,1層樓(1946年後),低密度住宅區,82.0,12464,柏油路,無巷道,中度不規則,低窪,角地,中坡,學院溪(CollgCr),正常,正常,獨棟,1層樓,5,5,1996,1996,山形頂,標準瀝青瓦,乙烯基壁板,乙烯基壁板,無砌面,0.0,普通,良好,澆置混凝土,良好,普通,無採光,優良居住空間,732,未完工,0,308,1040,瓦斯熱風,良好,有,標準斷路器,1040,0,0,1040,1,0,1,0,3,1,良好,6,正常,0,無壁爐,獨立車庫,未完工,2,576,普通,普通,鋪面,168,0,0,0,0,0,無泳池,隱私性佳,無其他設施,0,11,2009,一般保證契約,一般交易,152000,11.931642378754141
609,1,2層樓(1945年前),低密度住宅區,78.0,12168,柏油路,無巷道,規則,山坡,內側地,中坡,克勞福德(Crawfor),正常,正常,獨棟,2層樓,8,6,1934,1998,山形頂,標準瀝青瓦,面磚,木壁板,無砌面,0.0,普通,普通,澆置混凝土,良好,普通,採光少,低於平均居住空間,428,未完工,0,537,965,瓦斯熱風,普通,有,標準斷路器,1940,1254,0,3194,0,0,2,1,4,1,普通,10,正常,2,良好,地下室車庫,未完工,2,380,普通,普通,鋪面,0,0,0,0,0,0,無泳池,無圍籬,無其他設施,0,9,2007,一般保證契約,兩筆相連物件分配,359100,12.791358964949923
610,0,1層樓(1946年後),低密度住宅區,61.0,7943,柏油路,無巷道,規則,平坦,內側地,緩坡,索耶(Sawyer),鄰近支線道路,正常,獨棟,1層樓,4,5,1961,1961,山形頂,標準瀝青瓦,乙烯基壁板,乙烯基壁板,一般磚,192.0,普通,尚可,煤渣磚,普通,普通,採光少,一般娛樂空間,903,未完工,0,126,1029,瓦斯熱風,良好,有,標準斷路器,1029,0,0,1029,1,0,1,0,3,1,普通,5,正常,0,無壁爐,連接主屋,未完工,1,261,普通,普通,鋪面,64,0,39,0,0,0,無泳池,無圍籬,無其他設施,0,4,2007,一般保證契約,一般交易,118500,11.682676678340282
611,3,2層樓(1946年後),低密度住宅區,70.0,11050,柏油路,無巷道,規則,平坦,內側地,緩坡,學院溪(CollgCr),鄰近公園綠地等正面設施,正常,獨棟,2層樓,9,5,2000,2000,四坡頂,標準瀝青瓦,乙烯基壁板,乙烯基壁板,面磚,204.0,良好,普通,澆置混凝土,極佳,普通,採光少,優良居住空間,904,未完工,0,536,1440,瓦斯熱風,極佳,有,標準斷路器,1476,677,0,2153,1,0,2,1,3,1,極佳,8,正常,2,極佳,連接主屋,已完工,3,736,普通,普通,鋪面,253,142,0,0,0,0,無泳池,無圍籬,無其他設施,0,5,2009,一般保證契約,一般交易,313000,12.653961664405365
612,4,錯層式,低密度住宅區,80.0,10395,柏油路,無巷道,略不規則,平坦,兩面臨路,緩坡,西北艾姆斯(NWAmes),正常,正常,獨棟,錯層,6,6,1978,1978,山形頂,標準瀝青瓦,硬質纖維板,硬質纖維板,面磚,233.0,普通,普通,煤渣磚,良好,普通,採光普通,普通居住空間,605,未完工,0,427,1032,瓦斯熱風,普通,有,標準斷路器,1032,0,0,1032,0,1,2,0,3,1,普通,6,正常,1,普通,連接主屋,未完工,2,564,普通,普通,鋪面,0,0,0,0,0,0,無泳池,隱私性低,儲藏棚,500,7,2007,一般保證契約,一般交易,148000,11.904974309480181
613,3,2層樓(1946年後),低密度住宅區,70.0,11885,柏油路,無巷道,規則,平坦,內側地,緩坡,學院溪(CollgCr),正常,正常,獨棟,2層樓,8,5,2001,2001,山形頂,標準瀝青瓦,乙烯基壁板,乙烯基壁板,面磚,108.0,良好,普通,澆置混凝土,良好,普通,採光普通,優良居住空間,990,未完工,0,309,1299,瓦斯熱風,極佳,有,標準斷路器,1299,573,0,1872,1,0,2,1,3,1,極佳,7,正常,1,普通,內建車庫,粗略完工,2,531,普通,普通,鋪面,160,122,0,0,0,0,無泳池,無圍籬,無其他設施,0,11,2009,一般保證契約,一般交易,261500,12.474193386571581
614,1,1層樓(1946年後),低密度住宅區,70.0,8402,柏油路,無巷道,規則,平坦,內側地,緩坡,米切爾(Mitchel),鄰近支線道路,正常,獨棟,1層樓,5,5,2007,2007,山形頂,標準瀝青瓦,乙烯基壁板,乙烯基壁板,無砌面,0.0,普通,普通,澆置混凝土,良好,普通,無採光,普通居住空間,206,未完工,0,914,1120,瓦斯熱風,極佳,有,標準斷路器,1120,0,0,1120,0,0,1,0,3,1,普通,6,正常,0,無壁爐,無車庫,無車庫,0,0,無車庫,無車庫,鋪面,0,30,0,0,0,0,無泳池,無圍籬,無其他設施,0,12,2007,新屋,預售屋(估價時未完工),147000,11.898194668458823
616,2,錯層玄關式,低密度住宅區,80.0,8800,柏油路,無巷道,規則,平坦,內側地,緩坡,北艾姆斯(NAmes),鄰近支線道路,正常,獨棟,錯層玄關,6,7,1963,1963,山形頂,標準瀝青瓦,金屬壁板,金屬壁板,面磚,156.0,普通,良好,澆置混凝土,普通,普通,採光良好,優良居住空間,763,未完工,0,173,936,瓦斯熱風,極佳,有,標準斷路器,1054,0,0,1054,1,0,1,0,3,1,良好,6,正常,0,無壁爐,連接主屋,粗略完工,2,480,普通,普通,鋪面,120,0,0,0,0,0,無泳池,隱私性低,無其他設施,0,5,2010,一般保證契約,異常交易(如法拍),137500,11.83138646878959
617,4,2層樓(1946年後),低密度住宅區,65.0,7861,柏油路,無巷道,略不規則,平坦,內側地,緩坡,吉爾伯特(Gilbert),正常,正常,獨棟,2層樓,6,5,2002,2003,山形頂,標準瀝青瓦,乙烯基壁板,乙烯基壁板,無砌面,0.0,良好,普通,澆置混凝土,良好,普通,無採光,優良居住空間,457,未完工,0,326,783,瓦斯熱風,極佳,有,標準斷路器,807,702,0,1509,1,0,2,1,3,1,良好,7,正常,1,良好,連接主屋,已完工,2,393,普通,普通,鋪面,100,75,0,0,0,0,無泳池,無圍籬,無其他設施,0,6,2006,一般保證契約,一般交易,183200,12.118339189722553
618,0,1.5層樓(未完工),低密度住宅區,59.0,7227,柏油路,無巷道,規則,山坡,角地,中坡,北艾姆斯(NAmes),鄰近主幹道,正常,獨棟,1.5層(二樓未完工),6,6,1954,1954,山形頂,標準瀝青瓦,金屬壁板,金屬壁板,無砌面,0.0,普通,普通,煤渣磚,普通,普通,無採光,未完工,0,未完工,0,832,832,瓦斯熱風,良好,有,標準斷路器,832,0,0,832,0,0,1,0,2,1,良好,4,正常,0,無壁爐,獨立車庫,未完工,2,528,普通,普通,鋪面,0,0,0,0,0,0,無泳池,無圍籬,無其他設施,0,6,2008,一般保證契約,一般交易,105500,11.566475710526321
619,1,1層樓(1946年後),低密度住宅區,90.0,11694,柏油路,無巷道,規則,平坦,內側地,緩坡,北嶺高地(NridgHt),正常,正常,獨棟,1層樓,9,5,2007,2007,四坡頂,標準瀝青瓦,水泥板,水泥板,面磚,452.0,極佳,普通,澆置混凝土,極佳,普通,採光普通,優良居住空間,48,未完工,0,1774,1822,瓦斯熱風,極佳,有,標準斷路器,1828,0,0,1828,0,0,2,0,3,1,良好,9,正常,1,良好,連接主屋,未完工,3,774,普通,普通,鋪面,0,108,0,0,260,0,無泳池,無圍籬,無其他設施,0,7,2007,新屋,預售屋(估價時未完工),314813,12.659737267217572
622,2,2層樓(1946年後),低密度住宅區,90.0,10800,柏油路,無巷道,規則,平坦,內側地,緩坡,西北艾姆斯(NWAmes),正常,正常,獨棟,2層樓,6,7,1974,1997,山形頂,標準瀝青瓦,硬質纖維板,硬質纖維板,無砌面,0.0,普通,普通,煤渣磚,普通,普通,無採光,普通居住空間,956,一般娛樂空間,182,384,1522,瓦斯熱風,普通,有,標準斷路器,1548,1066,0,2614,0,0,2,1,4,1,普通,9,正常,1,普通,連接主屋,粗略完工,2,624,普通,普通,鋪面,38,243,0,0,0,0,無泳池,無圍籬,無其他設施,0,6,2008,一般保證契約,一般交易,240000,12.388398368982115
623,3,1層樓(1946年後),低密度住宅區,71.0,7064,柏油路,無巷道,規則,平坦,內側地,緩坡,索耶(Sawyer),正常,正常,獨棟,1層樓,5,6,1977,1977,山形頂,標準瀝青瓦,夾板,夾板,面磚,153.0,普通,普通,煤渣磚,普通,普通,無採光,低於平均居住空間,560,未完工,0,420,980,瓦斯熱風,普通,有,標準斷路器,980,0,0,980,0,0,1,0,3,1,普通,6,正常,0,無壁爐,獨立車庫,未完工,2,484,普通,普通,鋪面,192,0,0,0,0,0,無泳池,無圍籬,無其他設施,0,7,2009,一般保證契約,一般交易,135000,11.813037464800539
624,0,2層樓社區住宅(1946年後),浮動村住宅區,73.5,2117,柏油路,無巷道,規則,平坦,內側地,緩坡,薩默塞特(Somerst),正常,正常,連棟邊間,2層樓,6,5,2000,2000,山形頂,標準瀝青瓦,金屬壁板,金屬壁板,面磚,513.0,良好,普通,澆置混凝土,良好,普通,無採光,優良居住空間,420,未完工,0,336,756,瓦斯熱風,極佳,有,標準斷路器,756,756,0,1512,0,0,2,1,2,1,良好,4,正常,1,普通,獨立車庫,未完工,2,440,普通,普通,鋪面,0,32,0,0,0,0,無泳池,無圍籬,無其他設施,0,6,2007,一般保證契約,一般交易,168500,12.034696963475044
625,2,2層樓(1946年後),低密度住宅區,80.0,10400,柏油路,無巷道,規則,平坦,內側地,緩坡,西北艾姆斯(NWAmes),正常,正常,獨棟,2層樓,6,5,1972,1972,山形頂,標準瀝青瓦,乙烯基壁板,乙烯基壁板,無砌面,288.0,普通,普通,煤渣磚,普通,普通,無採光,一般娛樂空間,247,未完工,0,485,732,瓦斯熱風,良好,有,標準斷路器,1012,778,0,1790,1,0,1,2,4,1,普通,8,輕微扣分2,1,普通,連接主屋,粗略完工,2,484,普通,普通,鋪面,148,0,0,0,147,0,無泳池,無圍籬,無其他設施,0,11,2006,一般保證契約,一般交易,165150,12.014615485902027
626,2,1層樓(1946年後),低密度住宅區,87.0,10000,柏油路,無巷道,略不規則,平坦,角地,緩坡,北艾姆斯(NAmes),正常,正常,獨棟,1層樓,6,6,1962,1962,四坡頂,標準瀝青瓦,木壁板,木壁板,面磚,261.0,普通,普通,煤渣磚,普通,普通,無採光,未完工,0,未完工,0,1116,1116,瓦斯熱風,普通,有,標準斷路器,1116,0,0,1116,0,0,1,1,3,1,普通,5,正常,0,無壁爐,連接主屋,未完工,2,440,普通,普通,鋪面,0,0,0,0,385,0,無泳池,無圍籬,無其他設施,0,2,2010,一般保證契約,一般交易,160000,11.982935344196433
627,2,1層樓(1946年後),低密度住宅區,74.5,12342,柏油路,無巷道,略不規則,平坦,內側地,緩坡,北艾姆斯(NAmes),正常,正常,獨棟,1層樓,5,5,1960,1978,四坡頂,標準瀝青瓦,木壁板,木壁板,無砌面,0.0,普通,普通,煤渣磚,普通,普通,無採光,未完工,0,未完工,0,978,978,瓦斯熱風,普通,有,標準斷路器,1422,0,0,1422,0,0,1,0,3,1,普通,6,輕微扣分1,1,普通,連接主屋,粗略完工,1,286,普通,普通,鋪面,0,0,36,0,0,0,無泳池,木圍籬佳,儲藏棚,600,8,2007,一般保證契約,一般交易,139900,11.848690308590857
628,2,錯層式,低密度住宅區,80.0,9600,柏油路,無巷道,規則,平坦,內側地,緩坡,北艾姆斯(NAmes),正常,正常,獨棟,錯層,6,6,1955,1972,山形頂,標準瀝青瓦,石棉瓦,石棉瓦,面磚,164.0,普通,普通,煤渣磚,普通,普通,採光普通,低於平均居住空間,674,低品質空間,132,350,1156,瓦斯熱風,極佳,有,標準斷路器,1520,0,0,1520,1,0,1,0,3,1,普通,7,正常,2,良好,地下室車庫,粗略完工,1,364,普通,普通,鋪面,0,0,189,0,0,0,無泳池,無圍籬,無其他設施,0,3,2010,一般保證契約,一般交易,153000,11.938199736300925
630,4,錯層式,低密度住宅區,82.0,9020,柏油路,無巷道,規則,平坦,角地,緩坡,北艾姆斯(NAmes),鄰近支線道路,正常,獨棟,錯層,6,5,1964,1964,山形頂,鋸製木瓦,夾板,木壁板,面磚,259.0,普通,普通,煤渣磚,普通,普通,採光良好,優良居住空間,624,一般娛樂空間,336,288,1248,瓦斯熱風,普通,有,標準斷路器,1350,0,0,1350,1,0,1,1,3,1,普通,6,正常,0,無壁爐,連接主屋,粗略完工,2,520,普通,普通,鋪面,176,0,0,0,0,0,無泳池,隱私性佳,無其他設施,0,6,2008,一般保證契約,一般交易,168500,12.034696963475044
631,3,2層樓(1945年前),中密度住宅區,50.0,9000,柏油路,碎石巷,規則,平坦,角地,緩坡,舊城區(OldTown),鄰近主幹道,正常,獨棟,2層樓,5,6,1880,1991,山形頂,標準瀝青瓦,乙烯基壁板,乙烯基壁板,無砌面,0.0,普通,普通,磚與瓦,尚可,尚可,無採光,未完工,0,未完工,0,636,636,瓦斯熱風,普通,有,保險絲(良),1089,661,0,1750,0,0,1,0,3,1,極佳,8,正常,0,無壁爐,獨立車庫,未完工,1,240,尚可,差,泥土或碎石,0,0,293,0,0,0,無泳池,隱私性低,無其他設施,0,6,2006,一般保證契約,異常交易(如法拍),124000,11.728044909070785
632,2,1層樓社區住宅(1946年後),低密度住宅區,34.0,4590,柏油路,無巷道,規則,平坦,內側地,緩坡,北嶺高地(NridgHt),正常,正常,連棟中間,1層樓,8,5,2006,2006,山形頂,標準瀝青瓦,乙烯基壁板,乙烯基壁板,石材,108.0,良好,普通,澆置混凝土,良好,良好,採光少,優良居住空間,24,未完工,0,1530,1554,瓦斯熱風,極佳,有,標準斷路器,1554,0,0,1554,0,0,2,0,2,1,良好,6,正常,1,良好,連接主屋,粗略完工,2,627,普通,普通,鋪面,156,73,0,0,0,0,無泳池,無圍籬,無其他設施,0,8,2007,一般保證契約,一般交易,209500,12.252483791602627
633,3,1層樓(1946年後),低密度住宅區,85.0,11900,柏油路,無巷道,規則,平坦,內側地,緩坡,西北艾姆斯(NWAmes),正常,正常,獨棟,1層樓,7,5,1977,1977,四坡頂,標準瀝青瓦,夾板,夾板,面磚,209.0,普通,良好,煤渣磚,普通,普通,無採光,普通居住空間,822,未完工,0,564,1386,瓦斯熱風,普通,有,標準斷路器,1411,0,0,1411,0,0,2,0,3,1,普通,6,正常,1,普通,連接主屋,已完工,2,544,普通,普通,鋪面,192,0,0,0,0,0,無泳池,無圍籬,無其他設施,0,4,2009,一般保證契約,親友交易,82500,11.320565693461432
634,0,1層樓(1946年後),低密度住宅區,80.0,9250,柏油路,無巷道,規則,平坦,角地,緩坡,北艾姆斯(NAmes),正常,正常,獨棟,1層樓,5,7,1954,2005,山形頂,標準瀝青瓦,木壁板,木壁板,無砌面,0.0,普通,普通,煤渣磚,普通,普通,無採光,低於平均居住空間,480,低品質空間,468,108,1056,瓦斯熱風,普通,有,標準斷路器,1056,0,0,1056,0,1,1,0,3,1,普通,6,正常,0,無壁爐,連接主屋,未完工,1,260,普通,普通,鋪面,390,0,0,0,0,0,無泳池,無圍籬,無其他設施,0,7,2007,一般保證契約,一般交易,139400,11.845109950883979
636,2,兩戶改建住宅,高密度住宅區,60.0,10896,柏油路,柏油巷,規則,坡堤,內側地,緩坡,州立大學西南(SWISU),鄰近支線道路,正常,兩戶改建,2.5層(三樓完工),6,7,1914,1995,四坡頂,標準瀝青瓦,乙烯基壁板,乙烯基壁板,無砌面,0.0,尚可,普通,煤渣磚,普通,尚可,無採光,低品質空間,256,未完工,0,1184,1440,瓦斯熱風,極佳,有,保險絲(良),1440,1440,515,3395,0,0,2,0,8,2,尚可,14,正常,0,無壁爐,無車庫,無車庫,0,0,無車庫,無車庫,泥土或碎石,0,110,0,0,0,0,無泳池,無圍籬,無其他設施,0,3,2007,一般保證契約,異常交易(如法拍),200000,12.206077645517674
638,4,兩戶改建住宅,中密度住宅區,50.0,6000,柏油路,無巷道,規則,平坦,內側地,緩坡,舊城區(OldTown),正常,正常,兩戶改建,1.5層(二樓完工),5,4,1954,1954,山形頂,標準瀝青瓦,木壁板,木壁板,無砌面,0.0,普通,普通,煤渣磚,普通,普通,無採光,未完工,0,未完工,0,811,811,瓦斯熱風,普通,有,保險絲(良),811,576,0,1387,0,0,2,0,3,2,良好,7,正常,0,無壁爐,內建車庫,未完工,1,256,普通,普通,鋪面,0,0,0,0,0,0,無泳池,無圍籬,無其他設施,0,11,2009,一般保證契約,一般交易,93000,11.440365524765756
639,3,1層樓(1945年前),低密度住宅區,67.0,8777,柏油路,無巷道,規則,平坦,內側地,緩坡,愛德華茲(Edwards),鄰近支線道路,正常,獨棟,1層樓,5,7,1910,1950,山形頂,標準瀝青瓦,金屬壁板,木壁板,無砌面,0.0,普通,普通,煤渣磚,尚可,普通,無採光,未完工,0,未完工,0,796,796,瓦斯熱風,良好,有,保險絲(良),796,0,0,796,0,0,1,0,2,1,普通,4,正常,0,無壁爐,無車庫,無車庫,0,0,無車庫,無車庫,部分鋪面,328,0,164,0,0,0,無泳池,隱私性低,無其他設施,0,5,2008,一般保證契約,一般交易,85000,11.350418300109132
640,4,1層樓社區住宅(1946年後),低密度住宅區,53.0,3982,柏油路,無巷道,規則,平坦,內側地,緩坡,布魯明頓高地(Blmngtn),正常,正常,連棟邊間,1層樓,8,5,2006,2006,四坡頂,標準瀝青瓦,乙烯基壁板,乙烯基壁板,無砌面,0.0,良好,普通,澆置混凝土,良好,良好,採光普通,優良居住空間,1154,未完工,0,366,1520,瓦斯熱風,極佳,有,標準斷路器,1567,0,0,1567,1,0,2,0,1,1,極佳,7,正常,1,良好,連接主屋,已完工,3,648,普通,普通,鋪面,312,0,0,0,0,0,無泳池,無圍籬,無其他設施,0,10,2006,新屋,預售屋(估價時未完工),264561,12.485830907348902
641,3,1層樓社區住宅(1946年後),低密度住宅區,62.0,12677,柏油路,無巷道,略不規則,平坦,內側地,緩坡,北嶺高地(NridgHt),正常,正常,連棟邊間,1層樓,8,5,2003,2004,四坡頂,標準瀝青瓦,金屬壁板,金屬壁板,面磚,472.0,極佳,普通,澆置混凝土,極佳,普通,採光良好,優良居住空間,1218,未完工,0,300,1518,瓦斯熱風,極佳,有,標準斷路器,1518,0,0,1518,0,0,1,1,1,1,極佳,6,正常,1,良好,連接主屋,粗略完工,2,588,普通,普通,鋪面,185,140,0,0,0,0,無泳池,無圍籬,無其他設施,0,4,2008,一般保證契約,一般交易,274000,12.520887034998584
642,3,2層樓(1946年後),浮動村住宅區,73.5,7050,柏油路,無巷道,規則,平坦,內側地,緩坡,薩默塞特(Somerst),正常,正常,獨棟,2層樓,7,5,2001,2001,山形頂,標準瀝青瓦,乙烯基壁板,乙烯基壁板,無砌面,0.0,良好,普通,澆置混凝土,良好,普通,無採光,優良居住空間,738,未完工,0,319,1057,瓦斯熱風,極佳,有,標準斷路器,1057,872,0,1929,1,0,2,1,3,1,良好,7,正常,1,普通,連接主屋,已完工,2,650,普通,普通,鋪面,0,235,0,0,0,0,無泳池,無圍籬,無其他設施,0,5,2007,一般保證契約,一般交易,226000,12.328294703023396
643,0,錯層式,低密度住宅區,75.0,13860,柏油路,無巷道,規則,平坦,內側地,緩坡,北艾姆斯(NAmes),正常,正常,獨棟,錯層,8,7,1972,1995,山形頂,標準瀝青瓦,夾板,木壁板,無砌面,0.0,良好,普通,煤渣磚,良好,普通,採光良好,優良居住空間,1410,未完工,0,542,1952,瓦斯熱風,良好,有,標準斷路器,2000,704,0,2704,1,0,2,1,4,1,極佳,9,正常,3,普通,連接主屋,已完工,2,538,普通,普通,鋪面,269,111,0,0,0,0,無泳池,隱私性低,無其他設施,0,7,2009,一般保證契約,一般交易,345000,12.75130259456002
645,1,1層樓(1946年後),浮動村住宅區,85.0,9187,柏油路,無巷道,規則,平坦,內側地,緩坡,薩默塞特(Somerst),正常,正常,獨棟,1層樓,9,5,2009,2009,山形頂,標準瀝青瓦,水泥板,水泥板,石材,162.0,極佳,普通,澆置混凝土,極佳,普通,採光少,優良居住空間,1121,未完工,0,645,1766,瓦斯熱風,極佳,有,標準斷路器,1766,0,0,1766,1,0,2,1,2,1,極佳,7,正常,1,良好,連接主屋,已完工,3,478,普通,普通,鋪面,195,130,0,0,0,0,無泳池,無圍籬,無其他設施,0,10,2009,新屋,預售屋(估價時未完工),370878,12.823631142839984
646,3,1層樓(1946年後),低密度住宅區,74.5,10530,柏油路,無巷道,略不規則,平坦,角地,緩坡,北艾姆斯(NAmes),正常,正常,獨棟,1層樓,6,5,1971,1971,四坡頂,標準瀝青瓦,夾板,夾板,無砌面,0.0,普通,普通,煤渣磚,普通,普通,無採光,普通居住空間,282,低品質空間,35,664,981,瓦斯熱風,普通,有,標準斷路器,981,0,0,981,1,0,1,1,3,1,普通,5,正常,0,無壁爐,獨立車庫,未完工,2,576,普通,普通,鋪面,0,312,40,0,0,0,無泳池,無圍籬,無其他設施,0,3,2007,一般保證契約,一般交易,143250,11.872353615355413
647,2,1層樓(1946年後),低密度住宅區,60.0,7200,柏油路,無巷道,規則,平坦,內側地,緩坡,北艾姆斯(NAmes),正常,正常,獨棟,1層樓,5,5,1950,1950,四坡頂,標準瀝青瓦,金屬壁板,金屬壁板,無砌面,0.0,普通,普通,煤渣磚,無地下室,無地下室,無地下室,無地下室,0,無地下室,0,0,0,瓦斯熱風,良好,有,標準斷路器,1048,0,0,1048,0,0,1,0,3,1,普通,7,輕微扣分1,0,無壁爐,獨立車庫,未完工,2,420,普通,普通,鋪面,0,27,0,0,0,0,無泳池,無圍籬,無其他設施,0,7,2008,一般保證契約,一般交易,98300,11.495789479023493
648,3,1層樓(1946年後),低密度住宅區,85.0,10452,柏油路,無巷道,略不規則,平坦,內側地,緩坡,愛德華茲(Edwards),正常,正常,獨棟,1層樓,6,5,1953,1953,四坡頂,標準瀝青瓦,木壁板,木壁板,石材,216.0,普通,普通,煤渣磚,普通,普通,採光少,一般娛樂空間,500,未完工,0,594,1094,瓦斯熱風,極佳,有,標準斷路器,1094,0,0,1094,0,0,1,0,3,1,普通,5,正常,2,良好,連接主屋,粗略完工,2,495,普通,普通,鋪面,0,0,0,0,287,0,無泳池,無圍籬,無其他設施,0,6,2008,一般保證契約,一般交易,155000,11.951186847493476
649,2,2層樓(1946年後),低密度住宅區,70.0,7700,柏油路,無巷道,規則,平坦,內側地,緩坡,北艾姆斯(NAmes),鄰近公園綠地等正面設施,正常,獨棟,2層樓,6,5,1966,1966,山形頂,標準瀝青瓦,金屬壁板,金屬壁板,面磚,351.0,普通,普通,煤渣磚,普通,普通,無採光,未完工,0,未完工,0,756,756,瓦斯熱風,普通,有,標準斷路器,1051,788,0,1839,0,0,1,1,4,1,普通,7,正常,1,普通,連接主屋,未完工,2,442,普通,普通,鋪面,0,124,216,0,0,0,無泳池,無圍籬,無其他設施,0,6,2010,一般保證契約,一般交易,155000,11.951186847493476
651,0,2層樓(1946年後),浮動村住宅區,65.0,8125,柏油路,無巷道,規則,平坦,內側地,緩坡,薩默塞特(Somerst),正常,正常,獨棟,2層樓,7,6,2007,2007,山形頂,標準瀝青瓦,水泥板,水泥板,無砌面,0.0,良好,普通,澆置混凝土,良好,普通,無採光,未完工,0,未完工,0,813,813,瓦斯熱風,極佳,有,標準斷路器,822,843,0,1665,0,0,2,1,3,1,良好,7,正常,0,無壁爐,連接主屋,粗略完工,2,562,普通,普通,鋪面,0,0,0,0,0,0,無泳池,無圍籬,無其他設施,0,5,2008,一般保證契約,一般交易,205950,12.235393555399902
653,4,2層樓(1946年後),低密度住宅區,70.0,8750,柏油路,無巷道,規則,平坦,內側地,緩坡,學院溪(CollgCr),正常,正常,獨棟,2層樓,7,5,1996,1996,山形頂,標準瀝青瓦,乙烯基壁板,乙烯基壁板,無砌面,0.0,良好,普通,澆置混凝土,良好,普通,無採光,未完工,0,未完工,0,880,880,瓦斯熱風,極佳,有,標準斷路器,909,807,0,1716,0,0,2,1,2,1,良好,7,正常,1,普通,連接主屋,粗略完工,2,512,普通,普通,鋪面,0,120,0,0,0,0,無泳池,無圍籬,無其他設施,0,7,2009,一般保證契約,一般交易,191000,12.160033942617156
654,3,1.5層樓(已完工),中密度住宅區,60.0,10320,柏油路,碎石巷,規則,平坦,內側地,緩坡,交通部與鐵路區(IDOTRR),正常,正常,獨棟,1.5層(二樓完工),6,7,1906,1995,山形頂,標準瀝青瓦,金屬壁板,金屬壁板,無砌面,0.0,普通,普通,煤渣磚,普通,普通,無採光,未完工,0,未完工,0,756,756,瓦斯熱風,極佳,有,標準斷路器,756,713,0,1469,0,0,1,0,3,1,普通,7,正常,0,無壁爐,獨立車庫,未完工,1,216,普通,普通,鋪面,57,0,239,0,0,0,無泳池,隱私性低,無其他設施,0,6,2008,一般保證契約,一般交易,135000,11.813037464800539
655,1,1層樓(1946年後),低密度住宅區,91.0,10437,柏油路,無巷道,略不規則,平坦,內側地,緩坡,北嶺(NoRidge),正常,正常,獨棟,1層樓,8,6,1995,1995,四坡頂,標準瀝青瓦,金屬壁板,金屬壁板,面磚,660.0,良好,良好,澆置混凝土,良好,普通,採光良好,優良居住空間,1696,未完工,0,413,2109,瓦斯熱風,極佳,有,標準斷路器,2113,0,0,2113,1,0,2,1,2,1,良好,7,正常,1,普通,連接主屋,已完工,3,839,普通,普通,鋪面,236,46,0,0,0,0,無泳池,無圍籬,無其他設施,0,8,2008,一般保證契約,一般交易,350000,12.765691290604371
656,1,2層樓社區住宅(1946年後),中密度住宅區,21.0,1680,柏油路,無巷道,規則,平坦,內側地,緩坡,布萊爾戴爾(BrDale),正常,正常,連棟中間,2層樓,6,5,1971,1971,山形頂,標準瀝青瓦,硬質纖維板,仿灰泥,面磚,381.0,普通,普通,煤渣磚,普通,普通,無採光,未完工,0,未完工,0,525,525,瓦斯熱風,普通,有,標準斷路器,525,567,0,1092,0,0,1,1,3,1,普通,6,正常,0,無壁爐,獨立車庫,未完工,1,264,普通,普通,鋪面,0,0,0,0,0,0,無泳池,無圍籬,無其他設施,0,3,2010,一般保證契約,親友交易,88000,11.385103457032141
657,4,1層樓(1946年後),低密度住宅區,72.0,10007,柏油路,無巷道,略不規則,平坦,內側地,緩坡,北艾姆斯(NAmes),正常,正常,獨棟,1層樓,5,7,1959,2006,山形頂,標準瀝青瓦,硬質纖維板,硬質纖維板,面磚,54.0,良好,普通,煤渣磚,普通,普通,無採光,普通居住空間,806,未完工,0,247,1053,瓦斯熱風,極佳,有,標準斷路器,1053,0,0,1053,1,0,1,1,3,1,良好,5,正常,0,無壁爐,連接主屋,粗略完工,1,312,普通,普通,鋪面,0,0,0,0,0,0,無泳池,隱私性低,無其他設施,0,8,2008,一般保證契約,一般交易,145500,11.8879382384223
658,2,2層樓(1945年前),低密度住宅區,60.0,7200,柏油路,無巷道,規則,山坡,內側地,中坡,克勞福德(Crawfor),正常,正常,獨棟,2層樓,7,6,1931,2000,山形頂,標準瀝青瓦,灰泥,木瓦,無砌面,0.0,普通,尚可,磚與瓦,良好,普通,無採光,未完工,0,未完工,0,776,776,瓦斯熱風,普通,有,標準斷路器,851,651,0,1502,0,0,1,1,3,1,普通,6,正常,1,良好,連接主屋,粗略完工,1,270,普通,普通,部分鋪面,0,0,112,0,0,0,無泳池,隱私性低,無其他設施,0,2,2008,一般保證契約,一般交易,149000,11.91170829631447
659,1,1.5層樓(已完工),低密度住宅區,78.0,17503,柏油路,無巷道,規則,平坦,內側地,緩坡,北艾姆斯(NAmes),鄰近主幹道,正常,獨棟,1.5層(二樓完工),6,5,1948,1950,山形頂,標準瀝青瓦,乙烯基壁板,乙烯基壁板,無砌面,0.0,普通,普通,煤渣磚,普通,普通,無採光,未完工,0,未完工,0,912,912,瓦斯熱風,普通,有,標準斷路器,912,546,0,1458,0,1,1,0,3,1,普通,6,正常,1,良好,連接主屋,未完工,1,330,普通,普通,鋪面,192,0,0,0,0,0,無泳池,無圍籬,無其他設施,0,1,2010,一般保證契約,異常交易(如法拍),97500,11.487617913343598
660,1,1層樓(1946年後),低密度住宅區,75.0,9937,柏油路,無巷道,規則,平坦,角地,緩坡,愛德華茲(Edwards),正常,正常,獨棟,1層樓,5,7,1964,1999,四坡頂,標準瀝青瓦,金屬壁板,金屬壁板,無砌面,0.0,普通,良好,澆置混凝土,普通,普通,無採光,低於平均居住空間,637,未完工,0,849,1486,瓦斯熱風,極佳,有,標準斷路器,1486,0,0,1486,1,0,1,0,3,1,普通,7,正常,0,無壁爐,獨立車庫,已完工,2,480,普通,普通,鋪面,0,0,0,0,0,0,無泳池,隱私性低,無其他設施,0,3,2009,一般保證契約,一般交易,167000,12.025755079404917
661,1,2層樓(1946年後),低密度住宅區,80.0,12384,柏油路,無巷道,規則,平坦,死巷底,緩坡,西北艾姆斯(NWAmes),正常,正常,獨棟,2層樓,7,7,1976,1976,山形頂,標準瀝青瓦,夾板,夾板,面磚,233.0,普通,普通,煤渣磚,良好,普通,無採光,未完工,0,未完工,0,793,793,瓦斯熱風,普通,有,標準斷路器,1142,793,0,1935,0,0,2,1,3,1,普通,7,正常,1,普通,連接主屋,粗略完工,2,550,普通,普通,鋪面,0,113,252,0,0,0,無泳池,無圍籬,無其他設施,0,11,2007,一般保證契約,一般交易,197900,12.19552218463499
662,1,2層樓(1946年後),低密度住宅區,52.0,46589,柏油路,無巷道,中度不規則,平坦,死巷底,緩坡,北嶺(NoRidge),正常,正常,獨棟,2層樓,8,7,1994,2005,四坡頂,標準瀝青瓦,乙烯基壁板,乙烯基壁板,面磚,528.0,良好,普通,澆置混凝土,良好,良好,無採光,優良居住空間,1361,一般娛樂空間,180,88,1629,瓦斯熱風,極佳,有,標準斷路器,1686,762,0,2448,1,0,2,1,4,1,良好,8,正常,1,普通,連接主屋,粗略完工,3,711,普通,普通,鋪面,517,76,0,0,0,0,無泳池,無圍籬,無其他設施,0,7,2009,一般保證契約,一般交易,402000,12.904209855160254
663,2,1層樓(1946年後),低密度住宅區,120.0,13560,柏油路,無巷道,規則,平坦,角地,緩坡,北艾姆斯(NAmes),正常,正常,獨棟,1層樓,6,3,1968,1968,四坡頂,標準瀝青瓦,木壁板,木壁板,面磚,216.0,普通,普通,煤渣磚,尚可,尚可,無採光,未完工,0,未完工,0,1392,1392,瓦斯熱風,良好,有,標準斷路器,1392,0,0,1392,1,0,1,0,2,1,普通,5,重大扣分2,2,普通,連接主屋,粗略完工,2,576,普通,普通,鋪面,0,0,240,0,0,0,無泳池,無圍籬,無其他設施,0,7,2009,一般保證契約,一般交易,110000,11.608244735642321
664,2,錯層玄關式,低密度住宅區,90.0,10012,柏油路,無巷道,規則,平坦,內側地,緩坡,愛德華茲(Edwards),正常,正常,獨棟,錯層玄關,4,5,1972,1972,山形頂,標準瀝青瓦,夾板,夾板,無砌面,0.0,普通,普通,煤渣磚,良好,普通,採光普通,低於平均居住空間,920,一般娛樂空間,180,38,1138,瓦斯熱風,普通,有,標準斷路器,1181,0,0,1181,1,0,2,0,3,1,普通,6,正常,0,無壁爐,獨立車庫,粗略完工,2,588,普通,普通,鋪面,0,0,180,0,0,0,無泳池,隱私性低,無其他設施,0,4,2008,一般保證契約,一般交易,137500,11.83138646878959
665,0,1層樓(1946年後),低密度住宅區,49.0,20896,柏油路,無巷道,中度不規則,平坦,死巷底,緩坡,薩默塞特(Somerst),緊鄰南北向鐵路,正常,獨棟,1層樓,8,5,2005,2006,山形頂,標準瀝青瓦,乙烯基壁板,乙烯基壁板,無砌面,0.0,良好,普通,澆置混凝土,極佳,普通,採光少,優良居住空間,1721,未完工,0,356,2077,瓦斯熱風,極佳,有,標準斷路器,2097,0,0,2097,1,0,1,1,1,1,極佳,8,正常,1,極佳,連接主屋,已完工,3,1134,普通,普通,鋪面,192,267,0,0,0,0,無泳池,無圍籬,無其他設施,0,1,2006,新屋,預售屋(估價時未完工),423000,12.955129822091815
666,0,2層樓(1946年後),低密度住宅區,106.0,11194,柏油路,無巷道,略不規則,平坦,角地,緩坡,吉爾伯特(Gilbert),正常,正常,獨棟,2層樓,8,5,2000,2000,山形頂,標準瀝青瓦,乙烯基壁板,乙烯基壁板,面磚,40.0,良好,普通,澆置混凝土,良好,普通,無採光,未完工,0,未完工,0,1406,1406,瓦斯熱風,極佳,有,標準斷路器,1454,482,0,1936,0,0,2,1,3,1,良好,7,正常,1,普通,連接主屋,粗略完工,2,504,普通,普通,鋪面,188,124,0,0,0,0,無泳池,無圍籬,無其他設施,0,11,2006,一般保證契約,一般交易,230500,12.348010479804223
667,1,2層樓(1946年後),低密度住宅區,74.5,18450,柏油路,無巷道,略不規則,平坦,內側地,緩坡,北艾姆斯(NAmes),正常,正常,獨棟,2層樓,6,5,1965,1979,平頂,焦油碎石,夾板,夾板,一般磚,113.0,普通,良好,煤渣磚,良好,普通,無採光,低品質空間,187,一般娛樂空間,723,111,1021,瓦斯熱風,普通,有,標準斷路器,1465,915,0,2380,0,0,2,1,3,1,普通,7,嚴重受損,1,差,車棚,未完工,2,596,普通,普通,鋪面,0,265,0,0,0,0,無泳池,無圍籬,無其他設施,0,8,2007,一般保證契約,異常交易(如法拍),129000,11.767575435251748
668,0,1層樓(1946年後),低密度住宅區,65.0,8125,柏油路,無巷道,規則,平坦,內側地,緩坡,西索耶(SawyerW),正常,正常,獨棟,1層樓,6,5,1994,1998,山形頂,標準瀝青瓦,硬質纖維板,硬質纖維板,面磚,258.0,普通,普通,澆置混凝土,良好,普通,無採光,優良居住空間,1138,未完工,0,270,1408,瓦斯熱風,極佳,有,標準斷路器,1679,0,0,1679,1,0,2,0,3,1,良好,7,正常,1,尚可,連接主屋,粗略完工,2,575,普通,普通,鋪面,224,42,0,0,0,0,無泳池,無圍籬,無其他設施,0,10,2008,一般保證契約,一般交易,193500,12.173037959397275
669,1,1層樓(1946年後),低密度住宅區,70.5,14175,柏油路,無巷道,規則,坡堤,角地,中坡,索耶(Sawyer),正常,正常,獨棟,1層樓,5,6,1956,1987,山形頂,標準瀝青瓦,水泥板,木壁板,無砌面,0.0,普通,普通,煤渣磚,普通,普通,無採光,一般娛樂空間,988,未完工,0,200,1188,瓦斯熱風,良好,有,標準斷路器,1437,0,0,1437,1,0,1,1,3,1,普通,6,輕微扣分2,1,普通,獨立車庫,未完工,2,576,普通,普通,鋪面,304,0,0,0,0,0,無泳池,無圍籬,無其他設施,0,11,2006,一般保證契約,一般交易,168000,12.031725210748633
672,3,2層樓(1945年前),高密度住宅區,54.0,6629,柏油路,無巷道,規則,平坦,內側地,緩坡,愛德華茲(Edwards),鄰近主幹道,正常,獨棟,2層樓,6,6,1925,1950,穀倉頂,標準瀝青瓦,木壁板,木壁板,無砌面,0.0,普通,良好,磚與瓦,普通,普通,無採光,低於平均居住空間,551,未完工,0,121,672,瓦斯熱風,普通,無,標準斷路器,697,672,0,1369,1,0,2,0,3,1,普通,6,正常,0,無壁爐,獨立車庫,未完工,1,300,普通,普通,鋪面,147,0,0,0,0,0,無泳池,無圍籬,無其他設施,0,7,2009,一般保證契約,一般交易,103600,11.548302261270587
674,0,1層樓(1946年後),低密度住宅區,110.0,14442,柏油路,無巷道,規則,平坦,內側地,緩坡,克勞福德(Crawfor),正常,正常,獨棟,1層樓,6,7,1957,2004,四坡頂,標準瀝青瓦,水泥板,水泥板,面磚,106.0,普通,普通,澆置混凝土,普通,普通,無採光,優良居住空間,1186,未完工,0,291,1477,瓦斯熱風,極佳,有,標準斷路器,1839,0,0,1839,1,0,2,0,3,1,良好,7,正常,2,普通,連接主屋,已完工,2,416,普通,普通,鋪面,0,87,0,0,200,0,無泳池,無圍籬,無其他設施,0,6,2007,一般保證契約,一般交易,257500,12.458778882573533
676,0,2層樓社區住宅(1946年後),低密度住宅區,24.0,2289,柏油路,無巷道,規則,平坦,內側地,緩坡,北公園村(NPkVill),正常,正常,連棟中間,2層樓,6,6,1978,1978,山形頂,標準瀝青瓦,夾板,一般磚,無砌面,0.0,普通,普通,煤渣磚,普通,普通,無採光,普通居住空間,311,未完工,0,544,855,瓦斯熱風,普通,有,標準斷路器,855,586,0,1441,0,0,2,1,3,1,普通,7,正常,1,普通,連接主屋,未完工,2,440,普通,普通,鋪面,28,0,0,0,0,0,無泳池,無圍籬,無其他設施,0,4,2009,一般保證契約,一般交易,148500,11.908346971208951
677,4,2層樓(1945年前),中密度住宅區,60.0,9600,柏油路,碎石巷,規則,平坦,內側地,緩坡,舊城區(OldTown),正常,正常,獨棟,2層樓,4,2,1900,1950,山形頂,標準瀝青瓦,石棉瓦,灰泥,無砌面,0.0,普通,普通,磚與瓦,普通,尚可,無採光,未完工,0,未完工,0,1095,1095,瓦斯熱水,尚可,無,標準斷路器,1095,679,0,1774,1,0,2,0,4,2,普通,8,輕微扣分2,0,無壁爐,多種車庫,未完工,3,779,尚可,尚可,泥土或碎石,0,0,90,0,0,0,無泳池,無圍籬,無其他設施,0,5,2006,一般保證契約,一般交易,87000,11.373674891823535
679,1,1層樓(1946年後),低密度住宅區,80.0,11844,柏油路,無巷道,略不規則,平坦,內側地,緩坡,石橋(StoneBr),正常,正常,獨棟,1層樓,8,5,2008,2008,四坡頂,標準瀝青瓦,乙烯基壁板,乙烯基壁板,石材,464.0,良好,普通,澆置混凝土,極佳,普通,採光少,未完工,0,未完工,0,2046,2046,瓦斯熱風,極佳,有,標準斷路器,2046,0,0,2046,0,0,2,1,3,1,良好,7,正常,1,良好,連接主屋,已完工,3,834,普通,普通,鋪面,322,82,0,0,0,0,無泳池,無圍籬,無其他設施,0,7,2009,新屋,預售屋(估價時未完工),372500,12.827995001361906
682,1,1.5層樓(已完工),高密度住宅區,55.0,4500,柏油路,柏油巷,中度不規則,坡堤,內側地,緩坡,州立大學西南(SWISU),正常,正常,獨棟,1.5層(二樓完工),5,5,1932,2000,山形頂,標準瀝青瓦,乙烯基壁板,灰泥,無砌面,0.0,普通,普通,磚與瓦,普通,普通,無採光,一般娛樂空間,182,未完工,0,611,793,瓦斯熱風,極佳,有,標準斷路器,848,672,0,1520,0,0,1,0,3,1,普通,6,正常,0,無壁爐,獨立車庫,未完工,1,281,普通,普通,鋪面,0,0,56,0,0,0,無泳池,無圍籬,無其他設施,0,7,2009,一般保證契約,異常交易(如法拍),159434,11.979391594635791
684,0,1層樓(1946年後),低密度住宅區,90.0,11248,柏油路,無巷道,略不規則,平坦,角地,緩坡,學院溪(CollgCr),正常,正常,獨棟,1層樓,9,5,2002,2002,四坡頂,標準瀝青瓦,乙烯基壁板,乙烯基壁板,石材,215.0,良好,普通,澆置混凝土,良好,普通,採光普通,優良居住空間,1059,未完工,0,567,1626,瓦斯熱風,極佳,有,標準斷路器,1668,0,0,1668,1,0,2,0,3,1,良好,7,正常,1,普通,連接主屋,已完工,3,702,普通,普通,鋪面,257,45,0,0,0,0,無泳池,無圍籬,無其他設施,0,7,2007,一般保證契約,一般交易,285000,12.560247968016562
685,2,2層樓(1946年後),低密度住宅區,58.0,16770,柏油路,無巷道,中度不規則,平坦,死巷底,緩坡,北嶺(NoRidge),正常,正常,獨棟,2層樓,7,5,1998,1998,山形頂,標準瀝青瓦,乙烯基壁板,乙烯基壁板,面磚,30.0,良好,普通,澆置混凝土,良好,普通,無採光,未完工,0,未完工,0,1195,1195,瓦斯熱風,良好,有,標準斷路器,1195,644,0,1839,0,0,2,1,4,1,普通,7,正常,0,無壁爐,連接主屋,已完工,2,486,普通,普通,鋪面,0,81,0,0,0,0,無泳池,無圍籬,無其他設施,0,6,2010,一般保證契約,一般交易,221000,12.30592250537653
686,0,2層樓社區住宅(1946年後),低密度住宅區,53.5,5062,柏油路,無巷道,略不規則,平坦,死巷底,緩坡,石橋(StoneBr),正常,正常,連棟邊間,2層樓,7,5,1984,1984,山形頂,標準瀝青瓦,硬質纖維板,硬質纖維板,無砌面,0.0,良好,普通,煤渣磚,良好,普通,採光少,優良居住空間,828,低品質空間,182,180,1190,瓦斯熱風,良好,有,標準斷路器,1190,900,0,2090,1,0,2,0,3,1,良好,6,輕微扣分1,1,普通,連接主屋,已完工,2,577,普通,普通,鋪面,219,0,0,0,0,0,無泳池,無圍籬,無其他設施,0,9,2007,一般保證契約,一般交易,207500,12.242891437918386
687,3,2層樓(1946年後),浮動村住宅區,84.0,10207,柏油路,無巷道,規則,平坦,內側地,緩坡,薩默塞特(Somerst),正常,正常,獨棟,2層樓,7,6,2007,2007,山形頂,標準瀝青瓦,乙烯基壁板,乙烯基壁板,無砌面,0.0,良好,普通,澆置混凝土,良好,普通,無採光,未完工,0,未完工,0,874,874,瓦斯熱風,極佳,有,標準斷路器,874,887,0,1761,0,0,3,0,3,1,良好,7,正常,0,無壁爐,連接主屋,已完工,2,578,普通,普通,鋪面,144,105,0,0,0,0,無泳池,無圍籬,無其他設施,0,8,2007,新屋,預售屋(估價時未完工),227875,12.336556900342153
688,2,2層樓社區住宅(1946年後),浮動村住宅區,73.5,5105,柏油路,無巷道,中度不規則,平坦,兩面臨路,緩坡,薩默塞特(Somerst),正常,正常,連棟邊間,2層樓,7,5,2004,2004,山形頂,標準瀝青瓦,金屬壁板,金屬壁板,無砌面,0.0,良好,普通,澆置混凝土,良好,普通,無採光,優良居住空間,239,未完工,0,312,551,瓦斯熱風,極佳,有,標準斷路器,551,551,0,1102,0,0,2,1,2,1,良好,4,正常,0,無壁爐,獨立車庫,未完工,2,480,普通,普通,鋪面,0,60,0,0,0,0,無泳池,無圍籬,無其他設施,0,3,2007,一般保證契約,一般交易,148800,11.910365121788654
689,0,1層樓(1946年後),低密度住宅區,60.0,8089,柏油路,無巷道,規則,山坡,內側地,緩坡,石橋(StoneBr),正常,正常,獨棟,1層樓,8,6,2007,2007,山形頂,標準瀝青瓦,金屬壁板,金屬壁板,面磚,0.0,良好,普通,澆置混凝土,良好,普通,採光普通,優良居住空間,945,未完工,0,474,1419,瓦斯熱風,極佳,有,標準斷路器,1419,0,0,1419,1,0,2,0,2,1,良好,7,正常,1,良好,連接主屋,粗略完工,2,567,普通,普通,鋪面,140,0,0,0,0,0,無泳池,無圍籬,無其他設施,0,10,2007,新屋,預售屋(估價時未完工),392000,12.879019669789754
690,1,1層樓社區住宅(1946年後),低密度住宅區,61.0,7577,柏油路,無巷道,略不規則,平坦,角地,緩坡,北嶺高地(NridgHt),正常,正常,連棟邊間,1層樓,6,5,2005,2006,山形頂,標準瀝青瓦,乙烯基壁板,乙烯基壁板,石材,256.0,良好,普通,澆置混凝土,良好,普通,採光普通,普通居住空間,20,未完工,0,1342,1362,瓦斯熱風,極佳,有,標準斷路器,1362,0,0,1362,0,0,2,0,2,1,良好,6,正常,1,良好,連接主屋,粗略完工,2,460,普通,普通,鋪面,192,28,0,0,0,0,無泳池,無圍籬,無其他設施,0,6,2007,一般保證契約,一般交易,194700,12.179220327453933
691,4,1層樓社區住宅(1946年後),中密度住宅區,70.0,4426,柏油路,無巷道,規則,平坦,內側地,緩坡,學院溪(CollgCr),正常,正常,連棟邊間,1層樓,6,5,2004,2004,山形頂,標準瀝青瓦,乙烯基壁板,乙烯基壁板,面磚,147.0,良好,普通,澆置混凝土,良好,普通,採光良好,優良居住空間,697,未完工,0,151,848,瓦斯熱風,極佳,有,標準斷路器,848,0,0,848,1,0,1,0,1,1,良好,3,正常,1,普通,連接主屋,粗略完工,2,420,普通,普通,鋪面,149,0,0,0,0,0,無泳池,無圍籬,無其他設施,0,5,2008,一般保證契約,一般交易,141000,11.856522261533737
693,2,2層樓(1946年後),低密度住宅區,42.0,26178,柏油路,無巷道,略不規則,平坦,內側地,中坡,林地(Timber),正常,正常,獨棟,2層樓,7,5,1989,1990,四坡頂,標準瀝青瓦,金屬壁板,金屬壁板,面磚,293.0,良好,普通,澆置混凝土,良好,普通,採光良好,優良居住空間,965,未完工,0,245,1210,瓦斯熱風,極佳,有,標準斷路器,1238,1281,0,2519,1,0,2,1,4,1,良好,9,正常,2,良好,連接主屋,粗略完工,2,628,普通,普通,鋪面,320,27,0,0,0,0,無泳池,無圍籬,無其他設施,0,4,2006,一般保證契約,一般交易,335000,12.721888795877375
695,1,1.5層樓(已完工),中密度住宅區,51.0,6120,柏油路,無巷道,規則,平坦,角地,緩坡,布魯克賽德(BrkSide),正常,正常,獨棟,1.5層(二樓完工),5,6,1936,1950,山形頂,標準瀝青瓦,木壁板,木壁板,無砌面,0.0,普通,尚可,磚與瓦,普通,普通,無採光,未完工,0,未完工,0,927,927,瓦斯熱風,普通,有,標準斷路器,1067,472,0,1539,0,0,1,1,3,1,普通,5,正常,0,無壁爐,獨立車庫,未完工,2,576,普通,普通,鋪面,112,0,0,0,0,0,無泳池,隱私性低,無其他設施,0,4,2009,一般保證契約,一般交易,141500,11.860062063178267
697,1,1層樓(1945年前),中密度住宅區,50.0,6000,柏油路,無巷道,規則,平坦,內側地,緩坡,布魯克賽德(BrkSide),正常,正常,獨棟,1層樓,5,7,1921,1950,山形頂,標準瀝青瓦,木壁板,木瓦,無砌面,0.0,普通,普通,煤渣磚,普通,普通,無採光,低品質空間,616,未完工,0,0,616,瓦斯熱風,良好,有,標準斷路器,616,0,0,616,0,0,1,0,2,1,普通,4,正常,0,無壁爐,獨立車庫,未完工,1,205,普通,普通,鋪面,0,0,129,0,0,0,無泳池,無圍籬,無其他設施,0,6,2006,一般保證契約,一般交易,89000,11.39640288460621
698,0,1層樓(1946年後),低密度住宅區,57.0,6420,柏油路,無巷道,略不規則,平坦,內側地,緩坡,愛德華茲(Edwards),正常,正常,獨棟,1層樓,5,7,1952,1952,山形頂,標準瀝青瓦,木壁板,木壁板,無砌面,0.0,普通,普通,澆置混凝土,極佳,良好,採光少,低品質空間,210,普通居住空間,551,219,980,瓦斯熱風,尚可,有,保險絲(良),1148,0,0,1148,0,1,1,0,2,1,普通,6,正常,0,無壁爐,獨立車庫,未完工,1,308,普通,普通,鋪面,0,0,0,0,0,0,無泳池,無圍籬,無其他設施,0,9,2006,一般保證契約,一般交易,123500,11.724004532183379
699,2,1層樓(1946年後),低密度住宅區,65.0,8450,柏油路,無巷道,規則,平坦,內側地,緩坡,索耶(Sawyer),緊鄰東西向鐵路,正常,獨棟,1層樓,5,8,1965,2009,山形頂,標準瀝青瓦,金屬壁板,金屬壁板,無砌面,0.0,普通,良好,煤渣磚,普通,普通,無採光,優良居住空間,553,低於平均居住空間,117,224,894,瓦斯熱風,極佳,有,標準斷路器,894,0,0,894,1,0,1,0,3,1,普通,5,正常,1,良好,獨立車庫,未完工,1,336,普通,普通,鋪面,416,144,0,0,0,0,無泳池,隱私性低,無其他設施,0,4,2010,一般保證契約,一般交易,138500,11.83863282480007
700,4,1層樓社區住宅(1946年後),浮動村住宅區,59.0,4282,柏油路,柏油巷,中度不規則,平坦,內側地,緩坡,薩默塞特(Somerst),正常,正常,連棟邊間,1層樓,7,5,2004,2004,山形頂,標準瀝青瓦,金屬壁板,金屬壁板,無砌面,0.0,良好,普通,澆置混凝土,良好,普通,採光少,優良居住空間,16,未完工,0,1375,1391,瓦斯熱風,極佳,有,標準斷路器,1391,0,0,1391,0,0,2,0,2,1,良好,5,正常,0,無壁爐,連接主屋,粗略完工,2,530,普通,普通,鋪面,156,158,0,0,0,0,無泳池,無圍籬,無其他設施,0,7,2008,一般保證契約,一般交易,196000,12.185875040240456
701,2,1層樓(1946年後),低密度住宅區,85.0,14331,柏油路,無巷道,規則,平坦,內側地,緩坡,林地(Timber),正常,正常,獨棟,1層樓,8,5,2002,2002,四坡頂,標準瀝青瓦,乙烯基壁板,乙烯基壁板,面磚,630.0,良好,普通,澆置混凝土,極佳,普通,採光良好,優良居住空間,1274,未完工,0,526,1800,瓦斯熱風,極佳,有,標準斷路器,1800,0,0,1800,1,0,2,0,3,1,良好,7,正常,1,良好,連接主屋,已完工,3,765,普通,普通,鋪面,270,78,0,0,0,0,無泳池,無圍籬,無其他設施,0,5,2006,一般保證契約,一般交易,312500,12.652362948153474
702,0,1層樓(1946年後),低密度住宅區,80.0,9600,柏油路,無巷道,規則,平坦,內側地,緩坡,西北艾姆斯(NWAmes),正常,正常,獨棟,1層樓,7,5,1969,1969,四坡頂,標準瀝青瓦,硬質纖維板,硬質纖維板,面磚,168.0,普通,普通,煤渣磚,普通,普通,無採光,未完工,0,未完工,0,1164,1164,瓦斯熱風,普通,有,標準斷路器,1164,0,0,1164,0,0,1,1,3,1,普通,6,正常,0,無壁爐,連接主屋,未完工,2,528,普通,普通,鋪面,0,0,0,0,0,0,無泳池,無圍籬,無其他設施,0,7,2006,法院或遺產拍賣,一般交易,140000,11.849404844423074
703,3,2層樓(1946年後),低密度住宅區,82.0,12438,柏油路,無巷道,略不規則,平坦,內側地,緩坡,石橋(StoneBr),正常,正常,獨棟,2層樓,8,5,2006,2006,四坡頂,標準瀝青瓦,乙烯基壁板,乙烯基壁板,面磚,466.0,極佳,普通,澆置混凝土,極佳,良好,無採光,未完工,0,未完工,0,1234,1234,瓦斯熱風,極佳,有,標準斷路器,1264,1312,0,2576,0,0,2,1,4,1,極佳,10,正常,1,良好,內建車庫,已完工,3,666,普通,普通,鋪面,324,100,0,0,0,0,無泳池,無圍籬,無其他設施,0,7,2006,新屋,預售屋(估價時未完工),361919,12.799178471909892
704,0,兩戶改建住宅,中密度住宅區,76.0,7630,柏油路,無巷道,規則,平坦,內側地,緩坡,舊城區(OldTown),鄰近支線道路,正常,兩戶改建,2層樓,5,9,1900,1996,山形頂,標準瀝青瓦,木壁板,木壁板,無砌面,0.0,普通,良好,磚與瓦,良好,普通,無採光,未完工,0,未完工,0,360,360,瓦斯熱風,良好,有,標準斷路器,1032,780,0,1812,0,0,2,0,4,2,良好,8,正常,1,差,獨立車庫,未完工,2,672,普通,普通,泥土或碎石,344,0,40,0,0,0,無泳池,隱私性低,無其他設施,0,5,2010,一般保證契約,一般交易,140000,11.849404844423074
705,0,1層樓(1946年後),低密度住宅區,70.0,8400,柏油路,無巷道,規則,平坦,內側地,緩坡,學院溪(CollgCr),正常,正常,獨棟,1層樓,7,5,2004,2005,山形頂,標準瀝青瓦,乙烯基壁板,乙烯基壁板,面磚,109.0,良好,普通,澆置混凝土,良好,普通,採光普通,優良居住空間,712,未完工,0,761,1473,瓦斯熱風,極佳,有,標準斷路器,1484,0,0,1484,1,0,2,0,3,1,良好,7,正常,0,無壁爐,連接主屋,粗略完工,2,606,普通,普通,鋪面,0,35,0,144,0,0,無泳池,無圍籬,無其他設施,0,5,2010,一般保證契約,一般交易,213000,12.269052139516223
706,4,兩戶改建住宅,中密度住宅區,70.0,5600,柏油路,無巷道,規則,平坦,內側地,緩坡,交通部與鐵路區(IDOTRR),正常,正常,兩戶改建,2層樓,4,5,1930,1950,四坡頂,標準瀝青瓦,乙烯基壁板,木瓦,無砌面,0.0,尚可,尚可,板式,無地下室,無地下室,無地下室,無地下室,0,無地下室,0,0,0,瓦斯熱風,尚可,無,標準斷路器,372,720,0,1092,0,0,2,0,3,2,尚可,7,中度扣分,0,無壁爐,無車庫,無車庫,0,0,無車庫,無車庫,泥土或碎石,0,0,0,0,0,0,無泳池,無圍籬,其他,3500,7,2010,一般保證契約,一般交易,55000,10.915106645867503
707,4,1層樓(1946年後),低密度住宅區,80.0,115149,柏油路,無巷道,中度不規則,低窪,死巷底,陡坡,清溪(ClearCr),正常,正常,獨棟,1層樓,7,5,1971,2002,山形頂,標準瀝青瓦,夾板,夾板,石材,351.0,普通,普通,煤渣磚,良好,普通,採光良好,優良居住空間,1219,未完工,0,424,1643,瓦斯熱風,普通,有,標準斷路器,1824,0,0,1824,1,0,2,0,2,1,良好,5,正常,2,普通,連接主屋,未完工,2,739,普通,普通,鋪面,380,48,0,0,0,0,無泳池,無圍籬,無其他設施,0,6,2007,一般保證契約,一般交易,302000,12.618185607609803
709,4,2層樓(1946年後),低密度住宅區,65.0,9018,柏油路,無巷道,略不規則,平坦,內側地,緩坡,吉爾伯特(Gilbert),正常,正常,獨棟,2層樓,7,5,2007,2007,四坡頂,標準瀝青瓦,乙烯基壁板,乙烯基壁板,無砌面,0.0,良好,普通,澆置混凝土,良好,普通,採光普通,未完工,0,未完工,0,728,728,瓦斯熱風,極佳,有,標準斷路器,728,728,0,1456,0,0,2,1,3,1,良好,8,正常,1,良好,連接主屋,已完工,2,400,普通,普通,鋪面,100,24,0,0,0,0,無泳池,無圍籬,無其他設施,0,7,2007,新屋,預售屋(估價時未完工),179540,12.09815887308463
710,4,1層樓(1946年後),低密度住宅區,70.5,7162,柏油路,無巷道,略不規則,平坦,內側地,緩坡,索耶(Sawyer),正常,正常,獨棟,1層樓,5,7,1966,1966,山形頂,標準瀝青瓦,硬質纖維板,硬質纖維板,一般磚,41.0,普通,普通,澆置混凝土,普通,普通,無採光,未完工,0,未完工,0,876,876,瓦斯熱風,普通,有,標準斷路器,904,0,0,904,0,0,1,0,3,1,普通,6,正常,0,無壁爐,連接主屋,未完工,1,408,普通,普通,鋪面,0,0,0,0,0,0,無泳池,隱私性低,無其他設施,0,12,2008,一般保證契約,異常交易(如法拍),109900,11.60733523953139
711,1,1層樓(1945年前),低密度住宅區,56.0,4130,柏油路,無巷道,略不規則,平坦,內側地,緩坡,布魯克賽德(BrkSide),正常,正常,獨棟,1層樓,3,6,1935,2003,山形頂,標準瀝青瓦,乙烯基壁板,乙烯基壁板,無砌面,0.0,良好,普通,煤渣磚,普通,普通,無採光,未完工,0,未完工,0,270,270,瓦斯熱風,良好,有,標準斷路器,729,0,0,729,0,0,1,0,2,1,普通,5,重大扣分2,0,無壁爐,無車庫,無車庫,0,0,無車庫,無車庫,泥土或碎石,0,0,0,0,0,0,無泳池,無圍籬,無其他設施,0,7,2008,一般保證契約,一般交易,52000,10.859018228147887
713,1,1層樓社區住宅(1946年後),低密度住宅區,40.0,4671,柏油路,無巷道,略不規則,山坡,內側地,緩坡,石橋(StoneBr),正常,正常,連棟邊間,1層樓,8,5,1988,1989,山形頂,標準瀝青瓦,硬質纖維板,硬質纖維板,無砌面,0.0,良好,普通,澆置混凝土,良好,普通,採光少,優良居住空間,767,未完工,0,461,1228,瓦斯熱風,良好,有,標準斷路器,1228,0,0,1228,1,0,2,0,2,1,良好,5,正常,1,良好,連接主屋,已完工,2,472,普通,普通,鋪面,168,120,0,0,0,0,無泳池,無圍籬,無其他設施,0,10,2008,一般保證契約,一般交易,189000,12.149507585033072
714,2,兩戶改建住宅,低密度住宅區,60.0,9873,柏油路,無巷道,規則,平坦,內側地,緩坡,布魯克賽德(BrkSide),緊鄰南北向鐵路,正常,兩戶改建,1層樓,4,5,1970,1970,山形頂,標準瀝青瓦,硬質纖維板,硬質纖維板,面磚,160.0,普通,普通,煤渣磚,普通,普通,採光普通,普通居住空間,789,未完工,0,171,960,瓦斯熱水,普通,無,標準斷路器,960,0,0,960,1,0,1,0,3,1,普通,6,正常,0,無壁爐,獨立車庫,未完工,2,576,普通,普通,鋪面,0,288,0,0,0,0,無泳池,無圍籬,無其他設施,0,5,2006,一般保證契約,一般交易,129000,11.767575435251748
715,3,2層樓(1946年後),低密度住宅區,70.5,13517,柏油路,無巷道,略不規則,平坦,死巷底,緩坡,索耶(Sawyer),緊鄰東西向鐵路,正常,獨棟,2層樓,6,8,1976,2005,山形頂,標準瀝青瓦,硬質纖維板,夾板,面磚,289.0,良好,普通,煤渣磚,普通,普通,無採光,優良居住空間,533,未完工,0,192,725,瓦斯熱風,極佳,有,標準斷路器,725,754,0,1479,0,0,2,1,3,1,良好,6,正常,0,無壁爐,連接主屋,粗略完工,2,475,普通,普通,鋪面,0,44,0,0,0,0,無泳池,無圍籬,無其他設施,0,3,2010,一般保證契約,一般交易,130500,11.779136168550774
716,0,1層樓(1946年後),低密度住宅區,78.0,10140,柏油路,無巷道,規則,平坦,內側地,緩坡,西北艾姆斯(NWAmes),正常,正常,獨棟,1層樓,6,5,1974,1974,四坡頂,標準瀝青瓦,硬質纖維板,硬質纖維板,面磚,174.0,普通,普通,煤渣磚,良好,普通,無採光,未完工,0,未完工,0,1064,1064,瓦斯熱風,普通,有,標準斷路器,1350,0,0,1350,0,0,2,0,3,1,普通,7,正常,1,普通,連接主屋,粗略完工,2,478,普通,普通,鋪面,0,0,0,0,0,0,無泳池,隱私性低,無其他設施,0,8,2009,一般保證契約,一般交易,165000,12.013706813470414
717,4,2層樓(1945年前),中密度住宅區,60.0,10800,柏油路,碎石巷,規則,坡堤,內側地,緩坡,舊城區(OldTown),正常,正常,獨棟,2層樓,7,8,1890,1998,山形頂,標準瀝青瓦,木壁板,乙烯基壁板,無砌面,0.0,普通,良好,磚與瓦,普通,普通,無採光,未完工,0,未完工,0,718,718,瓦斯熱風,極佳,有,標準斷路器,1576,978,0,2554,0,0,1,1,3,1,普通,8,正常,0,無壁爐,獨立車庫,未完工,2,704,普通,普通,部分鋪面,0,48,143,0,0,0,無泳池,無圍籬,無其他設施,0,7,2007,一般保證契約,一般交易,159500,11.979805470779858
718,0,1層樓(1946年後),低密度住宅區,80.0,10000,柏油路,無巷道,規則,平坦,內側地,緩坡,西北艾姆斯(NWAmes),正常,正常,獨棟,1層樓,5,6,1973,2000,山形頂,標準瀝青瓦,硬質纖維板,硬質纖維板,無砌面,0.0,普通,普通,煤渣磚,良好,普通,無採光,低於平均居住空間,1084,未完工,0,92,1176,瓦斯熱風,良好,有,標準斷路器,1178,0,0,1178,0,1,1,1,3,1,良好,5,正常,1,尚可,連接主屋,未完工,2,439,普通,普通,鋪面,224,0,0,0,0,0,無泳池,隱私性低,無其他設施,0,11,2008,一般保證契約,一般交易,157000,11.964007453736912
720,1,1層樓(1946年後),低密度住宅區,69.0,9920,柏油路,無巷道,略不規則,平坦,內側地,緩坡,學院溪(CollgCr),正常,正常,獨棟,1層樓,5,6,1969,1969,山形頂,標準瀝青瓦,硬質纖維板,夾板,無砌面,0.0,普通,普通,煤渣磚,良好,普通,採光良好,普通居住空間,523,未完工,0,448,971,瓦斯熱風,普通,有,標準斷路器,971,0,0,971,0,0,1,1,3,1,普通,5,正常,1,差,連接主屋,未完工,1,300,普通,普通,鋪面,0,0,0,0,0,0,無泳池,無圍籬,無其他設施,0,5,2006,一般保證契約,一般交易,128500,11.763691965388299
722,3,1層樓社區住宅(1946年後),中密度住宅區,70.0,4426,柏油路,無巷道,規則,平坦,內側地,緩坡,學院溪(CollgCr),正常,正常,連棟邊間,1層樓,6,5,2004,2004,山形頂,標準瀝青瓦,乙烯基壁板,乙烯基壁板,面磚,169.0,良好,普通,澆置混凝土,良好,普通,採光普通,優良居住空間,662,未完工,0,186,848,瓦斯熱風,極佳,有,標準斷路器,848,0,0,848,1,0,1,0,1,1,良好,3,正常,0,無壁爐,連接主屋,粗略完工,2,420,普通,普通,鋪面,160,0,0,0,0,0,無泳池,無圍籬,無其他設施,0,5,2010,一般保證契約,一般交易,143000,11.870606902224587
724,1,1.5層樓(已完工),低密度住宅區,60.0,8172,柏油路,無巷道,規則,平坦,內側地,緩坡,愛德華茲(Edwards),正常,正常,獨棟,1.5層(二樓完工),4,6,1954,1972,山形頂,標準瀝青瓦,金屬壁板,金屬壁板,無砌面,0.0,普通,普通,澆置混凝土,普通,普通,無採光,未完工,0,未完工,0,941,941,瓦斯熱風,極佳,有,標準斷路器,997,473,0,1470,0,0,2,0,4,1,普通,7,正常,0,無壁爐,獨立車庫,未完工,1,548,普通,普通,鋪面,0,0,0,0,156,0,無泳池,無圍籬,無其他設施,0,5,2008,一般保證契約,一般交易,135000,11.813037464800539
725,2,1層樓(1946年後),低密度住宅區,86.0,13286,柏油路,無巷道,略不規則,平坦,內側地,緩坡,愛德華茲(Edwards),正常,正常,獨棟,1層樓,9,5,2007,2008,四坡頂,標準瀝青瓦,水泥板,水泥板,石材,340.0,極佳,普通,澆置混凝土,極佳,普通,無採光,優良居住空間,1234,未完工,0,464,1698,瓦斯熱風,極佳,有,標準斷路器,1698,0,0,1698,1,0,2,0,3,1,極佳,8,正常,1,良好,連接主屋,已完工,3,768,普通,普通,鋪面,327,64,0,0,0,0,無泳池,無圍籬,無其他設施,0,2,2009,一般保證契約,一般交易,320000,12.676079399771027
726,4,1層樓(1946年後),低密度住宅區,60.0,6960,柏油路,無巷道,規則,平坦,內側地,緩坡,北艾姆斯(NAmes),正常,正常,獨棟,1層樓,4,6,1970,1970,山形頂,標準瀝青瓦,硬質纖維板,夾板,無砌面,0.0,普通,普通,煤渣磚,普通,普通,無採光,普通居住空間,375,低於平均居住空間,239,250,864,瓦斯熱風,普通,有,標準斷路器,864,0,0,864,0,0,1,0,3,1,良好,5,正常,0,無壁爐,獨立車庫,未完工,2,660,普通,普通,鋪面,96,0,0,0,0,0,無泳池,無圍籬,儲藏棚,500,11,2009,一般保證契約,一般交易,120500,11.699413330633599
727,1,1層樓(1946年後),低密度住宅區,68.0,21695,柏油路,無巷道,略不規則,平坦,角地,緩坡,克勞福德(Crawfor),正常,正常,獨棟,1層樓,6,9,1988,2007,四坡頂,標準瀝青瓦,木壁板,夾板,面磚,260.0,良好,良好,煤渣磚,良好,普通,無採光,優良居住空間,808,未完工,0,72,880,瓦斯熱風,極佳,有,標準斷路器,1680,0,0,1680,1,0,2,0,3,1,良好,5,正常,1,良好,連接主屋,已完工,2,540,普通,普通,鋪面,292,44,0,182,0,0,無泳池,無圍籬,無其他設施,0,12,2009,一般保證契約,一般交易,222000,12.310437165348775
728,3,1層樓(1946年後),低密度住宅區,64.0,7314,柏油路,無巷道,規則,平坦,內側地,緩坡,學院溪(CollgCr),正常,正常,獨棟,1層樓,7,5,2007,2007,山形頂,標準瀝青瓦,乙烯基壁板,乙烯基壁板,石材,82.0,良好,普通,澆置混凝土,良好,普通,採光普通,優良居住空間,724,未完工,0,508,1232,瓦斯熱風,極佳,有,標準斷路器,1232,0,0,1232,1,0,2,0,2,1,良好,6,正常,0,無壁爐,連接主屋,粗略完工,2,632,普通,普通,鋪面,132,0,0,0,0,0,無泳池,無圍籬,無其他設施,0,2,2009,一般保證契約,一般交易,194500,12.178192583415596
729,3,雙拼住宅,低密度住宅區,85.0,11475,柏油路,無巷道,規則,平坦,角地,緩坡,北艾姆斯(NAmes),正常,正常,雙拼,1層樓,5,5,1958,1958,山形頂,標準瀝青瓦,乙烯基壁板,乙烯基壁板,面磚,95.0,普通,普通,煤渣磚,普通,普通,無採光,未完工,0,未完工,0,1584,1584,瓦斯熱風,普通,有,標準斷路器,1776,0,0,1776,1,0,2,0,4,2,普通,9,正常,0,無壁爐,獨立車庫,未完工,3,888,普通,普通,鋪面,0,25,0,0,0,0,無泳池,無圍籬,無其他設施,0,7,2009,法院或遺產拍賣,異常交易(如法拍),110000,11.608244735642321
730,1,1層樓(1945年前),中密度住宅區,52.0,6240,柏油路,碎石巷,規則,平坦,內側地,緩坡,交通部與鐵路區(IDOTRR),正常,正常,獨棟,1.5層(二樓完工),4,5,1925,1950,山形頂,標準瀝青瓦,金屬壁板,金屬壁板,無砌面,0.0,普通,普通,煤渣磚,普通,普通,無採光,低於平均居住空間,152,未完工,0,628,780,瓦斯熱風,普通,有,保險絲(良),848,0,360,1208,0,0,1,0,2,1,普通,5,正常,0,無壁爐,獨立車庫,未完工,2,539,普通,普通,鋪面,0,23,112,0,0,0,無泳池,無圍籬,無其他設施,0,1,2009,一般保證契約,一般交易,103000,11.542493975902508
731,1,1層樓社區住宅(1946年後),低密度住宅區,39.0,5389,柏油路,無巷道,略不規則,平坦,內側地,緩坡,石橋(StoneBr),正常,正常,連棟邊間,1層樓,8,5,1995,1996,山形頂,標準瀝青瓦,水泥板,水泥板,無砌面,0.0,良好,普通,澆置混凝土,良好,普通,無採光,優良居住空間,1180,未完工,0,415,1595,瓦斯熱風,極佳,有,標準斷路器,1616,0,0,1616,1,0,2,0,2,1,良好,5,正常,1,普通,連接主屋,粗略完工,2,608,普通,普通,鋪面,237,152,0,0,0,0,無泳池,無圍籬,無其他設施,0,3,2010,一般保證契約,一般交易,236500,12.373707715234994
732,2,錯層式,低密度住宅區,73.0,9590,柏油路,無巷道,略不規則,平坦,角地,緩坡,林地(Timber),正常,正常,獨棟,錯層,7,5,2003,2003,山形頂,標準瀝青瓦,乙烯基壁板,乙烯基壁板,面磚,442.0,良好,普通,澆置混凝土,極佳,普通,採光普通,優良居住空間,786,未完工,0,82,868,瓦斯熱風,極佳,有,標準斷路器,1146,0,0,1146,1,0,2,0,3,1,良好,6,正常,1,良好,連接主屋,已完工,2,438,普通,普通,鋪面,160,22,0,0,0,0,無泳池,無圍籬,無其他設施,0,5,2007,一般保證契約,一般交易,187500,12.141539457711714
733,2,2層樓(1946年後),低密度住宅區,75.0,11404,柏油路,無巷道,略不規則,平坦,內側地,緩坡,學院溪(CollgCr),正常,正常,獨棟,2層樓,7,5,1998,1999,山形頂,標準瀝青瓦,乙烯基壁板,乙烯基壁板,面磚,202.0,良好,普通,澆置混凝土,良好,普通,採光普通,普通居住空間,252,未完工,0,901,1153,瓦斯熱風,極佳,有,標準斷路器,1153,878,0,2031,0,0,2,1,3,1,良好,8,正常,1,普通,連接主屋,已完工,2,541,普通,普通,鋪面,192,84,0,0,0,0,無泳池,無圍籬,無其他設施,0,7,2008,一般保證契約,一般交易,222500,12.312686874960354
735,0,1層樓(1946年後),低密度住宅區,70.5,8978,柏油路,無巷道,略不規則,平坦,角地,緩坡,索耶(Sawyer),正常,正常,獨棟,1層樓,5,5,1968,1968,山形頂,標準瀝青瓦,夾板,夾板,無砌面,0.0,普通,普通,澆置混凝土,普通,普通,無採光,未完工,0,未完工,0,948,948,瓦斯熱風,普通,有,標準斷路器,948,0,0,948,0,0,1,0,3,1,普通,6,正常,0,無壁爐,連接主屋,未完工,1,300,普通,普通,鋪面,147,0,0,0,0,0,無泳池,無圍籬,無其他設施,0,5,2007,一般保證契約,親友交易,108000,11.58989576532275
736,3,2.5層樓,中密度住宅區,60.0,10800,柏油路,無巷道,規則,平坦,內側地,緩坡,舊城區(OldTown),正常,正常,獨棟,2.5層(三樓未完工),7,7,1914,1970,山形頂,標準瀝青瓦,木壁板,木壁板,無砌面,0.0,普通,普通,磚與瓦,良好,普通,採光少,一般娛樂空間,390,未完工,0,490,880,瓦斯熱水,尚可,無,標準斷路器,880,888,0,1768,0,0,1,1,2,1,普通,6,正常,2,普通,獨立車庫,未完工,2,320,普通,普通,泥土或碎石,0,341,0,0,0,0,無泳池,無圍籬,無其他設施,0,10,2006,一般保證契約,一般交易,163000,12.001511614739405
738,2,2層樓(1946年後),低密度住宅區,72.0,10463,柏油路,無巷道,略不規則,山坡,死巷底,緩坡,吉爾伯特(Gilbert),正常,正常,獨棟,2層樓,8,5,2005,2005,山形頂,標準瀝青瓦,乙烯基壁板,乙烯基壁板,無砌面,0.0,良好,普通,澆置混凝土,良好,普通,無採光,未完工,0,未完工,0,893,893,瓦斯熱風,極佳,有,標準斷路器,901,900,0,1801,0,0,2,1,3,1,良好,8,正常,1,良好,連接主屋,已完工,3,800,普通,普通,鋪面,0,116,0,0,0,0,無泳池,無圍籬,無其他設施,0,6,2006,一般保證契約,一般交易,239900,12.3879816172226
739,1,雙拼住宅,低密度住宅區,60.0,10800,柏油路,無巷道,規則,平坦,內側地,緩坡,愛德華茲(Edwards),正常,正常,雙拼,1層樓,5,5,1987,1988,山形頂,標準瀝青瓦,夾板,夾板,無砌面,0.0,普通,普通,煤渣磚,良好,良好,採光良好,優良居住空間,1200,未完工,0,0,1200,瓦斯熱風,普通,有,標準斷路器,1200,0,0,1200,3,0,3,0,3,1,普通,5,正常,0,無壁爐,無車庫,無車庫,0,0,無車庫,無車庫,鋪面,120,0,0,0,0,0,無泳池,無圍籬,無其他設施,0,3,2009,一般保證契約,兩筆相連物件分配,179000,12.095146671399466
740,0,2層樓(1946年後),低密度住宅區,65.0,9313,柏油路,無巷道,略不規則,平坦,內側地,緩坡,學院溪(CollgCr),正常,正常,獨棟,2層樓,7,5,2004,2004,山形頂,標準瀝青瓦,乙烯基壁板,乙烯基壁板,無砌面,0.0,良好,普通,澆置混凝土,良好,普通,無採光,未完工,0,未完工,0,864,864,瓦斯熱風,極佳,有,標準斷路器,864,864,0,1728,0,0,2,1,3,1,良好,7,正常,0,無壁爐,連接主屋,粗略完工,2,572,普通,普通,鋪面,187,56,0,0,0,0,無泳池,無圍籬,無其他設施,0,4,2009,一般保證契約,一般交易,190000,12.154784614286667
741,0,2層樓(1945年前),中密度住宅區,60.0,9600,柏油路,碎石巷,規則,平坦,內側地,緩坡,舊城區(OldTown),正常,正常,獨棟,2層樓,5,7,1910,2002,山形頂,標準瀝青瓦,木壁板,木瓦,無砌面,0.0,普通,良好,磚與瓦,尚可,尚可,無採光,未完工,0,未完工,0,264,264,瓦斯熱風,極佳,有,標準斷路器,768,664,0,1432,0,0,2,0,2,1,普通,7,正常,0,無壁爐,獨立車庫,未完工,2,360,普通,良好,鋪面,270,0,112,0,0,0,無泳池,隱私性佳,無其他設施,0,5,2007,一般保證契約,異常交易(如法拍),132000,11.790564777297387
742,1,1層樓(1946年後),低密度住宅區,65.0,6768,柏油路,無巷道,略不規則,平坦,內側地,緩坡,索耶(Sawyer),鄰近支線道路,正常,獨棟,1層樓,6,8,1961,1996,四坡頂,標準瀝青瓦,硬質纖維板,硬質纖維板,無砌面,0.0,普通,良好,煤渣磚,普通,普通,採光少,優良居住空間,832,未完工,0,80,912,瓦斯熱風,良好,有,標準斷路器,912,0,0,912,1,1,1,0,3,1,良好,5,正常,0,無壁爐,獨立車庫,未完工,1,288,普通,普通,鋪面,168,0,0,0,0,0,無泳池,隱私性佳,無其他設施,0,5,2008,一般保證契約,一般交易,142000,11.863589378812122
743,4,1層樓(1946年後),低密度住宅區,65.0,8450,柏油路,無巷道,規則,平坦,內側地,緩坡,西索耶(SawyerW),正常,正常,獨棟,1層樓,7,5,2000,2001,山形頂,標準瀝青瓦,乙烯基壁板,乙烯基壁板,面磚,108.0,普通,普通,澆置混凝土,良好,普通,無採光,未完工,0,未完工,0,1349,1349,瓦斯熱風,極佳,有,標準斷路器,1349,0,0,1349,0,0,2,0,3,1,普通,6,正常,0,無壁爐,連接主屋,未完工,2,539,普通,普通,鋪面,120,55,0,0,0,0,無泳池,隱私性佳,無其他設施,0,12,2007,一般保證契約,一般交易,179000,12.095146671399466
744,1,錯層式,低密度住宅區,70.0,12886,柏油路,無巷道,略不規則,平坦,內側地,緩坡,索耶(Sawyer),正常,正常,獨棟,錯層,5,6,1963,1999,山形頂,標準瀝青瓦,硬質纖維板,硬質纖維板,無砌面,0.0,普通,普通,煤渣磚,良好,普通,採光普通,普通居住空間,444,未完工,0,76,520,瓦斯熱風,極佳,有,標準斷路器,1464,0,0,1464,0,1,2,0,3,1,普通,6,輕微扣分2,1,普通,連接主屋,粗略完工,2,480,普通,普通,鋪面,302,0,0,0,100,0,無泳池,無圍籬,無其他設施,0,10,2009,一般保證契約,一般交易,175000,12.07254696717504
746,0,2層樓(1946年後),低密度住宅區,80.0,8963,柏油路,無巷道,略不規則,平坦,內側地,緩坡,西北艾姆斯(NWAmes),正常,正常,獨棟,2層樓,8,9,1976,1996,四坡頂,標準瀝青瓦,乙烯基壁板,乙烯基壁板,面磚,289.0,極佳,良好,煤渣磚,普通,良好,無採光,優良居住空間,575,普通居住空間,80,487,1142,瓦斯熱風,極佳,有,標準斷路器,1175,1540,0,2715,0,1,3,1,4,1,良好,11,正常,2,普通,內建車庫,已完工,2,831,普通,普通,鋪面,0,204,0,0,0,0,無泳池,無圍籬,無其他設施,0,7,2008,一般保證契約,一般交易,299800,12.61087420020211
748,2,2層樓(1945年前),中密度住宅區,65.0,11700,柏油路,柏油巷,略不規則,平坦,角地,緩坡,舊城區(OldTown),正常,正常,獨棟,2層樓,7,7,1880,2003,孟莎式,標準瀝青瓦,灰泥,灰泥,無砌面,0.0,良好,普通,石材,普通,尚可,無採光,未完工,0,未完工,0,1240,1240,瓦斯熱水,普通,無,標準斷路器,1320,1320,0,2640,0,0,1,1,4,1,良好,8,正常,1,良好,獨立車庫,未完工,4,864,普通,普通,泥土或碎石,181,0,386,0,0,0,無泳池,無圍籬,無其他設施,0,5,2009,一般保證契約,一般交易,265979,12.491176396967154
749,0,1層樓(1946年後),低密度住宅區,59.0,10593,柏油路,無巷道,略不規則,平坦,內側地,緩坡,北嶺(NoRidge),正常,正常,獨棟,1層樓,7,5,1996,1996,四坡頂,標準瀝青瓦,乙烯基壁板,乙烯基壁板,面磚,338.0,良好,普通,澆置混凝土,良好,普通,無採光,優良居住空間,919,未完工,0,801,1720,瓦斯熱風,極佳,有,標準斷路器,1720,0,0,1720,1,0,2,0,3,1,良好,7,正常,1,普通,連接主屋,已完工,2,527,普通,普通,鋪面,240,56,154,0,0,0,無泳池,無圍籬,無其他設施,0,3,2010,一般保證契約,一般交易,260400,12.469978029554953
750,1,1.5層樓(已完工),低密度住宅區,50.0,8405,柏油路,無巷道,規則,平坦,內側地,緩坡,愛德華茲(Edwards),正常,正常,獨棟,1.5層(二樓完工),4,3,1945,1950,山形頂,標準瀝青瓦,木瓦,木瓦,無砌面,0.0,普通,普通,板式,無地下室,無地下室,無地下室,無地下室,0,無地下室,0,0,0,壁掛暖爐,普通,無,保險絲(普通),1088,441,0,1529,0,0,2,0,4,1,普通,9,中度扣分,0,無壁爐,獨立車庫,未完工,1,240,普通,普通,泥土或碎石,92,0,185,0,0,0,無泳池,無圍籬,無其他設施,0,4,2009,一般保證契約,一般交易,98000,11.49273296168228
751,2,1.5層樓(已完工),中密度住宅區,55.0,8800,柏油路,碎石巷,規則,平坦,角地,緩坡,舊城區(OldTown),正常,正常,獨棟,1.5層(二樓完工),4,7,1910,2004,山形頂,標準瀝青瓦,木壁板,木壁板,無砌面,0.0,普通,普通,磚與瓦,普通,尚可,無採光,未完工,0,未完工,0,576,576,瓦斯熱風,良好,有,標準斷路器,792,348,0,1140,0,0,1,0,3,1,普通,7,輕微扣分2,0,無壁爐,無車庫,無車庫,0,0,無車庫,無車庫,泥土或碎石,0,160,0,0,0,0,無泳池,無圍籬,無其他設施,0,6,2010,一般保證契約,一般交易,96500,11.477308649967686
752,0,2層樓(1946年後),低密度住宅區,65.0,7750,柏油路,無巷道,規則,平坦,內側地,緩坡,吉爾伯特(Gilbert),緊鄰南北向鐵路,正常,獨棟,2層樓,7,5,2003,2003,山形頂,標準瀝青瓦,乙烯基壁板,乙烯基壁板,無砌面,0.0,良好,普通,澆置混凝土,良好,普通,無採光,未完工,0,未完工,0,660,660,瓦斯熱風,極佳,有,標準斷路器,660,660,0,1320,0,0,2,1,3,1,良好,6,正常,0,無壁爐,連接主屋,已完工,2,400,普通,普通,鋪面,0,48,0,0,0,0,無泳池,無圍籬,無其他設施,0,8,2007,一般保證契約,一般交易,162000,11.995357787034976
753,4,1層樓(1946年後),低密度住宅區,79.0,9236,柏油路,無巷道,略不規則,平坦,內側地,緩坡,學院溪(CollgCr),正常,正常,獨棟,1層樓,6,5,1997,1997,山形頂,標準瀝青瓦,乙烯基壁板,乙烯基壁板,無砌面,0.0,普通,良好,澆置混凝土,良好,普通,採光良好,優良居住空間,1200,未完工,0,279,1479,瓦斯熱風,極佳,有,標準斷路器,1494,0,0,1494,1,0,2,0,3,1,良好,6,正常,0,無壁爐,連接主屋,粗略完工,2,576,普通,普通,鋪面,168,27,0,0,0,0,無泳池,無圍籬,無其他設施,0,7,2006,一般保證契約,一般交易,217000,12.28765724080691
754,2,2層樓(1946年後),低密度住宅區,80.0,10240,柏油路,無巷道,規則,平坦,內側地,緩坡,北嶺高地(NridgHt),正常,正常,獨棟,2層樓,8,5,2005,2005,山形頂,標準瀝青瓦,乙烯基壁板,乙烯基壁板,面磚,178.0,良好,普通,澆置混凝土,良好,普通,採光少,未完工,0,未完工,0,1030,1030,瓦斯熱風,良好,有,標準斷路器,1038,1060,0,2098,0,0,2,1,3,1,極佳,8,正常,1,良好,連接主屋,粗略完工,3,878,普通,普通,鋪面,192,52,0,0,0,0,無泳池,無圍籬,無其他設施,0,3,2006,一般保證契約,一般交易,275500,12.526346537332584
757,1,2層樓(1946年後),低密度住宅區,68.0,10769,柏油路,無巷道,略不規則,平坦,內側地,緩坡,學院溪(CollgCr),正常,正常,獨棟,2層樓,8,5,2007,2007,山形頂,標準瀝青瓦,乙烯基壁板,乙烯基壁板,無砌面,0.0,良好,普通,澆置混凝土,良好,普通,採光普通,優良居住空間,20,未完工,0,846,866,瓦斯熱風,極佳,有,標準斷路器,866,902,0,1768,0,0,2,1,3,1,良好,7,正常,0,無壁爐,連接主屋,粗略完工,2,578,普通,普通,鋪面,144,105,0,0,0,0,無泳池,無圍籬,無其他設施,0,4,2009,一般保證契約,一般交易,212000,12.264346270624157
758,3,2層樓(1946年後),低密度住宅區,70.5,11616,柏油路,無巷道,略不規則,平坦,死巷底,緩坡,索耶(Sawyer),正常,正常,獨棟,2層樓,6,5,1978,1978,四坡頂,標準瀝青瓦,硬質纖維板,硬質纖維板,一般磚,328.0,普通,普通,煤渣磚,普通,普通,採光少,一般娛樂空間,438,未完工,0,234,672,瓦斯熱風,普通,有,標準斷路器,672,714,0,1386,0,0,2,1,3,1,普通,6,正常,1,普通,連接主屋,已完工,2,440,普通,普通,鋪面,335,0,0,0,0,0,無泳池,隱私性佳,無其他設施,0,4,2010,一般保證契約,異常交易(如法拍),158900,11.97603664577121
759,2,2層樓社區住宅(1946年後),浮動村住宅區,24.0,2280,柏油路,柏油巷,規則,平坦,內側地,緩坡,薩默塞特(Somerst),正常,正常,連棟中間,2層樓,7,5,1999,1999,山形頂,標準瀝青瓦,金屬壁板,金屬壁板,面磚,360.0,普通,普通,澆置混凝土,良好,普通,無採光,普通居住空間,549,未完工,0,195,744,瓦斯熱風,良好,有,標準斷路器,757,744,0,1501,0,0,2,1,3,1,普通,6,正常,0,無壁爐,獨立車庫,未完工,2,440,普通,普通,鋪面,0,0,0,0,0,0,無泳池,無圍籬,無其他設施,0,8,2008,一般保證契約,一般交易,179400,12.097378802727306
760,0,2層樓(1946年後),低密度住宅區,65.0,12257,柏油路,無巷道,略不規則,平坦,內側地,緩坡,北嶺(NoRidge),正常,正常,獨棟,2層樓,8,5,1995,1995,山形頂,標準瀝青瓦,乙烯基壁板,乙烯基壁板,面磚,513.0,良好,普通,澆置混凝土,良好,普通,採光普通,低品質空間,56,普通居住空間,64,1198,1318,瓦斯熱風,極佳,有,標準斷路器,1328,1203,0,2531,0,0,2,1,4,1,良好,9,正常,1,普通,連接主屋,粗略完工,3,752,普通,普通,鋪面,222,98,0,0,0,0,無泳池,無圍籬,無其他設施,0,11,2007,一般保證契約,一般交易,290000,12.577639650232573
761,3,1層樓(1946年後),低密度住宅區,70.0,9100,柏油路,無巷道,規則,平坦,內側地,緩坡,北艾姆斯(NAmes),正常,正常,獨棟,1層樓,6,6,1959,1959,四坡頂,標準瀝青瓦,木壁板,木壁板,無砌面,0.0,普通,普通,煤渣磚,普通,普通,無採光,一般娛樂空間,612,未完工,0,252,864,瓦斯熱風,極佳,有,標準斷路器,864,0,0,864,0,0,1,0,2,1,普通,5,正常,0,無壁爐,獨立車庫,未完工,1,300,極佳,極佳,鋪面,0,0,0,0,0,0,無泳池,無圍籬,儲藏棚,450,10,2009,一般保證契約,一般交易,127500,11.755879486687116
762,2,1層樓(1945年前),中密度住宅區,60.0,6911,柏油路,無巷道,規則,平坦,兩面臨路,緩坡,布魯克賽德(BrkSide),鄰近支線道路,正常,獨棟,1層樓,5,5,1924,1950,山形頂,標準瀝青瓦,木壁板,木壁板,無砌面,0.0,普通,普通,澆置混凝土,普通,普通,採光少,低品質空間,405,未完工,0,740,1145,瓦斯熱風,普通,有,標準斷路器,1301,0,0,1301,0,0,1,0,2,1,尚可,5,輕微扣分1,0,無壁爐,獨立車庫,未完工,2,440,普通,普通,鋪面,0,0,0,0,0,0,無泳池,無圍籬,無其他設施,0,10,2009,一般保證契約,一般交易,100000,11.51293546492023
763,4,2層樓(1946年後),浮動村住宅區,72.0,8640,柏油路,無巷道,規則,平坦,內側地,緩坡,薩默塞特(Somerst),正常,正常,獨棟,2層樓,7,5,2009,2009,山形頂,標準瀝青瓦,乙烯基壁板,乙烯基壁板,無砌面,0.0,普通,普通,澆置混凝土,良好,普通,採光少,優良居住空間,24,未完工,0,732,756,瓦斯熱風,極佳,有,標準斷路器,764,783,0,1547,0,0,2,1,3,1,良好,7,正常,0,無壁爐,連接主屋,未完工,2,614,普通,普通,鋪面,169,45,0,0,0,0,無泳池,無圍籬,無其他設施,0,6,2010,一般分期合約,一般交易,215200,12.279327754099118
764,4,2層樓(1946年後),低密度住宅區,82.0,9430,柏油路,無巷道,規則,平坦,內側地,緩坡,北嶺(NoRidge),正常,正常,獨棟,2層樓,8,5,1999,1999,山形頂,標準瀝青瓦,乙烯基壁板,乙烯基壁板,面磚,673.0,良好,普通,澆置混凝土,良好,普通,採光少,優良居住空間,1163,未完工,0,89,1252,瓦斯熱風,極佳,有,標準斷路器,1268,1097,0,2365,1,0,2,1,3,1,良好,8,正常,1,良好,連接主屋,粗略完工,3,856,普通,普通,鋪面,0,128,0,0,180,0,無泳池,無圍籬,無其他設施,0,7,2009,一般保證契約,一般交易,337000,12.727841176689147
765,4,1層樓社區住宅(1946年後),低密度住宅區,30.0,9549,柏油路,無巷道,略不規則,平坦,死巷底,緩坡,文克(Veenker),正常,正常,連棟邊間,1層樓,8,5,1995,1996,四坡頂,標準瀝青瓦,面磚,面磚,無砌面,0.0,良好,良好,澆置混凝土,良好,良好,採光普通,低品質空間,437,優良居住空間,1057,0,1494,瓦斯熱風,極佳,有,標準斷路器,1494,0,0,1494,1,0,1,1,2,1,極佳,6,正常,1,良好,連接主屋,已完工,2,481,普通,普通,鋪面,0,30,0,0,216,0,無泳池,無圍籬,無其他設施,0,4,2006,一般保證契約,一般交易,270000,12.506180941677357
767,3,2層樓(1946年後),低密度住宅區,80.0,10421,柏油路,無巷道,規則,平坦,內側地,緩坡,西北艾姆斯(NWAmes),正常,正常,獨棟,2層樓,7,5,1988,1988,山形頂,標準瀝青瓦,硬質纖維板,硬質纖維板,面磚,42.0,普通,普通,煤渣磚,良好,普通,無採光,優良居住空間,394,未完工,0,586,980,瓦斯熱風,普通,有,標準斷路器,980,734,0,1714,0,0,2,1,3,1,普通,7,正常,1,普通,連接主屋,未完工,2,496,普通,普通,鋪面,228,66,156,0,0,0,無泳池,隱私性低,儲藏棚,500,3,2010,一般保證契約,一般交易,196500,12.188422799337028
768,4,1.5層樓(已完工),低密度住宅區,75.0,12508,柏油路,無巷道,略不規則,平坦,內側地,緩坡,米切爾(Mitchel),正常,正常,獨棟,1.5層(二樓完工),6,7,1940,1985,山形頂,標準瀝青瓦,乙烯基壁板,乙烯基壁板,無砌面,0.0,普通,普通,煤渣磚,良好,普通,採光少,普通居住空間,660,未完工,0,323,983,瓦斯熱風,極佳,有,標準斷路器,983,767,0,1750,1,0,2,0,4,1,普通,7,中度扣分,0,無壁爐,連接主屋,未完工,1,423,普通,普通,鋪面,245,0,156,0,0,0,無泳池,無圍籬,儲藏棚,1300,7,2008,一般保證契約,一般交易,160000,11.982935344196433
769,1,1層樓(1946年後),低密度住宅區,70.0,9100,柏油路,無巷道,規則,平坦,內側地,緩坡,學院溪(CollgCr),正常,正常,獨棟,1層樓,7,5,2004,2005,四坡頂,標準瀝青瓦,乙烯基壁板,乙烯基壁板,無砌面,0.0,良好,普通,澆置混凝土,良好,普通,無採光,優良居住空間,24,未完工,0,1836,1860,瓦斯熱風,極佳,有,標準斷路器,1836,0,0,1836,0,0,2,0,3,1,良好,8,正常,1,良好,連接主屋,已完工,2,484,普通,普通,鋪面,120,33,0,0,0,0,無泳池,無圍籬,無其他設施,0,10,2006,一般保證契約,一般交易,216837,12.28690580994122
770,0,2層樓(1946年後),低密度住宅區,47.0,53504,柏油路,無巷道,中度不規則,山坡,死巷底,中坡,石橋(StoneBr),正常,正常,獨棟,2層樓,8,5,2003,2003,四坡頂,標準瀝青瓦,水泥板,木瓦,面磚,603.0,極佳,普通,澆置混凝土,良好,普通,採光良好,普通居住空間,1416,未完工,0,234,1650,瓦斯熱風,極佳,有,標準斷路器,1690,1589,0,3279,1,0,3,1,4,1,極佳,12,中度扣分,1,良好,內建車庫,已完工,3,841,普通,普通,鋪面,503,36,0,0,210,0,無泳池,無圍籬,無其他設施,0,6,2010,一般保證契約,一般交易,538000,13.195615697878253
771,1,錯層玄關式,低密度住宅區,70.5,7252,柏油路,無巷道,略不規則,平坦,死巷底,緩坡,索耶(Sawyer),正常,正常,獨棟,錯層玄關,5,5,1982,1982,四坡頂,標準瀝青瓦,木壁板,木壁板,無砌面,0.0,普通,普通,煤渣磚,良好,普通,採光普通,優良居住空間,685,未完工,0,173,858,瓦斯熱風,普通,有,標準斷路器,858,0,0,858,1,0,1,0,2,1,普通,5,正常,0,無壁爐,獨立車庫,未完工,2,576,普通,普通,鋪面,120,0,0,0,0,0,無泳池,無圍籬,無其他設施,0,4,2009,一般保證契約,一般交易,134900,11.812296455066814
772,2,1層樓(1946年後),低密度住宅區,67.0,8877,柏油路,無巷道,規則,平坦,內側地,緩坡,愛德華茲(Edwards),正常,正常,獨棟,1層樓,4,5,1951,1951,山形頂,標準瀝青瓦,木壁板,木壁板,無砌面,0.0,普通,普通,煤渣磚,尚可,尚可,無採光,低品質空間,836,未完工,0,0,836,瓦斯熱風,普通,有,保險絲(普通),1220,0,0,1220,0,0,1,0,2,1,普通,6,正常,0,無壁爐,獨立車庫,未完工,2,396,普通,普通,鋪面,0,0,0,0,0,0,無泳池,無圍籬,無其他設施,0,4,2006,法院或遺產拍賣,一般交易,102000,11.532737896139919
774,1,1層樓(1946年後),低密度住宅區,70.0,10150,柏油路,無巷道,規則,平坦,內側地,緩坡,北艾姆斯(NAmes),鄰近支線道路,正常,獨棟,1層樓,5,5,1958,1958,山形頂,標準瀝青瓦,木壁板,木壁板,無砌面,1.0,普通,普通,煤渣磚,普通,普通,無採光,一般娛樂空間,456,未完工,0,456,912,瓦斯熱風,極佳,有,保險絲(良),912,0,0,912,0,0,1,0,2,1,普通,5,正常,0,無壁爐,連接主屋,粗略完工,1,275,普通,普通,鋪面,0,0,0,0,0,0,無泳池,無圍籬,無其他設施,0,7,2007,法院或遺產拍賣,一般交易,114500,11.648338835562747
776,0,1層樓社區住宅(1946年後),中密度住宅區,32.0,4500,柏油路,無巷道,規則,平坦,兩面臨路,緩坡,米切爾(Mitchel),正常,正常,連棟邊間,1層樓,6,5,1998,1998,四坡頂,標準瀝青瓦,乙烯基壁板,乙烯基壁板,面磚,320.0,普通,普通,澆置混凝土,極佳,普通,無採光,優良居住空間,866,未完工,0,338,1204,瓦斯熱風,極佳,有,標準斷路器,1204,0,0,1204,1,0,2,0,2,1,普通,5,正常,0,無壁爐,連接主屋,已完工,2,412,普通,普通,鋪面,0,247,0,0,0,0,無泳池,無圍籬,無其他設施,0,6,2009,一般保證契約,一般交易,162000,11.995357787034976
777,3,1層樓(1946年後),低密度住宅區,86.0,11210,柏油路,無巷道,略不規則,平坦,內側地,緩坡,學院溪(CollgCr),正常,正常,獨棟,1層樓,7,5,2005,2006,山形頂,標準瀝青瓦,乙烯基壁板,乙烯基壁板,面磚,240.0,良好,普通,澆置混凝土,良好,普通,採光普通,優良居住空間,20,未完工,0,1594,1614,瓦斯熱風,極佳,有,標準斷路器,1614,0,0,1614,0,0,2,0,3,1,良好,7,正常,0,無壁爐,連接主屋,粗略完工,3,865,普通,普通,鋪面,144,59,0,0,0,0,無泳池,無圍籬,無其他設施,0,7,2006,新屋,預售屋(估價時未完工),221500,12.308182383129823
779,1,雙拼住宅,高密度住宅區,60.0,8400,柏油路,無巷道,規則,平坦,內側地,緩坡,西索耶(SawyerW),鄰近支線道路,正常,雙拼,1層樓,5,5,1977,1977,山形頂,標準瀝青瓦,夾板,夾板,面磚,320.0,普通,普通,板式,無地下室,無地下室,無地下室,無地下室,0,無地下室,0,0,0,瓦斯熱風,普通,有,標準斷路器,2020,0,0,2020,0,0,2,0,4,2,普通,10,正常,2,普通,獨立車庫,未完工,2,630,普通,普通,鋪面,0,0,0,0,0,0,無泳池,無圍籬,無其他設施,0,10,2007,一般保證契約,一般交易,144000,11.87757552297847
780,2,雙拼住宅,低密度住宅區,78.0,10530,柏油路,無巷道,規則,平坦,內側地,緩坡,米切爾(Mitchel),正常,正常,雙拼,錯層玄關,6,5,1977,1977,山形頂,標準瀝青瓦,夾板,仿灰泥,面磚,90.0,普通,普通,煤渣磚,良好,普通,採光良好,優良居住空間,975,未完工,0,0,975,瓦斯熱風,普通,有,標準斷路器,1004,0,0,1004,1,0,1,0,2,1,普通,4,正常,0,無壁爐,連接主屋,未完工,2,504,普通,普通,鋪面,0,0,0,0,0,0,無泳池,無圍籬,無其他設施,0,5,2006,一般保證契約,一般交易,135000,11.813037464800539
781,1,1層樓(1946年後),低密度住宅區,63.0,7875,柏油路,無巷道,規則,平坦,內側地,緩坡,吉爾伯特(Gilbert),正常,正常,獨棟,1層樓,7,5,1995,1996,山形頂,標準瀝青瓦,硬質纖維板,硬質纖維板,面磚,38.0,普通,普通,澆置混凝土,良好,良好,無採光,未完工,0,未完工,0,1237,1237,瓦斯熱風,良好,有,標準斷路器,1253,0,0,1253,0,0,2,0,3,1,普通,6,正常,1,普通,連接主屋,已完工,2,402,普通,普通,鋪面,220,21,0,0,0,0,無泳池,無圍籬,無其他設施,0,6,2007,一般保證契約,一般交易,176000,12.07824495582233
784,4,錯層玄關式,低密度住宅區,71.0,9101,柏油路,無巷道,略不規則,平坦,角地,緩坡,米切爾(Mitchel),正常,正常,獨棟,錯層玄關,5,6,1978,1978,山形頂,標準瀝青瓦,夾板,夾板,面磚,104.0,普通,良好,澆置混凝土,良好,普通,採光普通,優良居住空間,1097,未完工,0,0,1097,瓦斯熱風,極佳,有,標準斷路器,1110,0,0,1110,1,0,1,0,1,1,良好,4,正常,1,普通,連接主屋,已完工,2,602,普通,普通,鋪面,303,30,0,0,0,0,無泳池,無圍籬,無其他設施,0,7,2009,一般保證契約,一般交易,165500,12.016732516077072
785,3,2.5層樓,中密度住宅區,35.0,6300,柏油路,碎石巷,規則,平坦,內側地,緩坡,舊城區(OldTown),正常,正常,獨棟,2.5層(三樓未完工),6,6,1914,2001,山形頂,標準瀝青瓦,木壁板,木瓦,無砌面,0.0,普通,普通,煤渣磚,普通,普通,無採光,未完工,0,未完工,0,742,742,瓦斯熱風,極佳,有,標準斷路器,742,742,0,1484,0,0,2,0,3,1,普通,9,正常,1,良好,無車庫,無車庫,0,0,無車庫,無車庫,鋪面,0,291,134,0,0,0,無泳池,無圍籬,無其他設施,0,6,2008,一般保證契約,一般交易,128000,11.759793355371237
786,3,1層樓(1946年後),低密度住宅區,80.0,9790,柏油路,無巷道,規則,平坦,內側地,緩坡,西北艾姆斯(NWAmes),鄰近支線道路,正常,獨棟,1層樓,6,5,1967,1967,山形頂,標準瀝青瓦,面磚,木壁板,無砌面,0.0,普通,普通,煤渣磚,普通,普通,無採光,一般娛樂空間,251,低品質空間,630,491,1372,瓦斯熱風,普通,有,標準斷路器,1342,0,0,1342,0,0,2,0,3,1,普通,7,正常,1,良好,連接主屋,未完工,2,457,普通,普通,鋪面,0,0,0,0,197,0,無泳池,無圍籬,無其他設施,0,9,2009,一般保證契約,一般交易,161500,11.992266613576142
787,2,1.5層樓(已完工),中密度住宅區,60.0,10800,柏油路,無巷道,規則,平坦,內側地,緩坡,舊城區(OldTown),鄰近主幹道,正常,獨棟,1.5層(二樓完工),5,6,1915,1950,山形頂,標準瀝青瓦,金屬壁板,金屬壁板,無砌面,0.0,普通,良好,澆置混凝土,尚可,普通,無採光,低品質空間,686,未完工,0,0,686,瓦斯熱風,普通,有,標準斷路器,966,686,0,1652,1,0,2,0,4,1,普通,7,正常,0,無壁爐,獨立車庫,未完工,1,416,普通,普通,鋪面,0,0,196,0,0,0,無泳池,無圍籬,儲藏棚,1200,6,2010,一般保證契約,一般交易,139000,11.842236406331555
788,4,2層樓(1946年後),低密度住宅區,76.0,10142,柏油路,無巷道,略不規則,平坦,內側地,緩坡,西索耶(SawyerW),正常,正常,獨棟,2層樓,7,5,2004,2004,山形頂,標準瀝青瓦,乙烯基壁板,乙烯基壁板,無砌面,0.0,良好,普通,澆置混凝土,良好,普通,無採光,優良居住空間,656,未完工,0,300,956,瓦斯熱風,極佳,有,標準斷路器,956,1128,0,2084,1,0,2,1,4,1,良好,8,正常,0,無壁爐,內建車庫,粗略完工,2,618,普通,普通,鋪面,0,45,0,0,0,0,無泳池,無圍籬,無其他設施,0,1,2010,一般保證契約,一般交易,233000,12.358798024384122
790,1,2層樓(1946年後),低密度住宅區,80.0,12205,柏油路,無巷道,略不規則,低窪,內側地,緩坡,清溪(ClearCr),正常,正常,獨棟,2層樓,6,8,1966,2007,山形頂,標準瀝青瓦,硬質纖維板,硬質纖維板,面磚,157.0,普通,普通,煤渣磚,普通,尚可,採光良好,低品質空間,568,未完工,0,264,832,瓦斯熱風,良好,有,標準斷路器,976,1111,0,2087,0,0,2,1,5,1,良好,9,正常,0,無壁爐,連接主屋,已完工,2,444,普通,普通,鋪面,133,168,0,0,0,0,無泳池,無圍籬,無其他設施,0,7,2007,一般保證契約,一般交易,187500,12.141539457711714
791,0,1層樓社區住宅(1946年後),低密度住宅區,43.0,3182,柏油路,無巷道,規則,平坦,內側地,緩坡,布魯明頓高地(Blmngtn),正常,正常,連棟邊間,1層樓,7,5,2005,2006,山形頂,標準瀝青瓦,乙烯基壁板,乙烯基壁板,面磚,11.0,良好,普通,澆置混凝土,良好,普通,無採光,優良居住空間,16,未完工,0,1129,1145,瓦斯熱風,極佳,有,標準斷路器,1145,0,0,1145,0,0,2,0,2,1,良好,5,正常,1,良好,連接主屋,已完工,2,397,普通,普通,鋪面,100,16,0,0,0,0,無泳池,無圍籬,無其他設施,0,9,2009,一般保證契約,一般交易,160200,11.984184555794167
792,0,錯層式,低密度住宅區,71.0,11333,柏油路,無巷道,略不規則,平坦,角地,緩坡,米切爾(Mitchel),正常,正常,獨棟,錯層,6,5,1976,1976,山形頂,標準瀝青瓦,硬質纖維板,硬質纖維板,無砌面,0.0,普通,普通,澆置混凝土,良好,普通,採光普通,普通居住空間,539,未完工,0,490,1029,瓦斯熱風,普通,有,標準斷路器,1062,0,0,1062,1,0,1,0,3,1,普通,5,正常,2,普通,連接主屋,粗略完工,2,539,普通,普通,鋪面,120,0,0,0,0,0,無泳池,無圍籬,無其他設施,0,5,2007,一般保證契約,一般交易,146800,11.896833207128452
793,2,2層樓(1946年後),低密度住宅區,92.0,9920,柏油路,無巷道,略不規則,平坦,死巷底,緩坡,北嶺(NoRidge),正常,正常,獨棟,2層樓,7,5,1996,1997,山形頂,標準瀝青瓦,金屬壁板,金屬壁板,無砌面,0.0,良好,普通,澆置混凝土,良好,普通,採光普通,優良居住空間,862,未完工,0,255,1117,瓦斯熱風,極佳,有,標準斷路器,1127,886,0,2013,1,0,2,1,3,1,普通,8,正常,1,普通,連接主屋,未完工,2,455,普通,普通,鋪面,180,130,0,0,0,0,無泳池,無圍籬,無其他設施,0,6,2007,一般保證契約,一般交易,269790,12.505402864156405
794,4,1層樓(1946年後),低密度住宅區,76.0,9158,柏油路,無巷道,規則,平坦,內側地,緩坡,薩默塞特(Somerst),正常,正常,獨棟,1層樓,8,5,2007,2007,山形頂,標準瀝青瓦,水泥板,水泥板,石材,140.0,良好,普通,澆置混凝土,良好,普通,採光普通,未完工,0,未完工,0,1496,1496,瓦斯熱風,極佳,有,標準斷路器,1496,0,0,1496,0,0,2,0,3,1,良好,7,正常,0,無壁爐,連接主屋,已完工,2,474,普通,普通,鋪面,168,130,0,0,0,0,無泳池,無圍籬,無其他設施,0,6,2007,新屋,預售屋(估價時未完工),225000,12.323860125621126
795,3,2層樓(1946年後),低密度住宅區,65.0,10832,柏油路,無巷道,略不規則,平坦,角地,緩坡,吉爾伯特(Gilbert),正常,正常,獨棟,2層樓,7,5,1994,1996,山形頂,標準瀝青瓦,金屬壁板,金屬壁板,無砌面,0.0,良好,普通,澆置混凝土,良好,普通,無採光,未完工,0,未完工,0,712,712,瓦斯熱風,極佳,有,標準斷路器,1086,809,0,1895,0,0,2,1,3,1,良好,7,正常,1,普通,連接主屋,已完工,2,409,普通,普通,鋪面,143,46,0,0,0,0,無泳池,無圍籬,儲藏棚,500,10,2008,一般保證契約,一般交易,194500,12.178192583415596
796,1,2層樓(1946年後),低密度住宅區,70.0,8400,柏油路,無巷道,規則,平坦,內側地,緩坡,西索耶(SawyerW),正常,正常,獨棟,2層樓,6,6,1980,1981,山形頂,標準瀝青瓦,硬質纖維板,硬質纖維板,面磚,130.0,普通,普通,煤渣磚,良好,普通,無採光,未完工,0,未完工,0,650,650,瓦斯熱風,普通,有,標準斷路器,888,676,0,1564,0,0,2,1,3,1,普通,7,正常,1,普通,連接主屋,未完工,2,476,普通,普通,鋪面,0,50,0,0,204,0,無泳池,隱私性低,無其他設施,0,4,2010,一般保證契約,一般交易,171000,12.049424683420915
798,3,1層樓(1946年後),低密度住宅區,57.0,7677,柏油路,無巷道,規則,平坦,內側地,緩坡,北艾姆斯(NAmes),正常,正常,獨棟,1層樓,5,5,1953,1953,山形頂,標準瀝青瓦,乙烯基壁板,乙烯基壁板,無砌面,0.0,普通,普通,煤渣磚,普通,普通,無採光,低於平均居住空間,570,未完工,0,203,773,瓦斯熱風,良好,有,標準斷路器,773,0,0,773,0,0,1,0,2,1,普通,4,正常,0,無壁爐,連接主屋,未完工,1,240,普通,普通,鋪面,0,0,0,0,0,0,無泳池,無圍籬,無其他設施,0,4,2008,一般保證契約,異常交易(如法拍),110000,11.608244735642321
799,0,2層樓(1946年後),低密度住宅區,104.0,13518,柏油路,無巷道,規則,平坦,內側地,緩坡,北嶺高地(NridgHt),正常,正常,獨棟,2層樓,9,5,2008,2009,四坡頂,標準瀝青瓦,乙烯基壁板,乙烯基壁板,石材,860.0,極佳,普通,澆置混凝土,極佳,普通,無採光,未完工,0,未完工,0,1926,1926,瓦斯熱風,極佳,有,標準斷路器,1966,1174,0,3140,0,0,3,1,4,1,極佳,11,正常,2,良好,內建車庫,已完工,3,820,普通,普通,鋪面,144,78,0,0,0,0,無泳池,無圍籬,無其他設施,0,7,2009,新屋,預售屋(估價時未完工),485000,13.091906231773164
800,4,1.5層樓(已完工),低密度住宅區,60.0,7200,柏油路,無巷道,規則,平坦,角地,緩坡,州立大學西南(SWISU),鄰近支線道路,正常,獨棟,1.5層(二樓完工),5,7,1937,1950,山形頂,標準瀝青瓦,木壁板,木壁板,面磚,252.0,普通,普通,磚與瓦,良好,普通,無採光,普通居住空間,569,未完工,0,162,731,瓦斯熱風,極佳,有,標準斷路器,981,787,0,1768,1,0,1,1,3,1,良好,7,正常,2,普通,獨立車庫,未完工,1,240,普通,普通,鋪面,0,0,264,0,0,0,無泳池,隱私性低,無其他設施,0,6,2007,一般保證契約,一般交易,175000,12.07254696717504
801,3,2層樓(1946年後),低密度住宅區,79.0,12798,柏油路,無巷道,略不規則,山坡,內側地,中坡,清溪(ClearCr),鄰近支線道路,正常,獨棟,2層樓,6,5,1997,1997,山形頂,標準瀝青瓦,乙烯基壁板,乙烯基壁板,無砌面,0.0,普通,普通,澆置混凝土,良好,普通,採光良好,優良居住空間,462,未完工,0,154,616,瓦斯熱風,良好,有,標準斷路器,616,1072,0,1688,1,0,2,1,4,1,良好,8,正常,0,無壁爐,連接主屋,粗略完工,2,603,普通,普通,鋪面,403,114,185,0,0,0,無泳池,無圍籬,儲藏棚,400,5,2008,一般保證契約,一般交易,200000,12.206077645517674
802,4,1層樓(1945年前),中密度住宅區,40.0,4800,柏油路,無巷道,規則,平坦,內側地,緩坡,交通部與鐵路區(IDOTRR),正常,正常,獨棟,1層樓,4,7,1916,1990,山形頂,標準瀝青瓦,金屬壁板,金屬壁板,無砌面,0.0,普通,普通,煤渣磚,普通,普通,無採光,低品質空間,197,未完工,0,999,1196,瓦斯熱風,極佳,有,保險絲(良),1196,0,0,1196,1,0,1,0,2,1,普通,5,正常,0,無壁爐,獨立車庫,未完工,2,440,普通,普通,鋪面,0,0,0,0,0,0,無泳池,無圍籬,無其他設施,0,7,2007,一般保證契約,一般交易,109900,11.60733523953139
804,4,2層樓(1946年後),低密度住宅區,107.0,13891,柏油路,無巷道,規則,平坦,內側地,緩坡,北嶺高地(NridgHt),正常,正常,獨棟,2層樓,9,5,2008,2009,四坡頂,標準瀝青瓦,乙烯基壁板,乙烯基壁板,石材,424.0,極佳,普通,澆置混凝土,極佳,普通,採光良好,未完工,0,未完工,0,1734,1734,瓦斯熱風,極佳,有,標準斷路器,1734,1088,0,2822,0,0,3,1,4,1,極佳,12,正常,1,良好,內建車庫,粗略完工,3,1020,普通,普通,鋪面,52,170,0,0,192,0,無泳池,無圍籬,無其他設施,0,1,2009,新屋,預售屋(估價時未完工),582933,13.275829251377
805,4,1層樓(1946年後),低密度住宅區,75.0,9000,柏油路,無巷道,規則,平坦,內側地,緩坡,北艾姆斯(NAmes),正常,正常,獨棟,1層樓,5,5,1954,1954,山形頂,標準瀝青瓦,木壁板,木壁板,無砌面,0.0,普通,普通,煤渣磚,普通,普通,無採光,低品質空間,812,未完工,0,124,936,瓦斯熱風,普通,有,標準斷路器,1128,0,0,1128,0,0,1,0,2,1,普通,5,輕微扣分1,0,無壁爐,連接主屋,未完工,1,286,普通,普通,鋪面,0,0,0,0,0,0,無泳池,木圍籬佳,無其他設施,0,6,2006,一般保證契約,親友交易,118000,11.678448377988165
806,4,1層樓(1946年後),低密度住宅區,91.0,12274,柏油路,無巷道,略不規則,平坦,兩面臨路,緩坡,薩默塞特(Somerst),正常,正常,獨棟,1層樓,7,5,2008,2008,山形頂,標準瀝青瓦,乙烯基壁板,乙烯基壁板,石材,256.0,良好,普通,澆置混凝土,良好,普通,無採光,未完工,0,未完工,0,1417,1417,瓦斯熱風,極佳,有,標準斷路器,1428,0,0,1428,0,0,2,0,3,1,極佳,6,正常,0,無壁爐,連接主屋,粗略完工,2,554,普通,普通,鋪面,0,60,0,0,0,0,無泳池,無圍籬,無其他設施,0,7,2008,新屋,預售屋(估價時未完工),227680,12.335700805443338
808,0,2層樓(1945年前),低密度住宅區,144.0,21384,柏油路,無巷道,規則,平坦,內側地,緩坡,布魯克賽德(BrkSide),正常,正常,獨棟,2層樓,5,6,1923,2004,山形頂,標準瀝青瓦,木壁板,木壁板,無砌面,0.0,普通,普通,煤渣磚,普通,普通,採光良好,優良居住空間,1309,未完工,0,15,1324,瓦斯熱風,極佳,有,標準斷路器,1072,504,0,1576,2,0,1,1,3,1,良好,6,正常,1,普通,連接主屋,粗略完工,2,528,普通,普通,鋪面,0,312,0,0,0,0,無泳池,無圍籬,無其他設施,0,5,2009,一般保證契約,一般交易,223500,12.317171167298682
809,1,錯層式,低密度住宅區,85.0,13400,柏油路,無巷道,規則,平坦,內側地,緩坡,北艾姆斯(NAmes),正常,正常,獨棟,錯層,5,5,1966,1966,山形頂,標準瀝青瓦,乙烯基壁板,乙烯基壁板,面磚,1047.0,普通,普通,煤渣磚,普通,普通,採光普通,普通居住空間,516,低於平均居住空間,128,380,1024,瓦斯熱風,普通,有,標準斷路器,1086,0,0,1086,1,0,1,0,3,1,普通,6,正常,1,良好,連接主屋,粗略完工,2,484,普通,普通,鋪面,0,0,0,0,0,0,無泳池,木圍籬佳,無其他設施,0,6,2006,一般保證契約,一般交易,159950,11.982622797311857
810,4,2.5層樓,中密度住宅區,90.0,8100,柏油路,無巷道,規則,平坦,角地,緩坡,舊城區(OldTown),正常,正常,獨棟,2.5層(三樓未完工),5,5,1898,1965,四坡頂,標準瀝青瓦,石棉瓦,石棉瓦,無砌面,0.0,普通,普通,澆置混凝土,普通,普通,無採光,未完工,0,未完工,0,849,849,瓦斯熱風,普通,無,保險絲(良),1075,1063,0,2138,0,0,2,0,2,3,普通,11,正常,0,無壁爐,獨立車庫,未完工,2,360,尚可,差,泥土或碎石,40,156,0,0,0,0,無泳池,隱私性低,無其他設施,0,11,2009,一般保證契約,一般交易,106000,11.571203807011969
811,4,1層樓(1946年後),低密度住宅區,78.0,10140,柏油路,無巷道,規則,平坦,內側地,緩坡,西北艾姆斯(NWAmes),正常,正常,獨棟,1層樓,6,6,1974,1999,四坡頂,標準瀝青瓦,硬質纖維板,硬質纖維板,面磚,99.0,普通,普通,煤渣磚,普通,普通,無採光,普通居住空間,663,低品質空間,377,0,1040,瓦斯熱風,尚可,有,標準斷路器,1309,0,0,1309,1,0,1,1,3,1,良好,5,正常,1,尚可,連接主屋,粗略完工,2,484,普通,普通,鋪面,265,0,0,0,0,648,尚可,隱私性佳,無其他設施,0,1,2006,一般保證契約,一般交易,181000,12.10625783509458
814,4,1層樓(1946年後),低密度住宅區,75.0,9750,柏油路,無巷道,規則,平坦,內側地,緩坡,北艾姆斯(NAmes),正常,正常,獨棟,1層樓,6,6,1958,1958,山形頂,標準瀝青瓦,金屬壁板,金屬壁板,面磚,243.0,普通,普通,煤渣磚,普通,普通,無採光,一般娛樂空間,608,未完工,0,834,1442,瓦斯熱風,良好,有,標準斷路器,1442,0,0,1442,0,0,1,1,4,1,普通,7,正常,0,無壁爐,連接主屋,粗略完工,1,301,普通,普通,鋪面,0,0,275,0,0,0,無泳池,無圍籬,儲藏棚,500,4,2007,法院或遺產拍賣,一般交易,157900,11.969723533345908
815,4,1.5層樓(已完工),低密度住宅區,45.0,8248,柏油路,碎石巷,規則,平坦,內側地,緩坡,愛德華茲(Edwards),正常,正常,獨棟,1.5層(二樓完工),5,7,1918,1950,山形頂,標準瀝青瓦,灰泥,灰泥,無砌面,0.0,普通,普通,磚與瓦,普通,普通,無採光,未完工,0,未完工,0,686,686,瓦斯熱水,良好,有,標準斷路器,686,564,0,1250,0,1,1,1,3,1,尚可,7,正常,0,無壁爐,獨立車庫,未完工,1,280,普通,普通,部分鋪面,207,0,96,0,0,0,無泳池,無圍籬,無其他設施,0,7,2006,一般保證契約,一般交易,116000,11.661354090741
816,1,1層樓(1946年後),低密度住宅區,48.0,12137,柏油路,無巷道,中度不規則,平坦,死巷底,緩坡,學院溪(CollgCr),正常,正常,獨棟,1層樓,7,5,1998,1998,山形頂,標準瀝青瓦,乙烯基壁板,乙烯基壁板,面磚,442.0,普通,普通,澆置混凝土,良好,普通,無採光,未完工,0,未完工,0,1649,1649,瓦斯熱風,極佳,有,標準斷路器,1661,0,0,1661,0,0,2,0,3,1,良好,6,正常,0,無壁爐,連接主屋,粗略完工,2,598,普通,普通,鋪面,0,34,0,0,0,0,無泳池,無圍籬,無其他設施,0,5,2010,一般保證契約,一般交易,224900,12.323415584358154
817,2,1層樓(1946年後),低密度住宅區,74.5,11425,柏油路,無巷道,略不規則,平坦,角地,緩坡,北艾姆斯(NAmes),正常,正常,獨棟,1層樓,5,6,1954,1954,山形頂,標準瀝青瓦,面磚,面磚,無砌面,0.0,普通,普通,煤渣磚,普通,普通,無採光,低於平均居住空間,486,未完工,0,522,1008,瓦斯熱風,良好,有,標準斷路器,1008,0,0,1008,0,0,1,0,2,1,普通,4,正常,1,良好,連接主屋,粗略完工,1,275,普通,普通,鋪面,0,0,120,0,0,0,無泳池,無圍籬,無其他設施,0,7,2006,一般保證契約,一般交易,137000,11.827743504053695
819,4,錯層式,低密度住宅區,80.0,8816,柏油路,無巷道,規則,平坦,內側地,緩坡,清溪(ClearCr),正常,正常,獨棟,錯層,6,7,1971,1971,山形頂,標準瀝青瓦,硬質纖維板,硬質纖維板,面磚,80.0,普通,普通,煤渣磚,普通,普通,採光普通,優良居住空間,504,未完工,0,506,1010,瓦斯熱風,良好,有,標準斷路器,1052,0,0,1052,1,0,1,0,3,1,普通,6,正常,0,無壁爐,連接主屋,未完工,2,440,普通,普通,鋪面,0,0,0,0,0,0,無泳池,隱私性低,無其他設施,0,6,2010,一般保證契約,一般交易,155000,11.951186847493476
820,1,1層樓社區住宅(1946年後),低密度住宅區,44.0,6371,柏油路,無巷道,略不規則,平坦,內側地,緩坡,北嶺高地(NridgHt),正常,正常,連棟邊間,1層樓,7,5,2009,2010,山形頂,標準瀝青瓦,乙烯基壁板,乙烯基壁板,石材,128.0,良好,普通,澆置混凝土,良好,普通,採光少,優良居住空間,733,未完工,0,625,1358,瓦斯熱風,極佳,有,標準斷路器,1358,0,0,1358,1,0,2,0,2,1,良好,6,正常,1,良好,連接主屋,粗略完工,2,484,普通,普通,鋪面,192,35,0,0,0,0,無泳池,無圍籬,無其他設施,0,6,2010,新屋,預售屋(估價時未完工),224000,12.319405795112926
821,3,2層樓(1946年後),低密度住宅區,72.0,7226,柏油路,無巷道,略不規則,平坦,死巷底,緩坡,學院溪(CollgCr),正常,正常,獨棟,2層樓,7,5,2003,2003,山形頂,標準瀝青瓦,乙烯基壁板,乙烯基壁板,無砌面,0.0,良好,普通,澆置混凝土,良好,普通,無採光,未完工,0,未完工,0,798,798,瓦斯熱風,極佳,有,標準斷路器,798,842,0,1640,0,0,2,1,3,1,良好,6,正常,0,無壁爐,連接主屋,粗略完工,2,595,普通,普通,鋪面,0,45,0,0,0,0,無泳池,無圍籬,無其他設施,0,6,2008,一般保證契約,一般交易,183000,12.117246896289503
822,1,1層樓(1946年後),中密度住宅區,60.0,6000,柏油路,柏油巷,規則,坡堤,內側地,中坡,舊城區(OldTown),正常,正常,兩戶改建,1層樓,4,4,1953,1953,山形頂,標準瀝青瓦,金屬壁板,金屬壁板,無砌面,0.0,尚可,普通,煤渣磚,尚可,普通,無採光,未完工,0,未完工,0,936,936,瓦斯熱風,普通,無,標準斷路器,936,0,0,936,0,0,1,0,2,1,普通,4,輕微扣分2,0,無壁爐,獨立車庫,未完工,2,576,普通,普通,鋪面,0,32,112,0,0,0,無泳池,無圍籬,無其他設施,0,2,2009,一般保證契約,一般交易,93000,11.440365524765756
823,3,2層樓(1946年後),低密度住宅區,65.0,12394,柏油路,無巷道,略不規則,平坦,角地,緩坡,吉爾伯特(Gilbert),正常,正常,獨棟,2層樓,7,5,2003,2003,山形頂,標準瀝青瓦,乙烯基壁板,乙烯基壁板,無砌面,0.0,良好,普通,澆置混凝土,良好,普通,採光良好,未完工,0,未完工,0,847,847,瓦斯熱風,極佳,有,標準斷路器,847,886,0,1733,0,0,2,1,3,1,良好,7,正常,1,良好,內建車庫,已完工,2,433,普通,普通,鋪面,100,48,0,0,0,0,無泳池,無圍籬,無其他設施,0,10,2007,一般保證契約,親友交易,225000,12.323860125621126
824,3,1.5層樓(已完工),低密度住宅區,60.0,9900,柏油路,無巷道,規則,平坦,內側地,緩坡,州立大學西南(SWISU),正常,正常,獨棟,1.5層(二樓完工),6,7,1940,1950,山形頂,標準瀝青瓦,乙烯基壁板,乙烯基壁板,無砌面,0.0,普通,普通,磚與瓦,普通,普通,無採光,未完工,0,未完工,0,778,778,瓦斯熱風,普通,有,標準斷路器,944,545,0,1489,0,0,2,0,3,1,普通,7,正常,1,良好,獨立車庫,未完工,1,240,普通,普通,鋪面,335,0,0,0,0,0,無泳池,木圍籬佳,無其他設施,0,7,2009,一般保證契約,一般交易,139500,11.845827048676645
825,2,1層樓(1946年後),浮動村住宅區,81.0,11216,柏油路,無巷道,規則,平坦,內側地,緩坡,薩默塞特(Somerst),正常,正常,獨棟,1層樓,8,5,2006,2006,山形頂,標準瀝青瓦,乙烯基壁板,乙烯基壁板,無砌面,0.0,良好,普通,澆置混凝土,良好,良好,無採光,未完工,0,未完工,0,1489,1489,瓦斯熱風,極佳,有,標準斷路器,1489,0,0,1489,0,0,2,0,3,1,良好,7,正常,1,良好,連接主屋,粗略完工,2,776,普通,普通,鋪面,0,140,0,0,0,0,無泳池,無圍籬,無其他設施,0,6,2006,新屋,預售屋(估價時未完工),232600,12.357079818283598
826,3,1層樓(1946年後),低密度住宅區,114.0,14803,柏油路,無巷道,規則,平坦,內側地,緩坡,北嶺高地(NridgHt),鄰近公園綠地等正面設施,鄰近公園綠地等正面設施,獨棟,1層樓,10,5,2007,2008,四坡頂,標準瀝青瓦,水泥板,水泥板,面磚,816.0,極佳,普通,澆置混凝土,極佳,普通,採光普通,優良居住空間,1636,未完工,0,442,2078,瓦斯熱風,極佳,有,標準斷路器,2084,0,0,2084,1,0,2,0,2,1,極佳,7,正常,1,良好,連接主屋,已完工,3,1220,普通,普通,鋪面,188,45,0,0,0,0,無泳池,無圍籬,無其他設施,0,6,2008,新屋,預售屋(估價時未完工),385000,12.861001210669146
827,4,1.5層樓(未完工),中密度住宅區,50.0,6130,柏油路,無巷道,規則,平坦,內側地,緩坡,布魯克賽德(BrkSide),正常,正常,獨棟,1.5層(二樓未完工),5,6,1924,1950,山形頂,標準瀝青瓦,金屬壁板,金屬壁板,無砌面,0.0,普通,普通,磚與瓦,普通,普通,無採光,普通居住空間,784,未完工,0,0,784,瓦斯熱風,良好,有,標準斷路器,784,0,0,784,1,0,1,0,2,1,良好,5,正常,0,無壁爐,無車庫,無車庫,0,0,無車庫,無車庫,鋪面,0,0,116,0,0,0,無泳池,無圍籬,無其他設施,0,5,2008,一般保證契約,一般交易,109500,11.603688960617083
828,1,1層樓(1946年後),低密度住宅區,65.0,8529,柏油路,無巷道,略不規則,平坦,內側地,緩坡,西索耶(SawyerW),正常,正常,獨棟,1層樓,7,5,2001,2001,山形頂,標準瀝青瓦,乙烯基壁板,乙烯基壁板,無砌面,0.0,良好,普通,澆置混凝土,良好,普通,無採光,優良居住空間,20,未完工,0,1434,1454,瓦斯熱風,極佳,有,標準斷路器,1434,0,0,1434,0,0,2,0,3,1,良好,6,正常,1,普通,連接主屋,粗略完工,2,527,普通,普通,鋪面,290,39,0,0,0,0,無泳池,無圍籬,無其他設施,0,4,2009,一般保證契約,一般交易,189000,12.149507585033072
829,1,2層樓(1946年後),低密度住宅區,80.0,28698,柏油路,無巷道,中度不規則,低窪,死巷底,陡坡,清溪(ClearCr),正常,正常,獨棟,2層樓,5,5,1967,1967,平頂,焦油碎石,夾板,夾板,無砌面,0.0,普通,普通,澆置混凝土,普通,良好,採光良好,低品質空間,249,普通居住空間,764,0,1013,瓦斯熱風,普通,有,標準斷路器,1160,966,0,2126,0,1,2,1,3,1,普通,7,輕微扣分2,0,無壁爐,連接主屋,已完工,2,538,普通,普通,鋪面,486,0,0,0,225,0,無泳池,無圍籬,無其他設施,0,6,2009,一般保證契約,異常交易(如法拍),185000,12.128116509451258
830,3,2層樓社區住宅(1946年後),浮動村住宅區,24.0,2544,柏油路,柏油巷,規則,平坦,內側地,緩坡,薩默塞特(Somerst),正常,正常,連棟中間,2層樓,7,5,2005,2005,山形頂,標準瀝青瓦,金屬壁板,金屬壁板,無砌面,0.0,良好,普通,澆置混凝土,良好,普通,無採光,未完工,0,未完工,0,600,600,瓦斯熱風,極佳,有,標準斷路器,520,623,80,1223,0,0,2,1,2,1,良好,4,正常,0,無壁爐,獨立車庫,粗略完工,2,480,普通,普通,鋪面,0,166,0,0,0,0,無泳池,無圍籬,無其他設施,0,7,2006,一般保證契約,一般交易,147400,11.900912042974875
831,4,1層樓(1946年後),低密度住宅區,80.0,11900,柏油路,無巷道,略不規則,平坦,角地,緩坡,北艾姆斯(NAmes),正常,正常,獨棟,1層樓,6,5,1957,1957,山形頂,標準瀝青瓦,硬質纖維板,硬質纖維板,面磚,387.0,普通,普通,煤渣磚,普通,普通,無採光,一般娛樂空間,1040,未完工,0,352,1392,瓦斯熱風,普通,有,保險絲(良),1392,0,0,1392,1,0,1,1,3,1,普通,6,正常,2,良好,連接主屋,粗略完工,2,458,普通,普通,鋪面,0,0,0,0,192,0,無泳池,無圍籬,無其他設施,0,6,2008,一般保證契約,一般交易,166000,12.019749091416921
832,3,2層樓社區住宅(1946年後),浮動村住宅區,30.0,3180,柏油路,柏油巷,規則,平坦,內側地,緩坡,薩默塞特(Somerst),正常,正常,連棟邊間,2層樓,7,5,2005,2005,山形頂,標準瀝青瓦,金屬壁板,金屬壁板,無砌面,0.0,普通,普通,澆置混凝土,良好,普通,無採光,未完工,0,未完工,0,600,600,瓦斯熱風,極佳,有,標準斷路器,520,600,80,1200,0,0,2,1,2,1,良好,4,正常,0,無壁爐,獨立車庫,粗略完工,2,480,普通,普通,鋪面,0,166,0,0,0,0,無泳池,無圍籬,無其他設施,0,6,2006,一般保證契約,一般交易,151000,11.92504173829169
833,1,2層樓(1946年後),低密度住宅區,44.0,9548,柏油路,無巷道,略不規則,平坦,死巷底,緩坡,學院溪(CollgCr),正常,正常,獨棟,2層樓,7,6,2003,2003,山形頂,標準瀝青瓦,乙烯基壁板,乙烯基壁板,面磚,223.0,良好,普通,澆置混凝土,良好,普通,無採光,優良居住空間,483,未完工,0,458,941,瓦斯熱風,極佳,有,標準斷路器,941,888,0,1829,1,0,2,1,3,1,良好,7,正常,1,普通,連接主屋,粗略完工,2,613,普通,普通,鋪面,192,39,0,0,0,0,無泳池,無圍籬,無其他設施,0,1,2010,一般保證契約,一般交易,237000,12.37581963951765
834,0,1層樓(1946年後),低密度住宅區,100.0,10004,柏油路,無巷道,規則,平坦,內側地,緩坡,北艾姆斯(NAmes),正常,正常,獨棟,1層樓,6,6,1964,1964,山形頂,標準瀝青瓦,硬質纖維板,夾板,面磚,180.0,普通,普通,煤渣磚,普通,普通,無採光,一般娛樂空間,196,低於平均居住空間,345,975,1516,瓦斯熱風,普通,有,標準斷路器,1516,0,0,1516,0,0,1,1,3,1,普通,6,正常,0,無壁爐,連接主屋,粗略完工,2,472,普通,普通,鋪面,0,0,0,0,152,0,無泳池,無圍籬,無其他設施,0,2,2009,一般保證契約,一般交易,167000,12.025755079404917
835,0,1層樓(1946年後),低密度住宅區,75.0,7875,柏油路,無巷道,規則,平坦,內側地,緩坡,北艾姆斯(NAmes),正常,正常,獨棟,1層樓,5,6,1961,1961,山形頂,標準瀝青瓦,乙烯基壁板,乙烯基壁板,面磚,136.0,普通,普通,煤渣磚,普通,普通,無採光,一般娛樂空間,572,未完工,0,572,1144,瓦斯熱風,良好,有,標準斷路器,1144,0,0,1144,1,0,1,0,3,1,普通,6,正常,0,無壁爐,連接主屋,未完工,2,456,普通,普通,鋪面,0,0,0,0,0,0,無泳池,木圍籬佳,無其他設施,0,9,2008,一般保證契約,一般交易,139950,11.849047640327147
836,2,1層樓(1946年後),低密度住宅區,60.0,9600,柏油路,無巷道,規則,平坦,內側地,緩坡,索耶(Sawyer),正常,正常,獨棟,1層樓,4,7,1950,1995,山形頂,標準瀝青瓦,乙烯基壁板,硬質纖維板,無砌面,0.0,普通,普通,煤渣磚,良好,普通,無採光,低於平均居住空間,442,未完工,0,625,1067,瓦斯熱風,普通,有,標準斷路器,1067,0,0,1067,0,0,2,0,2,1,良好,4,輕微扣分2,0,無壁爐,連接主屋,未完工,2,436,普通,普通,鋪面,290,0,0,0,0,0,無泳池,無圍籬,無其他設施,0,2,2010,一般保證契約,一般交易,128000,11.759793355371237
838,3,2層樓社區住宅(1946年後),中密度住宅區,21.0,1680,柏油路,無巷道,規則,平坦,內側地,緩坡,布萊爾戴爾(BrDale),正常,正常,連棟中間,2層樓,6,5,1973,1973,山形頂,標準瀝青瓦,硬質纖維板,硬質纖維板,面磚,158.0,普通,普通,煤渣磚,普通,普通,無採光,低於平均居住空間,330,未完工,0,153,483,瓦斯熱風,普通,有,標準斷路器,483,504,0,987,1,0,1,1,2,1,普通,5,正常,0,無壁爐,獨立車庫,未完工,1,264,普通,普通,鋪面,0,0,0,0,0,0,無泳池,無圍籬,無其他設施,0,11,2008,一般保證契約,一般交易,100000,11.51293546492023
840,1,1.5層樓(已完工),低密度住宅區,70.0,11767,柏油路,無巷道,規則,平坦,內側地,緩坡,愛德華茲(Edwards),正常,正常,獨棟,1.5層(二樓完工),5,6,1946,1995,山形頂,標準瀝青瓦,金屬壁板,金屬壁板,無砌面,0.0,普通,普通,煤渣磚,普通,普通,無採光,低於平均居住空間,352,未完工,0,416,768,瓦斯熱風,極佳,有,標準斷路器,768,432,0,1200,0,0,1,0,3,1,普通,6,正常,0,無壁爐,獨立車庫,未完工,1,240,普通,普通,鋪面,0,0,0,0,0,0,無泳池,無圍籬,無其他設施,0,5,2008,一般保證契約,一般交易,130500,11.779136168550774
841,4,2層樓(1945年前),高密度住宅區,60.0,12155,柏油路,無巷道,略不規則,平坦,內側地,緩坡,州立大學西南(SWISU),正常,正常,獨棟,2層樓,6,8,1925,1950,山形頂,標準瀝青瓦,木壁板,木壁板,無砌面,0.0,普通,普通,磚與瓦,普通,普通,無採光,低於平均居住空間,156,未完工,0,516,672,瓦斯熱風,普通,無,標準斷路器,810,672,0,1482,0,0,2,0,4,1,尚可,7,正常,0,無壁爐,獨立車庫,未完工,1,400,普通,普通,部分鋪面,0,0,254,0,0,0,無泳池,無圍籬,無其他設施,0,3,2008,一般保證契約,一般交易,140000,11.849404844423074
842,3,2層樓(1945年前),中密度住宅區,60.0,10440,柏油路,碎石巷,規則,平坦,內側地,緩坡,舊城區(OldTown),正常,正常,獨棟,2層樓,5,8,1904,2002,山形頂,標準瀝青瓦,金屬壁板,金屬壁板,無砌面,0.0,普通,普通,澆置混凝土,普通,普通,無採光,未完工,0,未完工,0,650,650,瓦斯熱風,良好,有,標準斷路器,958,581,0,1539,0,0,2,0,3,1,良好,8,正常,1,差,獨立車庫,未完工,2,686,良好,普通,部分鋪面,70,78,68,0,0,0,無泳池,無圍籬,無其他設施,0,6,2008,一般保證契約,一般交易,157500,11.967187086434018
843,1,錯層式,低密度住宅區,82.0,9020,柏油路,無巷道,規則,平坦,內側地,緩坡,北艾姆斯(NAmes),正常,正常,獨棟,錯層,6,7,1966,1966,山形頂,標準瀝青瓦,硬質纖維板,硬質纖維板,面磚,183.0,普通,普通,煤渣磚,普通,普通,採光良好,一般娛樂空間,312,普通居住空間,539,276,1127,瓦斯熱風,普通,有,標準斷路器,1165,0,0,1165,1,0,1,1,3,1,普通,6,正常,0,無壁爐,連接主屋,粗略完工,2,490,良好,良好,鋪面,0,129,0,0,0,0,無泳池,隱私性佳,無其他設施,0,5,2008,一般保證契約,一般交易,174900,12.071975378543236
845,2,1.5層樓(已完工),中密度住宅區,100.0,12665,柏油路,碎石巷,略不規則,平坦,內側地,緩坡,舊城區(OldTown),鄰近主幹道,正常,獨棟,1.5層(二樓完工),5,8,1915,1950,山形頂,標準瀝青瓦,木壁板,木壁板,無砌面,0.0,普通,普通,磚與瓦,普通,普通,採光少,未完工,0,未完工,0,876,876,瓦斯熱風,良好,有,標準斷路器,876,540,0,1416,0,0,1,1,4,1,普通,7,正常,1,良好,獨立車庫,未完工,3,720,普通,普通,鋪面,418,0,194,0,0,0,無泳池,無圍籬,無其他設施,0,6,2008,一般保證契約,一般交易,153900,11.944064817531656
846,2,錯層玄關式,低密度住宅區,70.5,16647,柏油路,無巷道,略不規則,平坦,死巷底,緩坡,索耶(Sawyer),緊鄰東西向鐵路,正常,獨棟,錯層玄關,5,5,1975,1981,山形頂,標準瀝青瓦,硬質纖維板,硬質纖維板,無砌面,0.0,普通,普通,煤渣磚,良好,普通,採光良好,普通居住空間,1390,未完工,0,0,1390,瓦斯熱風,普通,有,標準斷路器,1701,0,0,1701,1,0,2,0,3,1,普通,6,輕微扣分2,2,普通,地下室車庫,已完工,2,611,普通,普通,鋪面,0,0,0,0,0,0,無泳池,無圍籬,無其他設施,0,1,2007,一般保證契約,一般交易,171000,12.049424683420915
848,1,1層樓(1946年後),低密度住宅區,36.0,15523,柏油路,無巷道,略不規則,平坦,死巷底,緩坡,學院溪(CollgCr),正常,正常,獨棟,1層樓,5,6,1972,1972,山形頂,標準瀝青瓦,硬質纖維板,夾板,無砌面,0.0,普通,普通,煤渣磚,普通,普通,採光普通,低於平均居住空間,460,未完工,0,404,864,瓦斯熱風,極佳,有,標準斷路器,864,0,0,864,1,0,1,0,3,1,普通,5,正常,1,尚可,連接主屋,未完工,1,338,普通,普通,鋪面,0,0,0,0,0,0,無泳池,無圍籬,無其他設施,0,8,2009,一般保證契約,一般交易,133500,11.80186424743109
849,1,1.5層樓(已完工),低密度住宅區,75.0,45600,柏油路,無巷道,中度不規則,坡堤,內側地,緩坡,清溪(ClearCr),正常,正常,獨棟,1.5層(二樓完工),6,8,1908,1997,山形頂,標準瀝青瓦,木壁板,木壁板,無砌面,0.0,普通,普通,磚與瓦,普通,普通,無採光,未完工,0,未完工,0,907,907,瓦斯熱風,普通,有,標準斷路器,1307,1051,0,2358,0,0,3,0,5,1,普通,10,正常,1,良好,獨立車庫,未完工,2,360,尚可,普通,鋪面,486,40,0,0,175,0,無泳池,無圍籬,無其他設施,0,9,2008,一般保證契約,一般交易,240000,12.388398368982115
850,1,錯層式,低密度住宅區,80.0,9600,柏油路,無巷道,規則,平坦,兩面臨路,緩坡,文克(Veenker),鄰近支線道路,正常,獨棟,錯層,6,7,1976,1994,四坡頂,標準瀝青瓦,夾板,夾板,面磚,360.0,良好,良好,煤渣磚,普通,普通,無採光,未完工,0,未完工,0,528,528,瓦斯熱風,極佳,有,標準斷路器,1094,761,0,1855,0,0,2,1,3,1,普通,7,正常,1,普通,連接主屋,粗略完工,2,512,普通,普通,鋪面,113,100,0,0,0,0,無泳池,無圍籬,無其他設施,0,8,2007,一般保證契約,一般交易,187000,12.138869243416009
851,2,1層樓社區住宅(1946年後),中密度住宅區,36.0,4435,柏油路,無巷道,規則,平坦,內側地,緩坡,學院溪(CollgCr),正常,正常,連棟邊間,1層樓,6,5,2003,2003,山形頂,標準瀝青瓦,乙烯基壁板,乙烯基壁板,面磚,170.0,良好,普通,澆置混凝土,良好,普通,採光普通,優良居住空間,659,未完工,0,189,848,瓦斯熱風,極佳,有,標準斷路器,848,0,0,848,1,0,1,0,1,1,良好,3,正常,0,無壁爐,連接主屋,已完工,2,420,普通,普通,鋪面,140,0,0,0,0,0,無泳池,無圍籬,無其他設施,0,11,2007,一般保證契約,一般交易,131500,11.78676973513378
852,3,1層樓社區住宅(1946年後),低密度住宅區,43.0,3196,柏油路,無巷道,規則,平坦,內側地,緩坡,布魯明頓高地(Blmngtn),正常,正常,連棟邊間,1層樓,8,5,2003,2003,山形頂,標準瀝青瓦,乙烯基壁板,乙烯基壁板,面磚,40.0,良好,普通,澆置混凝土,良好,普通,採光良好,未完工,0,未完工,0,1273,1273,瓦斯熱風,極佳,有,標準斷路器,1456,0,0,1456,0,0,2,0,2,1,良好,7,正常,1,普通,連接主屋,已完工,2,400,普通,普通,鋪面,143,20,0,0,0,0,無泳池,無圍籬,無其他設施,0,5,2006,一般保證契約,一般交易,215000,12.278397958261774
853,4,2.5層樓,低密度住宅區,53.0,7128,柏油路,無巷道,規則,平坦,內側地,緩坡,克勞福德(Crawfor),正常,正常,獨棟,2.5層(三樓未完工),7,5,1941,1950,山形頂,標準瀝青瓦,金屬壁板,金屬壁板,無砌面,0.0,普通,良好,煤渣磚,普通,普通,無採光,一般娛樂空間,364,未完工,0,554,918,瓦斯熱風,良好,有,標準斷路器,918,728,0,1646,0,0,2,0,4,1,普通,7,正常,2,良好,獨立車庫,未完工,1,240,普通,普通,鋪面,0,0,0,0,126,0,無泳池,隱私性低,無其他設施,0,8,2007,一般保證契約,一般交易,164000,12.00762780434872
854,1,錯層式,低密度住宅區,74.5,12095,柏油路,無巷道,略不規則,平坦,角地,緩坡,北艾姆斯(NAmes),正常,正常,獨棟,錯層,6,6,1964,1964,山形頂,標準瀝青瓦,金屬壁板,硬質纖維板,面磚,115.0,普通,良好,煤渣磚,普通,普通,採光良好,一般娛樂空間,564,未完工,0,563,1127,瓦斯熱風,普通,有,標準斷路器,1445,0,0,1445,0,0,1,1,3,1,普通,7,正常,1,尚可,連接主屋,粗略完工,2,645,普通,普通,鋪面,180,0,0,0,0,0,無泳池,隱私性低,無其他設施,0,8,2009,一般保證契約,一般交易,158000,11.970356641102999
855,4,1層樓(1946年後),低密度住宅區,102.0,17920,柏油路,無巷道,規則,平坦,內側地,緩坡,索耶(Sawyer),正常,正常,獨棟,1層樓,5,4,1955,1974,四坡頂,標準瀝青瓦,木壁板,夾板,無砌面,0.0,普通,普通,煤渣磚,普通,普通,採光少,普通居住空間,306,一般娛樂空間,1085,372,1763,瓦斯熱風,普通,有,標準斷路器,1779,0,0,1779,1,0,1,1,3,1,普通,6,正常,1,良好,連接主屋,未完工,2,454,普通,普通,鋪面,0,418,0,0,312,0,無泳池,無圍籬,無其他設施,0,7,2006,一般保證契約,異常交易(如法拍),170000,12.04355959836804
857,3,錯層式,低密度住宅區,70.0,10970,柏油路,無巷道,略不規則,低窪,內側地,中坡,學院溪(CollgCr),正常,正常,獨棟,錯層,6,6,1978,1978,山形頂,標準瀝青瓦,夾板,硬質纖維板,無砌面,0.0,普通,普通,煤渣磚,良好,良好,採光良好,優良居住空間,505,低品質空間,435,0,940,瓦斯熱風,普通,有,標準斷路器,1026,0,0,1026,1,0,1,0,3,1,普通,5,正常,0,無壁爐,獨立車庫,未完工,2,576,普通,尚可,鋪面,0,0,34,0,0,0,無泳池,隱私性低,無其他設施,0,10,2008,一般保證契約,一般交易,147000,11.898194668458823
858,3,2層樓(1946年後),低密度住宅區,65.0,8125,柏油路,無巷道,規則,平坦,內側地,緩坡,吉爾伯特(Gilbert),正常,正常,獨棟,2層樓,6,5,1994,1995,山形頂,標準瀝青瓦,硬質纖維板,硬質纖維板,無砌面,0.0,普通,普通,澆置混凝土,良好,普通,無採光,未完工,0,未完工,0,702,702,瓦斯熱風,良好,有,標準斷路器,702,779,0,1481,0,0,2,1,3,1,普通,6,正常,1,普通,連接主屋,已完工,2,343,普通,普通,鋪面,0,36,0,0,0,0,無泳池,無圍籬,無其他設施,0,3,2009,一般保證契約,一般交易,174000,12.066816325306588
859,4,1層樓(1946年後),低密度住宅區,80.0,10400,柏油路,無巷道,規則,平坦,內側地,緩坡,西北艾姆斯(NWAmes),正常,正常,獨棟,1層樓,7,5,1976,1976,山形頂,標準瀝青瓦,硬質纖維板,硬質纖維板,面磚,189.0,普通,普通,煤渣磚,良好,普通,無採光,未完工,0,未完工,0,1090,1090,瓦斯熱風,普通,有,標準斷路器,1370,0,0,1370,0,0,2,0,3,1,普通,6,正常,1,普通,連接主屋,粗略完工,2,479,普通,普通,鋪面,0,0,0,0,0,0,無泳池,隱私性低,無其他設施,0,6,2009,一般保證契約,親友交易,152000,11.931642378754141
860,3,2層樓(1946年後),低密度住宅區,80.0,11029,柏油路,無巷道,略不規則,平坦,角地,緩坡,西北艾姆斯(NWAmes),緊鄰公園綠地等正面設施,正常,獨棟,2層樓,6,7,1968,1984,山形頂,標準瀝青瓦,硬質纖維板,硬質纖維板,面磚,220.0,普通,普通,煤渣磚,普通,普通,採光少,低於平均居住空間,619,未完工,0,435,1054,瓦斯熱風,普通,有,標準斷路器,1512,1142,0,2654,1,0,2,1,4,1,良好,9,正常,1,良好,連接主屋,未完工,2,619,普通,普通,鋪面,0,65,0,0,222,0,無泳池,無圍籬,無其他設施,0,8,2006,一般保證契約,一般交易,250000,12.429220196836383
861,2,1.5層樓(已完工),低密度住宅區,55.0,7642,柏油路,無巷道,規則,平坦,角地,緩坡,克勞福德(Crawfor),正常,正常,獨棟,1.5層(二樓完工),7,8,1918,1998,山形頂,標準瀝青瓦,木壁板,木壁板,無砌面,0.0,良好,普通,磚與瓦,普通,普通,無採光,未完工,0,未完工,0,912,912,瓦斯熱風,良好,有,標準斷路器,912,514,0,1426,0,0,1,1,3,1,良好,7,正常,1,良好,獨立車庫,未完工,1,216,普通,普通,鋪面,0,240,0,0,0,0,無泳池,隱私性佳,無其他設施,0,6,2007,一般保證契約,一般交易,189950,12.154521423145216
862,0,兩戶改建住宅,低密度住宅區,75.0,11625,柏油路,無巷道,規則,平坦,內側地,緩坡,索耶(Sawyer),正常,正常,兩戶改建,1層樓,5,4,1965,1965,四坡頂,標準瀝青瓦,夾板,硬質纖維板,無砌面,0.0,普通,普通,澆置混凝土,普通,普通,採光少,低於平均居住空間,841,未完工,0,198,1039,瓦斯熱風,極佳,有,標準斷路器,1039,0,0,1039,1,0,1,1,3,1,普通,6,正常,0,無壁爐,連接主屋,未完工,2,504,普通,普通,鋪面,0,0,0,0,0,0,無泳池,無圍籬,無其他設施,0,4,2010,一般保證契約,一般交易,131500,11.78676973513378
863,1,1層樓(1946年後),低密度住宅區,81.0,9672,柏油路,無巷道,規則,平坦,角地,緩坡,西索耶(SawyerW),正常,正常,獨棟,1層樓,6,5,1984,1985,四坡頂,標準瀝青瓦,硬質纖維板,夾板,無砌面,0.0,普通,普通,澆置混凝土,良好,普通,無採光,優良居住空間,338,未完工,0,702,1040,瓦斯熱風,普通,有,標準斷路器,1097,0,0,1097,0,0,2,0,3,1,普通,6,正常,0,無壁爐,連接主屋,未完工,2,480,普通,普通,鋪面,0,0,0,0,0,0,無泳池,隱私性佳,無其他設施,0,5,2010,一般保證契約,一般交易,152000,11.931642378754141
864,3,1層樓(1946年後),低密度住宅區,70.0,7931,柏油路,無巷道,規則,平坦,內側地,緩坡,北艾姆斯(NAmes),正常,正常,獨棟,1層樓,5,5,1959,1959,四坡頂,標準瀝青瓦,面磚,夾板,無砌面,0.0,普通,普通,煤渣磚,普通,普通,無採光,低於平均居住空間,1148,未完工,0,0,1148,瓦斯熱風,普通,有,標準斷路器,1148,0,0,1148,1,0,1,0,3,1,普通,6,正常,0,無壁爐,連接主屋,未完工,1,672,普通,普通,鋪面,0,0,0,0,0,0,無泳池,隱私性佳,無其他設施,0,7,2009,一般保證契約,一般交易,132500,11.794345471549745
865,0,1層樓(1946年後),浮動村住宅區,72.0,8640,柏油路,無巷道,規則,平坦,內側地,緩坡,薩默塞特(Somerst),正常,正常,獨棟,1層樓,7,5,2007,2008,山形頂,標準瀝青瓦,乙烯基壁板,乙烯基壁板,無砌面,0.0,良好,普通,澆置混凝土,極佳,普通,無採光,未完工,0,未完工,0,1372,1372,瓦斯熱風,極佳,有,標準斷路器,1372,0,0,1372,0,0,2,0,3,1,良好,6,正常,0,無壁爐,連接主屋,已完工,2,529,普通,普通,鋪面,0,140,0,0,0,0,無泳池,無圍籬,無其他設施,0,5,2008,新屋,預售屋(估價時未完工),250580,12.43153750053306
867,1,1層樓(1946年後),低密度住宅區,67.0,10656,柏油路,無巷道,略不規則,山坡,內側地,緩坡,林地(Timber),正常,正常,獨棟,1層樓,8,5,2006,2007,山形頂,標準瀝青瓦,乙烯基壁板,乙烯基壁板,石材,274.0,良好,普通,澆置混凝土,良好,普通,採光普通,未完工,0,未完工,0,1638,1638,瓦斯熱風,極佳,有,標準斷路器,1646,0,0,1646,0,0,2,0,3,1,良好,6,正常,1,良好,連接主屋,粗略完工,3,870,普通,普通,鋪面,192,80,0,0,0,0,無泳池,無圍籬,無其他設施,0,11,2007,新屋,預售屋(估價時未完工),248900,12.424810506025395
868,0,1層樓(1946年後),低密度住宅區,85.0,6970,柏油路,無巷道,規則,平坦,角地,緩坡,索耶(Sawyer),鄰近支線道路,正常,獨棟,1層樓,4,5,1961,1961,山形頂,標準瀝青瓦,乙烯基壁板,乙烯基壁板,無砌面,0.0,普通,普通,煤渣磚,普通,普通,無採光,普通居住空間,932,未完工,0,108,1040,瓦斯熱風,普通,有,標準斷路器,1120,0,0,1120,1,0,1,1,3,1,尚可,5,正常,0,無壁爐,連接主屋,粗略完工,2,544,普通,普通,鋪面,168,0,0,0,0,0,無泳池,無圍籬,儲藏棚,400,5,2007,一般保證契約,一般交易,129000,11.767575435251748
869,0,2層樓(1946年後),低密度住宅區,65.0,14762,柏油路,無巷道,中度不規則,平坦,角地,緩坡,吉爾伯特(Gilbert),鄰近支線道路,正常,獨棟,2層樓,5,6,1948,1950,山形頂,標準瀝青瓦,夾板,夾板,無砌面,0.0,普通,普通,板式,無地下室,無地下室,無地下室,無地下室,0,無地下室,0,0,0,瓦斯熱風,良好,有,標準斷路器,1547,720,53,2320,0,0,2,0,2,1,普通,7,正常,1,普通,連接主屋,未完工,2,672,普通,普通,部分鋪面,120,144,0,0,0,0,無泳池,無圍籬,無其他設施,0,5,2006,一般保證契約,一般交易,169000,12.037659911047468
870,3,2層樓(1946年後),低密度住宅區,80.0,9938,柏油路,無巷道,規則,平坦,內側地,緩坡,西索耶(SawyerW),正常,正常,獨棟,2層樓,7,5,1993,1994,山形頂,標準瀝青瓦,金屬壁板,金屬壁板,面磚,246.0,良好,普通,澆置混凝土,良好,普通,無採光,優良居住空間,750,未完工,0,300,1050,瓦斯熱風,極佳,有,標準斷路器,1062,887,0,1949,1,0,2,1,3,1,良好,8,正常,1,普通,連接主屋,已完工,2,574,普通,普通,鋪面,156,90,0,0,0,0,無泳池,隱私性佳,無其他設施,0,6,2010,一般保證契約,一般交易,236000,12.371591321286905
871,3,1層樓(1946年後),低密度住宅區,60.0,6600,柏油路,無巷道,規則,平坦,內側地,緩坡,北艾姆斯(NAmes),鄰近公園綠地等正面設施,正常,獨棟,1層樓,5,5,1962,1962,四坡頂,標準瀝青瓦,金屬壁板,金屬壁板,無砌面,0.0,普通,普通,煤渣磚,普通,普通,無採光,未完工,0,未完工,0,894,894,瓦斯熱風,良好,無,標準斷路器,894,0,0,894,0,0,1,0,2,1,普通,5,正常,0,無壁爐,獨立車庫,未完工,1,308,普通,普通,鋪面,0,0,0,0,0,0,無泳池,無圍籬,無其他設施,0,8,2009,一般保證契約,一般交易,109500,11.603688960617083
872,4,2層樓(1946年後),低密度住宅區,70.0,8750,柏油路,無巷道,規則,平坦,內側地,緩坡,學院溪(CollgCr),正常,正常,獨棟,2層樓,6,5,1998,1998,山形頂,標準瀝青瓦,乙烯基壁板,乙烯基壁板,面磚,116.0,普通,普通,澆置混凝土,良好,普通,無採光,優良居住空間,505,未完工,0,299,804,瓦斯熱風,極佳,有,標準斷路器,804,878,0,1682,0,0,2,1,3,1,良好,7,正常,0,無壁爐,連接主屋,粗略完工,2,523,普通,普通,鋪面,0,77,0,0,0,0,無泳池,無圍籬,無其他設施,0,6,2010,一般保證契約,一般交易,200500,12.208574513247495
873,4,1層樓(1946年後),低密度住宅區,74.0,8892,柏油路,無巷道,規則,平坦,角地,緩坡,北艾姆斯(NAmes),正常,正常,獨棟,1層樓,5,7,1953,1996,山形頂,標準瀝青瓦,木瓦,木瓦,無砌面,0.0,良好,普通,石材,普通,普通,採光普通,未完工,0,未完工,0,105,105,瓦斯熱風,良好,有,標準斷路器,910,0,0,910,0,0,1,0,3,1,良好,5,正常,0,無壁爐,連接主屋,未完工,2,414,普通,普通,鋪面,196,0,150,0,0,0,無泳池,木圍籬佳,無其他設施,0,10,2008,一般保證契約,一般交易,116000,11.661354090741
874,2,1層樓含完工閣樓,低密度住宅區,60.0,12144,柏油路,無巷道,規則,平坦,內側地,緩坡,北艾姆斯(NAmes),正常,正常,獨棟,1層樓,5,7,1949,1950,山形頂,標準瀝青瓦,硬質纖維板,硬質纖維板,無砌面,0.0,良好,普通,煤渣磚,普通,普通,無採光,一般娛樂空間,375,未完工,0,457,832,瓦斯熱風,良好,有,標準斷路器,1036,0,232,1268,0,0,1,0,3,1,普通,6,正常,1,良好,連接主屋,未完工,1,288,普通,普通,鋪面,0,28,0,0,0,0,無泳池,無圍籬,其他,0,9,2009,一般保證契約,一般交易,133000,11.798111925972618
876,1,2層樓(1946年後),浮動村住宅區,75.0,9000,柏油路,無巷道,規則,平坦,內側地,緩坡,薩默塞特(Somerst),正常,正常,獨棟,2層樓,8,5,2007,2007,山形頂,標準瀝青瓦,水泥板,水泥板,無砌面,0.0,良好,普通,澆置混凝土,良好,普通,採光普通,優良居住空間,64,未完工,0,1120,1184,瓦斯熱風,極佳,有,標準斷路器,1184,1426,0,2610,0,0,2,1,4,1,極佳,11,正常,1,良好,內建車庫,已完工,2,550,普通,普通,鋪面,208,364,0,0,0,0,無泳池,無圍籬,無其他設施,0,8,2007,新屋,預售屋(估價時未完工),303477,12.623064399210183
877,4,1層樓(1946年後),低密度住宅區,94.0,25286,柏油路,無巷道,規則,山坡,內側地,中坡,米切爾(Mitchel),正常,正常,獨棟,1層樓,4,5,1963,1963,山形頂,標準瀝青瓦,硬質纖維板,夾板,無砌面,0.0,普通,普通,澆置混凝土,普通,普通,採光良好,普通居住空間,633,未完工,0,431,1064,瓦斯熱風,良好,有,標準斷路器,1040,0,0,1040,1,0,1,0,3,1,普通,5,正常,0,無壁爐,連接主屋,未完工,2,648,普通,普通,鋪面,0,0,0,0,0,0,無泳池,無圍籬,無其他設施,0,1,2007,一般保證契約,一般交易,132250,11.792456911128632
878,3,2層樓(1946年後),低密度住宅區,74.0,8834,柏油路,無巷道,規則,平坦,內側地,緩坡,北嶺高地(NridgHt),正常,正常,獨棟,2層樓,9,5,2004,2005,四坡頂,標準瀝青瓦,乙烯基壁板,乙烯基壁板,石材,216.0,良好,普通,澆置混凝土,極佳,普通,無採光,優良居住空間,1170,未完工,0,292,1462,瓦斯熱風,極佳,有,標準斷路器,1462,762,0,2224,1,0,2,1,4,1,極佳,10,正常,1,良好,連接主屋,已完工,3,738,普通,普通,鋪面,184,0,0,0,0,0,無泳池,無圍籬,無其他設施,0,6,2009,一般保證契約,一般交易,350000,12.765691290604371
879,1,錯層玄關式,低密度住宅區,88.0,11782,柏油路,無巷道,略不規則,平坦,內側地,緩坡,索耶(Sawyer),正常,正常,獨棟,錯層玄關,5,7,1961,1995,山形頂,標準瀝青瓦,硬質纖維板,硬質纖維板,無砌面,0.0,普通,普通,煤渣磚,普通,普通,採光普通,普通居住空間,899,未完工,0,210,1109,瓦斯熱風,普通,有,標準斷路器,1155,0,0,1155,1,0,1,0,3,1,良好,6,輕微扣分2,0,無壁爐,獨立車庫,未完工,2,576,普通,普通,鋪面,192,0,0,0,0,0,無泳池,隱私性低,儲藏棚,400,6,2010,一般保證契約,一般交易,148000,11.904974309480181
880,3,1層樓(1946年後),低密度住宅區,70.0,7000,柏油路,無巷道,略不規則,平坦,死巷底,緩坡,學院溪(CollgCr),正常,正常,獨棟,1層樓,5,8,1978,2005,山形頂,標準瀝青瓦,乙烯基壁板,乙烯基壁板,面磚,90.0,良好,良好,煤渣磚,普通,普通,無採光,普通居住空間,646,未完工,0,218,864,瓦斯熱風,極佳,有,標準斷路器,864,0,0,864,1,0,1,0,3,1,普通,6,正常,0,無壁爐,連接主屋,未完工,1,336,普通,普通,鋪面,0,0,0,0,0,0,無泳池,木圍籬佳,無其他設施,0,7,2009,一般保證契約,一般交易,136500,11.824087219587643
881,0,1層樓(1946年後),低密度住宅區,60.0,7024,柏油路,無巷道,規則,平坦,內側地,緩坡,愛德華茲(Edwards),正常,正常,獨棟,1層樓,5,5,2005,2006,山形頂,標準瀝青瓦,乙烯基壁板,乙烯基壁板,無砌面,0.0,普通,普通,澆置混凝土,極佳,良好,無採光,普通居住空間,980,未完工,0,110,1090,瓦斯熱風,良好,有,標準斷路器,1090,0,0,1090,1,0,1,1,2,1,普通,5,正常,0,無壁爐,連接主屋,已完工,2,450,普通,普通,鋪面,0,49,0,0,0,0,無泳池,無圍籬,無其他設施,0,6,2007,一般保證契約,一般交易,157000,11.964007453736912
883,2,2層樓(1946年後),低密度住宅區,65.0,9636,柏油路,無巷道,略不規則,平坦,角地,緩坡,吉爾伯特(Gilbert),正常,正常,獨棟,2層樓,6,5,1992,1993,山形頂,標準瀝青瓦,乙烯基壁板,乙烯基壁板,無砌面,0.0,普通,普通,澆置混凝土,良好,普通,無採光,未完工,0,未完工,0,808,808,瓦斯熱風,良好,有,標準斷路器,808,785,0,1593,0,0,2,1,3,1,普通,7,正常,1,普通,內建車庫,粗略完工,2,389,普通,普通,鋪面,342,40,0,0,0,0,無泳池,隱私性低,無其他設施,0,12,2009,一般保證契約,一般交易,178000,12.08954444723597
884,2,2.5層樓,低密度住宅區,60.0,6204,柏油路,無巷道,規則,坡堤,內側地,緩坡,州立大學西南(SWISU),正常,正常,獨棟,2.5層(三樓完工),4,5,1912,1950,山形頂,標準瀝青瓦,木壁板,木壁板,無砌面,0.0,良好,普通,澆置混凝土,普通,尚可,無採光,未完工,0,未完工,0,795,795,瓦斯熱風,普通,無,標準斷路器,954,795,481,2230,1,0,1,0,5,1,普通,10,正常,0,無壁爐,獨立車庫,未完工,1,440,普通,良好,鋪面,0,188,0,0,0,0,無泳池,無圍籬,無其他設施,0,3,2006,一般保證契約,一般交易,118500,11.682676678340282
885,4,1層樓(1946年後),低密度住宅區,65.0,7150,柏油路,無巷道,規則,平坦,內側地,緩坡,北艾姆斯(NAmes),正常,正常,獨棟,1層樓,5,5,1967,1967,山形頂,標準瀝青瓦,硬質纖維板,硬質纖維板,面磚,60.0,普通,普通,煤渣磚,普通,普通,無採光,低於平均居住空間,432,未完工,0,460,892,瓦斯熱風,普通,有,標準斷路器,892,0,0,892,0,0,1,0,3,1,普通,5,正常,0,無壁爐,連接主屋,粗略完工,1,288,普通,普通,鋪面,0,0,0,0,0,0,無泳池,木圍籬佳,無其他設施,0,7,2009,一般保證契約,一般交易,100000,11.51293546492023
886,4,1層樓社區住宅(1946年後),浮動村住宅區,50.0,5119,柏油路,無巷道,略不規則,平坦,死巷底,緩坡,薩默塞特(Somerst),正常,正常,連棟邊間,1層樓,9,5,1999,2000,山形頂,標準瀝青瓦,金屬壁板,金屬壁板,面磚,60.0,良好,普通,澆置混凝土,極佳,普通,採光普通,優良居住空間,1238,未完工,0,460,1698,瓦斯熱風,極佳,有,標準斷路器,1709,0,0,1709,1,0,2,0,2,1,良好,5,正常,1,普通,連接主屋,已完工,2,506,普通,普通,鋪面,97,65,0,0,0,0,無泳池,無圍籬,無其他設施,0,1,2008,現金保證契約,異常交易(如法拍),328900,12.70351207261035
887,1,雙拼住宅,低密度住宅區,70.0,8393,柏油路,無巷道,規則,平坦,角地,緩坡,北艾姆斯(NAmes),正常,正常,雙拼,1層樓,5,5,1959,2005,山形頂,標準瀝青瓦,金屬壁板,金屬壁板,面磚,122.0,普通,普通,煤渣磚,普通,普通,無採光,低品質空間,528,未完工,0,1098,1626,瓦斯熱風,極佳,有,標準斷路器,1712,0,0,1712,0,0,2,0,4,2,普通,8,正常,0,無壁爐,連接主屋,已完工,2,588,普通,普通,鋪面,272,54,0,0,0,0,無泳池,無圍籬,無其他設施,0,6,2006,一般保證契約,親友交易,145000,11.884495917930655
889,0,1層樓(1946年後),低密度住宅區,95.0,15865,柏油路,無巷道,略不規則,平坦,內側地,中坡,北艾姆斯(NAmes),正常,正常,獨棟,1層樓,8,6,1970,1970,平頂,焦油碎石,木壁板,木壁板,無砌面,0.0,良好,良好,澆置混凝土,普通,良好,採光良好,普通居住空間,351,一般娛樂空間,823,1043,2217,瓦斯熱風,極佳,有,標準斷路器,2217,0,0,2217,1,0,2,0,4,1,良好,8,正常,1,普通,連接主屋,未完工,2,621,普通,普通,鋪面,81,207,0,0,224,0,無泳池,無圍籬,無其他設施,0,10,2007,一般保證契約,一般交易,268000,12.498745990829315
890,1,1層樓(1946年後),低密度住宅區,128.0,12160,柏油路,無巷道,規則,平坦,內側地,緩坡,北艾姆斯(NAmes),鄰近支線道路,正常,獨棟,1層樓,6,4,1953,1953,四坡頂,標準瀝青瓦,木壁板,木壁板,面磚,90.0,普通,普通,煤渣磚,普通,普通,無採光,低於平均居住空間,1024,未完工,0,481,1505,瓦斯熱風,極佳,有,標準斷路器,1505,0,0,1505,1,0,1,0,2,1,普通,6,正常,1,普通,連接主屋,粗略完工,2,505,普通,普通,鋪面,0,0,0,162,0,0,無泳池,無圍籬,無其他設施,0,2,2009,一般保證契約,一般交易,149500,11.915058360753719
891,0,1.5層樓(已完工),低密度住宅區,60.0,8064,柏油路,無巷道,規則,平坦,角地,緩坡,北艾姆斯(NAmes),鄰近主幹道,正常,獨棟,1.5層(二樓完工),5,7,1949,2006,山形頂,標準瀝青瓦,金屬壁板,金屬壁板,無砌面,0.0,普通,良好,煤渣磚,普通,普通,採光少,未完工,0,未完工,0,672,672,瓦斯熱風,極佳,有,標準斷路器,672,252,0,924,0,0,1,0,3,1,普通,6,正常,1,差,獨立車庫,未完工,2,576,普通,普通,鋪面,0,0,0,0,0,0,無泳池,隱私性低,儲藏棚,2000,7,2007,一般保證契約,一般交易,122900,11.719134432217524
892,1,2層樓(1946年後),低密度住宅區,70.0,11184,柏油路,無巷道,規則,平坦,內側地,緩坡,索耶(Sawyer),正常,正常,獨棟,2層樓,6,5,1978,1978,四坡頂,標準瀝青瓦,硬質纖維板,硬質纖維板,面磚,92.0,普通,普通,煤渣磚,普通,普通,無採光,低品質空間,226,一般娛樂空間,500,192,918,瓦斯熱風,良好,有,標準斷路器,918,765,0,1683,0,0,2,1,3,1,普通,7,正常,1,普通,連接主屋,粗略完工,2,440,普通,普通,鋪面,243,0,0,0,0,0,無泳池,無圍籬,無其他設施,0,7,2009,一般保證契約,一般交易,172500,12.058158312538197
894,1,1層樓(1946年後),低密度住宅區,70.5,13284,柏油路,無巷道,規則,平坦,內側地,緩坡,索耶(Sawyer),鄰近公園綠地等正面設施,正常,獨棟,1層樓,5,5,1954,1954,山形頂,標準瀝青瓦,木壁板,夾板,無砌面,0.0,普通,普通,澆置混凝土,良好,普通,採光少,低於平均居住空間,1064,未完工,0,319,1383,瓦斯熱風,普通,有,標準斷路器,1383,0,0,1383,1,0,1,0,3,1,普通,6,正常,1,良好,連接主屋,未完工,1,354,普通,普通,鋪面,511,116,0,0,0,0,無泳池,隱私性佳,無其他設施,0,6,2008,一般保證契約,一般交易,165000,12.013706813470414
896,2,2層樓(1946年後),低密度住宅區,71.0,7056,柏油路,無巷道,規則,平坦,內側地,緩坡,北艾姆斯(NAmes),正常,正常,獨棟,2層樓,6,5,1963,1963,四坡頂,標準瀝青瓦,硬質纖維板,硬質纖維板,面磚,415.0,普通,普通,煤渣磚,普通,普通,無採光,低於平均居住空間,400,未完工,0,380,780,瓦斯熱風,普通,有,標準斷路器,983,813,0,1796,1,0,1,1,4,1,普通,8,正常,1,普通,連接主屋,粗略完工,2,483,普通,普通,鋪面,0,50,0,0,0,0,無泳池,無圍籬,無其他設施,0,10,2008,一般保證契約,一般交易,140000,11.849404844423074
897,2,1層樓(1945年前),中密度住宅區,50.0,8765,柏油路,碎石巷,規則,平坦,內側地,緩坡,交通部與鐵路區(IDOTRR),正常,正常,獨棟,1層樓,4,6,1936,1950,山形頂,標準瀝青瓦,木壁板,木壁板,無砌面,0.0,普通,普通,磚與瓦,普通,普通,無採光,普通居住空間,285,未完工,0,666,951,瓦斯熱風,極佳,無,標準斷路器,951,0,0,951,0,0,1,0,2,1,普通,6,正常,0,無壁爐,獨立車庫,未完工,1,327,普通,普通,鋪面,0,28,0,0,0,0,無泳池,無圍籬,無其他設施,0,4,2006,一般保證契約,異常交易(如法拍),106500,11.575909653758895
898,4,雙拼住宅,低密度住宅區,64.0,7018,柏油路,無巷道,規則,平坦,內側地,緩坡,西索耶(SawyerW),鄰近支線道路,正常,雙拼,2層樓,5,5,1979,1979,山形頂,標準瀝青瓦,夾板,夾板,無砌面,0.0,普通,普通,板式,無地下室,無地下室,無地下室,無地下室,0,無地下室,0,0,0,瓦斯熱風,普通,有,標準斷路器,1120,1120,0,2240,0,0,2,0,6,2,普通,12,正常,0,無壁爐,獨立車庫,未完工,2,528,普通,普通,鋪面,154,0,0,0,0,0,無泳池,無圍籬,無其他設施,0,6,2009,一般保證契約,兩筆相連物件分配,142953,11.870278179170796
900,2,1層樓(1946年後),低密度住宅區,65.0,6993,柏油路,無巷道,規則,平坦,內側地,緩坡,索耶(Sawyer),鄰近支線道路,正常,獨棟,1層樓,5,7,1961,1994,山形頂,標準瀝青瓦,硬質纖維板,夾板,無砌面,0.0,普通,普通,煤渣磚,普通,普通,無採光,低於平均居住空間,465,未完工,0,447,912,瓦斯熱風,普通,有,標準斷路器,1236,0,0,1236,0,0,1,0,3,1,普通,6,正常,1,普通,連接主屋,未完工,1,288,普通,普通,鋪面,0,0,0,0,0,0,無泳池,無圍籬,無其他設施,0,6,2006,一般保證契約,一般交易,135000,11.813037464800539
901,0,1層樓(1946年後),低密度住宅區,74.5,7340,柏油路,無巷道,略不規則,平坦,內側地,緩坡,北艾姆斯(NAmes),正常,正常,獨棟,1層樓,4,6,1971,1971,山形頂,標準瀝青瓦,硬質纖維板,硬質纖維板,無砌面,0.0,普通,普通,煤渣磚,普通,普通,無採光,普通居住空間,322,未完工,0,536,858,瓦斯熱風,普通,有,標準斷路器,858,0,0,858,0,0,1,0,2,1,普通,4,正常,0,無壁爐,獨立車庫,未完工,1,684,普通,普通,鋪面,0,0,0,0,0,0,無泳池,無圍籬,無其他設施,0,6,2007,一般保證契約,一般交易,110000,11.608244735642321
902,1,1層樓(1946年後),低密度住宅區,64.0,8712,柏油路,無巷道,略不規則,平坦,內側地,緩坡,北艾姆斯(NAmes),正常,正常,獨棟,1層樓,5,7,1957,2000,四坡頂,標準瀝青瓦,金屬壁板,金屬壁板,無砌面,0.0,普通,良好,煤渣磚,普通,普通,採光少,低於平均居住空間,860,未完工,0,132,992,瓦斯熱風,普通,有,標準斷路器,1306,0,0,1306,1,0,1,0,2,1,普通,5,正常,0,無壁爐,獨立車庫,未完工,1,756,普通,普通,鋪面,0,0,0,0,0,0,無泳池,無圍籬,無其他設施,0,5,2009,一般保證契約,一般交易,153000,11.938199736300925
903,0,2層樓(1946年後),低密度住宅區,63.0,7875,柏油路,無巷道,規則,平坦,內側地,緩坡,吉爾伯特(Gilbert),正常,正常,獨棟,2層樓,7,5,2003,2003,山形頂,標準瀝青瓦,乙烯基壁板,乙烯基壁板,無砌面,0.0,良好,普通,澆置混凝土,良好,普通,無採光,未完工,0,未完工,0,783,783,瓦斯熱風,極佳,有,標準斷路器,807,702,0,1509,0,0,2,1,3,1,良好,8,正常,1,良好,連接主屋,已完工,2,393,普通,普通,鋪面,0,75,0,0,0,0,無泳池,無圍籬,無其他設施,0,7,2006,一般保證契約,一般交易,180000,12.100717685412471
904,1,1層樓(1946年後),低密度住宅區,50.0,14859,柏油路,無巷道,略不規則,山坡,死巷底,緩坡,吉爾伯特(Gilbert),正常,正常,獨棟,1層樓,7,5,2006,2006,四坡頂,標準瀝青瓦,乙烯基壁板,乙烯基壁板,面磚,27.0,良好,普通,澆置混凝土,良好,普通,無採光,未完工,0,未完工,0,1670,1670,瓦斯熱風,極佳,有,標準斷路器,1670,0,0,1670,0,0,2,0,3,1,良好,7,正常,1,良好,連接主屋,粗略完工,3,690,普通,普通,鋪面,144,60,0,0,0,0,無泳池,無圍籬,無其他設施,0,8,2006,新屋,預售屋(估價時未完工),240000,12.388398368982115
905,4,1層樓(1946年後),低密度住宅區,70.5,6173,柏油路,無巷道,略不規則,平坦,內側地,緩坡,索耶(Sawyer),正常,正常,獨棟,1層樓,5,6,1967,1967,山形頂,標準瀝青瓦,硬質纖維板,木壁板,面磚,75.0,普通,普通,煤渣磚,普通,普通,無採光,優良居住空間,599,未完工,0,277,876,瓦斯熱風,普通,有,標準斷路器,902,0,0,902,0,0,1,0,3,1,普通,6,正常,0,無壁爐,連接主屋,未完工,1,288,普通,普通,鋪面,0,0,0,0,0,0,無泳池,隱私性低,無其他設施,0,8,2007,一般保證契約,一般交易,125500,11.74006900564972
906,3,1層樓(1946年後),低密度住宅區,80.0,9920,柏油路,無巷道,規則,平坦,內側地,緩坡,北艾姆斯(NAmes),正常,正常,獨棟,1層樓,5,5,1954,1954,山形頂,標準瀝青瓦,硬質纖維板,硬質纖維板,石材,110.0,普通,普通,煤渣磚,普通,普通,無採光,一般娛樂空間,354,低品質空間,290,412,1056,瓦斯熱風,普通,有,標準斷路器,1063,0,0,1063,1,0,1,0,3,1,普通,6,正常,0,無壁爐,連接主屋,粗略完工,1,280,普通,普通,鋪面,0,0,164,0,0,0,無泳池,隱私性低,無其他設施,0,2,2010,一般保證契約,一般交易,128000,11.759793355371237
909,1,1層樓(1946年後),低密度住宅區,71.0,8885,柏油路,無巷道,略不規則,低窪,內側地,中坡,米切爾(Mitchel),正常,正常,獨棟,1層樓,5,5,1983,1983,山形頂,標準瀝青瓦,硬質纖維板,硬質纖維板,無砌面,0.0,普通,普通,煤渣磚,良好,普通,採光普通,低於平均居住空間,301,普通居住空間,324,239,864,瓦斯熱風,普通,有,標準斷路器,902,0,0,902,1,0,1,0,2,1,普通,5,正常,0,無壁爐,連接主屋,未完工,2,484,普通,普通,鋪面,164,0,0,0,0,0,無泳池,隱私性低,無其他設施,0,6,2006,一般保證契約,一般交易,131000,11.782960235741939
910,0,2層樓(1946年後),低密度住宅區,149.0,12589,柏油路,無巷道,中度不規則,平坦,內側地,緩坡,吉爾伯特(Gilbert),正常,正常,獨棟,2層樓,6,5,2005,2005,山形頂,標準瀝青瓦,乙烯基壁板,乙烯基壁板,無砌面,0.0,良好,普通,澆置混凝土,良好,普通,無採光,未完工,0,未完工,0,742,742,瓦斯熱風,極佳,有,標準斷路器,742,742,0,1484,0,0,2,1,3,1,良好,8,正常,1,良好,連接主屋,已完工,2,390,普通,普通,鋪面,36,24,0,0,0,0,無泳池,無圍籬,無其他設施,0,6,2009,一般保證契約,一般交易,174000,12.066816325306588
912,4,1層樓(1946年後),低密度住宅區,70.0,9286,柏油路,無巷道,略不規則,平坦,死巷底,中坡,學院溪(CollgCr),正常,正常,獨棟,1層樓,5,7,1977,1989,山形頂,標準瀝青瓦,硬質纖維板,夾板,無砌面,0.0,普通,普通,煤渣磚,良好,良好,採光普通,普通居住空間,196,未完工,0,1072,1268,瓦斯熱風,普通,有,標準斷路器,1268,0,0,1268,0,0,1,1,3,1,良好,5,正常,0,無壁爐,獨立車庫,未完工,1,252,普通,普通,鋪面,173,0,0,0,0,0,無泳池,無圍籬,無其他設施,0,10,2009,一般保證契約,一般交易,143500,11.874097282798648
913,1,1層樓(1945年前),中密度住宅區,51.0,6120,柏油路,無巷道,規則,平坦,內側地,緩坡,布魯克賽德(BrkSide),正常,正常,獨棟,1層樓,5,7,1925,1950,山形頂,標準瀝青瓦,金屬壁板,金屬壁板,無砌面,0.0,普通,普通,磚與瓦,普通,普通,無採光,一般娛樂空間,489,未完工,0,279,768,瓦斯熱風,普通,無,標準斷路器,1015,0,0,1015,0,0,1,0,3,1,普通,6,輕微扣分1,0,無壁爐,獨立車庫,未完工,1,450,普通,普通,鋪面,0,0,112,0,120,0,無泳池,隱私性低,儲藏棚,620,7,2006,一般保證契約,異常交易(如法拍),88000,11.385103457032141
914,0,雙拼住宅,高密度住宅區,82.0,6270,柏油路,無巷道,規則,山坡,內側地,緩坡,克勞福德(Crawfor),正常,正常,雙拼,2層樓,5,6,1949,1950,山形頂,標準瀝青瓦,金屬壁板,金屬壁板,無砌面,0.0,普通,普通,煤渣磚,普通,普通,無採光,低於平均居住空間,284,未完工,0,717,1001,瓦斯熱風,普通,無,保險絲(良),1001,1001,0,2002,0,0,2,0,4,2,普通,8,正常,0,無壁爐,多種車庫,未完工,3,871,普通,普通,鋪面,0,0,0,0,0,0,無泳池,無圍籬,無其他設施,0,8,2007,一般保證契約,一般交易,145000,11.884495917930655
915,0,2層樓社區住宅(1946年後),浮動村住宅區,30.0,3000,柏油路,柏油巷,規則,平坦,內側地,緩坡,薩默塞特(Somerst),正常,正常,連棟邊間,2層樓,6,5,2009,2009,山形頂,標準瀝青瓦,乙烯基壁板,乙烯基壁板,石材,76.0,良好,普通,澆置混凝土,良好,普通,採光普通,優良居住空間,294,未完工,0,318,612,瓦斯熱風,極佳,有,標準斷路器,612,612,0,1224,0,0,2,1,2,1,良好,4,正常,0,無壁爐,獨立車庫,粗略完工,2,528,普通,普通,鋪面,0,234,0,0,0,0,無泳池,無圍籬,無其他設施,0,6,2009,新屋,預售屋(估價時未完工),173733,12.065280672855897
919,0,2層樓(1946年後),低密度住宅區,103.0,13125,柏油路,無巷道,略不規則,平坦,角地,緩坡,西索耶(SawyerW),正常,正常,獨棟,2層樓,7,5,1991,1991,山形頂,標準瀝青瓦,硬質纖維板,硬質纖維板,無砌面,0.0,良好,普通,澆置混凝土,極佳,普通,採光少,低於平均居住空間,48,優良居住空間,634,422,1104,瓦斯熱風,極佳,有,標準斷路器,912,1215,0,2127,1,0,2,1,4,1,良好,8,正常,1,普通,連接主屋,粗略完工,3,833,普通,普通,鋪面,72,192,224,0,0,0,無泳池,隱私性佳,無其他設施,0,11,2007,一般保證契約,一般交易,238000,12.380030154325457
920,3,1層樓(1946年後),低密度住宅區,87.0,11029,柏油路,無巷道,略不規則,平坦,角地,緩坡,北艾姆斯(NAmes),正常,正常,獨棟,1層樓,6,8,1958,2002,四坡頂,標準瀝青瓦,金屬壁板,金屬壁板,無砌面,0.0,極佳,普通,煤渣磚,良好,普通,無採光,普通居住空間,528,低於平均居住空間,411,245,1184,瓦斯熱風,極佳,有,標準斷路器,1414,0,0,1414,1,0,1,0,3,1,普通,6,輕微扣分1,1,普通,連接主屋,未完工,2,601,普通,普通,鋪面,0,51,0,0,190,0,無泳池,無圍籬,無其他設施,0,5,2008,一般保證契約,一般交易,176500,12.081081821061819
921,4,2層樓(1946年後),低密度住宅區,70.0,8462,柏油路,無巷道,略不規則,平坦,內側地,緩坡,西索耶(SawyerW),正常,正常,獨棟,2層樓,6,5,1994,1994,山形頂,標準瀝青瓦,硬質纖維板,硬質纖維板,面磚,105.0,良好,良好,澆置混凝土,良好,良好,無採光,優良居住空間,814,未完工,0,114,928,瓦斯熱風,極佳,有,標準斷路器,936,785,0,1721,0,1,2,1,3,1,良好,7,正常,0,無壁爐,連接主屋,粗略完工,2,471,普通,普通,鋪面,300,87,0,0,0,0,無泳池,無圍籬,無其他設施,0,7,2007,一般保證契約,一般交易,201000,12.211065162153215
922,1,雙拼住宅,低密度住宅區,67.0,8777,柏油路,無巷道,規則,平坦,內側地,緩坡,愛德華茲(Edwards),鄰近支線道路,正常,雙拼,1.5層(二樓完工),5,7,1900,2003,山形頂,標準瀝青瓦,金屬壁板,金屬壁板,無砌面,0.0,普通,普通,煤渣磚,普通,普通,無採光,普通居住空間,1084,未完工,0,188,1272,瓦斯熱風,良好,有,標準斷路器,1272,928,0,2200,2,0,2,2,4,2,普通,9,正常,0,無壁爐,無車庫,無車庫,0,0,無車庫,無車庫,泥土或碎石,0,70,0,0,0,0,無泳池,隱私性佳,無其他設施,0,9,2008,一般保證契約,一般交易,145900,11.890683588496984
924,1,1層樓社區住宅(1946年後),低密度住宅區,50.0,8012,柏油路,無巷道,規則,平坦,內側地,緩坡,西索耶(SawyerW),正常,正常,連棟邊間,1層樓,6,5,1993,1994,山形頂,標準瀝青瓦,夾板,夾板,無砌面,0.0,良好,普通,澆置混凝土,良好,普通,無採光,低品質空間,165,優良居住空間,841,598,1604,瓦斯熱風,極佳,有,標準斷路器,1617,0,0,1617,1,0,2,0,2,1,良好,5,正常,1,尚可,連接主屋,粗略完工,2,533,普通,普通,鋪面,0,69,0,0,0,0,無泳池,無圍籬,無其他設施,0,7,2008,一般保證契約,一般交易,193000,12.170450649220749
925,2,1層樓(1946年後),低密度住宅區,79.0,10240,柏油路,無巷道,規則,平坦,內側地,緩坡,西北艾姆斯(NWAmes),正常,正常,獨棟,1層樓,6,6,1980,1980,山形頂,標準瀝青瓦,夾板,夾板,面磚,157.0,普通,良好,煤渣磚,良好,普通,無採光,低於平均居住空間,625,低品質空間,1061,0,1686,瓦斯熱風,普通,有,標準斷路器,1686,0,0,1686,1,0,2,0,3,1,普通,7,正常,1,普通,連接主屋,未完工,2,612,普通,普通,鋪面,384,131,0,0,0,0,無泳池,無圍籬,無其他設施,0,5,2006,一般保證契約,一般交易,207500,12.242891437918386
927,2,2層樓(1946年後),低密度住宅區,93.0,11999,柏油路,無巷道,規則,平坦,內側地,緩坡,北嶺高地(NridgHt),正常,正常,獨棟,2層樓,8,5,2003,2004,四坡頂,標準瀝青瓦,乙烯基壁板,乙烯基壁板,面磚,340.0,良好,普通,澆置混凝土,良好,普通,無採光,未完工,0,未完工,0,1181,1181,瓦斯熱風,極佳,有,標準斷路器,1234,1140,0,2374,0,0,2,1,4,1,極佳,10,正常,1,良好,內建車庫,已完工,3,656,普通,普通,鋪面,104,100,0,0,0,0,無泳池,無圍籬,無其他設施,0,5,2007,一般保證契約,一般交易,285000,12.560247968016562
928,3,2層樓(1946年後),低密度住宅區,80.0,9900,柏油路,無巷道,規則,平坦,內側地,緩坡,西北艾姆斯(NWAmes),鄰近支線道路,正常,獨棟,2層樓,7,5,1968,1968,山形頂,標準瀝青瓦,金屬壁板,金屬壁板,面磚,342.0,普通,普通,煤渣磚,普通,普通,無採光,低於平均居住空間,552,未完工,0,280,832,瓦斯熱風,良好,有,標準斷路器,1098,880,0,1978,0,0,2,1,4,1,普通,9,正常,1,良好,連接主屋,粗略完工,2,486,普通,普通,鋪面,0,43,0,0,0,0,無泳池,隱私性佳,無其他設施,0,4,2008,一般保證契約,一般交易,176000,12.07824495582233
929,2,1層樓(1946年後),低密度住宅區,70.0,11838,柏油路,無巷道,規則,平坦,內側地,緩坡,學院溪(CollgCr),正常,正常,獨棟,1層樓,8,5,2001,2001,四坡頂,標準瀝青瓦,乙烯基壁板,乙烯基壁板,無砌面,0.0,良好,普通,澆置混凝土,良好,普通,採光普通,未完工,0,未完工,0,1753,1753,瓦斯熱風,極佳,有,標準斷路器,1788,0,0,1788,0,0,2,0,3,1,極佳,7,正常,1,普通,連接主屋,粗略完工,2,522,普通,普通,鋪面,202,151,0,0,0,0,無泳池,無圍籬,無其他設施,0,6,2009,一般保證契約,一般交易,236500,12.373707715234994
930,4,2層樓(1946年後),低密度住宅區,65.0,13006,柏油路,無巷道,略不規則,平坦,角地,緩坡,吉爾伯特(Gilbert),正常,正常,獨棟,2層樓,7,5,1997,1997,山形頂,標準瀝青瓦,硬質纖維板,硬質纖維板,面磚,285.0,普通,普通,澆置混凝土,良好,普通,無採光,未完工,0,未完工,0,964,964,瓦斯熱風,良好,有,標準斷路器,993,1243,0,2236,0,0,2,1,4,1,良好,8,正常,1,普通,內建車庫,已完工,2,642,普通,普通,鋪面,0,0,0,0,0,0,無泳池,無圍籬,無其他設施,0,11,2006,一般保證契約,一般交易,222000,12.310437165348775
932,1,1層樓(1946年後),低密度住宅區,70.0,9100,柏油路,無巷道,規則,平坦,內側地,緩坡,北艾姆斯(NAmes),正常,正常,獨棟,1層樓,5,6,1965,1965,山形頂,標準瀝青瓦,乙烯基壁板,乙烯基壁板,無砌面,0.0,普通,普通,煤渣磚,普通,普通,無採光,低於平均居住空間,338,一般娛樂空間,466,121,925,瓦斯熱風,極佳,有,標準斷路器,925,0,0,925,0,1,1,0,2,1,普通,5,正常,0,無壁爐,獨立車庫,未完工,1,429,普通,普通,鋪面,0,0,0,0,0,0,無泳池,木圍籬佳,無其他設施,0,7,2009,一般保證契約,一般交易,117500,11.674202123168433
933,3,1層樓(1946年後),低密度住宅區,84.0,11670,柏油路,無巷道,略不規則,平坦,角地,緩坡,薩默塞特(Somerst),南北向鐵路200英尺內,正常,獨棟,1層樓,9,5,2006,2006,四坡頂,標準瀝青瓦,乙烯基壁板,仿灰泥,石材,302.0,極佳,普通,澆置混凝土,極佳,良好,無採光,未完工,0,未完工,0,1905,1905,瓦斯熱風,極佳,有,標準斷路器,1905,0,0,1905,0,0,2,0,3,1,極佳,8,正常,1,良好,連接主屋,已完工,3,788,普通,普通,鋪面,0,191,0,0,0,0,無泳池,無圍籬,無其他設施,0,3,2007,一般保證契約,一般交易,320000,12.676079399771027
934,1,1層樓(1946年後),低密度住宅區,63.0,8487,柏油路,無巷道,規則,平坦,兩面臨路,緩坡,學院溪(CollgCr),正常,正常,獨棟,1層樓,7,5,2004,2004,山形頂,標準瀝青瓦,乙烯基壁板,乙烯基壁板,面磚,210.0,良好,普通,澆置混凝土,良好,普通,採光普通,優良居住空間,20,未完工,0,1480,1500,瓦斯熱風,極佳,有,標準斷路器,1500,0,0,1500,0,0,2,0,3,1,良好,6,正常,0,無壁爐,連接主屋,粗略完工,2,570,普通,普通,鋪面,192,36,0,0,0,0,無泳池,無圍籬,無其他設施,0,8,2009,一般保證契約,一般交易,190000,12.154784614286667
935,2,1層樓(1946年後),低密度住宅區,313.0,27650,柏油路,無巷道,中度不規則,山坡,內側地,中坡,北艾姆斯(NAmes),緊鄰公園綠地等正面設施,正常,獨棟,1層樓,7,7,1960,2007,平頂,焦油碎石,木壁板,木壁板,無砌面,0.0,普通,普通,煤渣磚,良好,普通,採光良好,優良居住空間,425,未完工,0,160,585,瓦斯熱風,極佳,有,標準斷路器,2069,0,0,2069,1,0,2,0,4,1,良好,9,正常,1,良好,連接主屋,粗略完工,2,505,普通,普通,鋪面,0,0,0,0,0,0,無泳池,無圍籬,無其他設施,0,11,2008,一般保證契約,一般交易,242000,12.396697137361691
936,4,1層樓(1945年前),低密度住宅區,52.0,5825,柏油路,無巷道,略不規則,平坦,內側地,緩坡,布魯克賽德(BrkSide),正常,正常,獨棟,1層樓,4,5,1926,1953,山形頂,標準瀝青瓦,金屬壁板,金屬壁板,面磚,108.0,普通,良好,澆置混凝土,尚可,普通,採光少,未完工,0,未完工,0,600,600,瓦斯熱風,良好,有,標準斷路器,747,0,0,747,0,0,1,0,1,1,普通,5,正常,0,無壁爐,獨立車庫,未完工,2,528,普通,普通,鋪面,0,0,32,0,0,0,無泳池,無圍籬,無其他設施,0,6,2006,一般保證契約,一般交易,79900,11.288543647320601
937,4,1層樓(1946年後),低密度住宅區,67.0,10083,柏油路,無巷道,規則,平坦,內側地,緩坡,西索耶(SawyerW),正常,正常,獨棟,1層樓,7,5,2003,2003,山形頂,標準瀝青瓦,乙烯基壁板,乙烯基壁板,無砌面,0.0,良好,普通,澆置混凝土,良好,普通,無採光,優良居住空間,833,未完工,0,343,1176,瓦斯熱風,極佳,有,標準斷路器,1200,0,0,1200,1,0,2,0,2,1,良好,5,正常,0,無壁爐,連接主屋,粗略完工,2,555,普通,普通,鋪面,0,41,0,0,0,0,無泳池,無圍籬,無其他設施,0,8,2009,一般保證契約,一般交易,184900,12.127575825689417
939,3,2層樓(1946年後),低密度住宅區,73.0,8760,柏油路,無巷道,規則,平坦,內側地,緩坡,學院溪(CollgCr),正常,正常,獨棟,2層樓,7,5,2006,2006,山形頂,標準瀝青瓦,乙烯基壁板,乙烯基壁板,無砌面,0.0,良好,普通,澆置混凝土,良好,良好,採光少,優良居住空間,464,未完工,0,927,1391,瓦斯熱風,極佳,有,標準斷路器,1391,571,0,1962,0,0,2,1,3,1,良好,7,正常,0,無壁爐,連接主屋,粗略完工,3,868,普通,普通,鋪面,0,90,0,0,0,0,無泳池,無圍籬,無其他設施,0,8,2006,新屋,預售屋(估價時未完工),239799,12.387560521575551
941,3,雙拼住宅,低密度住宅區,55.0,12640,柏油路,無巷道,略不規則,平坦,內側地,緩坡,米切爾(Mitchel),正常,正常,雙拼,1層樓,6,5,1976,1976,山形頂,標準瀝青瓦,夾板,夾板,無砌面,0.0,普通,普通,煤渣磚,普通,普通,採光良好,一般娛樂空間,936,低品質空間,396,396,1728,瓦斯熱風,普通,有,標準斷路器,1728,0,0,1728,0,0,2,0,4,2,普通,8,正常,0,無壁爐,連接主屋,未完工,2,574,普通,普通,鋪面,40,0,0,0,0,0,無泳池,無圍籬,無其他設施,0,7,2006,一般保證契約,一般交易,150900,11.924379271639218
942,4,2層樓(1946年後),低密度住宅區,65.0,8755,柏油路,無巷道,略不規則,平坦,兩面臨路,緩坡,吉爾伯特(Gilbert),南北向鐵路200英尺內,正常,獨棟,2層樓,7,5,1999,1999,山形頂,標準瀝青瓦,乙烯基壁板,乙烯基壁板,面磚,298.0,良好,普通,澆置混凝土,良好,普通,無採光,普通居住空間,772,未完工,0,220,992,瓦斯熱風,極佳,有,標準斷路器,1022,1038,0,2060,1,0,2,1,3,1,良好,8,正常,1,普通,內建車庫,粗略完工,2,390,普通,普通,鋪面,0,0,0,168,0,0,無泳池,隱私性佳,無其他設施,0,6,2009,一般保證契約,一般交易,214000,12.273735966890268
943,0,雙拼住宅,低密度住宅區,42.0,7711,柏油路,無巷道,略不規則,平坦,內側地,緩坡,愛德華茲(Edwards),正常,正常,雙拼,1層樓,4,3,1977,1977,山形頂,標準瀝青瓦,金屬壁板,金屬壁板,無砌面,0.0,普通,普通,澆置混凝土,良好,普通,採光良好,優良居住空間,1440,未完工,0,0,1440,瓦斯熱風,普通,有,標準斷路器,1440,0,0,1440,2,0,2,0,4,2,普通,8,正常,0,無壁爐,無車庫,無車庫,0,0,無車庫,無車庫,泥土或碎石,321,0,0,0,0,0,無泳池,無圍籬,無其他設施,0,8,2007,其他,異常交易(如法拍),150000,11.918397239722838
944,0,雙拼住宅,低密度住宅區,100.0,25000,柏油路,無巷道,規則,低窪,內側地,緩坡,米切爾(Mitchel),正常,正常,雙拼,1層樓,5,4,1967,1967,山形頂,標準瀝青瓦,硬質纖維板,夾板,無砌面,0.0,普通,普通,煤渣磚,普通,普通,採光普通,未完工,0,未完工,0,1632,1632,瓦斯熱風,普通,有,標準斷路器,1632,0,0,1632,0,0,2,0,4,2,普通,8,正常,0,無壁爐,連接主屋,未完工,2,576,普通,普通,部分鋪面,0,0,0,0,0,0,無泳池,無圍籬,無其他設施,0,6,2007,一般保證契約,一般交易,143000,11.870606902224587
945,2,1層樓(1946年後),低密度住宅區,85.0,14375,柏油路,無巷道,略不規則,平坦,死巷底,緩坡,林地(Timber),正常,正常,獨棟,錯層,6,6,1958,1958,山形頂,標準瀝青瓦,硬質纖維板,硬質纖維板,面磚,541.0,普通,普通,煤渣磚,普通,普通,無採光,優良居住空間,111,一般娛樂空間,354,354,819,瓦斯熱風,良好,有,保險絲(良),1344,0,0,1344,0,1,1,0,3,1,良好,7,正常,1,良好,地下室車庫,粗略完工,2,525,普通,普通,鋪面,0,118,0,0,233,0,無泳池,無圍籬,無其他設施,0,1,2009,法院或遺產拍賣,異常交易(如法拍),137500,11.83138646878959
946,2,1.5層樓(已完工),中密度住宅區,98.0,8820,柏油路,無巷道,規則,平坦,角地,緩坡,舊城區(OldTown),正常,正常,獨棟,1.5層(二樓完工),5,6,1890,1996,四坡頂,標準瀝青瓦,乙烯基壁板,乙烯基壁板,無砌面,0.0,普通,普通,磚與瓦,普通,普通,無採光,低品質空間,1088,未完工,0,0,1088,瓦斯熱風,普通,有,標準斷路器,1188,561,120,1869,0,0,1,0,2,1,普通,7,正常,0,無壁爐,獨立車庫,未完工,2,456,普通,普通,鋪面,48,0,244,0,0,0,無泳池,簡易鐵絲網,無其他設施,0,9,2009,一般保證契約,一般交易,124900,11.735276702486741
948,1,1層樓(1946年後),低密度住宅區,85.0,14536,柏油路,無巷道,規則,平坦,內側地,緩坡,林地(Timber),正常,正常,獨棟,1層樓,8,5,2002,2003,四坡頂,標準瀝青瓦,乙烯基壁板,乙烯基壁板,面磚,236.0,良好,普通,澆置混凝土,良好,普通,採光普通,優良居住空間,1300,未完工,0,316,1616,瓦斯熱風,極佳,有,標準斷路器,1629,0,0,1629,1,0,2,0,3,1,良好,9,正常,1,良好,連接主屋,已完工,3,808,普通,普通,鋪面,0,252,0,0,0,0,無泳池,無圍籬,無其他設施,0,11,2007,一般保證契約,一般交易,270000,12.506180941677357
950,2,1層樓(1946年後),低密度住宅區,78.0,9360,柏油路,無巷道,規則,平坦,內側地,緩坡,西北艾姆斯(NWAmes),正常,正常,獨棟,1層樓,6,7,1972,2006,四坡頂,標準瀝青瓦,夾板,夾板,無砌面,0.0,普通,普通,煤渣磚,普通,普通,無採光,普通居住空間,982,未完工,0,179,1161,瓦斯熱風,普通,有,標準斷路器,1381,0,0,1381,1,0,1,1,3,1,良好,5,正常,1,普通,連接主屋,粗略完工,2,676,普通,普通,鋪面,0,0,0,0,0,0,無泳池,無圍籬,無其他設施,0,3,2010,一般保證契約,一般交易,197500,12.193498926601634
951,3,1層樓(1946年後),低密度住宅區,60.0,7200,柏油路,無巷道,規則,平坦,內側地,緩坡,北艾姆斯(NAmes),正常,正常,獨棟,1層樓,5,8,1950,2002,山形頂,標準瀝青瓦,乙烯基壁板,乙烯基壁板,無砌面,0.0,普通,普通,煤渣磚,普通,普通,無採光,普通居住空間,398,低於平均居住空間,149,317,864,瓦斯熱風,良好,有,標準斷路器,864,0,0,864,1,0,1,0,3,1,良好,5,正常,0,無壁爐,獨立車庫,粗略完工,2,720,普通,普通,鋪面,194,0,0,0,0,0,無泳池,無圍籬,無其他設施,0,7,2007,一般保證契約,一般交易,129000,11.767575435251748
952,0,1層樓(1946年後),高密度住宅區,60.0,7800,柏油路,無巷道,規則,平坦,角地,緩坡,西索耶(SawyerW),正常,正常,獨棟,1層樓,5,5,1965,1965,山形頂,標準瀝青瓦,乙烯基壁板,乙烯基壁板,無砌面,0.0,普通,普通,煤渣磚,普通,普通,無採光,低於平均居住空間,641,未完工,0,187,828,瓦斯熱風,良好,有,標準斷路器,965,0,0,965,1,0,1,0,3,1,普通,6,正常,0,無壁爐,獨立車庫,未完工,1,300,普通,普通,鋪面,421,0,0,0,0,0,無泳池,隱私性低,無其他設施,0,7,2006,一般保證契約,異常交易(如法拍),119900,11.694421681264394
954,3,2層樓(1946年後),低密度住宅區,71.0,11075,柏油路,無巷道,略不規則,平坦,內側地,中坡,米切爾(Mitchel),正常,正常,獨棟,2層樓,5,4,1969,1969,山形頂,標準瀝青瓦,硬質纖維板,硬質纖維板,面磚,232.0,普通,普通,煤渣磚,普通,普通,採光普通,普通居住空間,562,低品質空間,193,29,784,瓦斯熱風,極佳,有,標準斷路器,1168,800,0,1968,0,1,2,1,4,1,普通,7,輕微扣分2,1,差,連接主屋,粗略完工,2,530,普通,普通,鋪面,305,189,0,0,0,0,無泳池,隱私性低,儲藏棚,400,9,2008,一般保證契約,一般交易,172000,12.055255569732177
955,3,雙拼住宅,低密度住宅區,35.0,9400,柏油路,無巷道,略不規則,平坦,死巷底,緩坡,愛德華茲(Edwards),正常,正常,雙拼,錯層玄關,6,5,1975,1975,平頂,焦油碎石,木瓦,夾板,面磚,250.0,普通,普通,煤渣磚,良好,良好,採光良好,優良居住空間,945,未完工,0,0,945,瓦斯熱風,普通,有,標準斷路器,980,0,0,980,0,2,2,0,4,0,普通,4,正常,0,無壁爐,無車庫,無車庫,0,0,無車庫,無車庫,鋪面,0,0,0,0,0,0,無泳池,無圍籬,無其他設施,0,10,2006,一般保證契約,購買相鄰土地,127500,11.755879486687116
956,0,雙拼住宅,高密度住宅區,82.0,7136,柏油路,無巷道,略不規則,山坡,內側地,緩坡,克勞福德(Crawfor),正常,正常,雙拼,2層樓,6,6,1946,1950,山形頂,標準瀝青瓦,金屬壁板,金屬壁板,面磚,423.0,普通,普通,煤渣磚,良好,普通,無採光,一般娛樂空間,484,未完工,0,495,979,瓦斯熱風,普通,無,保險絲(普通),979,979,0,1958,0,0,2,0,4,2,普通,8,正常,0,無壁爐,連接主屋,未完工,2,492,普通,普通,鋪面,0,0,0,0,0,0,無泳池,無圍籬,無其他設施,0,8,2007,一般保證契約,一般交易,145000,11.884495917930655
957,4,2層樓社區住宅(1946年後),中密度住宅區,24.0,1300,柏油路,無巷道,規則,平坦,內側地,緩坡,藍莖(Blueste),正常,正常,連棟邊間,2層樓,6,6,1980,1980,山形頂,標準瀝青瓦,金屬壁板,金屬壁板,無砌面,0.0,普通,普通,煤渣磚,良好,普通,無採光,普通居住空間,285,未完工,0,276,561,瓦斯熱風,普通,有,標準斷路器,561,668,0,1229,0,0,1,1,2,1,普通,5,正常,1,普通,連接主屋,已完工,2,462,普通,普通,鋪面,150,0,0,0,0,0,無泳池,隱私性佳,無其他設施,0,5,2009,一般保證契約,一般交易,124000,11.728044909070785
958,1,1層樓(1946年後),低密度住宅區,70.0,7420,柏油路,無巷道,規則,平坦,內側地,緩坡,索耶(Sawyer),正常,正常,獨棟,1層樓,5,5,1962,1962,四坡頂,標準瀝青瓦,金屬壁板,金屬壁板,無砌面,0.0,普通,普通,煤渣磚,普通,普通,無採光,一般娛樂空間,417,未完工,0,640,1057,瓦斯熱風,普通,有,標準斷路器,1057,0,0,1057,0,0,1,0,3,1,普通,6,正常,0,無壁爐,獨立車庫,已完工,2,576,普通,普通,鋪面,0,0,0,0,0,0,無泳池,無圍籬,無其他設施,0,4,2007,一般保證契約,一般交易,132000,11.790564777297387
960,2,2層樓社區住宅(1946年後),浮動村住宅區,24.0,2572,柏油路,無巷道,規則,平坦,兩面臨路,緩坡,薩默塞特(Somerst),正常,正常,連棟中間,2層樓,7,5,1999,1999,四坡頂,標準瀝青瓦,金屬壁板,金屬壁板,無砌面,0.0,良好,普通,澆置混凝土,良好,普通,無採光,普通居住空間,604,未完工,0,92,696,瓦斯熱風,極佳,有,標準斷路器,696,720,0,1416,1,0,2,1,3,1,良好,6,正常,0,無壁爐,獨立車庫,未完工,2,484,普通,普通,鋪面,0,44,0,0,0,0,無泳池,無圍籬,無其他設施,0,5,2010,一般保證契約,一般交易,155000,11.951186847493476
961,4,1層樓(1946年後),低密度住宅區,50.0,7207,柏油路,無巷道,略不規則,平坦,內側地,緩坡,布魯克賽德(BrkSide),正常,正常,獨棟,1層樓,5,7,1958,2008,山形頂,標準瀝青瓦,木壁板,夾板,無砌面,0.0,普通,良好,煤渣磚,普通,普通,採光良好,低於平均居住空間,696,未完工,0,162,858,瓦斯熱風,良好,有,標準斷路器,858,0,0,858,1,0,1,0,2,1,普通,4,正常,0,無壁爐,無車庫,無車庫,0,0,無車庫,無車庫,鋪面,117,0,0,0,0,0,無泳池,無圍籬,無其他設施,0,2,2010,一般保證契約,一般交易,116500,11.665655135642039
962,0,2層樓(1946年後),低密度住宅區,80.0,12227,柏油路,無巷道,略不規則,平坦,角地,緩坡,西北艾姆斯(NWAmes),鄰近公園綠地等正面設施,正常,獨棟,2層樓,6,7,1977,1995,山形頂,標準瀝青瓦,硬質纖維板,硬質纖維板,面磚,424.0,普通,良好,煤渣磚,良好,良好,無採光,普通居住空間,896,未完工,0,434,1330,瓦斯熱風,普通,有,標準斷路器,1542,1330,0,2872,1,0,2,1,4,1,普通,11,正常,1,普通,連接主屋,已完工,2,619,普通,普通,鋪面,550,282,0,0,0,0,無泳池,無圍籬,無其他設施,0,7,2008,一般保證契約,一般交易,272000,12.513561021741964
963,1,2層樓社區住宅(1946年後),低密度住宅區,24.0,2308,柏油路,無巷道,規則,平坦,角地,緩坡,北公園村(NPkVill),正常,正常,連棟邊間,2層樓,6,6,1976,1976,山形頂,標準瀝青瓦,夾板,一般磚,無砌面,0.0,普通,普通,煤渣磚,良好,普通,無採光,普通居住空間,556,未完工,0,248,804,瓦斯熱風,普通,有,標準斷路器,804,744,0,1548,1,0,2,1,3,1,良好,7,正常,1,普通,獨立車庫,未完工,2,440,普通,普通,鋪面,48,0,0,0,0,0,無泳池,無圍籬,無其他設施,0,7,2007,一般保證契約,一般交易,155000,11.951186847493476
964,4,1層樓(1946年後),低密度住宅區,122.0,11923,柏油路,無巷道,略不規則,平坦,角地,緩坡,學院溪(CollgCr),正常,正常,獨棟,1層樓,9,5,2007,2007,山形頂,標準瀝青瓦,乙烯基壁板,乙烯基壁板,無砌面,0.0,良好,普通,澆置混凝土,極佳,普通,無採光,未完工,0,未完工,0,1800,1800,瓦斯熱風,極佳,有,標準斷路器,1800,0,0,1800,0,0,2,0,2,1,極佳,7,正常,0,無壁爐,連接主屋,已完工,2,702,普通,普通,鋪面,288,136,0,0,0,0,無泳池,無圍籬,無其他設施,0,5,2009,一般保證契約,一般交易,239000,12.384223015005313
965,4,2層樓(1946年後),低密度住宅區,80.0,11316,柏油路,無巷道,規則,平坦,角地,緩坡,林地(Timber),正常,正常,獨棟,2層樓,7,5,2002,2003,山形頂,標準瀝青瓦,乙烯基壁板,乙烯基壁板,面磚,44.0,良好,普通,澆置混凝土,良好,普通,無採光,優良居住空間,624,未完工,0,193,817,瓦斯熱風,極佳,有,標準斷路器,824,1070,0,1894,1,0,2,1,4,1,良好,8,正常,1,良好,內建車庫,已完工,2,510,普通,普通,鋪面,0,40,0,0,0,0,無泳池,無圍籬,無其他設施,0,2,2010,一般保證契約,一般交易,214900,12.277932735946903
966,1,2層樓(1946年後),低密度住宅區,65.0,10237,柏油路,無巷道,規則,平坦,內側地,緩坡,吉爾伯特(Gilbert),緊鄰南北向鐵路,正常,獨棟,2層樓,6,5,2005,2007,山形頂,標準瀝青瓦,乙烯基壁板,乙烯基壁板,無砌面,0.0,良好,普通,澆置混凝土,良好,普通,無採光,未完工,0,未完工,0,783,783,瓦斯熱風,極佳,有,標準斷路器,783,701,0,1484,0,0,2,1,3,1,良好,8,正常,1,良好,連接主屋,已完工,2,393,普通,普通,鋪面,0,72,0,0,0,0,無泳池,無圍籬,無其他設施,0,7,2007,新屋,預售屋(估價時未完工),178900,12.094587859196112
968,1,1層樓(1946年後),低密度住宅區,74.5,7390,柏油路,無巷道,略不規則,平坦,內側地,緩坡,北艾姆斯(NAmes),正常,正常,獨棟,1層樓,5,7,1955,1955,四坡頂,標準瀝青瓦,木壁板,木壁板,面磚,151.0,普通,普通,煤渣磚,普通,普通,無採光,普通居住空間,902,未完工,0,196,1098,瓦斯熱風,普通,有,標準斷路器,1098,0,0,1098,1,0,1,0,3,1,普通,6,正常,0,無壁爐,連接主屋,未完工,1,260,普通,普通,鋪面,0,0,0,0,0,0,無泳池,無圍籬,無其他設施,0,7,2008,一般保證契約,一般交易,135000,11.813037464800539
969,1,1.5層樓(已完工),中密度住宅區,50.0,5925,柏油路,無巷道,規則,平坦,內側地,緩坡,舊城區(OldTown),正常,正常,獨棟,1.5層(二樓完工),3,6,1910,1950,山形頂,標準瀝青瓦,乙烯基壁板,乙烯基壁板,無砌面,0.0,普通,普通,磚與瓦,普通,普通,無採光,未完工,0,未完工,0,600,600,重力式暖爐,尚可,無,標準斷路器,600,368,0,968,0,0,1,0,2,1,普通,6,正常,0,無壁爐,無車庫,無車庫,0,0,無車庫,無車庫,鋪面,0,0,0,0,0,0,無泳池,木圍籬佳,無其他設施,0,5,2009,一般保證契約,異常交易(如法拍),37900,10.542732775946709
970,0,兩戶改建住宅,低密度住宅區,75.0,10382,柏油路,無巷道,規則,平坦,內側地,緩坡,北艾姆斯(NAmes),正常,正常,兩戶改建,錯層,6,5,1958,1958,四坡頂,標準瀝青瓦,硬質纖維板,硬質纖維板,面磚,105.0,普通,尚可,煤渣磚,普通,普通,採光良好,普通居住空間,513,未完工,0,75,588,瓦斯熱風,普通,有,標準斷路器,1095,0,0,1095,1,0,1,0,2,1,普通,6,正常,0,無壁爐,連接主屋,粗略完工,1,264,普通,普通,鋪面,0,0,0,0,0,0,無泳池,無圍籬,無其他設施,0,3,2006,低頭期合約,一般交易,140000,11.849404844423074
971,4,1.5層樓(已完工),低密度住宅區,60.0,10800,柏油路,無巷道,規則,平坦,內側地,緩坡,北艾姆斯(NAmes),正常,正常,獨棟,1.5層(二樓完工),4,4,1949,1950,山形頂,標準瀝青瓦,石棉瓦,石棉瓦,無砌面,0.0,普通,普通,煤渣磚,普通,普通,無採光,未完工,0,未完工,0,720,720,瓦斯熱風,普通,無,保險絲(良),720,472,0,1192,0,0,1,1,4,1,普通,6,正常,0,無壁爐,無車庫,無車庫,0,0,無車庫,無車庫,鋪面,0,0,0,0,0,0,無泳池,無圍籬,無其他設施,0,12,2006,一般保證契約,異常交易(如法拍),135000,11.813037464800539
972,4,2層樓社區住宅(1946年後),低密度住宅區,36.0,2268,柏油路,無巷道,規則,平坦,內側地,緩坡,北嶺高地(NridgHt),正常,正常,連棟中間,2層樓,7,5,2003,2004,山形頂,標準瀝青瓦,乙烯基壁板,木瓦,石材,106.0,良好,普通,澆置混凝土,良好,普通,無採光,優良居住空間,567,未完工,0,197,764,瓦斯熱風,極佳,有,標準斷路器,764,862,0,1626,0,0,2,0,2,1,良好,6,正常,0,無壁爐,內建車庫,粗略完工,2,474,普通,普通,鋪面,0,27,0,0,0,0,無泳池,無圍籬,無其他設施,0,7,2009,一般保證契約,一般交易,173000,12.06105265381003
973,2,1層樓社區住宅(1946年後),低密度住宅區,55.0,7892,柏油路,無巷道,規則,平坦,內側地,緩坡,西索耶(SawyerW),正常,正常,連棟邊間,1層樓,6,5,1979,1979,山形頂,標準瀝青瓦,夾板,夾板,無砌面,0.0,普通,普通,煤渣磚,良好,普通,無採光,未完工,0,未完工,0,918,918,瓦斯熱風,普通,有,標準斷路器,918,0,0,918,0,0,2,0,2,1,普通,5,正常,1,普通,連接主屋,未完工,1,264,普通,普通,鋪面,28,0,0,0,0,0,無泳池,無圍籬,無其他設施,0,4,2010,一般保證契約,一般交易,99500,11.507922973347437
974,4,1層樓(1946年後),浮動村住宅區,95.0,11639,柏油路,無巷道,規則,平坦,角地,緩坡,薩默塞特(Somerst),正常,正常,獨棟,1層樓,7,5,2007,2008,山形頂,標準瀝青瓦,水泥板,水泥板,無砌面,0.0,良好,普通,澆置混凝土,良好,普通,無採光,未完工,0,未完工,0,1428,1428,瓦斯熱風,極佳,有,標準斷路器,1428,0,0,1428,0,0,2,0,3,1,良好,6,正常,0,無壁爐,連接主屋,已完工,2,480,普通,普通,鋪面,0,120,0,0,0,0,無泳池,無圍籬,無其他設施,0,12,2008,新屋,預售屋(估價時未完工),182000,12.111767460549332
975,4,2層樓(1945年前),低密度住宅區,60.0,11414,柏油路,無巷道,略不規則,平坦,角地,緩坡,布魯克賽德(BrkSide),緊鄰南北向鐵路,鄰近支線道路,獨棟,2層樓,7,8,1910,1993,山形頂,標準瀝青瓦,硬質纖維板,硬質纖維板,無砌面,0.0,普通,良好,磚與瓦,良好,普通,無採光,未完工,0,未完工,0,728,728,瓦斯熱風,普通,無,標準斷路器,1136,883,0,2019,0,0,1,0,3,1,良好,8,正常,0,無壁爐,獨立車庫,未完工,2,532,普通,普通,鋪面,509,135,0,0,0,0,無泳池,隱私性佳,無其他設施,0,10,2009,一般保證契約,一般交易,167500,12.02874460037869
976,0,2層樓社區住宅(1946年後),浮動村住宅區,73.5,2651,柏油路,無巷道,規則,平坦,兩面臨路,緩坡,薩默塞特(Somerst),正常,正常,連棟中間,2層樓,7,5,2000,2000,山形頂,標準瀝青瓦,金屬壁板,金屬壁板,無砌面,0.0,良好,普通,澆置混凝土,良好,普通,無採光,優良居住空間,641,未完工,0,32,673,瓦斯熱風,極佳,有,標準斷路器,673,709,0,1382,1,0,2,1,3,1,良好,6,正常,0,無壁爐,獨立車庫,未完工,2,490,普通,普通,鋪面,153,50,0,0,0,0,無泳池,無圍籬,無其他設施,0,4,2006,一般保證契約,一般交易,165000,12.013706813470414
977,2,1層樓(1945年前),低密度住宅區,51.0,5900,柏油路,無巷道,略不規則,坡堤,內側地,緩坡,布魯克賽德(BrkSide),正常,正常,獨棟,1層樓,4,7,1923,1958,山形頂,標準瀝青瓦,木壁板,木壁板,無砌面,0.0,普通,普通,澆置混凝土,良好,普通,無採光,未完工,0,未完工,0,440,440,瓦斯熱風,普通,有,保險絲(良),869,0,0,869,0,0,1,0,2,1,尚可,4,正常,0,無壁爐,無車庫,無車庫,0,0,無車庫,無車庫,鋪面,0,0,0,0,0,0,無泳池,無圍籬,無其他設施,0,8,2006,一般保證契約,一般交易,85500,11.356283350762888
978,2,1層樓社區住宅(1946年後),浮動村住宅區,35.0,4274,柏油路,柏油巷,略不規則,平坦,內側地,緩坡,薩默塞特(Somerst),正常,正常,連棟邊間,1層樓,7,5,2006,2007,山形頂,標準瀝青瓦,乙烯基壁板,乙烯基壁板,無砌面,0.0,良好,普通,澆置混凝土,良好,普通,無採光,優良居住空間,1106,未完工,0,135,1241,瓦斯熱風,極佳,有,標準斷路器,1241,0,0,1241,1,0,1,1,1,1,良好,4,正常,0,無壁爐,連接主屋,已完工,2,569,普通,普通,鋪面,0,116,0,0,0,0,無泳池,無圍籬,無其他設施,0,11,2007,新屋,預售屋(估價時未完工),199900,12.20557752297723
979,1,1層樓(1946年後),低密度住宅區,68.0,9450,柏油路,無巷道,規則,坡堤,內側地,中坡,愛德華茲(Edwards),正常,正常,獨棟,1層樓,4,5,1954,1954,山形頂,標準瀝青瓦,金屬壁板,金屬壁板,無砌面,0.0,普通,普通,煤渣磚,普通,普通,無採光,低品質空間,552,未完工,0,342,894,瓦斯熱風,極佳,有,標準斷路器,894,0,0,894,0,0,1,0,3,1,普通,5,正常,0,無壁爐,獨立車庫,未完工,2,400,普通,普通,鋪面,0,0,0,0,0,0,無泳池,無圍籬,無其他設施,0,5,2007,一般保證契約,異常交易(如法拍),110000,11.608244735642321
981,3,錯層玄關式,低密度住宅區,74.5,12122,柏油路,無巷道,略不規則,平坦,角地,緩坡,北艾姆斯(NAmes),正常,正常,獨棟,錯層玄關,7,9,1961,2007,山形頂,標準瀝青瓦,水泥板,水泥板,石材,210.0,極佳,普通,煤渣磚,普通,普通,採光普通,普通居住空間,867,未完工,0,77,944,瓦斯熱風,良好,有,標準斷路器,999,0,0,999,1,0,1,0,3,1,極佳,6,正常,0,無壁爐,連接主屋,粗略完工,2,588,普通,普通,鋪面,144,76,0,0,0,0,無泳池,無圍籬,無其他設施,0,7,2008,一般保證契約,一般交易,178400,12.091789104493502
982,1,2層樓(1946年後),低密度住宅區,98.0,12203,柏油路,無巷道,略不規則,平坦,角地,緩坡,北嶺(NoRidge),正常,正常,獨棟,2層樓,8,5,1998,1999,四坡頂,標準瀝青瓦,乙烯基壁板,乙烯基壁板,面磚,975.0,良好,普通,澆置混凝土,良好,普通,無採光,優良居住空間,854,未完工,0,371,1225,瓦斯熱風,極佳,有,標準斷路器,1276,1336,0,2612,1,0,2,1,4,1,良好,8,正常,1,普通,連接主屋,已完工,3,676,普通,普通,鋪面,250,0,0,0,0,0,無泳池,無圍籬,無其他設施,0,7,2009,一般保證契約,一般交易,336000,12.724869415131389
983,2,1層樓(1946年後),低密度住宅區,43.0,3182,柏油路,無巷道,規則,平坦,內側地,緩坡,布魯明頓高地(Blmngtn),正常,正常,獨棟,1層樓,7,5,2007,2007,山形頂,標準瀝青瓦,乙烯基壁板,乙烯基壁板,面磚,16.0,良好,普通,澆置混凝土,良好,普通,採光普通,未完工,0,未完工,0,1266,1266,瓦斯熱風,極佳,有,標準斷路器,1266,0,0,1266,0,0,2,0,2,1,良好,6,正常,1,良好,連接主屋,已完工,2,388,普通,普通,鋪面,100,16,0,0,0,0,無泳池,無圍籬,無其他設施,0,3,2008,一般保證契約,一般交易,159895,11.982278882874377
984,0,2層樓(1946年後),低密度住宅區,70.0,11250,柏油路,無巷道,規則,平坦,角地,緩坡,學院溪(CollgCr),正常,正常,獨棟,2層樓,8,5,2002,2002,山形頂,標準瀝青瓦,水泥板,水泥板,無砌面,0.0,良好,普通,澆置混凝土,良好,普通,採光少,未完工,0,未完工,0,1128,1128,瓦斯熱風,極佳,有,標準斷路器,1149,1141,0,2290,0,0,2,1,4,1,良好,9,正常,1,良好,連接主屋,未完工,2,779,普通,普通,鋪面,0,0,0,0,0,0,無泳池,無圍籬,無其他設施,0,5,2008,一般保證契約,一般交易,255900,12.45254592991672
986,1,兩戶改建住宅,低密度住宅區,68.0,10880,柏油路,無巷道,規則,平坦,內側地,緩坡,愛德華茲(Edwards),正常,正常,兩戶改建,1層樓,5,5,1950,1950,山形頂,標準瀝青瓦,金屬壁板,金屬壁板,無砌面,0.0,普通,普通,煤渣磚,普通,普通,無採光,普通居住空間,1040,未完工,0,124,1164,瓦斯熱水,普通,無,標準斷路器,1164,0,0,1164,1,0,1,0,3,1,普通,5,正常,0,無壁爐,獨立車庫,未完工,1,240,普通,普通,鋪面,0,48,0,0,0,0,無泳池,無圍籬,無其他設施,0,8,2008,低頭期合約,一般交易,125000,11.736077016252437
987,2,1.5層樓(已完工),中密度住宅區,59.0,5310,柏油路,無巷道,規則,平坦,角地,緩坡,舊城區(OldTown),鄰近支線道路,正常,獨棟,1.5層(二樓完工),6,8,1910,2003,四坡頂,標準瀝青瓦,乙烯基壁板,乙烯基壁板,無砌面,0.0,普通,良好,煤渣磚,普通,尚可,無採光,未完工,0,未完工,0,485,485,瓦斯熱風,良好,有,標準斷路器,1001,634,0,1635,0,0,1,0,2,1,良好,5,正常,0,無壁爐,連接主屋,未完工,1,255,尚可,普通,鋪面,394,0,0,0,0,0,無泳池,無圍籬,無其他設施,0,6,2006,一般保證契約,一般交易,117000,11.669937760751914
988,2,1層樓(1946年後),低密度住宅區,83.0,10159,柏油路,無巷道,略不規則,平坦,內側地,緩坡,北嶺高地(NridgHt),正常,正常,獨棟,1層樓,9,5,2009,2010,四坡頂,標準瀝青瓦,乙烯基壁板,乙烯基壁板,石材,450.0,極佳,普通,澆置混凝土,極佳,普通,採光普通,優良居住空間,1646,未完工,0,284,1930,瓦斯熱風,極佳,有,標準斷路器,1940,0,0,1940,1,0,2,1,3,1,極佳,8,正常,1,良好,連接主屋,已完工,3,606,普通,普通,鋪面,168,95,0,0,0,0,無泳池,無圍籬,無其他設施,0,4,2010,新屋,預售屋(估價時未完工),395192,12.887129532148373
989,4,2層樓(1946年後),低密度住宅區,80.0,12046,柏油路,無巷道,略不規則,平坦,內側地,緩坡,西北艾姆斯(NWAmes),正常,正常,獨棟,2層樓,6,6,1976,1976,山形頂,標準瀝青瓦,夾板,夾板,面磚,298.0,普通,普通,煤渣磚,普通,普通,無採光,低品質空間,156,未完工,0,692,848,瓦斯熱風,普通,有,標準斷路器,1118,912,0,2030,0,0,2,1,4,1,良好,8,正常,1,普通,連接主屋,已完工,2,551,普通,普通,鋪面,0,224,0,0,0,0,無泳池,無圍籬,無其他設施,0,6,2007,一般保證契約,一般交易,195000,12.180759965737863
992,3,2層樓(1945年前),中密度住宅區,121.0,17671,柏油路,碎石巷,規則,平坦,角地,緩坡,舊城區(OldTown),鄰近主幹道,正常,獨棟,2層樓,8,9,1882,1986,山形頂,標準瀝青瓦,木壁板,木壁板,無砌面,0.0,良好,良好,磚與瓦,普通,普通,無採光,低於平均居住空間,216,未完工,0,700,916,瓦斯熱風,良好,有,標準斷路器,916,826,0,1742,0,0,1,1,4,1,良好,8,正常,1,良好,連接主屋,未完工,2,424,普通,普通,部分鋪面,0,169,0,0,0,0,無泳池,無圍籬,無其他設施,0,11,2009,一般保證契約,一般交易,168000,12.031725210748633
993,1,2層樓(1946年後),低密度住宅區,80.0,9760,柏油路,無巷道,規則,平坦,內側地,中坡,北艾姆斯(NAmes),正常,正常,獨棟,2層樓,6,8,1964,1993,四坡頂,標準瀝青瓦,木壁板,木壁板,面磚,340.0,普通,普通,煤渣磚,普通,普通,採光良好,低於平均居住空間,536,一般娛樂空間,117,169,822,瓦斯熱風,良好,有,標準斷路器,1020,831,0,1851,0,0,2,1,3,1,良好,7,正常,1,尚可,連接主屋,粗略完工,2,440,普通,普通,鋪面,239,42,0,0,0,0,無泳池,簡易鐵絲網,無其他設施,0,7,2007,一般保證契約,一般交易,187000,12.138869243416009
994,4,2層樓(1946年後),低密度住宅區,68.0,8846,柏油路,無巷道,規則,平坦,內側地,緩坡,學院溪(CollgCr),正常,正常,獨棟,2層樓,6,5,2005,2006,山形頂,標準瀝青瓦,乙烯基壁板,乙烯基壁板,無砌面,0.0,普通,普通,澆置混凝土,良好,普通,無採光,未完工,0,未完工,0,750,750,瓦斯熱風,極佳,有,標準斷路器,750,750,0,1500,0,0,2,1,3,1,良好,6,正常,0,無壁爐,連接主屋,粗略完工,2,564,普通,普通,鋪面,0,35,0,0,0,0,無泳池,無圍籬,無其他設施,0,8,2006,新屋,預售屋(估價時未完工),173900,12.066241450757124
996,4,1.5層樓(已完工),低密度住宅區,51.0,4712,柏油路,無巷道,略不規則,平坦,內側地,中坡,布魯克賽德(BrkSide),鄰近支線道路,正常,獨棟,1.5層(二樓完工),4,7,1946,1950,山形頂,標準瀝青瓦,金屬壁板,金屬壁板,無砌面,0.0,普通,普通,煤渣磚,普通,普通,無採光,普通居住空間,384,未完工,0,363,747,瓦斯熱風,普通,有,標準斷路器,774,456,0,1230,1,0,1,1,3,1,普通,5,正常,0,無壁爐,獨立車庫,未完工,1,305,普通,普通,鋪面,0,57,0,0,63,0,無泳池,隱私性低,無其他設施,0,8,2006,一般保證契約,異常交易(如法拍),121600,11.7085004721646
997,0,1層樓(1946年後),低密度住宅區,74.5,10659,柏油路,無巷道,略不規則,平坦,內側地,緩坡,北艾姆斯(NAmes),正常,正常,獨棟,1層樓,5,6,1961,1961,四坡頂,標準瀝青瓦,木壁板,木壁板,無砌面,0.0,普通,普通,煤渣磚,普通,普通,無採光,一般娛樂空間,915,未完工,0,135,1050,瓦斯熱風,普通,有,標準斷路器,1050,0,0,1050,1,0,1,0,3,1,普通,6,正常,0,無壁爐,連接主屋,未完工,1,368,普通,普通,鋪面,0,319,0,0,0,0,無泳池,無圍籬,無其他設施,0,1,2006,法院或遺產拍賣,一般交易,136500,11.824087219587643
998,3,1層樓(1946年後),低密度住宅區,80.0,11717,柏油路,無巷道,略不規則,平坦,內側地,緩坡,西北艾姆斯(NWAmes),緊鄰公園綠地等正面設施,正常,獨棟,1層樓,6,6,1970,1970,四坡頂,標準瀝青瓦,硬質纖維板,硬質纖維板,面磚,571.0,普通,普通,煤渣磚,普通,普通,無採光,未完工,0,未完工,0,1442,1442,瓦斯熱風,普通,有,標準斷路器,1442,0,0,1442,0,0,2,0,2,1,普通,6,正常,1,普通,連接主屋,粗略完工,2,615,普通,普通,鋪面,371,0,0,0,0,0,無泳池,無圍籬,無其他設施,0,2,2009,一般保證契約,一般交易,185000,12.128116509451258
1000,1,1層樓(1946年後),低密度住宅區,64.0,6762,柏油路,無巷道,規則,平坦,內側地,緩坡,學院溪(CollgCr),正常,正常,獨棟,1層樓,7,5,2006,2006,山形頂,標準瀝青瓦,乙烯基壁板,乙烯基壁板,石材,24.0,良好,普通,澆置混凝土,良好,普通,採光普通,優良居住空間,686,未完工,0,501,1187,瓦斯熱風,極佳,有,標準斷路器,1208,0,0,1208,1,0,2,0,2,1,良好,6,正常,0,無壁爐,連接主屋,粗略完工,2,632,普通,普通,鋪面,105,61,0,0,0,0,無泳池,無圍籬,無其他設施,0,2,2010,一般保證契約,一般交易,206000,12.235636302128867
1001,2,1層樓(1946年後),低密度住宅區,74.0,10206,柏油路,無巷道,規則,平坦,角地,緩坡,愛德華茲(Edwards),正常,正常,獨棟,1層樓,3,3,1952,1952,平頂,焦油碎石,一般磚,一般磚,無砌面,0.0,普通,普通,板式,無地下室,無地下室,無地下室,無地下室,0,無地下室,0,0,0,瓦斯熱水,尚可,無,保險絲(普通),944,0,0,944,0,0,1,0,2,1,尚可,4,輕微扣分1,0,無壁爐,獨立車庫,未完工,2,528,普通,尚可,鋪面,0,0,0,0,0,0,無泳池,無圍籬,無其他設施,0,7,2009,一般保證契約,一般交易,82000,11.314486721293981
1003,3,1層樓(1946年後),低密度住宅區,75.0,11957,柏油路,無巷道,略不規則,平坦,內側地,緩坡,薩默塞特(Somerst),緊鄰南北向鐵路,正常,獨棟,1層樓,8,5,2006,2006,山形頂,標準瀝青瓦,乙烯基壁板,乙烯基壁板,面磚,53.0,良好,普通,澆置混凝土,良好,普通,無採光,優良居住空間,24,未完工,0,1550,1574,瓦斯熱風,極佳,有,標準斷路器,1574,0,0,1574,0,0,2,0,3,1,良好,7,正常,1,良好,連接主屋,粗略完工,3,824,普通,普通,鋪面,144,104,0,0,0,0,無泳池,無圍籬,無其他設施,0,7,2008,一般保證契約,一般交易,232000,12.354496960983985
1004,2,雙拼住宅,低密度住宅區,80.0,11500,柏油路,無巷道,略不規則,平坦,角地,緩坡,西北艾姆斯(NWAmes),鄰近支線道路,緊鄰南北向鐵路,雙拼,1層樓,5,6,1976,1976,山形頂,標準瀝青瓦,乙烯基壁板,乙烯基壁板,面磚,164.0,普通,普通,煤渣磚,普通,普通,無採光,未完工,0,未完工,0,1680,1680,瓦斯熱風,尚可,有,標準斷路器,1680,0,0,1680,0,0,2,0,4,2,普通,8,正常,0,無壁爐,獨立車庫,未完工,2,528,普通,普通,鋪面,0,0,0,0,0,0,無泳池,無圍籬,無其他設施,0,6,2007,一般保證契約,一般交易,136905,11.827049837927534
1005,1,1層樓社區住宅(1946年後),低密度住宅區,43.0,3182,柏油路,無巷道,規則,平坦,內側地,緩坡,布魯明頓高地(Blmngtn),正常,正常,連棟邊間,1層樓,7,5,2005,2006,山形頂,標準瀝青瓦,乙烯基壁板,乙烯基壁板,面磚,16.0,良好,普通,澆置混凝土,良好,普通,無採光,優良居住空間,16,未完工,0,1330,1346,瓦斯熱風,極佳,有,標準斷路器,1504,0,0,1504,0,0,2,0,1,1,良好,7,正常,1,良好,連接主屋,已完工,2,457,普通,普通,鋪面,156,0,0,0,0,0,無泳池,無圍籬,無其他設施,0,5,2009,一般保證契約,一般交易,181000,12.10625783509458
1006,0,錯層式,低密度住宅區,65.0,8385,柏油路,無巷道,規則,平坦,內側地,緩坡,學院溪(CollgCr),正常,正常,獨棟,錯層,5,8,1977,1977,山形頂,標準瀝青瓦,硬質纖維板,硬質纖維板,面磚,220.0,良好,普通,煤渣磚,良好,良好,採光普通,優良居住空間,595,未完工,0,390,985,瓦斯熱風,普通,有,標準斷路器,985,0,0,985,0,0,2,0,3,1,普通,6,正常,0,無壁爐,連接主屋,未完工,1,328,普通,普通,鋪面,210,0,0,0,0,0,無泳池,無圍籬,無其他設施,0,11,2008,一般保證契約,一般交易,149900,11.917730355182513
1008,4,2層樓社區住宅(1946年後),中密度住宅區,21.0,2217,柏油路,無巷道,規則,平坦,內側地,緩坡,草地村(MeadowV),正常,正常,連棟邊間,2層樓,4,4,1970,1970,山形頂,標準瀝青瓦,水泥板,水泥板,無砌面,0.0,普通,普通,煤渣磚,普通,普通,無採光,低於平均居住空間,273,低品質空間,273,0,546,瓦斯熱風,普通,有,標準斷路器,546,546,0,1092,0,0,1,1,3,1,普通,6,正常,0,無壁爐,連接主屋,粗略完工,1,286,普通,普通,鋪面,238,0,0,0,0,0,無泳池,無圍籬,無其他設施,0,8,2009,一般保證契約,一般交易,88000,11.385103457032141
1009,4,1層樓(1946年後),低密度住宅區,43.0,12118,柏油路,無巷道,略不規則,平坦,死巷底,緩坡,米切爾(Mitchel),正常,正常,獨棟,1層樓,7,5,2004,2005,四坡頂,標準瀝青瓦,乙烯基壁板,乙烯基壁板,石材,108.0,良好,普通,澆置混凝土,極佳,普通,採光少,未完工,0,未完工,0,1710,1710,瓦斯熱風,極佳,有,標準斷路器,1710,0,0,1710,0,0,2,0,3,1,良好,7,正常,1,良好,連接主屋,已完工,2,550,普通,普通,鋪面,100,48,0,0,180,0,無泳池,無圍籬,無其他設施,0,4,2009,一般保證契約,一般交易,240000,12.388398368982115
1011,2,1.5層樓(已完工),低密度住宅區,115.0,21286,柏油路,無巷道,規則,平坦,內側地,緩坡,索耶(Sawyer),正常,正常,獨棟,1.5層(二樓完工),5,5,1948,1950,山形頂,標準瀝青瓦,木壁板,木壁板,無砌面,0.0,普通,普通,煤渣磚,普通,普通,無採光,未完工,0,未完工,0,720,720,瓦斯熱風,普通,有,標準斷路器,720,551,0,1271,0,0,2,0,4,1,普通,7,正常,1,良好,連接主屋,未完工,1,312,普通,普通,鋪面,0,0,108,0,0,0,無泳池,無圍籬,無其他設施,0,8,2008,一般保證契約,一般交易,135000,11.813037464800539
1012,0,雙拼住宅,低密度住宅區,75.0,9825,柏油路,無巷道,規則,平坦,內側地,緩坡,愛德華茲(Edwards),正常,正常,雙拼,1層樓,5,5,1965,1965,四坡頂,標準瀝青瓦,瀝青瓦,瀝青瓦,無砌面,0.0,普通,普通,煤渣磚,無地下室,無地下室,無地下室,無地下室,0,無地下室,0,0,0,瓦斯熱風,普通,無,標準斷路器,1664,0,0,1664,0,0,2,0,4,2,普通,8,正常,0,無壁爐,無車庫,無車庫,0,0,無車庫,無車庫,鋪面,0,0,0,0,0,0,無泳池,無圍籬,無其他設施,0,5,2010,一般保證契約,一般交易,100000,11.51293546492023
1013,0,2層樓(1945年前),低密度住宅區,55.0,10592,柏油路,無巷道,規則,平坦,內側地,緩坡,克勞福德(Crawfor),正常,正常,獨棟,2層樓,6,7,1923,1996,四坡頂,標準瀝青瓦,木壁板,木壁板,無砌面,0.0,普通,良好,澆置混凝土,普通,尚可,無採光,未完工,0,未完工,0,602,602,瓦斯熱風,普通,有,標準斷路器,900,602,0,1502,0,0,1,1,3,1,良好,7,正常,2,普通,獨立車庫,未完工,1,180,普通,普通,鋪面,96,0,112,0,53,0,無泳池,無圍籬,無其他設施,0,8,2007,一般保證契約,一般交易,165000,12.013706813470414
1014,3,1層樓(1945年前),中密度住宅區,60.0,7200,柏油路,無巷道,規則,平坦,內側地,緩坡,舊城區(OldTown),正常,正常,獨棟,1層樓,5,4,1910,2006,四坡頂,標準瀝青瓦,金屬壁板,灰泥,無砌面,0.0,普通,普通,磚與瓦,普通,普通,無採光,普通居住空間,247,一般娛樂空間,465,310,1022,瓦斯熱水,普通,無,標準斷路器,1022,0,0,1022,1,0,1,0,2,1,普通,4,重大扣分2,0,無壁爐,獨立車庫,未完工,1,280,普通,普通,鋪面,0,30,226,0,0,0,無泳池,無圍籬,無其他設施,0,6,2009,一般保證契約,一般交易,85000,11.350418300109132
1015,0,1層樓(1946年後),低密度住宅區,60.0,11664,柏油路,無巷道,規則,平坦,內側地,緩坡,北艾姆斯(NAmes),鄰近主幹道,正常,獨棟,1層樓,6,5,1948,1950,山形頂,標準瀝青瓦,金屬壁板,金屬壁板,面磚,206.0,普通,普通,煤渣磚,普通,尚可,無採光,低於平均居住空間,336,未完工,0,746,1082,瓦斯熱風,普通,有,標準斷路器,1082,0,0,1082,0,0,1,0,2,1,普通,5,正常,1,良好,獨立車庫,未完工,1,240,普通,普通,鋪面,0,130,0,0,0,0,無泳池,無圍籬,無其他設施,0,11,2007,一般保證契約,一般交易,119200,11.688566422839942
1016,0,2層樓(1946年後),低密度住宅區,70.0,8400,柏油路,無巷道,規則,平坦,內側地,緩坡,西北艾姆斯(NWAmes),正常,正常,獨棟,2層樓,8,6,2001,2001,山形頂,標準瀝青瓦,乙烯基壁板,乙烯基壁板,無砌面,0.0,良好,普通,澆置混凝土,良好,普通,無採光,優良居住空間,643,未完工,0,167,810,瓦斯熱風,極佳,有,標準斷路器,810,855,0,1665,1,0,2,1,3,1,良好,6,正常,0,無壁爐,連接主屋,已完工,2,528,普通,普通,鋪面,0,45,0,0,0,0,無泳池,無圍籬,無其他設施,0,11,2009,一般保證契約,一般交易,227000,12.33270970174018
1017,1,1層樓(1946年後),低密度住宅區,73.0,11883,柏油路,無巷道,規則,平坦,內側地,緩坡,學院溪(CollgCr),正常,正常,獨棟,1層樓,7,5,1996,1996,四坡頂,標準瀝青瓦,乙烯基壁板,乙烯基壁板,面磚,196.0,良好,普通,澆置混凝土,良好,普通,採光良好,優良居住空間,690,未完工,0,814,1504,瓦斯熱風,極佳,有,標準斷路器,1504,0,0,1504,1,0,2,0,3,1,良好,6,正常,1,普通,連接主屋,已完工,2,478,普通,普通,鋪面,115,66,0,0,0,0,無泳池,無圍籬,無其他設施,0,6,2009,一般保證契約,一般交易,203000,12.220966184120165
1018,1,1層樓社區住宅(1946年後),低密度住宅區,53.5,5814,柏油路,無巷道,略不規則,平坦,死巷底,緩坡,石橋(StoneBr),正常,正常,連棟邊間,1層樓,8,5,1984,1984,山形頂,標準瀝青瓦,硬質纖維板,硬質纖維板,無砌面,0.0,良好,普通,煤渣磚,良好,普通,採光普通,優良居住空間,1036,未完工,0,184,1220,瓦斯熱風,良好,有,標準斷路器,1360,0,0,1360,1,0,1,0,1,1,良好,4,正常,1,極佳,連接主屋,粗略完工,2,565,普通,普通,鋪面,63,0,0,0,0,0,無泳池,無圍籬,無其他設施,0,8,2009,法院或遺產拍賣,異常交易(如法拍),187500,12.141539457711714
1020,1,1層樓社區住宅(1946年後),低密度住宅區,43.0,3013,柏油路,無巷道,規則,平坦,內側地,緩坡,布魯明頓高地(Blmngtn),正常,正常,連棟邊間,1層樓,7,5,2005,2005,山形頂,標準瀝青瓦,乙烯基壁板,乙烯基壁板,面磚,145.0,良好,普通,澆置混凝土,良好,普通,採光良好,優良居住空間,16,未完工,0,1346,1362,瓦斯熱風,極佳,有,標準斷路器,1506,0,0,1506,0,0,2,0,2,1,良好,6,正常,1,良好,連接主屋,已完工,2,440,普通,普通,鋪面,142,20,0,0,0,0,無泳池,無圍籬,無其他設施,0,4,2006,一般保證契約,一般交易,213490,12.271349956195543
1021,4,1層樓(1946年後),低密度住宅區,60.0,7024,柏油路,無巷道,規則,平坦,內側地,緩坡,愛德華茲(Edwards),正常,正常,獨棟,1層樓,4,5,2005,2005,山形頂,標準瀝青瓦,乙烯基壁板,乙烯基壁板,無砌面,0.0,普通,普通,澆置混凝土,良好,普通,無採光,優良居住空間,1024,未完工,0,108,1132,瓦斯熱風,極佳,有,標準斷路器,1132,0,0,1132,1,0,1,1,2,1,良好,5,正常,0,無壁爐,連接主屋,已完工,2,451,普通,普通,鋪面,252,64,0,0,0,0,無泳池,無圍籬,無其他設施,0,6,2008,一般保證契約,一般交易,176000,12.07824495582233
1022,0,1層樓(1946年後),低密度住宅區,64.0,7406,柏油路,無巷道,規則,平坦,內側地,緩坡,學院溪(CollgCr),正常,正常,獨棟,1層樓,7,5,2006,2006,山形頂,標準瀝青瓦,乙烯基壁板,乙烯基壁板,石材,84.0,良好,普通,澆置混凝土,良好,普通,採光普通,優良居住空間,684,未完工,0,515,1199,瓦斯熱風,極佳,有,標準斷路器,1220,0,0,1220,1,0,2,0,2,1,良好,6,正常,0,無壁爐,連接主屋,粗略完工,2,632,普通,普通,鋪面,105,54,0,0,0,0,無泳池,無圍籬,無其他設施,0,7,2006,新屋,預售屋(估價時未完工),194000,12.175618592671356
1023,1,1.5層樓(已完工),中密度住宅區,52.0,9439,柏油路,無巷道,規則,平坦,內側地,緩坡,舊城區(OldTown),正常,正常,獨棟,1.5層(二樓完工),5,5,1930,1950,山形頂,標準瀝青瓦,木壁板,木壁板,無砌面,0.0,普通,普通,煤渣磚,普通,普通,無採光,低品質空間,324,未完工,0,588,912,瓦斯熱風,良好,有,保險絲(良),912,336,0,1248,0,0,1,0,2,1,普通,6,正常,0,無壁爐,獨立車庫,未完工,1,160,尚可,尚可,鋪面,0,0,192,0,0,0,無泳池,無圍籬,無其他設施,0,3,2007,一般保證契約,一般交易,87000,11.373674891823535
1024,2,1層樓社區住宅(1946年後),低密度住宅區,43.0,3182,柏油路,無巷道,規則,平坦,內側地,緩坡,布魯明頓高地(Blmngtn),正常,正常,連棟邊間,1層樓,7,5,2005,2006,山形頂,標準瀝青瓦,乙烯基壁板,乙烯基壁板,面磚,14.0,良好,普通,澆置混凝土,良好,良好,無採光,優良居住空間,16,未完工,0,1330,1346,瓦斯熱風,極佳,有,標準斷路器,1504,0,0,1504,0,0,2,0,2,1,良好,7,正常,1,良好,連接主屋,已完工,2,437,普通,普通,鋪面,156,20,0,0,0,0,無泳池,無圍籬,無其他設施,0,5,2008,一般保證契約,一般交易,191000,12.160033942617156
1026,4,1層樓(1946年後),低密度住宅區,70.0,7700,柏油路,無巷道,規則,平坦,角地,緩坡,學院溪(CollgCr),正常,正常,獨棟,1層樓,5,5,1972,1972,山形頂,標準瀝青瓦,乙烯基壁板,乙烯基壁板,無砌面,0.0,普通,普通,煤渣磚,普通,普通,無採光,低品質空間,138,一般娛樂空間,468,276,882,瓦斯熱風,普通,有,標準斷路器,882,0,0,882,1,0,1,0,3,1,普通,5,正常,0,無壁爐,獨立車庫,未完工,2,461,普通,普通,鋪面,96,0,0,0,0,0,無泳池,隱私性低,無其他設施,0,3,2007,一般保證契約,一般交易,112500,11.630717389475995
1027,0,1層樓(1946年後),低密度住宅區,73.0,9300,柏油路,無巷道,規則,平坦,內側地,緩坡,北艾姆斯(NAmes),鄰近支線道路,正常,獨棟,1層樓,5,5,1960,1960,山形頂,標準瀝青瓦,金屬壁板,硬質纖維板,面磚,324.0,普通,普通,煤渣磚,普通,普通,無採光,一般娛樂空間,697,未完工,0,571,1268,瓦斯熱風,普通,有,標準斷路器,1264,0,0,1264,1,0,1,0,3,1,普通,6,正常,2,良好,連接主屋,未完工,2,461,普通,普通,鋪面,0,0,0,0,143,0,無泳池,無圍籬,無其他設施,0,4,2010,一般保證契約,一般交易,167500,12.02874460037869
1029,3,1.5層樓(已完工),低密度住宅區,79.0,9492,柏油路,無巷道,規則,平坦,內側地,緩坡,北艾姆斯(NAmes),鄰近主幹道,正常,獨棟,1.5層(二樓完工),5,5,1941,1950,山形頂,標準瀝青瓦,木瓦,木瓦,無砌面,0.0,普通,普通,煤渣磚,普通,普通,無採光,一般娛樂空間,368,低於平均居住空間,41,359,768,瓦斯熱風,普通,有,標準斷路器,968,408,0,1376,1,0,1,0,3,1,普通,6,正常,1,良好,連接主屋,未完工,1,240,普通,普通,鋪面,0,0,0,0,0,0,無泳池,無圍籬,無其他設施,0,4,2007,一般保證契約,一般交易,105000,11.561725152903833
1030,3,2層樓社區住宅(1946年後),中密度住宅區,21.0,1680,柏油路,無巷道,規則,平坦,內側地,緩坡,布萊爾戴爾(BrDale),正常,正常,連棟中間,2層樓,6,7,1972,1972,山形頂,標準瀝青瓦,硬質纖維板,硬質纖維板,面磚,281.0,普通,普通,煤渣磚,普通,普通,無採光,低於平均居住空間,317,未完工,0,355,672,瓦斯熱風,良好,有,標準斷路器,672,546,0,1218,0,1,1,1,3,1,普通,7,正常,0,無壁爐,獨立車庫,未完工,1,264,普通,普通,鋪面,0,28,0,0,0,0,無泳池,無圍籬,無其他設施,0,5,2006,一般保證契約,一般交易,118000,11.678448377988165
1031,2,兩戶改建住宅,高密度住宅區,60.0,7082,柏油路,無巷道,規則,平坦,內側地,緩坡,州立大學西南(SWISU),正常,正常,兩戶改建,2層樓,5,8,1916,1995,山形頂,標準瀝青瓦,乙烯基壁板,乙烯基壁板,無砌面,0.0,普通,普通,澆置混凝土,普通,普通,採光少,未完工,0,未完工,0,686,686,瓦斯熱風,良好,有,標準斷路器,948,980,0,1928,0,0,2,0,5,2,普通,10,正常,0,無壁爐,無車庫,無車庫,0,0,無車庫,無車庫,泥土或碎石,0,0,228,0,0,0,無泳池,無圍籬,無其他設施,0,7,2006,一般保證契約,一般交易,160000,11.982935344196433
1032,1,2.5層樓,低密度住宅區,102.0,15863,柏油路,無巷道,規則,平坦,角地,緩坡,州立大學西南(SWISU),正常,正常,獨棟,2.5層(三樓完工),7,3,1920,1970,山形頂,標準瀝青瓦,木壁板,夾板,無砌面,0.0,普通,普通,磚與瓦,普通,普通,無採光,優良居住空間,523,未完工,0,301,824,瓦斯熱風,極佳,有,標準斷路器,1687,998,397,3082,1,0,2,1,5,1,普通,12,正常,2,普通,地下室車庫,已完工,2,672,普通,普通,鋪面,136,63,0,0,0,0,無泳池,無圍籬,無其他設施,0,8,2009,一般保證契約,一般交易,197000,12.190964083849375
1035,1,1層樓(1945年前),低密度住宅區,50.0,6305,柏油路,無巷道,規則,坡堤,內側地,緩坡,克勞福德(Crawfor),正常,正常,獨棟,1層樓,5,7,1938,1950,山形頂,標準瀝青瓦,金屬壁板,金屬壁板,無砌面,0.0,普通,良好,澆置混凝土,尚可,尚可,無採光,未完工,0,未完工,0,920,920,瓦斯熱風,極佳,有,標準斷路器,954,0,0,954,0,0,1,0,2,1,尚可,5,正常,1,良好,地下室車庫,未完工,1,240,尚可,普通,鋪面,0,0,0,0,0,0,無泳池,隱私性低,無其他設施,0,6,2007,一般保證契約,一般交易,119750,11.693169865968983
1036,0,1層樓(1946年後),低密度住宅區,65.5,11500,柏油路,無巷道,略不規則,平坦,死巷底,緩坡,愛德華茲(Edwards),正常,正常,獨棟,1層樓,4,3,1957,1957,山形頂,標準瀝青瓦,木壁板,木壁板,無砌面,0.0,普通,良好,板式,無地下室,無地下室,無地下室,無地下室,0,無地下室,0,0,0,瓦斯熱風,極佳,無,標準斷路器,845,0,0,845,0,0,1,0,3,1,普通,5,正常,0,無壁爐,獨立車庫,未完工,1,290,普通,普通,泥土或碎石,186,0,0,0,0,0,無泳池,無圍籬,無其他設施,0,1,2009,一般保證契約,一般交易,84000,11.338583982516495
1038,0,2層樓(1946年後),低密度住宅區,70.0,9240,柏油路,無巷道,規則,平坦,內側地,緩坡,學院溪(CollgCr),正常,正常,獨棟,2層樓,8,5,2001,2002,山形頂,標準瀝青瓦,乙烯基壁板,乙烯基壁板,面磚,396.0,良好,普通,澆置混凝土,良好,普通,無採光,未完工,0,未完工,0,1055,1055,瓦斯熱風,極佳,有,標準斷路器,1055,1208,0,2263,0,0,2,1,3,1,良好,7,正常,1,普通,內建車庫,已完工,2,905,普通,普通,鋪面,0,45,0,0,189,0,無泳池,無圍籬,無其他設施,0,9,2008,一般保證契約,一般交易,287000,12.567240979056246
1039,3,2層樓社區住宅(1946年後),中密度住宅區,21.0,1533,柏油路,無巷道,規則,平坦,內側地,緩坡,草地村(MeadowV),正常,正常,連棟中間,2層樓,4,6,1970,2008,山形頂,標準瀝青瓦,水泥板,水泥板,無砌面,0.0,普通,普通,煤渣磚,普通,普通,無採光,未完工,0,未完工,0,546,546,瓦斯熱風,普通,有,標準斷路器,798,546,0,1344,0,0,1,1,3,1,普通,6,正常,1,普通,無車庫,無車庫,0,0,無車庫,無車庫,鋪面,0,0,0,0,0,0,無泳池,無圍籬,無其他設施,0,5,2009,一般保證契約,一般交易,97000,11.48247656671073
1040,2,社區錯層住宅,中密度住宅區,21.0,1477,柏油路,無巷道,規則,平坦,內側地,緩坡,草地村(MeadowV),正常,正常,連棟邊間,錯層玄關,4,4,1970,1970,山形頂,標準瀝青瓦,水泥板,水泥板,無砌面,0.0,普通,普通,煤渣磚,良好,普通,採光普通,優良居住空間,509,未完工,0,121,630,瓦斯熱風,普通,有,標準斷路器,630,0,0,630,1,0,1,0,1,1,普通,3,正常,0,無壁爐,連接主屋,未完工,1,286,普通,普通,鋪面,0,0,0,0,0,0,無泳池,無圍籬,無其他設施,0,4,2009,一般保證契約,一般交易,80000,11.289794413577894
1044,0,2層樓(1946年後),低密度住宅區,86.0,11839,柏油路,無巷道,規則,平坦,內側地,緩坡,西索耶(SawyerW),正常,正常,獨棟,2層樓,7,5,1990,1990,四坡頂,標準瀝青瓦,硬質纖維板,硬質纖維板,面磚,99.0,普通,普通,澆置混凝土,良好,普通,無採光,優良居住空間,1085,未完工,0,390,1475,瓦斯熱風,極佳,有,標準斷路器,1532,797,0,2329,1,0,2,1,4,1,良好,10,正常,1,極佳,連接主屋,未完工,2,514,普通,普通,鋪面,192,121,0,0,0,0,無泳池,無圍籬,無其他設施,0,5,2008,一般保證契約,一般交易,262280,12.47717172708952
1045,4,1層樓(1946年後),低密度住宅區,80.0,9600,柏油路,無巷道,規則,平坦,內側地,緩坡,西北艾姆斯(NWAmes),鄰近公園綠地等正面設施,正常,獨棟,1層樓,8,5,1981,1981,四坡頂,鋸製木瓦,面磚,面磚,無砌面,0.0,良好,普通,澆置混凝土,良好,普通,無採光,普通居住空間,1104,未完工,0,1420,2524,瓦斯熱風,普通,有,標準斷路器,2524,0,0,2524,1,0,2,1,4,1,良好,9,正常,1,良好,連接主屋,已完工,2,542,普通,普通,鋪面,474,120,0,0,0,0,無泳池,隱私性低,無其他設施,0,7,2009,一般保證契約,一般交易,278000,12.535379989788607
1046,2,1層樓(1946年後),低密度住宅區,65.5,13680,柏油路,無巷道,略不規則,平坦,死巷底,緩坡,愛德華茲(Edwards),正常,正常,獨棟,1層樓,3,5,1955,1955,四坡頂,標準瀝青瓦,面磚,木壁板,無砌面,0.0,普通,普通,板式,無地下室,無地下室,無地下室,無地下室,0,無地下室,0,0,0,瓦斯熱風,極佳,有,保險絲(良),1733,0,0,1733,0,0,2,0,4,1,普通,8,輕微扣分2,1,良好,連接主屋,未完工,2,452,普通,普通,鋪面,0,0,0,0,0,0,無泳池,無圍籬,無其他設施,0,6,2009,一般保證契約,一般交易,139600,11.846543632608535
1049,0,1層樓(1946年後),低密度住宅區,100.0,21750,柏油路,無巷道,規則,平坦,內側地,緩坡,米切爾(Mitchel),正常,正常,獨棟,1層樓,5,4,1960,2006,四坡頂,標準瀝青瓦,硬質纖維板,硬質纖維板,面磚,75.0,普通,尚可,板式,無地下室,無地下室,無地下室,無地下室,0,無地下室,0,0,0,瓦斯熱風,普通,有,標準斷路器,1771,0,0,1771,0,0,1,0,3,1,普通,9,輕微扣分1,1,普通,連接主屋,未完工,2,336,普通,普通,鋪面,0,0,0,0,0,0,無泳池,隱私性佳,無其他設施,0,11,2009,一般保證契約,一般交易,115000,11.652696102959753
1051,1,1層樓(1946年後),低密度住宅區,73.0,8993,柏油路,無巷道,略不規則,平坦,內側地,緩坡,吉爾伯特(Gilbert),正常,正常,獨棟,1層樓,7,5,2007,2007,山形頂,標準瀝青瓦,乙烯基壁板,乙烯基壁板,無砌面,0.0,良好,普通,澆置混凝土,良好,普通,採光普通,未完工,0,未完工,0,1302,1302,瓦斯熱風,極佳,有,標準斷路器,1302,0,0,1302,0,0,2,0,3,1,良好,6,正常,0,無壁爐,連接主屋,已完工,2,436,普通,普通,鋪面,0,22,0,0,0,0,無泳池,無圍籬,無其他設施,0,8,2007,新屋,預售屋(估價時未完工),176485,12.080996832096167
1052,4,1層樓(1946年後),低密度住宅區,103.0,11175,柏油路,無巷道,略不規則,平坦,角地,緩坡,學院溪(CollgCr),正常,正常,獨棟,1層樓,7,5,2007,2007,山形頂,標準瀝青瓦,乙烯基壁板,乙烯基壁板,無砌面,0.0,良好,普通,澆置混凝土,良好,普通,採光普通,未完工,0,未完工,0,1316,1316,瓦斯熱風,極佳,有,標準斷路器,1316,0,0,1316,0,0,2,0,3,1,良好,6,正常,1,良好,連接主屋,已完工,2,440,普通,普通,鋪面,0,20,0,0,0,0,無泳池,無圍籬,無其他設施,0,10,2007,新屋,預售屋(估價時未完工),200141,12.206782393599413
1053,4,2層樓(1946年後),低密度住宅區,100.0,9500,柏油路,無巷道,規則,平坦,角地,緩坡,北艾姆斯(NAmes),鄰近主幹道,正常,獨棟,2層樓,6,6,1964,1978,山形頂,標準瀝青瓦,乙烯基壁板,乙烯基壁板,一般磚,272.0,普通,普通,煤渣磚,普通,普通,無採光,一般娛樂空間,442,未完工,0,374,816,瓦斯熱風,普通,有,標準斷路器,1127,850,0,1977,0,1,1,1,4,1,普通,9,正常,1,普通,連接主屋,粗略完工,2,540,普通,普通,鋪面,0,52,0,0,0,0,無泳池,隱私性佳,無其他設施,0,6,2007,一般保證契約,一般交易,165000,12.013706813470414
1056,0,1層樓(1946年後),低密度住宅區,104.0,11361,柏油路,無巷道,規則,平坦,內側地,緩坡,西北艾姆斯(NWAmes),正常,正常,獨棟,1層樓,6,5,1976,1976,山形頂,標準瀝青瓦,夾板,夾板,面磚,160.0,普通,普通,煤渣磚,良好,普通,無採光,普通居住空間,644,未完工,0,549,1193,瓦斯熱風,普通,有,標準斷路器,1523,0,0,1523,0,1,2,0,3,1,普通,7,正常,1,普通,連接主屋,已完工,2,478,普通,普通,鋪面,0,0,0,0,189,0,無泳池,隱私性低,無其他設施,0,5,2008,法院或遺產拍賣,異常交易(如法拍),180000,12.100717685412471
1057,2,1層樓社區住宅(1946年後),低密度住宅區,43.0,7052,柏油路,無巷道,略不規則,平坦,內側地,緩坡,北嶺高地(NridgHt),正常,正常,連棟邊間,1層樓,7,5,2005,2005,山形頂,標準瀝青瓦,乙烯基壁板,乙烯基壁板,石材,240.0,良好,普通,澆置混凝土,良好,普通,採光普通,優良居住空間,659,未完工,0,705,1364,瓦斯熱風,極佳,有,標準斷路器,1364,0,0,1364,1,0,2,0,2,1,良好,6,正常,1,良好,連接主屋,粗略完工,2,484,普通,普通,鋪面,192,36,0,0,0,0,無泳池,無圍籬,無其他設施,0,6,2006,一般保證契約,一般交易,185850,12.13270055639427
1058,2,2層樓(1946年後),低密度住宅區,90.5,29959,柏油路,無巷道,中度不規則,平坦,兩面臨路,緩坡,北嶺(NoRidge),正常,正常,獨棟,2層樓,7,6,1994,1994,山形頂,標準瀝青瓦,硬質纖維板,硬質纖維板,無砌面,0.0,良好,普通,澆置混凝土,良好,普通,無採光,優良居住空間,595,未完工,0,378,973,瓦斯熱風,極佳,有,標準斷路器,979,871,0,1850,0,0,2,1,3,1,良好,7,正常,1,良好,內建車庫,已完工,2,467,普通,普通,鋪面,168,98,0,0,0,0,無泳池,無圍籬,無其他設施,0,1,2009,一般保證契約,一般交易,248000,12.421188057397055
1059,4,2層樓(1946年後),低密度住宅區,96.0,11308,柏油路,無巷道,略不規則,平坦,內側地,緩坡,北嶺高地(NridgHt),正常,正常,獨棟,2層樓,9,5,2008,2008,山形頂,標準瀝青瓦,乙烯基壁板,乙烯基壁板,石材,154.0,極佳,普通,澆置混凝土,極佳,普通,採光普通,優良居住空間,936,未完工,0,168,1104,瓦斯熱風,極佳,有,標準斷路器,1130,1054,0,2184,1,0,2,1,3,1,極佳,10,正常,1,良好,連接主屋,已完工,3,836,普通,普通,鋪面,0,102,0,0,0,0,無泳池,無圍籬,無其他設施,0,7,2009,一般保證契約,一般交易,335000,12.721888795877375
1060,1,1.5層樓(已完工),低密度住宅區,68.0,11275,柏油路,無巷道,略不規則,山坡,角地,中坡,克勞福德(Crawfor),正常,正常,獨棟,1.5層(二樓完工),6,7,1932,1950,山形頂,標準瀝青瓦,金屬壁板,金屬壁板,面磚,480.0,普通,普通,煤渣磚,普通,普通,採光少,一般娛樂空間,297,低品質空間,557,0,854,瓦斯熱風,普通,有,標準斷路器,1096,895,0,1991,0,0,1,1,3,1,普通,7,正常,1,良好,獨立車庫,未完工,2,432,普通,尚可,鋪面,0,0,19,0,0,0,無泳池,無圍籬,無其他設施,0,3,2007,一般保證契約,一般交易,220000,12.301387370778713
1061,2,1層樓社區住宅(1946年後),低密度住宅區,41.0,4920,柏油路,無巷道,規則,平坦,內側地,緩坡,石橋(StoneBr),正常,正常,連棟邊間,1層樓,8,5,2001,2001,山形頂,標準瀝青瓦,水泥板,水泥板,無砌面,0.0,良好,普通,澆置混凝土,良好,普通,採光少,優良居住空間,616,未完工,0,722,1338,瓦斯熱風,極佳,有,標準斷路器,1338,0,0,1338,1,0,2,0,2,1,良好,6,正常,0,無壁爐,連接主屋,已完工,2,582,普通,普通,鋪面,0,0,170,0,0,0,無泳池,無圍籬,無其他設施,0,4,2010,一般保證契約,一般交易,213500,12.271396795480596
1063,2,兩戶改建住宅,中密度住宅區,85.0,13600,柏油路,碎石巷,規則,平坦,內側地,緩坡,舊城區(OldTown),正常,正常,兩戶改建,2層樓,5,5,1900,1950,山形頂,標準瀝青瓦,木壁板,木壁板,無砌面,0.0,普通,普通,磚與瓦,普通,普通,無採光,未完工,0,未完工,0,662,662,瓦斯熱風,普通,無,標準斷路器,1422,915,0,2337,0,0,2,0,5,2,普通,10,輕微扣分2,0,無壁爐,獨立車庫,未完工,2,560,普通,普通,鋪面,0,57,0,0,0,0,無泳池,無圍籬,無其他設施,0,9,2007,一般保證契約,一般交易,90000,11.407576060361786
1064,3,1層樓(1945年前),中密度住宅區,50.0,6000,柏油路,無巷道,規則,平坦,內側地,緩坡,舊城區(OldTown),鄰近主幹道,正常,獨棟,1層樓,6,6,1925,1980,山形頂,標準瀝青瓦,金屬壁板,金屬壁板,無砌面,0.0,普通,良好,磚與瓦,普通,普通,無採光,低於平均居住空間,397,未完工,0,706,1103,瓦斯熱風,良好,有,標準斷路器,1103,0,0,1103,0,0,1,0,2,1,良好,5,正常,1,良好,獨立車庫,未完工,2,440,普通,普通,鋪面,166,120,0,0,0,0,無泳池,隱私性低,無其他設施,0,7,2006,一般保證契約,一般交易,110500,11.612779849672751
1065,0,1層樓(1946年後),低密度住宅區,74.5,11000,柏油路,無巷道,略不規則,平坦,死巷底,緩坡,北艾姆斯(NAmes),正常,正常,獨棟,1層樓,5,6,1966,1966,山形頂,標準瀝青瓦,夾板,夾板,面磚,200.0,普通,普通,煤渣磚,普通,普通,採光少,低於平均居住空間,740,一般娛樂空間,230,184,1154,瓦斯熱風,極佳,有,標準斷路器,1154,0,0,1154,0,0,1,1,3,1,普通,6,正常,1,差,連接主屋,粗略完工,2,480,普通,普通,鋪面,0,58,0,0,0,0,無泳池,隱私性低,無其他設施,0,11,2009,一般保證契約,一般交易,154000,11.944714374881176
1066,2,2層樓(1946年後),低密度住宅區,80.0,14000,柏油路,無巷道,規則,平坦,內側地,中坡,清溪(ClearCr),正常,正常,獨棟,2層樓,7,5,1996,1997,山形頂,標準瀝青瓦,木壁板,木壁板,無砌面,0.0,良好,普通,澆置混凝土,極佳,普通,採光良好,優良居住空間,1201,未完工,0,105,1306,瓦斯熱風,極佳,有,標準斷路器,1306,954,0,2260,1,0,2,1,3,1,良好,7,正常,0,無壁爐,連接主屋,粗略完工,2,533,普通,普通,鋪面,296,44,0,0,0,0,無泳池,無圍籬,無其他設施,0,4,2010,一般保證契約,一般交易,328000,12.700771936142122
1067,2,2層樓(1946年後),低密度住宅區,59.0,7837,柏油路,無巷道,略不規則,平坦,內側地,緩坡,吉爾伯特(Gilbert),正常,正常,獨棟,2層樓,6,7,1993,1994,山形頂,標準瀝青瓦,乙烯基壁板,乙烯基壁板,無砌面,0.0,良好,普通,澆置混凝土,良好,普通,無採光,未完工,0,未完工,0,799,799,瓦斯熱風,良好,有,標準斷路器,799,772,0,1571,0,0,2,1,3,1,普通,7,正常,1,普通,連接主屋,粗略完工,2,380,普通,普通,鋪面,0,40,0,0,0,0,無泳池,無圍籬,無其他設施,0,5,2009,一般保證契約,一般交易,178000,12.08954444723597
1068,3,2層樓(1946年後),低密度住宅區,80.0,9760,柏油路,無巷道,規則,平坦,內側地,中坡,北艾姆斯(NAmes),正常,正常,獨棟,2層樓,6,6,1964,1964,山形頂,標準瀝青瓦,硬質纖維板,硬質纖維板,面磚,360.0,普通,普通,煤渣磚,普通,普通,採光良好,優良居住空間,674,低品質空間,106,0,780,瓦斯熱風,普通,有,標準斷路器,798,813,0,1611,1,0,1,1,4,1,普通,7,正常,0,無壁爐,連接主屋,粗略完工,2,442,普通,普通,鋪面,328,128,0,0,189,0,無泳池,無圍籬,無其他設施,0,6,2008,一般保證契約,一般交易,167900,12.031129798974042
1069,0,2層樓社區住宅(1946年後),中密度住宅區,42.0,3964,柏油路,無巷道,規則,平坦,內側地,緩坡,草地村(MeadowV),正常,正常,連棟邊間,2層樓,6,4,1973,1973,山形頂,標準瀝青瓦,水泥板,水泥板,無砌面,0.0,普通,普通,煤渣磚,良好,普通,無採光,普通居住空間,837,未完工,0,105,942,瓦斯熱風,良好,有,標準斷路器,1291,1230,0,2521,1,0,2,1,5,1,普通,10,重大扣分1,1,良好,連接主屋,已完工,2,576,普通,普通,鋪面,728,20,0,0,0,0,無泳池,隱私性佳,無其他設施,0,6,2006,一般保證契約,一般交易,151400,11.927687224983487
1070,3,1.5層樓(未完工),低密度住宅區,60.0,9600,柏油路,無巷道,規則,平坦,內側地,緩坡,北艾姆斯(NAmes),正常,正常,獨棟,1.5層(二樓未完工),5,7,1949,2003,山形頂,標準瀝青瓦,金屬壁板,金屬壁板,無砌面,0.0,普通,普通,煤渣磚,普通,普通,無採光,普通居住空間,220,未完工,0,625,845,瓦斯熱風,普通,有,標準斷路器,893,0,0,893,0,1,1,0,2,1,良好,4,正常,0,無壁爐,獨立車庫,未完工,2,576,普通,普通,鋪面,0,0,0,0,0,0,無泳池,無圍籬,無其他設施,0,5,2007,一般保證契約,一般交易,135000,11.813037464800539
1071,3,1層樓(1946年後),低密度住宅區,72.0,10152,柏油路,無巷道,規則,平坦,內側地,緩坡,北艾姆斯(NAmes),正常,正常,獨棟,1層樓,5,5,1956,1956,四坡頂,標準瀝青瓦,金屬壁板,金屬壁板,面磚,120.0,普通,普通,煤渣磚,普通,普通,無採光,低於平均居住空間,586,未完工,0,462,1048,瓦斯熱風,普通,有,標準斷路器,1048,0,0,1048,1,0,1,0,3,1,普通,6,正常,0,無壁爐,連接主屋,未完工,1,286,普通,普通,鋪面,0,20,0,0,192,0,無泳池,無圍籬,無其他設施,0,6,2007,一般保證契約,一般交易,135000,11.813037464800539
1072,0,2層樓(1946年後),低密度住宅區,78.0,11700,柏油路,無巷道,規則,平坦,內側地,緩坡,西北艾姆斯(NWAmes),緊鄰南北向鐵路,正常,獨棟,2層樓,6,6,1968,1968,山形頂,標準瀝青瓦,金屬壁板,金屬壁板,無砌面,0.0,普通,普通,煤渣磚,普通,普通,無採光,一般娛樂空間,298,未完工,0,429,727,瓦斯熱風,極佳,有,標準斷路器,829,727,0,1556,0,0,1,1,4,1,普通,8,正常,0,無壁爐,連接主屋,未完工,2,441,普通,普通,鋪面,0,0,0,0,0,0,無泳池,無圍籬,無其他設施,0,5,2009,一般保證契約,一般交易,154000,11.944714374881176
1073,3,1.5層樓(已完工),低密度住宅區,50.0,7585,柏油路,無巷道,規則,平坦,內側地,緩坡,愛德華茲(Edwards),鄰近主幹道,正常,獨棟,1.5層(二樓完工),5,3,1948,1950,山形頂,標準瀝青瓦,金屬壁板,金屬壁板,無砌面,0.0,普通,普通,煤渣磚,尚可,尚可,採光少,未完工,0,未完工,0,810,810,瓦斯熱風,尚可,有,保險絲(良),1002,454,0,1456,1,1,1,0,4,1,普通,7,正常,1,普通,獨立車庫,未完工,1,280,普通,普通,部分鋪面,0,0,0,0,0,0,無泳池,無圍籬,無其他設施,0,8,2006,一般保證契約,一般交易,91500,11.424105180165641
1074,4,2層樓(1946年後),低密度住宅區,75.0,7950,柏油路,無巷道,略不規則,坡堤,角地,緩坡,愛德華茲(Edwards),正常,正常,獨棟,2層樓,6,6,1977,1977,四坡頂,標準瀝青瓦,硬質纖維板,夾板,面磚,140.0,普通,普通,煤渣磚,普通,普通,無採光,低於平均居住空間,535,未完工,0,155,690,瓦斯熱風,普通,有,標準斷路器,698,728,0,1426,0,0,1,1,3,1,普通,6,正常,0,無壁爐,連接主屋,已完工,2,440,普通,普通,鋪面,252,0,0,0,0,0,無泳池,隱私性低,無其他設施,0,7,2009,一般保證契約,一般交易,159500,11.979805470779858
1075,2,1層樓(1946年後),低密度住宅區,74.0,8556,柏油路,無巷道,規則,平坦,內側地,緩坡,學院溪(CollgCr),正常,正常,獨棟,1層樓,7,5,2006,2006,山形頂,標準瀝青瓦,乙烯基壁板,乙烯基壁板,無砌面,0.0,良好,普通,澆置混凝土,良好,普通,採光普通,未完工,0,未完工,0,1240,1240,瓦斯熱風,極佳,有,標準斷路器,1240,0,0,1240,0,0,2,0,2,1,良好,5,正常,0,無壁爐,連接主屋,粗略完工,3,826,普通,普通,鋪面,140,93,0,0,0,0,無泳池,無圍籬,無其他設施,0,5,2007,一般保證契約,一般交易,194000,12.175618592671356
1076,4,2層樓(1945年前),低密度住宅區,75.0,13125,柏油路,無巷道,規則,平坦,內側地,緩坡,克勞福德(Crawfor),正常,正常,獨棟,2層樓,7,6,1940,1984,山形頂,標準瀝青瓦,木壁板,木壁板,無砌面,0.0,普通,普通,煤渣磚,普通,普通,無採光,低於平均居住空間,410,未完工,0,390,800,瓦斯熱風,普通,有,標準斷路器,960,780,0,1740,0,0,1,1,3,1,普通,6,正常,2,良好,連接主屋,未完工,1,240,普通,普通,鋪面,0,0,0,0,0,0,無泳池,無圍籬,無其他設施,0,7,2007,現金保證契約,一般交易,219500,12.299112067295642
1077,2,1.5層樓(已完工),低密度住宅區,60.0,10800,柏油路,碎石巷,規則,平坦,內側地,緩坡,舊城區(OldTown),正常,正常,獨棟,1.5層(二樓完工),5,8,1936,1989,山形頂,標準瀝青瓦,木壁板,木壁板,無砌面,0.0,普通,普通,煤渣磚,尚可,普通,無採光,普通居住空間,626,未完工,0,170,796,瓦斯熱風,良好,有,標準斷路器,1096,370,0,1466,0,1,2,0,3,1,良好,7,輕微扣分1,1,普通,連接主屋,未完工,2,566,普通,普通,鋪面,436,21,0,0,0,0,無泳池,無圍籬,儲藏棚,500,4,2006,一般保證契約,一般交易,170000,12.04355959836804
1078,3,1層樓(1946年後),低密度住宅區,74.5,15870,柏油路,無巷道,略不規則,平坦,角地,緩坡,北艾姆斯(NAmes),正常,正常,獨棟,1層樓,5,5,1969,1969,山形頂,標準瀝青瓦,乙烯基壁板,夾板,無砌面,0.0,普通,普通,煤渣磚,普通,普通,採光少,低於平均居住空間,75,一般娛樂空間,791,230,1096,瓦斯熱風,極佳,有,標準斷路器,1096,0,0,1096,1,0,1,0,3,1,普通,6,正常,0,無壁爐,連接主屋,已完工,1,299,普通,普通,鋪面,240,32,0,0,0,0,無泳池,無圍籬,無其他設施,0,3,2006,一般保證契約,異常交易(如法拍),138800,11.840796531639839
1080,2,1層樓(1946年後),低密度住宅區,65.0,8775,柏油路,無巷道,規則,平坦,內側地,緩坡,學院溪(CollgCr),正常,正常,獨棟,1層樓,5,5,1994,1994,山形頂,標準瀝青瓦,乙烯基壁板,乙烯基壁板,無砌面,0.0,普通,普通,澆置混凝土,良好,普通,無採光,優良居住空間,495,未完工,0,495,990,瓦斯熱風,良好,有,標準斷路器,990,0,0,990,0,0,1,0,3,1,普通,5,正常,0,無壁爐,連接主屋,未完工,1,299,普通,普通,鋪面,0,64,0,0,0,0,無泳池,無圍籬,無其他設施,0,4,2007,一般保證契約,一般交易,126000,11.744045122410057
1081,4,1層樓(1946年後),低密度住宅區,80.0,11040,柏油路,無巷道,規則,平坦,內側地,緩坡,西北艾姆斯(NWAmes),正常,正常,獨棟,1層樓,6,7,1971,2004,山形頂,標準瀝青瓦,乙烯基壁板,乙烯基壁板,面磚,144.0,良好,良好,煤渣磚,普通,普通,無採光,普通居住空間,656,未完工,0,602,1258,瓦斯熱風,極佳,有,標準斷路器,1258,0,0,1258,0,1,2,0,3,1,良好,5,正常,0,無壁爐,連接主屋,粗略完工,2,528,普通,普通,鋪面,55,0,0,216,0,0,無泳池,無圍籬,無其他設施,0,10,2008,法院或遺產拍賣,異常交易(如法拍),145000,11.884495917930655
1082,3,1層樓(1946年後),低密度住宅區,75.0,7500,柏油路,無巷道,規則,平坦,角地,緩坡,索耶(Sawyer),鄰近支線道路,正常,獨棟,1層樓,5,5,1963,1963,山形頂,標準瀝青瓦,硬質纖維板,硬質纖維板,無砌面,0.0,普通,普通,煤渣磚,普通,普通,無採光,普通居住空間,824,未完工,0,216,1040,瓦斯熱風,尚可,有,標準斷路器,1040,0,0,1040,1,0,1,1,3,1,普通,5,正常,0,無壁爐,連接主屋,已完工,1,308,普通,普通,鋪面,0,0,220,0,0,0,無泳池,隱私性低,無其他設施,0,6,2010,一般保證契約,一般交易,133000,11.798111925972618
1083,1,1層樓(1946年後),低密度住宅區,70.0,8749,柏油路,無巷道,規則,平坦,內側地,緩坡,學院溪(CollgCr),正常,正常,獨棟,1層樓,7,5,2002,2002,山形頂,標準瀝青瓦,乙烯基壁板,乙烯基壁板,面磚,100.0,良好,普通,澆置混凝土,良好,普通,無採光,未完工,0,未完工,0,1459,1459,瓦斯熱風,極佳,有,標準斷路器,1459,0,0,1459,0,0,2,0,3,1,良好,6,正常,1,良好,連接主屋,粗略完工,2,527,普通,普通,鋪面,192,39,0,0,0,0,無泳池,無圍籬,無其他設施,0,9,2007,一般保證契約,一般交易,192000,12.165255859329688
1084,4,1層樓(1946年後),低密度住宅區,80.0,8800,柏油路,無巷道,規則,平坦,內側地,緩坡,北艾姆斯(NAmes),正常,正常,獨棟,1層樓,6,6,1964,1964,四坡頂,標準瀝青瓦,硬質纖維板,硬質纖維板,面磚,425.0,普通,普通,煤渣磚,普通,普通,無採光,低於平均居住空間,553,未完工,0,698,1251,瓦斯熱風,普通,有,標準斷路器,1251,0,0,1251,1,0,1,0,3,1,普通,6,正常,2,良好,連接主屋,粗略完工,1,461,普通,普通,鋪面,0,116,0,0,0,0,無泳池,隱私性低,儲藏棚,700,3,2006,一般保證契約,一般交易,160000,11.982935344196433
1085,1,2層樓(1946年後),低密度住宅區,65.0,13031,柏油路,無巷道,中度不規則,平坦,角地,緩坡,吉爾伯特(Gilbert),正常,正常,獨棟,2層樓,6,5,1995,1996,山形頂,標準瀝青瓦,硬質纖維板,硬質纖維板,無砌面,0.0,普通,普通,澆置混凝土,良好,普通,無採光,普通居住空間,592,未完工,0,99,691,瓦斯熱風,良好,有,標準斷路器,691,807,0,1498,0,0,2,1,3,1,普通,6,正常,1,普通,連接主屋,已完工,2,409,普通,普通,鋪面,315,44,0,0,0,0,無泳池,無圍籬,無其他設施,0,7,2006,一般保證契約,一般交易,187500,12.141539457711714
1087,0,2層樓社區住宅(1946年後),中密度住宅區,21.0,1974,柏油路,無巷道,規則,平坦,內側地,緩坡,草地村(MeadowV),正常,正常,連棟邊間,2層樓,4,5,1973,1973,山形頂,標準瀝青瓦,水泥板,水泥板,無砌面,0.0,普通,普通,煤渣磚,普通,普通,無採光,低於平均居住空間,334,未完工,0,212,546,瓦斯熱風,普通,有,標準斷路器,546,546,0,1092,0,0,1,1,3,1,普通,6,正常,0,無壁爐,連接主屋,粗略完工,1,286,普通,普通,鋪面,120,96,0,0,0,0,無泳池,無圍籬,無其他設施,0,5,2010,一般保證契約,一般交易,83500,11.332613886815139
1088,2,2層樓(1946年後),浮動村住宅區,85.0,10574,柏油路,無巷道,規則,平坦,內側地,緩坡,薩默塞特(Somerst),正常,正常,獨棟,2層樓,8,5,2005,2006,山形頂,標準瀝青瓦,乙烯基壁板,乙烯基壁板,無砌面,0.0,良好,普通,澆置混凝土,良好,普通,採光少,未完工,0,未完工,0,1082,1082,瓦斯熱風,極佳,有,標準斷路器,1082,871,0,1953,0,0,2,1,3,1,良好,9,正常,1,良好,連接主屋,粗略完工,3,1043,普通,普通,鋪面,160,50,0,0,0,0,無泳池,無圍籬,無其他設施,0,5,2009,一般保證契約,一般交易,252000,12.437188334739655
1091,1,雙拼住宅,低密度住宅區,60.0,8544,柏油路,無巷道,規則,平坦,角地,緩坡,北艾姆斯(NAmes),正常,正常,雙拼,1層樓,3,4,1950,1950,山形頂,標準瀝青瓦,面磚,面磚,無砌面,0.0,普通,普通,板式,無地下室,無地下室,無地下室,無地下室,0,無地下室,0,0,0,壁掛暖爐,尚可,無,保險絲(良),1040,0,0,1040,0,0,2,0,2,2,普通,6,正常,0,無壁爐,獨立車庫,未完工,2,400,普通,普通,鋪面,0,0,0,0,0,0,無泳池,無圍籬,無其他設施,0,6,2009,一般保證契約,一般交易,92900,11.439289689006644
1092,0,2層樓社區住宅(1946年後),浮動村住宅區,24.0,2160,柏油路,柏油巷,規則,平坦,內側地,緩坡,薩默塞特(Somerst),正常,正常,連棟中間,2層樓,7,5,1999,2000,山形頂,標準瀝青瓦,金屬壁板,金屬壁板,面磚,212.0,良好,普通,澆置混凝土,良好,普通,無採光,低於平均居住空間,510,未完工,0,90,600,瓦斯熱風,極佳,有,標準斷路器,624,628,0,1252,1,0,2,1,2,1,良好,4,正常,0,無壁爐,獨立車庫,未完工,2,462,普通,普通,鋪面,0,48,0,0,0,0,無泳池,無圍籬,無其他設施,0,3,2008,一般保證契約,一般交易,160000,11.982935344196433
1094,2,1層樓(1946年後),低密度住宅區,71.0,9230,柏油路,無巷道,規則,平坦,角地,緩坡,北艾姆斯(NAmes),鄰近支線道路,正常,獨棟,1層樓,5,8,1965,1998,四坡頂,標準瀝青瓦,金屬壁板,金屬壁板,面磚,166.0,普通,普通,煤渣磚,普通,普通,採光少,優良居住空間,661,未完工,0,203,864,瓦斯熱風,良好,有,標準斷路器,1200,0,0,1200,1,0,1,1,1,1,良好,6,正常,0,無壁爐,獨立車庫,未完工,2,884,普通,普通,鋪面,0,64,0,0,0,0,無泳池,隱私性低,無其他設施,0,10,2006,一般保證契約,一般交易,146000,11.891368749982085
1096,4,1層樓(1946年後),低密度住宅區,78.0,9317,柏油路,無巷道,略不規則,平坦,內側地,緩坡,學院溪(CollgCr),正常,正常,獨棟,1層樓,6,5,2006,2006,山形頂,標準瀝青瓦,乙烯基壁板,乙烯基壁板,無砌面,0.0,良好,普通,澆置混凝土,良好,普通,無採光,優良居住空間,24,未完工,0,1290,1314,瓦斯熱風,良好,有,標準斷路器,1314,0,0,1314,0,0,2,0,3,1,良好,6,正常,1,良好,連接主屋,粗略完工,2,440,普通,普通,鋪面,0,22,0,0,0,0,無泳池,無圍籬,無其他設施,0,3,2007,一般保證契約,一般交易,176432,12.080696479888445
1097,4,2層樓(1945年前),中密度住宅區,60.0,6882,柏油路,無巷道,規則,平坦,內側地,緩坡,交通部與鐵路區(IDOTRR),正常,正常,獨棟,2層樓,6,7,1914,2006,山形頂,標準瀝青瓦,木壁板,木壁板,無砌面,0.0,普通,普通,澆置混凝土,普通,普通,無採光,未完工,0,未完工,0,684,684,瓦斯熱風,普通,有,標準斷路器,773,582,0,1355,0,0,1,1,3,1,良好,7,正常,0,無壁爐,無車庫,無車庫,0,0,無車庫,無車庫,鋪面,136,0,115,0,0,0,無泳池,無圍籬,無其他設施,0,3,2007,一般保證契約,一般交易,127000,11.751950239425476
1098,1,1層樓社區住宅(1946年後),低密度住宅區,53.5,3696,柏油路,無巷道,規則,平坦,內側地,緩坡,石橋(StoneBr),正常,正常,連棟邊間,1層樓,8,5,1986,1986,山形頂,標準瀝青瓦,硬質纖維板,硬質纖維板,無砌面,0.0,良好,普通,煤渣磚,良好,普通,無採光,未完工,0,未完工,0,1074,1074,瓦斯熱風,極佳,有,標準斷路器,1088,0,0,1088,0,0,1,1,2,1,良好,5,正常,0,無壁爐,連接主屋,粗略完工,2,461,普通,普通,鋪面,0,74,137,0,0,0,無泳池,無圍籬,無其他設施,0,10,2007,一般保證契約,一般交易,170000,12.04355959836804
1099,2,1.5層樓(已完工),中密度住宅區,50.0,6000,柏油路,無巷道,規則,平坦,內側地,緩坡,布魯克賽德(BrkSide),正常,正常,獨棟,1.5層(二樓完工),4,6,1936,1950,山形頂,標準瀝青瓦,金屬壁板,金屬壁板,無砌面,0.0,普通,普通,磚與瓦,普通,普通,無採光,低於平均居住空間,672,未完工,0,0,672,瓦斯熱風,普通,有,標準斷路器,757,567,0,1324,0,0,1,0,3,1,普通,6,正常,0,無壁爐,獨立車庫,未完工,1,240,普通,普通,鋪面,0,0,0,0,0,0,無泳池,無圍籬,無其他設施,0,7,2009,一般保證契約,一般交易,128000,11.759793355371237
1100,2,1層樓(1946年後),低密度住宅區,82.0,11880,柏油路,無巷道,略不規則,平坦,內側地,緩坡,西北艾姆斯(NWAmes),緊鄰南北向鐵路,正常,獨棟,1層樓,7,5,1978,1978,山形頂,標準瀝青瓦,夾板,夾板,面磚,206.0,普通,普通,煤渣磚,良好,普通,無採光,普通居住空間,704,未完工,0,567,1271,瓦斯熱風,普通,有,標準斷路器,1601,0,0,1601,0,0,2,0,3,1,普通,7,正常,1,普通,連接主屋,粗略完工,2,478,普通,普通,鋪面,0,0,0,0,0,0,無泳池,無圍籬,無其他設施,0,4,2009,法院或遺產拍賣,異常交易(如法拍),157000,11.964007453736912
1101,0,1層樓(1945年前),低密度住宅區,60.0,8400,柏油路,無巷道,規則,坡堤,內側地,緩坡,州立大學西南(SWISU),正常,正常,獨棟,1層樓,2,5,1920,1950,山形頂,標準瀝青瓦,木壁板,木壁板,無砌面,0.0,普通,普通,煤渣磚,普通,尚可,無採光,一般娛樂空間,290,未完工,0,0,290,瓦斯熱風,普通,無,保險絲(普通),438,0,0,438,0,0,1,0,1,1,尚可,3,正常,0,無壁爐,獨立車庫,未完工,1,246,普通,普通,泥土或碎石,0,0,0,0,0,0,無泳池,無圍籬,無其他設施,0,1,2009,一般保證契約,一般交易,60000,11.002116507732017
1104,3,1層樓(1946年後),低密度住宅區,79.0,8910,柏油路,無巷道,規則,平坦,角地,緩坡,北艾姆斯(NAmes),正常,正常,獨棟,1層樓,6,6,1959,1959,四坡頂,標準瀝青瓦,面磚,面磚,無砌面,0.0,普通,普通,煤渣磚,普通,普通,採光少,普通居住空間,655,未完工,0,0,655,瓦斯熱風,極佳,有,標準斷路器,1194,0,0,1194,0,1,1,0,3,1,普通,6,正常,1,尚可,內建車庫,已完工,2,539,普通,普通,鋪面,0,0,192,0,0,0,無泳池,無圍籬,無其他設施,0,7,2006,一般保證契約,一般交易,159500,11.979805470779858
1105,3,2層樓社區住宅(1946年後),中密度住宅區,24.0,2016,柏油路,無巷道,規則,平坦,內側地,緩坡,布萊爾戴爾(BrDale),正常,正常,連棟邊間,2層樓,5,5,1970,1970,山形頂,標準瀝青瓦,硬質纖維板,硬質纖維板,面磚,304.0,普通,普通,煤渣磚,普通,普通,無採光,未完工,0,未完工,0,630,630,瓦斯熱風,普通,有,標準斷路器,630,672,0,1302,0,0,2,1,3,1,普通,6,正常,0,無壁爐,獨立車庫,未完工,2,440,普通,普通,鋪面,0,0,0,0,0,0,無泳池,無圍籬,無其他設施,0,4,2007,一般保證契約,一般交易,106000,11.571203807011969
1107,4,1層樓(1946年後),低密度住宅區,114.0,10357,柏油路,無巷道,略不規則,平坦,角地,緩坡,西索耶(SawyerW),鄰近支線道路,正常,獨棟,1層樓,7,5,1990,1991,四坡頂,標準瀝青瓦,硬質纖維板,硬質纖維板,無砌面,0.0,良好,普通,澆置混凝土,良好,普通,採光少,優良居住空間,738,未完工,0,172,910,瓦斯熱風,良好,有,標準斷路器,1442,0,0,1442,1,0,2,0,3,1,良好,6,正常,1,普通,連接主屋,已完工,2,719,普通,普通,鋪面,0,244,0,0,0,0,無泳池,無圍籬,無其他設施,0,5,2007,一般保證契約,一般交易,179900,12.100161978566867
1108,0,2層樓(1946年後),低密度住宅區,168.0,23257,柏油路,無巷道,不規則,山坡,死巷底,緩坡,吉爾伯特(Gilbert),正常,正常,獨棟,2層樓,7,5,2006,2006,山形頂,標準瀝青瓦,乙烯基壁板,乙烯基壁板,無砌面,0.0,良好,普通,澆置混凝土,極佳,良好,無採光,未完工,0,未完工,0,868,868,瓦斯熱風,極佳,有,標準斷路器,887,1134,0,2021,0,0,2,1,3,1,良好,9,正常,1,良好,內建車庫,粗略完工,2,422,普通,普通,鋪面,0,100,0,0,0,0,無泳池,無圍籬,無其他設施,0,9,2006,新屋,預售屋(估價時未完工),274725,12.52352951631214
1110,4,1層樓(1946年後),低密度住宅區,107.0,11362,柏油路,無巷道,略不規則,平坦,內側地,緩坡,北嶺高地(NridgHt),正常,正常,獨棟,1層樓,8,5,2004,2005,山形頂,標準瀝青瓦,金屬壁板,金屬壁板,石材,42.0,良好,普通,澆置混凝土,極佳,普通,採光少,優良居住空間,1039,未完工,0,797,1836,瓦斯熱風,極佳,有,標準斷路器,1836,0,0,1836,1,0,2,0,3,1,良好,7,正常,1,良好,連接主屋,已完工,3,862,普通,普通,鋪面,125,185,0,0,0,0,無泳池,無圍籬,無其他設施,0,3,2009,一般保證契約,一般交易,280000,12.54254845357358
1111,1,2層樓(1946年後),低密度住宅區,65.0,8000,柏油路,無巷道,規則,平坦,內側地,緩坡,吉爾伯特(Gilbert),正常,正常,獨棟,2層樓,6,5,1995,1996,山形頂,標準瀝青瓦,硬質纖維板,硬質纖維板,無砌面,0.0,普通,普通,澆置混凝土,良好,普通,無採光,優良居住空間,219,未完工,0,554,773,瓦斯熱風,良好,有,標準斷路器,773,885,0,1658,1,0,2,1,3,1,普通,8,正常,1,普通,連接主屋,已完工,2,431,普通,普通,鋪面,224,84,0,0,0,0,無泳池,無圍籬,無其他設施,0,6,2008,一般保證契約,一般交易,188000,12.144202560946876
1112,2,2層樓(1946年後),低密度住宅區,80.0,10480,柏油路,無巷道,規則,平坦,內側地,緩坡,西北艾姆斯(NWAmes),正常,正常,獨棟,2層樓,7,6,1976,1976,四坡頂,標準瀝青瓦,夾板,夾板,面磚,660.0,普通,普通,煤渣磚,普通,普通,無採光,普通居住空間,403,未完工,0,400,803,瓦斯熱風,普通,有,標準斷路器,1098,866,0,1964,0,0,2,1,4,1,普通,8,正常,1,良好,連接主屋,粗略完工,2,483,普通,普通,鋪面,0,69,0,0,0,0,無泳池,無圍籬,無其他設施,0,9,2008,一般保證契約,一般交易,205000,12.230770136157428
1113,4,1層樓(1946年後),低密度住宅區,73.0,7100,柏油路,無巷道,略不規則,平坦,角地,緩坡,北艾姆斯(NAmes),正常,正常,獨棟,1層樓,5,7,1957,1957,山形頂,標準瀝青瓦,木瓦,木瓦,無砌面,0.0,普通,普通,煤渣磚,普通,普通,無採光,優良居住空間,708,未完工,0,108,816,瓦斯熱風,普通,有,保險絲(良),816,0,0,816,1,0,1,0,2,1,普通,5,正常,0,無壁爐,獨立車庫,未完工,1,308,普通,普通,鋪面,0,0,0,0,0,0,無泳池,無圍籬,無其他設施,0,7,2006,一般保證契約,一般交易,129900,11.774527900858468
1115,0,1層樓(1946年後),低密度住宅區,90.0,5400,柏油路,無巷道,規則,平坦,內側地,緩坡,舊城區(OldTown),正常,正常,獨棟,1層樓,5,7,1954,2000,山形頂,標準瀝青瓦,金屬壁板,金屬壁板,無砌面,0.0,普通,良好,煤渣磚,普通,普通,無採光,一般娛樂空間,415,未完工,0,418,833,瓦斯熱風,極佳,有,標準斷路器,833,0,0,833,0,0,1,0,2,1,良好,4,正常,0,無壁爐,獨立車庫,未完工,1,326,普通,普通,鋪面,0,0,0,0,0,0,無泳池,隱私性低,無其他設施,0,8,2006,一般保證契約,一般交易,117000,11.669937760751914
1116,1,1層樓(1946年後),低密度住宅區,93.0,12085,柏油路,無巷道,規則,平坦,內側地,緩坡,北嶺高地(NridgHt),正常,正常,獨棟,1層樓,8,5,2007,2007,四坡頂,標準瀝青瓦,乙烯基壁板,乙烯基壁板,石材,328.0,良好,普通,澆置混凝土,極佳,普通,無採光,優良居住空間,1004,未完工,0,730,1734,瓦斯熱風,極佳,有,標準斷路器,1734,0,0,1734,1,0,2,0,3,1,極佳,7,正常,1,良好,連接主屋,粗略完工,3,928,普通,普通,鋪面,0,0,0,0,0,0,無泳池,無圍籬,無其他設施,0,11,2007,新屋,預售屋(估價時未完工),318000,12.669809806411457
1117,1,錯層式,低密度住宅區,65.0,7750,柏油路,無巷道,規則,平坦,內側地,緩坡,吉爾伯特(Gilbert),正常,正常,獨棟,錯層,8,5,2002,2002,四坡頂,標準瀝青瓦,乙烯基壁板,乙烯基壁板,無砌面,0.0,良好,普通,澆置混凝土,良好,普通,無採光,優良居住空間,353,未完工,0,55,408,瓦斯熱風,極佳,有,標準斷路器,779,640,0,1419,1,0,2,1,3,1,良好,7,正常,1,普通,內建車庫,已完工,2,527,普通,普通,鋪面,120,0,0,0,0,0,無泳池,無圍籬,無其他設施,0,3,2009,一般保證契約,一般交易,184100,12.123239799036943
1118,0,1層樓(1946年後),低密度住宅區,57.0,9764,柏油路,無巷道,略不規則,平坦,兩面臨路,緩坡,索耶(Sawyer),鄰近支線道路,正常,獨棟,1層樓,5,7,1967,2003,山形頂,標準瀝青瓦,乙烯基壁板,乙烯基壁板,無砌面,0.0,普通,普通,煤渣磚,普通,普通,無採光,低於平均居住空間,702,未完工,0,192,894,瓦斯熱風,極佳,有,標準斷路器,894,0,0,894,1,0,1,0,3,1,良好,5,正常,0,無壁爐,連接主屋,粗略完工,2,450,普通,普通,鋪面,0,0,0,0,0,0,無泳池,無圍籬,無其他設施,0,5,2008,一般保證契約,一般交易,130000,11.775297421715827
1119,1,錯層式,低密度住宅區,85.0,13825,柏油路,無巷道,規則,平坦,內側地,緩坡,索耶(Sawyer),正常,正常,獨棟,錯層,5,6,1958,1987,山形頂,標準瀝青瓦,金屬壁板,金屬壁板,無砌面,0.0,普通,良好,煤渣磚,普通,普通,無採光,未完工,0,未完工,0,533,533,瓦斯熱風,普通,有,標準斷路器,1021,580,0,1601,0,1,1,0,3,1,普通,6,輕微扣分2,0,無壁爐,內建車庫,粗略完工,1,300,普通,普通,鋪面,280,34,0,0,0,0,無泳池,無圍籬,無其他設施,0,12,2008,一般保證契約,一般交易,140000,11.849404844423074
1120,0,1層樓(1946年後),低密度住宅區,70.0,7560,柏油路,無巷道,規則,平坦,內側地,緩坡,北艾姆斯(NAmes),正常,正常,獨棟,1層樓,5,5,1959,1959,山形頂,標準瀝青瓦,面磚,木壁板,無砌面,0.0,普通,普通,煤渣磚,普通,普通,無採光,低品質空間,369,未完工,0,671,1040,瓦斯熱風,普通,有,保險絲(良),1040,0,0,1040,0,0,1,0,3,1,普通,6,正常,0,無壁爐,連接主屋,粗略完工,1,286,普通,普通,鋪面,140,0,252,0,0,0,無泳池,木圍籬佳,無其他設施,0,7,2006,一般保證契約,一般交易,133700,11.803361242493628
1122,3,1層樓(1946年後),低密度住宅區,84.0,10084,柏油路,無巷道,規則,平坦,內側地,緩坡,學院溪(CollgCr),正常,正常,獨棟,1層樓,7,5,2005,2006,山形頂,標準瀝青瓦,乙烯基壁板,乙烯基壁板,面磚,196.0,良好,普通,澆置混凝土,良好,普通,採光普通,優良居住空間,24,未完工,0,1528,1552,瓦斯熱風,極佳,有,標準斷路器,1552,0,0,1552,0,0,2,0,3,1,良好,7,正常,0,無壁爐,連接主屋,粗略完工,3,782,普通,普通,鋪面,144,20,0,0,0,0,無泳池,無圍籬,無其他設施,0,7,2006,新屋,預售屋(估價時未完工),212900,12.268582547911404
1123,4,1層樓(1946年後),低密度住宅區,65.5,8926,柏油路,無巷道,略不規則,平坦,角地,緩坡,愛德華茲(Edwards),正常,正常,獨棟,1層樓,4,3,1956,1956,山形頂,標準瀝青瓦,石棉瓦,石棉瓦,無砌面,0.0,普通,普通,煤渣磚,普通,普通,無採光,未完工,0,未完工,0,672,672,瓦斯熱風,極佳,有,保險絲(良),960,0,0,960,0,0,1,0,3,1,普通,5,正常,0,無壁爐,地下室車庫,未完工,1,288,普通,普通,鋪面,64,0,0,0,160,0,無泳池,隱私性低,無其他設施,0,10,2009,法院或遺產拍賣,異常交易(如法拍),112000,11.626263078808801
1124,2,1層樓(1946年後),低密度住宅區,50.0,9405,柏油路,無巷道,規則,平坦,內側地,緩坡,愛德華茲(Edwards),正常,正常,獨棟,1層樓,5,9,1947,2008,四坡頂,標準瀝青瓦,乙烯基壁板,乙烯基壁板,無砌面,0.0,普通,極佳,煤渣磚,普通,普通,無採光,未完工,0,未完工,0,698,698,瓦斯熱風,極佳,有,標準斷路器,698,0,0,698,0,1,1,0,2,1,普通,4,正常,0,無壁爐,無車庫,無車庫,0,0,無車庫,無車庫,鋪面,0,200,0,0,0,0,無泳池,無圍籬,無其他設施,0,6,2009,一般保證契約,一般交易,118000,11.678448377988165
1125,2,錯層式,低密度住宅區,65.0,9125,柏油路,無巷道,略不規則,平坦,內側地,緩坡,吉爾伯特(Gilbert),正常,正常,獨棟,錯層,7,5,1992,1992,山形頂,標準瀝青瓦,硬質纖維板,硬質纖維板,面磚,170.0,普通,普通,澆置混凝土,良好,普通,無採光,未完工,0,未完工,0,384,384,瓦斯熱風,良好,有,標準斷路器,812,670,0,1482,0,0,2,1,3,1,良好,7,正常,1,普通,連接主屋,已完工,2,392,普通,普通,鋪面,100,25,0,0,0,0,無泳池,無圍籬,無其他設施,0,7,2007,一般保證契約,一般交易,163900,12.007017865994577
1127,2,1層樓社區住宅(1946年後),低密度住宅區,53.0,3684,柏油路,無巷道,規則,平坦,內側地,緩坡,布魯明頓高地(Blmngtn),正常,正常,連棟邊間,1層樓,7,5,2007,2007,四坡頂,標準瀝青瓦,乙烯基壁板,乙烯基壁板,面磚,130.0,良好,普通,澆置混凝土,良好,普通,無採光,未完工,0,未完工,0,1373,1373,瓦斯熱風,極佳,有,標準斷路器,1555,0,0,1555,0,0,2,0,2,1,良好,7,正常,1,普通,連接主屋,已完工,3,660,普通,普通,鋪面,143,20,0,0,0,0,無泳池,無圍籬,無其他設施,0,6,2009,一般保證契約,一般交易,174000,12.066816325306588
1128,3,1層樓(1946年後),低密度住宅區,182.0,14572,柏油路,無巷道,不規則,平坦,角地,緩坡,吉爾伯特(Gilbert),正常,正常,獨棟,1層樓,7,5,2004,2004,四坡頂,標準瀝青瓦,乙烯基壁板,乙烯基壁板,無砌面,0.0,良好,普通,澆置混凝土,良好,普通,採光普通,優良居住空間,1300,未完工,0,230,1530,瓦斯熱風,極佳,有,標準斷路器,1530,0,0,1530,1,0,2,0,3,1,良好,7,正常,1,良好,連接主屋,已完工,3,630,普通,普通,鋪面,144,36,0,0,0,0,無泳池,無圍籬,無其他設施,0,11,2007,一般保證契約,親友交易,259000,12.464587201678082
1129,4,2層樓(1946年後),低密度住宅區,59.0,11796,柏油路,無巷道,略不規則,平坦,內側地,緩坡,吉爾伯特(Gilbert),正常,正常,獨棟,2層樓,7,5,2004,2005,山形頂,標準瀝青瓦,乙烯基壁板,乙烯基壁板,無砌面,0.0,良好,普通,澆置混凝土,良好,普通,採光普通,未完工,0,未完工,0,847,847,瓦斯熱風,極佳,有,標準斷路器,847,1112,0,1959,0,0,2,1,4,1,良好,8,正常,1,良好,內建車庫,已完工,2,434,普通,普通,鋪面,100,48,0,0,0,0,無泳池,無圍籬,無其他設施,0,7,2007,一般保證契約,一般交易,215000,12.278397958261774
1130,4,雙拼住宅,中密度住宅區,60.0,7200,柏油路,碎石巷,規則,平坦,內側地,緩坡,舊城區(OldTown),正常,正常,雙拼,錯層玄關,5,5,1980,1980,山形頂,標準瀝青瓦,金屬壁板,金屬壁板,面磚,180.0,普通,普通,煤渣磚,良好,普通,採光良好,優良居住空間,936,未完工,0,0,936,瓦斯熱風,普通,有,標準斷路器,936,0,0,936,1,0,1,0,2,1,普通,4,正常,0,無壁爐,獨立車庫,未完工,2,672,普通,普通,鋪面,49,0,0,0,0,0,無泳池,無圍籬,無其他設施,0,8,2007,一般保證契約,一般交易,140000,11.849404844423074
1131,2,1.5層樓(已完工),低密度住宅區,65.0,7804,柏油路,無巷道,規則,平坦,內側地,緩坡,州立大學西南(SWISU),正常,正常,獨棟,1.5層(二樓完工),4,3,1928,1950,山形頂,標準瀝青瓦,木瓦,夾板,無砌面,0.0,普通,普通,磚與瓦,普通,普通,無採光,低於平均居住空間,622,未完工,0,500,1122,瓦斯熱風,普通,有,標準斷路器,1328,653,0,1981,1,0,2,0,4,1,良好,7,輕微扣分2,2,普通,獨立車庫,未完工,2,576,普通,普通,鋪面,431,44,0,0,0,0,無泳池,隱私性低,無其他設施,0,12,2009,一般保證契約,一般交易,135000,11.813037464800539
1136,1,1層樓(1945年前),中密度住宅區,60.0,6180,柏油路,無巷道,規則,平坦,角地,緩坡,布魯克賽德(BrkSide),正常,正常,獨棟,1層樓,6,5,1926,1950,山形頂,標準瀝青瓦,木壁板,木壁板,無砌面,0.0,普通,普通,磚與瓦,普通,普通,無採光,未完工,0,未完工,0,960,960,瓦斯熱風,普通,無,標準斷路器,986,0,0,986,0,0,1,0,2,1,普通,5,正常,1,良好,獨立車庫,未完工,1,180,普通,普通,鋪面,0,128,0,0,0,0,無泳池,無圍籬,無其他設施,0,5,2007,一般保證契約,一般交易,102000,11.532737896139919
1137,0,1.5層樓(已完工),低密度住宅區,80.0,9600,柏油路,無巷道,規則,平坦,內側地,緩坡,北艾姆斯(NAmes),正常,正常,獨棟,1.5層(二樓完工),6,5,1950,1950,山形頂,標準瀝青瓦,乙烯基壁板,乙烯基壁板,無砌面,0.0,普通,普通,煤渣磚,普通,普通,無採光,低於平均居住空間,280,未完工,0,752,1032,瓦斯熱風,普通,有,保險絲(良),1032,220,0,1252,0,0,1,0,3,1,普通,6,正常,0,無壁爐,連接主屋,未完工,1,288,普通,普通,鋪面,0,0,96,0,0,0,無泳池,無圍籬,無其他設施,0,4,2008,一般保證契約,異常交易(如法拍),119000,11.686887175419702
1138,1,1.5層樓(已完工),低密度住宅區,54.0,6342,柏油路,無巷道,規則,平坦,內側地,緩坡,索耶(Sawyer),鄰近支線道路,正常,獨棟,1.5層(二樓完工),5,8,1875,1996,山形頂,標準瀝青瓦,乙烯基壁板,乙烯基壁板,無砌面,0.0,普通,良好,煤渣磚,普通,普通,無採光,未完工,0,未完工,0,780,780,瓦斯熱風,良好,無,標準斷路器,780,240,0,1020,0,0,1,0,2,1,普通,6,正常,0,無壁爐,無車庫,無車庫,0,0,無車庫,無車庫,泥土或碎石,0,0,176,0,0,0,無泳池,無圍籬,無其他設施,0,5,2010,一般保證契約,一般交易,94000,11.451060699493427
1140,1,1層樓(1945年前),低密度住宅區,98.0,8731,柏油路,無巷道,略不規則,平坦,內側地,緩坡,布魯克賽德(BrkSide),正常,正常,獨棟,1層樓,5,5,1920,1950,山形頂,標準瀝青瓦,灰泥,灰泥,無砌面,0.0,普通,尚可,磚與瓦,普通,普通,無採光,低於平均居住空間,645,未完工,0,270,915,瓦斯熱風,普通,有,標準斷路器,1167,0,0,1167,0,0,1,0,3,1,普通,6,重大扣分1,1,良好,獨立車庫,未完工,2,495,普通,普通,鋪面,0,0,216,0,126,0,無泳池,無圍籬,無其他設施,0,5,2007,一般保證契約,一般交易,144000,11.87757552297847
1141,3,1層樓(1946年後),低密度住宅區,60.0,7350,柏油路,無巷道,規則,平坦,角地,緩坡,北艾姆斯(NAmes),正常,正常,獨棟,1層樓,5,7,1951,1951,山形頂,標準瀝青瓦,硬質纖維板,硬質纖維板,無砌面,0.0,普通,普通,煤渣磚,普通,普通,採光少,普通居住空間,852,未完工,0,100,952,瓦斯熱風,普通,有,標準斷路器,952,0,0,952,1,0,1,0,2,1,普通,4,正常,0,無壁爐,獨立車庫,未完工,2,840,普通,普通,鋪面,0,0,0,0,0,0,無泳池,無圍籬,無其他設施,0,6,2008,法院或遺產拍賣,異常交易(如法拍),139000,11.842236406331555
1142,3,2層樓(1946年後),低密度住宅區,80.0,10304,柏油路,無巷道,略不規則,平坦,死巷底,緩坡,西北艾姆斯(NWAmes),鄰近公園綠地等正面設施,正常,獨棟,2層樓,5,7,1976,1976,山形頂,標準瀝青瓦,夾板,夾板,面磚,44.0,普通,良好,煤渣磚,普通,普通,無採光,普通居住空間,381,未完工,0,399,780,瓦斯熱風,極佳,有,標準斷路器,1088,780,0,1868,1,0,2,1,4,1,良好,9,正常,1,普通,連接主屋,未完工,2,484,普通,普通,鋪面,448,96,0,0,0,0,無泳池,無圍籬,無其他設施,0,10,2009,一般保證契約,一般交易,197500,12.193498926601634
1143,0,2層樓(1946年後),低密度住宅區,77.0,9965,柏油路,無巷道,規則,平坦,內側地,緩坡,學院溪(CollgCr),正常,正常,獨棟,2層樓,8,5,2006,2007,四坡頂,標準瀝青瓦,乙烯基壁板,乙烯基壁板,石材,340.0,良好,普通,澆置混凝土,極佳,普通,採光良好,優良居住空間,1150,未完工,0,316,1466,瓦斯熱風,極佳,有,標準斷路器,1466,1362,0,2828,1,0,3,0,4,1,良好,11,正常,1,普通,內建車庫,粗略完工,3,1052,普通,普通,鋪面,125,144,0,0,0,0,無泳池,無圍籬,無其他設施,0,4,2007,新屋,預售屋(估價時未完工),424870,12.959540872420414
1144,4,1層樓(1946年後),低密度住宅區,70.5,9000,柏油路,無巷道,規則,平坦,內側地,緩坡,索耶(Sawyer),正常,正常,獨棟,1層樓,5,3,1959,1959,山形頂,標準瀝青瓦,木壁板,夾板,無砌面,0.0,普通,普通,煤渣磚,普通,普通,無採光,優良居住空間,288,未完工,0,718,1006,瓦斯熱風,普通,有,標準斷路器,1006,0,0,1006,0,0,1,0,3,1,普通,5,正常,0,無壁爐,無車庫,無車庫,0,0,無車庫,無車庫,鋪面,0,24,0,0,0,0,無泳池,無圍籬,無其他設施,0,7,2008,一般保證契約,一般交易,80000,11.289794413577894
1145,1,兩戶改建住宅,低密度住宅區,60.0,12180,柏油路,無巷道,規則,平坦,內側地,緩坡,愛德華茲(Edwards),正常,正常,兩戶改建,1.5層(二樓完工),4,4,1941,1950,山形頂,標準瀝青瓦,金屬壁板,金屬壁板,無砌面,0.0,普通,尚可,磚與瓦,良好,普通,無採光,低於平均居住空間,348,未完工,0,324,672,重力式暖爐,尚可,無,保險絲(良),672,252,0,924,1,0,1,0,2,1,尚可,5,正常,0,無壁爐,獨立車庫,未完工,1,280,普通,普通,鋪面,0,0,0,0,0,0,無泳池,隱私性低,無其他設施,0,7,2010,一般保證契約,一般交易,80000,11.289794413577894
1146,1,1.5層樓(已完工),中密度住宅區,52.0,6240,柏油路,無巷道,規則,平坦,內側地,緩坡,布魯克賽德(BrkSide),正常,正常,獨棟,1.5層(二樓完工),5,6,1928,1950,山形頂,標準瀝青瓦,金屬壁板,金屬壁板,無砌面,0.0,普通,普通,磚與瓦,普通,普通,無採光,未完工,0,未完工,0,1042,1042,瓦斯熱風,極佳,有,標準斷路器,1042,534,0,1576,0,0,1,0,3,1,普通,8,正常,1,良好,獨立車庫,未完工,1,225,普通,普通,鋪面,0,0,0,0,0,0,無泳池,無圍籬,無其他設施,0,8,2006,一般保證契約,親友交易,149000,11.91170829631447
1147,1,1層樓(1946年後),低密度住宅區,66.0,11200,柏油路,無巷道,規則,平坦,內側地,緩坡,西索耶(SawyerW),正常,正常,獨棟,1層樓,6,5,1985,1985,山形頂,標準瀝青瓦,木壁板,木瓦,面磚,85.0,良好,普通,煤渣磚,良好,普通,無採光,優良居住空間,1258,未完工,0,40,1298,瓦斯熱風,普通,有,標準斷路器,1298,0,0,1298,1,0,2,0,3,1,良好,5,正常,1,普通,連接主屋,未完工,2,403,普通,普通,鋪面,165,26,0,0,0,0,無泳池,無圍籬,無其他設施,0,5,2006,一般保證契約,一般交易,180000,12.100717685412471
1148,2,2層樓(1945年前),低密度住宅區,75.0,12000,柏油路,無巷道,規則,坡堤,內側地,緩坡,克勞福德(Crawfor),正常,正常,獨棟,2層樓,7,7,1941,1950,山形頂,標準瀝青瓦,金屬壁板,金屬壁板,無砌面,0.0,普通,普通,煤渣磚,普通,普通,無採光,一般娛樂空間,275,未完工,0,429,704,瓦斯熱風,極佳,有,標準斷路器,860,704,0,1564,0,0,1,1,3,1,尚可,7,正常,1,良好,連接主屋,未完工,1,234,普通,普通,鋪面,0,0,0,0,0,0,無泳池,無圍籬,無其他設施,0,7,2009,一般保證契約,一般交易,174500,12.069685751267224
1149,3,1.5層樓(已完工),中密度住宅區,60.0,5700,柏油路,無巷道,規則,平坦,內側地,緩坡,舊城區(OldTown),正常,正常,獨棟,1.5層(二樓完工),7,7,1926,1950,山形頂,標準瀝青瓦,木壁板,木壁板,無砌面,0.0,普通,普通,澆置混凝土,普通,普通,無採光,未完工,0,未完工,0,572,572,瓦斯熱風,普通,有,標準斷路器,572,539,0,1111,0,0,1,0,2,1,普通,5,正常,1,良好,獨立車庫,未完工,1,288,普通,普通,鋪面,0,0,176,0,0,0,無泳池,無圍籬,無其他設施,0,8,2008,一般保證契約,一般交易,116900,11.669082701743504
1150,0,2層樓(1945年前),中密度住宅區,50.0,9000,柏油路,無巷道,規則,平坦,內側地,緩坡,舊城區(OldTown),鄰近主幹道,正常,獨棟,2層樓,7,9,1920,1988,四坡頂,標準瀝青瓦,乙烯基壁板,乙烯基壁板,無砌面,0.0,普通,良好,澆置混凝土,普通,普通,無採光,普通居住空間,624,未完工,0,26,650,瓦斯熱風,極佳,有,標準斷路器,832,650,0,1482,0,1,1,0,3,1,普通,7,正常,0,無壁爐,獨立車庫,未完工,2,324,普通,普通,鋪面,0,0,0,0,0,0,無泳池,無圍籬,無其他設施,0,7,2009,一般保證契約,一般交易,143000,11.870606902224587
1151,3,1層樓(1946年後),低密度住宅區,57.0,8280,柏油路,無巷道,略不規則,平坦,內側地,緩坡,北艾姆斯(NAmes),正常,正常,獨棟,1層樓,6,5,1950,1950,山形頂,標準瀝青瓦,面磚,面磚,無砌面,0.0,普通,普通,煤渣磚,普通,普通,無採光,未完工,0,未完工,0,932,932,瓦斯熱風,極佳,有,保險絲(良),932,0,0,932,0,0,1,0,2,1,良好,4,正常,1,良好,連接主屋,未完工,1,306,普通,普通,鋪面,0,0,214,0,0,0,無泳池,隱私性佳,無其他設施,0,11,2007,一般保證契約,一般交易,124000,11.728044909070785
1152,2,1層樓(1946年後),低密度住宅區,134.0,17755,柏油路,無巷道,規則,平坦,內側地,緩坡,愛德華茲(Edwards),正常,正常,獨棟,1層樓,5,4,1959,1959,山形頂,標準瀝青瓦,硬質纖維板,夾板,面磚,132.0,普通,普通,煤渣磚,普通,普通,無採光,低於平均居住空間,176,未完工,0,1290,1466,瓦斯熱風,普通,有,標準斷路器,1466,0,0,1466,0,0,1,1,3,1,尚可,6,正常,2,良好,連接主屋,已完工,2,528,普通,普通,鋪面,0,140,0,0,100,0,無泳池,無圍籬,無其他設施,0,11,2006,一般保證契約,一般交易,149900,11.917730355182513
1153,2,1層樓(1946年後),低密度住宅區,90.0,14115,柏油路,無巷道,略不規則,平坦,內側地,緩坡,克勞福德(Crawfor),正常,正常,獨棟,1層樓,6,7,1956,2004,山形頂,標準瀝青瓦,石材,石材,無砌面,0.0,普通,普通,澆置混凝土,普通,普通,無採光,普通居住空間,296,優良居住空間,547,230,1073,瓦斯熱風,極佳,有,標準斷路器,1811,0,0,1811,0,0,1,0,2,1,極佳,6,正常,1,良好,連接主屋,已完工,2,470,普通,普通,鋪面,0,0,280,0,0,0,無泳池,無圍籬,無其他設施,0,7,2006,一般保證契約,異常交易(如法拍),230000,12.345838935721968
1154,0,1層樓(1945年前),中密度住宅區,60.0,5890,柏油路,無巷道,規則,平坦,角地,緩坡,交通部與鐵路區(IDOTRR),正常,正常,獨棟,1層樓,6,8,1930,2007,山形頂,標準瀝青瓦,木壁板,木壁板,無砌面,0.0,良好,良好,磚與瓦,普通,普通,採光普通,普通居住空間,538,未完工,0,278,816,瓦斯熱風,極佳,有,標準斷路器,816,0,0,816,0,0,1,0,2,1,普通,5,正常,0,無壁爐,獨立車庫,未完工,1,432,普通,普通,鋪面,0,0,96,0,0,0,無泳池,無圍籬,無其他設施,0,6,2008,一般保證契約,一般交易,120500,11.699413330633599
1155,0,2層樓(1946年後),低密度住宅區,74.5,13700,柏油路,無巷道,略不規則,平坦,內側地,緩坡,北艾姆斯(NAmes),正常,正常,獨棟,2層樓,7,6,1965,1988,山形頂,標準瀝青瓦,乙烯基壁板,乙烯基壁板,石材,288.0,普通,普通,煤渣磚,普通,普通,採光良好,普通居住空間,454,未完工,0,410,864,瓦斯熱風,普通,有,標準斷路器,902,918,0,1820,0,0,1,2,4,1,良好,8,正常,2,良好,連接主屋,未完工,2,492,普通,普通,鋪面,60,84,0,0,273,0,無泳池,隱私性佳,無其他設施,0,5,2008,一般保證契約,一般交易,201800,12.215037342290755
1156,0,1層樓(1946年後),低密度住宅區,90.0,10768,柏油路,無巷道,略不規則,平坦,角地,緩坡,文克(Veenker),正常,正常,獨棟,1層樓,5,8,1976,2004,山形頂,標準瀝青瓦,夾板,夾板,無砌面,0.0,良好,良好,煤渣磚,良好,普通,採光良好,普通居住空間,1157,未完工,0,280,1437,瓦斯熱風,普通,有,標準斷路器,1437,0,0,1437,1,0,2,0,3,1,良好,6,正常,1,尚可,連接主屋,粗略完工,2,528,普通,普通,鋪面,0,21,0,0,180,0,無泳池,無圍籬,無其他設施,0,7,2007,一般保證契約,一般交易,218000,12.292254928916668
1158,3,1層樓社區住宅(1946年後),低密度住宅區,34.0,5001,柏油路,無巷道,略不規則,平坦,內側地,緩坡,北嶺高地(NridgHt),正常,正常,連棟中間,1層樓,7,5,2007,2008,山形頂,標準瀝青瓦,乙烯基壁板,乙烯基壁板,石材,166.0,良好,普通,澆置混凝土,良好,普通,無採光,優良居住空間,904,未完工,0,410,1314,瓦斯熱風,極佳,有,標準斷路器,1314,0,0,1314,1,0,2,0,2,1,良好,6,正常,1,良好,連接主屋,粗略完工,2,626,普通,普通,鋪面,172,62,0,0,0,0,無泳池,無圍籬,無其他設施,0,7,2009,一般保證契約,一般交易,230000,12.345838935721968
1159,0,1層樓(1946年後),低密度住宅區,92.0,11932,柏油路,無巷道,規則,平坦,兩面臨路,緩坡,薩默塞特(Somerst),鄰近支線道路,正常,獨棟,1層樓,8,5,2007,2008,山形頂,標準瀝青瓦,乙烯基壁板,乙烯基壁板,石材,186.0,良好,普通,澆置混凝土,良好,普通,無採光,未完工,0,未完工,0,1580,1580,瓦斯熱風,極佳,有,標準斷路器,1580,0,0,1580,0,0,2,0,3,1,良好,7,正常,0,無壁爐,連接主屋,粗略完工,3,830,普通,普通,鋪面,0,24,0,0,0,0,無泳池,無圍籬,無其他設施,0,6,2008,低頭期合約,預售屋(估價時未完工),235128,12.367889578686164
1162,3,1層樓(1946年後),低密度住宅區,68.0,14778,柏油路,無巷道,略不規則,低窪,死巷底,緩坡,克勞福德(Crawfor),鄰近公園綠地等正面設施,正常,獨棟,1層樓,6,7,1954,2006,四坡頂,標準瀝青瓦,硬質纖維板,硬質纖維板,面磚,72.0,良好,普通,煤渣磚,普通,普通,無採光,低於平均居住空間,728,未完工,0,568,1296,瓦斯熱風,極佳,有,標準斷路器,1640,0,0,1640,1,0,1,0,3,1,良好,7,正常,1,良好,獨立車庫,未完工,2,924,普通,普通,鋪面,108,0,0,216,0,0,無泳池,無圍籬,無其他設施,0,11,2008,一般保證契約,一般交易,224000,12.319405795112926
1163,3,1層樓(1946年後),低密度住宅區,109.0,8724,柏油路,無巷道,規則,平坦,內側地,緩坡,索耶(Sawyer),正常,正常,獨棟,1層樓,5,5,1968,1968,山形頂,標準瀝青瓦,乙烯基壁板,乙烯基壁板,無砌面,0.0,普通,普通,煤渣磚,良好,普通,無採光,低於平均居住空間,492,未完工,0,402,894,瓦斯熱風,良好,有,標準斷路器,894,0,0,894,0,0,1,0,3,1,普通,5,正常,1,差,連接主屋,已完工,2,450,普通,普通,鋪面,0,0,0,0,0,0,無泳池,無圍籬,無其他設施,0,5,2007,一般保證契約,一般交易,129000,11.767575435251748
1166,1,1層樓(1946年後),低密度住宅區,79.0,9541,柏油路,無巷道,略不規則,平坦,內側地,緩坡,北嶺高地(NridgHt),正常,正常,獨棟,1層樓,7,5,2009,2009,山形頂,標準瀝青瓦,乙烯基壁板,乙烯基壁板,石材,268.0,良好,普通,澆置混凝土,良好,普通,無採光,未完工,0,未完工,0,1502,1502,瓦斯熱風,極佳,有,標準斷路器,1502,0,0,1502,0,0,2,0,3,1,良好,7,正常,0,無壁爐,連接主屋,粗略完工,2,644,普通,普通,鋪面,0,114,0,0,0,0,無泳池,無圍籬,無其他設施,0,9,2009,新屋,預售屋(估價時未完工),233170,12.359527368950229
1167,0,1層樓(1946年後),低密度住宅區,64.0,10475,柏油路,無巷道,略不規則,平坦,角地,緩坡,學院溪(CollgCr),正常,正常,獨棟,1層樓,8,5,2008,2008,山形頂,標準瀝青瓦,乙烯基壁板,乙烯基壁板,石材,72.0,良好,普通,澆置混凝土,良好,普通,採光普通,未完工,0,未完工,0,1694,1694,瓦斯熱風,極佳,有,標準斷路器,1694,0,0,1694,0,0,2,0,3,1,良好,7,正常,0,無壁爐,連接主屋,粗略完工,3,776,普通,普通,鋪面,160,33,0,0,0,0,無泳池,無圍籬,無其他設施,0,2,2010,一般保證契約,一般交易,245350,12.41044511731981
1168,0,2層樓(1946年後),低密度住宅區,58.0,10852,柏油路,無巷道,略不規則,平坦,內側地,緩坡,吉爾伯特(Gilbert),緊鄰南北向鐵路,正常,獨棟,2層樓,6,5,2000,2000,山形頂,標準瀝青瓦,乙烯基壁板,乙烯基壁板,無砌面,0.0,普通,普通,澆置混凝土,良好,普通,無採光,優良居住空間,786,未完工,0,173,959,瓦斯熱風,極佳,有,標準斷路器,959,712,0,1671,1,0,2,1,3,1,普通,7,正常,1,普通,連接主屋,已完工,2,472,普通,普通,鋪面,0,38,0,0,0,0,無泳池,無圍籬,無其他設施,0,2,2006,一般保證契約,一般交易,173000,12.06105265381003
1169,0,2層樓(1945年前),低密度住宅區,120.0,13728,柏油路,無巷道,規則,平坦,角地,緩坡,愛德華茲(Edwards),正常,正常,獨棟,2層樓,6,7,1935,1986,四坡頂,標準瀝青瓦,灰泥,灰泥,無砌面,0.0,普通,普通,煤渣磚,普通,普通,無採光,一般娛樂空間,626,未完工,0,501,1127,瓦斯熱風,極佳,有,標準斷路器,1236,872,0,2108,0,0,2,0,4,1,良好,7,正常,2,普通,地下室車庫,未完工,2,540,普通,普通,鋪面,0,0,0,0,90,0,無泳池,無圍籬,無其他設施,0,7,2008,一般保證契約,一般交易,235000,12.367345048436391
1170,3,2層樓(1946年後),低密度住宅區,118.0,35760,柏油路,無巷道,略不規則,平坦,死巷底,緩坡,北嶺(NoRidge),正常,正常,獨棟,2層樓,10,5,1995,1996,四坡頂,標準瀝青瓦,硬質纖維板,硬質纖維板,面磚,1378.0,良好,良好,澆置混凝土,極佳,普通,採光良好,優良居住空間,1387,未完工,0,543,1930,瓦斯熱風,極佳,有,標準斷路器,1831,1796,0,3627,1,0,3,1,4,1,良好,10,正常,1,普通,連接主屋,已完工,3,807,普通,普通,鋪面,361,76,0,0,0,0,無泳池,無圍籬,無其他設施,0,7,2006,一般保證契約,一般交易,625000,13.345508528717259
1172,4,1層樓(1946年後),低密度住宅區,76.0,9120,柏油路,無巷道,規則,平坦,內側地,緩坡,北艾姆斯(NAmes),正常,正常,獨棟,1層樓,6,6,1958,1958,四坡頂,標準瀝青瓦,金屬壁板,金屬壁板,無砌面,0.0,普通,普通,煤渣磚,普通,普通,無採光,普通居住空間,662,未完工,0,599,1261,瓦斯熱風,極佳,有,標準斷路器,1261,0,0,1261,1,0,1,0,3,1,普通,6,正常,1,普通,連接主屋,粗略完工,2,433,普通,普通,鋪面,0,0,0,0,288,0,無泳池,無圍籬,儲藏棚,1400,11,2008,一般保證契約,一般交易,163000,12.001511614739405
1173,4,2層樓社區住宅(1946年後),浮動村住宅區,35.0,4017,柏油路,柏油巷,略不規則,平坦,內側地,緩坡,薩默塞特(Somerst),正常,正常,連棟邊間,2層樓,7,5,2006,2007,山形頂,標準瀝青瓦,金屬壁板,金屬壁板,無砌面,0.0,良好,普通,澆置混凝土,良好,普通,無採光,未完工,0,未完工,0,625,625,瓦斯熱風,極佳,有,標準斷路器,625,625,0,1250,0,0,2,1,2,1,良好,5,正常,0,無壁爐,獨立車庫,已完工,2,625,普通,普通,鋪面,0,54,0,0,0,0,無泳池,無圍籬,無其他設施,0,3,2008,一般保證契約,一般交易,171900,12.05467400868968
1175,2,2層樓(1945年前),低密度住宅區,80.0,16560,柏油路,無巷道,略不規則,平坦,內側地,緩坡,克勞福德(Crawfor),正常,正常,獨棟,2層樓,6,8,1932,1950,山形頂,標準瀝青瓦,木壁板,木壁板,無砌面,0.0,普通,普通,磚與瓦,良好,普通,無採光,一般娛樂空間,503,未完工,0,449,952,瓦斯熱風,普通,有,標準斷路器,1170,1175,0,2345,0,0,2,1,4,1,普通,9,正常,1,良好,獨立車庫,未完工,2,360,普通,普通,鋪面,0,0,0,0,0,0,無泳池,無圍籬,無其他設施,0,7,2006,一般保證契約,一般交易,239000,12.384223015005313
1177,4,1層樓(1946年後),低密度住宅區,37.0,6951,柏油路,無巷道,略不規則,平坦,死巷底,緩坡,米切爾(Mitchel),正常,正常,獨棟,1層樓,5,5,1984,1985,山形頂,標準瀝青瓦,硬質纖維板,夾板,無砌面,0.0,普通,普通,煤渣磚,普通,普通,無採光,普通居住空間,658,未完工,0,218,876,瓦斯熱風,普通,有,標準斷路器,923,0,0,923,1,0,1,0,3,1,普通,5,正常,0,無壁爐,連接主屋,未完工,1,264,普通,普通,鋪面,362,0,0,0,0,0,無泳池,隱私性低,無其他設施,0,10,2008,一般保證契約,一般交易,119500,11.691080018519527
1180,2,1層樓(1946年後),低密度住宅區,77.0,8335,柏油路,無巷道,規則,平坦,角地,緩坡,愛德華茲(Edwards),正常,正常,獨棟,1層樓,5,5,1954,1954,山形頂,標準瀝青瓦,木壁板,木壁板,無砌面,0.0,普通,普通,板式,無地下室,無地下室,無地下室,無地下室,0,無地下室,0,0,0,瓦斯熱風,良好,有,標準斷路器,1124,0,0,1124,0,0,1,0,3,1,普通,5,輕微扣分2,1,良好,無車庫,無車庫,0,0,無車庫,無車庫,泥土或碎石,0,36,190,0,0,0,無泳池,無圍籬,無其他設施,0,4,2006,一般保證契約,一般交易,93000,11.440365524765756
1181,3,2層樓(1946年後),低密度住宅區,85.0,11170,柏油路,無巷道,中度不規則,平坦,角地,緩坡,林地(Timber),正常,正常,獨棟,2層樓,7,5,1990,1991,山形頂,標準瀝青瓦,金屬壁板,金屬壁板,無砌面,0.0,普通,普通,木材,良好,普通,無採光,低品質空間,1216,未完工,0,0,1216,瓦斯熱風,極佳,有,標準斷路器,1298,1216,0,2514,0,0,2,1,4,1,普通,8,正常,0,無壁爐,連接主屋,已完工,2,693,普通,普通,鋪面,0,0,0,0,0,0,無泳池,隱私性佳,無其他設施,0,4,2006,一般保證契約,一般交易,250000,12.429220196836383
1182,3,1層樓社區住宅(1946年後),中密度住宅區,64.0,5587,柏油路,無巷道,略不規則,山坡,內側地,中坡,克勞福德(Crawfor),正常,正常,連棟邊間,1層樓,8,5,2008,2008,四坡頂,標準瀝青瓦,水泥板,水泥板,石材,186.0,極佳,普通,澆置混凝土,極佳,普通,採光良好,優良居住空間,1480,未完工,0,120,1600,瓦斯熱風,極佳,有,標準斷路器,1652,0,0,1652,1,1,2,0,2,1,良好,5,正常,1,良好,連接主屋,已完工,2,482,普通,普通,鋪面,162,53,0,153,0,0,無泳池,無圍籬,無其他設施,0,11,2008,新屋,預售屋(估價時未完工),392500,12.880294363972055
1183,4,2層樓(1946年後),低密度住宅區,160.0,15623,柏油路,無巷道,略不規則,平坦,角地,緩坡,北嶺(NoRidge),正常,正常,獨棟,2層樓,10,5,1996,1996,四坡頂,標準瀝青瓦,木壁板,仿灰泥,無砌面,0.0,良好,普通,澆置混凝土,極佳,普通,採光普通,優良居住空間,2096,未完工,0,300,2396,瓦斯熱風,極佳,有,標準斷路器,2411,2065,0,4476,1,0,3,1,4,1,極佳,10,正常,2,普通,連接主屋,已完工,3,813,普通,普通,鋪面,171,78,0,0,0,555,極佳,隱私性低,無其他設施,0,7,2007,一般保證契約,異常交易(如法拍),745000,13.521140839642674
1184,3,1層樓(1945年前),低密度住宅區,60.0,10800,柏油路,碎石巷,規則,平坦,內側地,緩坡,舊城區(OldTown),正常,正常,獨棟,1層樓,5,6,1920,1950,四坡頂,標準瀝青瓦,灰泥,灰泥,無砌面,0.0,普通,普通,磚與瓦,普通,普通,無採光,一般娛樂空間,821,未完工,0,299,1120,瓦斯熱風,極佳,有,標準斷路器,1130,0,0,1130,1,0,1,0,2,1,普通,5,正常,1,良好,獨立車庫,未完工,2,720,普通,普通,鋪面,229,0,0,0,0,0,無泳池,無圍籬,無其他設施,0,6,2006,一般保證契約,一般交易,120000,11.695255355062795
1185,0,1層樓(1946年後),低密度住宅區,50.0,35133,碎石路,無巷道,規則,平坦,內側地,中坡,林地(Timber),正常,正常,獨棟,1層樓,5,4,1963,1963,四坡頂,標準瀝青瓦,金屬壁板,金屬壁板,面磚,226.0,普通,普通,煤渣磚,普通,普通,採光良好,一般娛樂空間,1159,未完工,0,413,1572,瓦斯熱風,良好,有,標準斷路器,1572,0,0,1572,1,0,1,1,3,1,普通,5,正常,2,普通,多種車庫,粗略完工,3,995,普通,普通,鋪面,0,263,0,0,263,0,無泳池,無圍籬,無其他設施,0,5,2007,一般保證契約,一般交易,186700,12.137263685701864
1186,2,1.5層樓(已完工),低密度住宅區,60.0,9738,柏油路,無巷道,規則,平坦,內側地,緩坡,愛德華茲(Edwards),正常,正常,獨棟,1.5層(二樓完工),5,7,1924,1950,山形頂,標準瀝青瓦,石棉瓦,石棉瓦,無砌面,0.0,普通,良好,磚與瓦,普通,普通,無採光,低於平均居住空間,392,未完工,0,392,784,瓦斯熱風,良好,有,標準斷路器,949,272,0,1221,1,0,1,0,4,1,普通,7,正常,0,無壁爐,連接主屋,未完工,1,392,普通,普通,鋪面,0,0,236,0,0,0,無泳池,無圍籬,無其他設施,0,3,2006,一般保證契約,一般交易,104900,11.560772327227417
1187,0,兩戶改建住宅,低密度住宅區,107.0,10615,柏油路,無巷道,略不規則,坡堤,角地,中坡,舊城區(OldTown),鄰近主幹道,鄰近主幹道,兩戶改建,2層樓,3,5,1900,1970,山形頂,標準瀝青瓦,硬質纖維板,硬質纖維板,無砌面,0.0,普通,普通,煤渣磚,尚可,普通,採光少,低於平均居住空間,440,未完工,0,538,978,瓦斯熱風,普通,有,標準斷路器,1014,685,0,1699,1,0,2,0,3,2,普通,7,正常,0,無壁爐,車棚,未完工,2,420,尚可,尚可,鋪面,0,74,0,0,0,0,無泳池,無圍籬,無其他設施,0,8,2009,一般保證契約,異常交易(如法拍),95000,11.461642696843066
1188,0,1層樓(1946年後),低密度住宅區,89.0,12461,柏油路,無巷道,規則,平坦,角地,緩坡,北嶺(NoRidge),正常,正常,獨棟,1層樓,8,5,1994,1995,山形頂,標準瀝青瓦,仿灰泥,仿灰泥,無砌面,0.0,良好,普通,澆置混凝土,良好,普通,無採光,優良居住空間,1456,未完工,0,168,1624,瓦斯熱風,極佳,有,標準斷路器,1624,0,0,1624,1,0,2,0,2,1,良好,5,正常,1,尚可,連接主屋,粗略完工,3,757,普通,普通,鋪面,0,114,192,0,0,0,無泳池,隱私性佳,無其他設施,0,7,2006,一般保證契約,一般交易,262000,12.476103599529843
1189,3,2層樓(1946年後),低密度住宅區,68.0,8935,柏油路,無巷道,略不規則,平坦,內側地,緩坡,學院溪(CollgCr),正常,正常,獨棟,2層樓,7,5,2002,2002,山形頂,標準瀝青瓦,乙烯基壁板,乙烯基壁板,面磚,95.0,良好,普通,澆置混凝土,良好,普通,無採光,未完工,0,未完工,0,831,831,瓦斯熱風,極佳,有,標準斷路器,831,829,0,1660,0,0,2,1,3,1,良好,7,正常,0,無壁爐,連接主屋,粗略完工,2,493,普通,普通,鋪面,144,68,0,0,0,0,無泳池,無圍籬,無其他設施,0,7,2009,一般保證契約,一般交易,195000,12.180759965737863
1190,2,2層樓(1946年後),低密度住宅區,60.0,7500,柏油路,無巷道,規則,平坦,內側地,緩坡,吉爾伯特(Gilbert),正常,正常,獨棟,2層樓,7,5,1999,1999,山形頂,標準瀝青瓦,乙烯基壁板,乙烯基壁板,無砌面,0.0,普通,普通,澆置混凝土,普通,普通,無採光,未完工,0,未完工,0,994,994,瓦斯熱風,良好,有,標準斷路器,1028,776,0,1804,0,0,2,1,3,1,良好,7,正常,1,普通,連接主屋,已完工,2,442,普通,普通,鋪面,140,60,0,0,0,0,無泳池,無圍籬,無其他設施,0,6,2010,一般保證契約,一般交易,189000,12.149507585033072
1191,3,兩戶改建住宅,低密度住宅區,71.0,32463,柏油路,無巷道,規則,低窪,內側地,中坡,米切爾(Mitchel),正常,正常,兩戶改建,1層樓,4,4,1961,1975,山形頂,標準瀝青瓦,金屬壁板,金屬壁板,石材,149.0,普通,良好,煤渣磚,普通,普通,採光普通,低於平均居住空間,1159,未完工,0,90,1249,瓦斯熱風,極佳,有,標準斷路器,1622,0,0,1622,1,0,1,0,3,1,普通,7,正常,1,普通,多種車庫,已完工,4,1356,普通,普通,鋪面,439,0,0,0,0,0,無泳池,無圍籬,無其他設施,0,3,2007,一般保證契約,一般交易,168000,12.031725210748633
1192,2,2層樓社區住宅(1946年後),浮動村住宅區,24.0,2645,柏油路,柏油巷,規則,平坦,內側地,緩坡,薩默塞特(Somerst),正常,正常,連棟中間,2層樓,8,5,1999,2000,山形頂,標準瀝青瓦,金屬壁板,金屬壁板,面磚,456.0,良好,普通,澆置混凝土,良好,普通,無採光,未完工,0,未完工,0,776,776,瓦斯熱風,極佳,有,標準斷路器,764,677,0,1441,0,0,2,1,2,1,良好,5,正常,0,無壁爐,獨立車庫,未完工,2,492,普通,普通,鋪面,206,0,0,0,0,0,無泳池,無圍籬,無其他設施,0,11,2007,一般保證契約,一般交易,174000,12.066816325306588
1193,4,1.5層樓(已完工),中密度住宅區,60.0,9600,柏油路,碎石巷,規則,平坦,內側地,緩坡,舊城區(OldTown),正常,正常,獨棟,1.5層(二樓完工),5,8,1925,1994,穀倉頂,標準瀝青瓦,乙烯基壁板,乙烯基壁板,無砌面,0.0,普通,普通,澆置混凝土,普通,普通,採光少,未完工,0,未完工,0,702,702,瓦斯熱風,良好,有,標準斷路器,842,630,0,1472,0,0,1,0,3,1,良好,6,正常,0,無壁爐,獨立車庫,未完工,1,250,普通,尚可,部分鋪面,0,0,84,0,0,0,無泳池,木圍籬佳,無其他設施,0,7,2007,一般保證契約,一般交易,125000,11.736077016252437
1194,0,1層樓社區住宅(1946年後),中密度住宅區,71.0,4500,柏油路,無巷道,規則,平坦,兩面臨路,緩坡,米切爾(Mitchel),正常,正常,連棟邊間,1層樓,6,5,1999,1999,四坡頂,標準瀝青瓦,乙烯基壁板,乙烯基壁板,面磚,425.0,普通,普通,澆置混凝土,極佳,普通,無採光,優良居住空間,883,未完工,0,341,1224,瓦斯熱風,極佳,有,標準斷路器,1224,0,0,1224,1,0,2,0,2,1,普通,5,正常,0,無壁爐,連接主屋,已完工,2,402,普通,普通,鋪面,0,304,0,0,0,0,無泳池,無圍籬,無其他設施,0,6,2009,一般保證契約,一般交易,165000,12.013706813470414
1195,1,2層樓(1946年後),低密度住宅區,80.0,9364,柏油路,無巷道,規則,平坦,角地,緩坡,索耶(Sawyer),正常,正常,獨棟,2層樓,6,7,1969,1969,山形頂,標準瀝青瓦,硬質纖維板,硬質纖維板,石材,143.0,普通,普通,煤渣磚,普通,普通,無採光,普通居住空間,371,未完工,0,292,663,瓦斯熱風,普通,有,標準斷路器,663,689,0,1352,0,0,1,1,4,1,普通,7,正常,0,無壁爐,連接主屋,已完工,1,299,普通,普通,鋪面,379,36,0,0,0,0,無泳池,隱私性低,無其他設施,0,3,2010,一般保證契約,一般交易,158000,11.970356641102999
1196,0,2層樓(1946年後),低密度住宅區,51.0,8029,柏油路,無巷道,略不規則,平坦,內側地,緩坡,吉爾伯特(Gilbert),正常,正常,獨棟,2層樓,6,5,2005,2005,山形頂,標準瀝青瓦,乙烯基壁板,乙烯基壁板,無砌面,0.0,普通,普通,澆置混凝土,良好,普通,無採光,未完工,0,未完工,0,728,728,瓦斯熱風,極佳,有,標準斷路器,728,728,0,1456,0,0,2,1,3,1,良好,8,正常,0,無壁爐,連接主屋,已完工,2,400,普通,普通,鋪面,100,24,0,0,0,0,無泳池,無圍籬,無其他設施,0,7,2008,一般保證契約,一般交易,176000,12.07824495582233
1197,2,2層樓(1946年後),低密度住宅區,58.0,14054,柏油路,無巷道,略不規則,平坦,內側地,緩坡,吉爾伯特(Gilbert),正常,正常,獨棟,2層樓,7,5,2006,2006,山形頂,標準瀝青瓦,乙烯基壁板,乙烯基壁板,無砌面,0.0,良好,普通,澆置混凝土,良好,普通,採光普通,未完工,0,未完工,0,879,879,瓦斯熱風,極佳,有,標準斷路器,879,984,0,1863,0,0,2,1,4,1,良好,9,正常,1,良好,內建車庫,已完工,3,660,普通,普通,鋪面,100,17,0,0,0,0,無泳池,無圍籬,無其他設施,0,11,2006,新屋,預售屋(估價時未完工),219210,12.29779001527865
1198,2,2.5層樓,中密度住宅區,65.0,8850,柏油路,無巷道,略不規則,坡堤,角地,緩坡,舊城區(OldTown),正常,正常,獨棟,2.5層(三樓未完工),7,6,1916,1950,山形頂,標準瀝青瓦,金屬壁板,金屬壁板,無砌面,0.0,普通,普通,磚與瓦,普通,普通,無採光,未完工,0,未完工,0,815,815,瓦斯熱風,極佳,有,標準斷路器,815,875,0,1690,0,0,1,0,3,1,普通,7,正常,1,良好,獨立車庫,未完工,1,225,普通,普通,鋪面,0,0,330,0,0,0,無泳池,無圍籬,無其他設施,0,7,2006,低頭期低利合約,一般交易,144000,11.87757552297847
1199,4,1層樓(1946年後),低密度住宅區,70.0,9100,柏油路,無巷道,規則,平坦,內側地,緩坡,學院溪(CollgCr),正常,正常,獨棟,1層樓,7,5,2001,2001,山形頂,標準瀝青瓦,乙烯基壁板,乙烯基壁板,無砌面,0.0,良好,普通,澆置混凝土,良好,普通,無採光,未完工,0,未完工,0,1212,1212,瓦斯熱風,極佳,有,標準斷路器,1212,0,0,1212,0,0,2,0,3,1,良好,6,正常,0,無壁爐,連接主屋,粗略完工,2,573,普通,普通,鋪面,356,0,0,0,0,0,無泳池,無圍籬,無其他設施,0,6,2009,一般保證契約,一般交易,178000,12.08954444723597
1200,4,1層樓(1946年後),低密度住宅區,75.0,11235,柏油路,無巷道,規則,平坦,內側地,緩坡,索耶(Sawyer),正常,正常,獨棟,1層樓,4,5,1963,1979,山形頂,標準瀝青瓦,硬質纖維板,硬質纖維板,面磚,51.0,普通,普通,煤渣磚,普通,普通,無採光,一般娛樂空間,547,未完工,0,504,1051,瓦斯熱風,良好,有,標準斷路器,1382,0,0,1382,0,0,1,1,3,1,普通,6,正常,1,差,連接主屋,未完工,2,459,普通,普通,鋪面,0,82,0,0,0,0,無泳池,無圍籬,無其他設施,0,10,2006,一般保證契約,一般交易,148000,11.904974309480181
1201,3,1層樓(1946年後),低密度住宅區,71.0,9353,柏油路,無巷道,規則,平坦,內側地,緩坡,北艾姆斯(NAmes),正常,正常,獨棟,1層樓,4,5,1970,1970,山形頂,標準瀝青瓦,金屬壁板,金屬壁板,無砌面,0.0,普通,普通,煤渣磚,普通,普通,無採光,未完工,0,未完工,0,864,864,瓦斯熱風,良好,有,標準斷路器,864,0,0,864,0,0,1,0,3,1,普通,5,正常,0,無壁爐,連接主屋,未完工,1,280,普通,普通,鋪面,0,0,0,0,0,0,無泳池,無圍籬,儲藏棚,0,7,2006,其他,異常交易(如法拍),116050,11.6617850286409
1203,4,1.5層樓(已完工),中密度住宅區,50.0,6000,柏油路,無巷道,規則,平坦,角地,緩坡,布魯克賽德(BrkSide),正常,正常,獨棟,1.5層(二樓完工),5,8,1925,1997,山形頂,標準瀝青瓦,木壁板,木壁板,無砌面,0.0,普通,普通,磚與瓦,普通,普通,無採光,未完工,0,未完工,0,884,884,瓦斯熱風,極佳,有,標準斷路器,884,464,0,1348,1,0,1,0,3,1,普通,5,正常,1,尚可,獨立車庫,未完工,1,216,普通,普通,泥土或碎石,0,0,208,0,0,0,無泳池,無圍籬,無其他設施,0,5,2009,一般保證契約,一般交易,117000,11.669937760751914
1204,4,1層樓(1946年後),低密度住宅區,75.0,9750,柏油路,無巷道,規則,平坦,內側地,緩坡,學院溪(CollgCr),正常,正常,獨棟,1層樓,7,5,2000,2001,山形頂,標準瀝青瓦,乙烯基壁板,乙烯基壁板,面磚,171.0,良好,普通,澆置混凝土,良好,普通,無採光,未完工,0,未完工,0,1630,1630,瓦斯熱風,極佳,有,標準斷路器,1630,0,0,1630,0,0,2,0,3,1,良好,6,正常,1,普通,連接主屋,未完工,2,451,普通,普通,鋪面,74,234,0,0,0,0,無泳池,無圍籬,無其他設施,0,10,2009,一般保證契約,一般交易,213000,12.269052139516223
1205,1,1層樓(1946年後),低密度住宅區,78.0,10140,柏油路,無巷道,規則,平坦,內側地,緩坡,西北艾姆斯(NWAmes),正常,正常,獨棟,1層樓,5,6,1975,1975,山形頂,標準瀝青瓦,硬質纖維板,硬質纖維板,無砌面,0.0,普通,普通,煤渣磚,良好,普通,無採光,普通居住空間,788,未完工,0,268,1056,瓦斯熱風,極佳,有,標準斷路器,1074,0,0,1074,1,0,1,1,3,1,普通,6,正常,0,無壁爐,連接主屋,粗略完工,2,495,普通,普通,鋪面,0,88,0,0,0,0,無泳池,隱私性低,無其他設施,0,7,2006,一般保證契約,一般交易,153500,11.941462360646149
1206,4,1層樓(1946年後),低密度住宅區,90.0,14684,柏油路,無巷道,略不規則,平坦,死巷底,緩坡,西索耶(SawyerW),正常,正常,獨棟,1層樓,7,7,1990,1991,四坡頂,標準瀝青瓦,硬質纖維板,硬質纖維板,面磚,234.0,良好,普通,煤渣磚,良好,普通,採光少,普通居住空間,485,低於平均居住空間,177,1496,2158,瓦斯熱風,良好,有,標準斷路器,2196,0,0,2196,0,0,2,0,3,1,良好,7,正常,1,普通,連接主屋,粗略完工,3,701,普通,普通,鋪面,84,70,0,0,0,0,無泳池,無圍籬,無其他設施,0,6,2009,一般保證契約,一般交易,271900,12.513193308436527
1207,3,1層樓(1946年後),高密度住宅區,66.0,8900,柏油路,無巷道,規則,平坦,內側地,緩坡,西索耶(SawyerW),正常,正常,獨棟,1層樓,4,4,1966,1966,山形頂,標準瀝青瓦,硬質纖維板,硬質纖維板,無砌面,0.0,普通,普通,煤渣磚,普通,普通,無採光,一般娛樂空間,1056,未完工,0,0,1056,瓦斯熱風,普通,有,標準斷路器,1056,0,0,1056,1,0,1,0,2,1,普通,5,正常,0,無壁爐,獨立車庫,未完工,1,384,普通,普通,鋪面,0,42,0,0,0,0,無泳池,隱私性低,無其他設施,0,11,2006,一般保證契約,一般交易,107000,11.580593459194764
1208,3,1層樓(1946年後),低密度住宅區,70.0,9135,柏油路,無巷道,規則,平坦,內側地,緩坡,學院溪(CollgCr),正常,正常,獨棟,1層樓,6,5,2003,2003,山形頂,標準瀝青瓦,乙烯基壁板,乙烯基壁板,面磚,120.0,良好,普通,澆置混凝土,良好,普通,採光普通,優良居住空間,340,未完工,0,1342,1682,瓦斯熱風,極佳,有,標準斷路器,1700,0,0,1700,1,0,2,0,3,1,良好,7,正常,0,無壁爐,連接主屋,粗略完工,2,544,普通,普通,鋪面,192,23,0,0,0,0,無泳池,無圍籬,無其他設施,0,5,2006,一般保證契約,一般交易,200000,12.206077645517674
1209,4,1層樓(1946年後),低密度住宅區,70.0,7763,柏油路,無巷道,規則,平坦,內側地,緩坡,北艾姆斯(NAmes),正常,正常,獨棟,1層樓,5,7,1962,1980,山形頂,標準瀝青瓦,金屬壁板,金屬壁板,無砌面,0.0,普通,良好,煤渣磚,普通,普通,無採光,一般娛樂空間,504,低於平均居住空間,108,319,931,瓦斯熱風,普通,有,標準斷路器,1283,0,0,1283,1,0,1,0,3,1,普通,6,正常,0,無壁爐,獨立車庫,未完工,2,506,普通,普通,鋪面,0,0,0,0,0,0,無泳池,無圍籬,無其他設施,0,10,2008,一般保證契約,一般交易,140000,11.849404844423074
1210,3,1層樓(1946年後),低密度住宅區,85.0,10182,柏油路,無巷道,略不規則,平坦,死巷底,緩坡,薩默塞特(Somerst),南北向鐵路200英尺內,正常,獨棟,1層樓,8,5,2006,2006,四坡頂,標準瀝青瓦,乙烯基壁板,乙烯基壁板,石材,420.0,良好,普通,澆置混凝土,極佳,普通,採光少,優良居住空間,1220,未完工,0,440,1660,瓦斯熱風,極佳,有,標準斷路器,1660,0,0,1660,1,0,2,0,3,1,良好,8,正常,1,良好,連接主屋,粗略完工,2,500,普通,普通,鋪面,322,50,0,0,0,0,無泳池,無圍籬,無其他設施,0,5,2006,新屋,預售屋(估價時未完工),290000,12.577639650232573
1211,4,2層樓(1946年後),低密度住宅區,70.0,11218,柏油路,無巷道,規則,平坦,內側地,緩坡,西索耶(SawyerW),正常,正常,獨棟,2層樓,6,5,1992,1992,山形頂,標準瀝青瓦,木壁板,木壁板,無砌面,0.0,良好,普通,澆置混凝土,良好,普通,無採光,未完工,0,未完工,0,1055,1055,瓦斯熱風,極佳,有,標準斷路器,1055,790,0,1845,0,0,2,1,3,1,良好,8,正常,1,普通,連接主屋,粗略完工,2,462,普通,普通,鋪面,635,104,0,0,0,0,無泳池,隱私性佳,儲藏棚,400,5,2010,一般保證契約,一般交易,189000,12.149507585033072
1212,1,1.5層樓(已完工),低密度住宅區,152.0,12134,柏油路,無巷道,略不規則,坡堤,內側地,中坡,吉爾伯特(Gilbert),正常,正常,獨棟,1.5層(二樓完工),8,7,1988,2005,山形頂,標準瀝青瓦,木壁板,木壁板,無砌面,0.0,良好,普通,木材,良好,普通,採光普通,優良居住空間,427,未完工,0,132,559,瓦斯熱風,良好,有,標準斷路器,1080,672,0,1752,0,0,2,0,4,1,普通,8,正常,0,無壁爐,地下室車庫,粗略完工,2,492,普通,普通,鋪面,325,12,0,0,0,0,無泳池,無圍籬,無其他設施,0,6,2010,一般保證契約,一般交易,164000,12.00762780434872
1213,2,1層樓(1945年前),低密度住宅區,50.0,9340,柏油路,無巷道,規則,平坦,內側地,緩坡,愛德華茲(Edwards),正常,正常,獨棟,1層樓,4,6,1941,1950,四坡頂,標準瀝青瓦,金屬壁板,金屬壁板,無砌面,0.0,普通,普通,煤渣磚,普通,普通,無採光,一般娛樂空間,344,未完工,0,328,672,瓦斯熱風,普通,有,標準斷路器,672,0,0,672,1,0,1,0,2,1,普通,4,正常,0,無壁爐,連接主屋,未完工,1,234,普通,普通,泥土或碎石,0,113,0,0,0,0,無泳池,無圍籬,無其他設施,0,8,2009,一般保證契約,一般交易,113000,11.635151947212842
1214,0,錯層式,低密度住宅區,70.5,10246,柏油路,無巷道,略不規則,平坦,死巷底,緩坡,索耶(Sawyer),正常,正常,獨棟,錯層,4,9,1965,2001,山形頂,標準瀝青瓦,乙烯基壁板,乙烯基壁板,無砌面,0.0,普通,良好,煤渣磚,普通,良好,採光普通,優良居住空間,648,未完工,0,0,648,瓦斯熱風,極佳,有,標準斷路器,960,0,0,960,1,1,0,0,0,1,普通,3,正常,0,無壁爐,連接主屋,未完工,1,364,普通,普通,鋪面,88,0,0,0,0,0,無泳池,無圍籬,無其他設施,0,5,2006,一般保證契約,一般交易,145000,11.884495917930655
1215,0,錯層玄關式,低密度住宅區,69.0,10205,柏油路,無巷道,略不規則,平坦,內側地,緩坡,北艾姆斯(NAmes),正常,正常,獨棟,錯層玄關,5,5,1962,1962,山形頂,標準瀝青瓦,金屬壁板,金屬壁板,無砌面,0.0,普通,普通,煤渣磚,普通,普通,採光普通,低於平均居住空間,784,未完工,0,141,925,瓦斯熱風,普通,有,標準斷路器,999,0,0,999,1,0,1,0,3,1,普通,6,正常,0,無壁爐,連接主屋,未完工,1,300,普通,普通,鋪面,150,72,0,0,0,0,無泳池,無圍籬,無其他設施,0,5,2006,一般保證契約,一般交易,134500,11.80932691294063
1216,0,1層樓(1946年後),低密度住宅區,99.0,7094,柏油路,無巷道,略不規則,平坦,內側地,緩坡,索耶(Sawyer),正常,正常,獨棟,1層樓,5,5,1966,1966,山形頂,標準瀝青瓦,乙烯基壁板,乙烯基壁板,無砌面,0.0,普通,普通,煤渣磚,普通,普通,無採光,一般娛樂空間,180,低品質空間,374,340,894,瓦斯熱風,普通,有,標準斷路器,894,0,0,894,0,0,1,0,3,1,普通,5,正常,0,無壁爐,獨立車庫,粗略完工,1,384,普通,普通,鋪面,0,0,0,0,0,0,無泳池,隱私性低,無其他設施,0,5,2007,一般保證契約,一般交易,125000,11.736077016252437
1218,2,1層樓(1946年後),浮動村住宅區,72.0,8640,柏油路,無巷道,規則,平坦,內側地,緩坡,薩默塞特(Somerst),正常,正常,獨棟,1層樓,8,5,2009,2009,山形頂,標準瀝青瓦,水泥板,水泥板,石材,72.0,良好,普通,澆置混凝土,良好,普通,採光少,優良居住空間,936,未完工,0,364,1300,瓦斯熱風,極佳,有,標準斷路器,1314,0,0,1314,1,0,2,0,3,1,良好,6,正常,0,無壁爐,連接主屋,粗略完工,2,552,普通,普通,鋪面,135,112,0,0,0,0,無泳池,無圍籬,無其他設施,0,9,2009,新屋,預售屋(估價時未完工),229456,12.343470927093518
1219,0,1.5層樓(已完工),中密度住宅區,52.0,6240,柏油路,無巷道,規則,平坦,內側地,緩坡,布魯克賽德(BrkSide),正常,正常,獨棟,1.5層(二樓完工),4,5,1947,1950,山形頂,標準瀝青瓦,石棉瓦,石棉瓦,無砌面,0.0,普通,普通,板式,無地下室,無地下室,無地下室,無地下室,0,無地下室,0,0,0,瓦斯熱風,良好,無,標準斷路器,672,240,0,912,0,0,1,0,2,1,普通,3,正常,0,無壁爐,無車庫,無車庫,0,0,無車庫,無車庫,泥土或碎石,0,0,0,0,0,0,無泳池,無圍籬,無其他設施,0,7,2006,一般保證契約,一般交易,80500,11.296024885689746
1220,4,2層樓社區住宅(1946年後),中密度住宅區,21.0,1680,柏油路,無巷道,規則,平坦,內側地,緩坡,布萊爾戴爾(BrDale),正常,正常,連棟中間,2層樓,6,5,1971,1971,山形頂,標準瀝青瓦,水泥板,水泥板,面磚,236.0,普通,普通,煤渣磚,普通,普通,無採光,未完工,0,未完工,0,672,672,瓦斯熱風,普通,有,標準斷路器,672,546,0,1218,0,0,1,1,3,1,普通,7,正常,0,無壁爐,無車庫,無車庫,0,0,無車庫,無車庫,泥土或碎石,201,0,0,0,0,0,無泳池,無圍籬,無其他設施,0,4,2006,一般保證契約,異常交易(如法拍),91500,11.424105180165641
1223,1,1.5層樓(已完工),低密度住宅區,78.0,10496,柏油路,無巷道,規則,平坦,內側地,緩坡,北艾姆斯(NAmes),鄰近主幹道,正常,獨棟,1.5層(二樓完工),6,6,1949,1950,山形頂,標準瀝青瓦,木壁板,木壁板,面磚,320.0,普通,普通,煤渣磚,普通,普通,採光少,一般娛樂空間,196,未完工,0,844,1040,瓦斯熱風,極佳,有,標準斷路器,1168,678,0,1846,0,0,2,0,3,1,普通,7,正常,1,良好,連接主屋,未完工,1,315,普通,普通,鋪面,0,0,0,0,0,0,無泳池,木圍籬佳,無其他設施,0,1,2007,一般保證契約,一般交易,143000,11.870606902224587
1224,4,1層樓(1946年後),低密度住宅區,89.0,10680,柏油路,無巷道,規則,平坦,內側地,緩坡,北艾姆斯(NAmes),正常,正常,獨棟,1層樓,5,3,1951,1951,四坡頂,標準瀝青瓦,木壁板,木壁板,面磚,44.0,普通,普通,煤渣磚,普通,尚可,無採光,低品質空間,756,未完工,0,1380,2136,瓦斯熱風,普通,無,保險絲(良),2136,0,0,2136,0,0,2,0,4,1,普通,7,中度扣分,0,無壁爐,獨立車庫,未完工,2,528,普通,普通,鋪面,0,30,0,0,0,0,無泳池,隱私性低,無其他設施,0,10,2006,一般保證契約,一般交易,137900,11.834291315386718
1225,1,2層樓(1946年後),低密度住宅區,60.0,15384,柏油路,無巷道,略不規則,平坦,內側地,緩坡,吉爾伯特(Gilbert),緊鄰南北向鐵路,正常,獨棟,2層樓,7,5,2004,2005,山形頂,標準瀝青瓦,乙烯基壁板,乙烯基壁板,無砌面,0.0,良好,普通,澆置混凝土,良好,普通,採光普通,優良居住空間,724,未完工,0,64,788,瓦斯熱風,極佳,有,標準斷路器,788,702,0,1490,1,0,2,1,3,1,良好,8,正常,1,良好,連接主屋,已完工,2,388,普通,普通,鋪面,100,75,0,0,0,0,無泳池,無圍籬,無其他設施,0,2,2008,一般保證契約,一般交易,184000,12.122696471358964
1226,4,錯層式,低密度住宅區,65.0,10482,柏油路,無巷道,規則,平坦,內側地,緩坡,北艾姆斯(NAmes),正常,正常,獨棟,錯層,6,8,1958,1958,四坡頂,標準瀝青瓦,乙烯基壁板,乙烯基壁板,面磚,63.0,普通,良好,煤渣磚,普通,普通,採光普通,優良居住空間,507,未完工,0,81,588,瓦斯熱風,極佳,有,標準斷路器,1138,0,0,1138,0,1,1,0,3,1,普通,6,正常,0,無壁爐,連接主屋,粗略完工,1,264,普通,普通,鋪面,224,0,0,0,0,0,無泳池,簡易鐵絲網,無其他設施,0,6,2007,一般保證契約,一般交易,145000,11.884495917930655
1228,4,1層樓(1946年後),低密度住宅區,72.0,8872,柏油路,無巷道,規則,平坦,角地,緩坡,北艾姆斯(NAmes),正常,正常,獨棟,1層樓,5,8,1965,2008,山形頂,標準瀝青瓦,乙烯基壁板,乙烯基壁板,面磚,300.0,普通,普通,煤渣磚,普通,普通,無採光,普通居住空間,595,未完工,0,317,912,瓦斯熱風,極佳,有,標準斷路器,912,0,0,912,1,0,1,0,2,1,良好,5,正常,0,無壁爐,獨立車庫,未完工,2,576,普通,普通,鋪面,0,240,0,0,0,0,無泳池,無圍籬,無其他設施,0,12,2008,一般保證契約,一般交易,147000,11.898194668458823
1230,2,錯層式,低密度住宅區,70.0,7910,柏油路,無巷道,規則,平坦,內側地,緩坡,北艾姆斯(NAmes),正常,正常,獨棟,錯層,5,5,1960,1960,四坡頂,標準瀝青瓦,面磚,硬質纖維板,無砌面,0.0,普通,普通,煤渣磚,普通,普通,無採光,普通居住空間,666,未完工,0,409,1075,瓦斯熱風,良好,有,標準斷路器,1507,0,0,1507,0,0,2,0,4,1,普通,7,重大扣分1,0,無壁爐,地下室車庫,未完工,1,404,普通,普通,鋪面,0,0,0,0,0,0,無泳池,木圍籬佳,無其他設施,0,8,2008,一般保證契約,一般交易,127000,11.751950239425476
1231,3,雙拼住宅,低密度住宅區,70.5,18890,柏油路,無巷道,略不規則,平坦,內側地,緩坡,索耶(Sawyer),鄰近支線道路,緊鄰東西向鐵路,雙拼,1.5層(二樓完工),5,5,1977,1977,單坡頂,標準瀝青瓦,夾板,夾板,無砌面,1.0,普通,普通,煤渣磚,良好,普通,無採光,優良居住空間,498,一般娛樂空間,211,652,1361,瓦斯熱風,極佳,有,標準斷路器,1361,1259,0,2620,0,0,2,2,4,2,普通,12,正常,1,普通,內建車庫,粗略完工,2,600,普通,普通,泥土或碎石,155,24,145,0,0,0,無泳池,無圍籬,第二車庫,8300,8,2007,一般保證契約,一般交易,190000,12.154784614286667
1232,0,雙拼住宅,低密度住宅區,70.0,7728,柏油路,無巷道,規則,平坦,內側地,緩坡,北艾姆斯(NAmes),正常,正常,雙拼,錯層,5,6,1962,1962,四坡頂,標準瀝青瓦,木壁板,木壁板,面磚,120.0,普通,普通,煤渣磚,普通,普通,採光普通,普通居住空間,803,未完工,0,303,1106,瓦斯熱風,普通,有,標準斷路器,1190,0,0,1190,1,0,1,0,3,1,普通,6,正常,0,無壁爐,連接主屋,未完工,2,540,普通,普通,鋪面,0,18,0,0,0,0,無泳池,木圍籬佳,無其他設施,0,5,2006,一般保證契約,一般交易,132500,11.794345471549745
1234,1,1層樓(1946年後),低密度住宅區,74.5,12160,柏油路,無巷道,略不規則,平坦,內側地,緩坡,北艾姆斯(NAmes),正常,正常,獨棟,1層樓,5,5,1959,1959,四坡頂,標準瀝青瓦,夾板,夾板,面磚,180.0,普通,普通,煤渣磚,普通,普通,無採光,一般娛樂空間,1000,未完工,0,188,1188,瓦斯熱風,尚可,有,標準斷路器,1188,0,0,1188,1,0,1,0,3,1,普通,6,正常,0,無壁爐,連接主屋,粗略完工,2,531,普通,普通,鋪面,0,0,0,0,0,0,無泳池,隱私性低,無其他設施,0,5,2010,法院或遺產拍賣,異常交易(如法拍),142000,11.863589378812122
1235,1,2層樓(1945年前),高密度住宅區,55.0,8525,柏油路,無巷道,規則,坡堤,內側地,緩坡,州立大學西南(SWISU),正常,正常,獨棟,2層樓,5,6,1911,1950,山形頂,標準瀝青瓦,金屬壁板,金屬壁板,無砌面,0.0,普通,普通,澆置混凝土,普通,普通,採光普通,未完工,0,未完工,0,940,940,瓦斯熱風,普通,無,保險絲(良),1024,940,0,1964,0,0,1,1,4,1,普通,7,正常,0,無壁爐,無車庫,無車庫,0,0,無車庫,無車庫,泥土或碎石,0,192,0,0,0,0,無泳池,無圍籬,無其他設施,0,11,2008,一般保證契約,異常交易(如法拍),130000,11.775297421715827
1236,4,2層樓(1945年前),低密度住宅區,96.0,13132,柏油路,無巷道,規則,平坦,內側地,緩坡,克勞福德(Crawfor),正常,正常,獨棟,2層樓,5,5,1914,1950,山形頂,標準瀝青瓦,木壁板,木壁板,無砌面,0.0,普通,普通,磚與瓦,良好,普通,採光少,未完工,0,未完工,0,747,747,瓦斯熱風,良好,有,保險絲(普通),892,892,0,1784,0,0,1,1,4,1,普通,9,正常,0,無壁爐,獨立車庫,未完工,1,180,尚可,尚可,泥土或碎石,203,40,0,0,0,0,無泳池,無圍籬,無其他設施,0,7,2006,一般保證契約,一般交易,138887,11.841423131921784
1237,2,2層樓社區住宅(1946年後),低密度住宅區,36.0,2628,柏油路,無巷道,規則,平坦,內側地,緩坡,北嶺高地(NridgHt),正常,正常,連棟中間,2層樓,7,5,2003,2003,山形頂,標準瀝青瓦,乙烯基壁板,木瓦,石材,106.0,良好,普通,澆置混凝土,良好,普通,無採光,未完工,0,未完工,0,764,764,瓦斯熱風,極佳,有,標準斷路器,764,862,0,1626,0,0,2,1,2,1,良好,6,正常,0,無壁爐,內建車庫,粗略完工,2,474,普通,普通,鋪面,0,27,0,0,0,0,無泳池,無圍籬,無其他設施,0,6,2010,一般保證契約,一般交易,175500,12.075400019877522
1238,3,2層樓(1946年後),低密度住宅區,41.0,12393,柏油路,無巷道,中度不規則,平坦,兩面臨路,緩坡,學院溪(CollgCr),正常,正常,獨棟,2層樓,7,5,2004,2005,山形頂,標準瀝青瓦,乙烯基壁板,乙烯基壁板,無砌面,0.0,良好,普通,澆置混凝土,良好,普通,無採光,未完工,0,未完工,0,847,847,瓦斯熱風,極佳,有,標準斷路器,847,1101,0,1948,0,0,2,1,4,1,良好,8,正常,1,良好,內建車庫,已完工,2,434,普通,普通,鋪面,100,48,0,0,0,0,無泳池,無圍籬,無其他設施,0,9,2006,一般保證契約,一般交易,195000,12.180759965737863
1239,4,1層樓(1946年後),低密度住宅區,63.0,13072,柏油路,無巷道,規則,平坦,內側地,緩坡,西索耶(SawyerW),緊鄰東西向鐵路,正常,獨棟,1層樓,6,5,2005,2005,山形頂,標準瀝青瓦,乙烯基壁板,乙烯基壁板,無砌面,0.0,良好,普通,澆置混凝土,良好,普通,無採光,未完工,0,未完工,0,1141,1141,瓦斯熱風,極佳,有,標準斷路器,1141,0,0,1141,0,0,1,1,3,1,普通,6,正常,0,無壁爐,獨立車庫,未完工,2,484,普通,普通,鋪面,0,0,0,0,0,0,無泳池,無圍籬,無其他設施,0,3,2006,一般保證契約,異常交易(如法拍),142500,11.86710429621008
1240,1,1層樓(1946年後),低密度住宅區,64.0,9037,柏油路,無巷道,略不規則,山坡,內側地,緩坡,林地(Timber),正常,正常,獨棟,1層樓,8,5,2006,2006,四坡頂,標準瀝青瓦,乙烯基壁板,乙烯基壁板,面磚,32.0,良好,普通,澆置混凝土,良好,普通,採光普通,優良居住空間,428,未完工,0,1048,1476,瓦斯熱風,極佳,有,標準斷路器,1484,0,0,1484,0,0,2,0,2,1,極佳,6,正常,1,良好,連接主屋,粗略完工,2,472,普通,普通,鋪面,120,33,0,0,0,0,無泳池,無圍籬,無其他設施,0,12,2007,一般保證契約,一般交易,265900,12.490879338036375
1242,4,1層樓(1946年後),低密度住宅區,83.0,9849,柏油路,無巷道,規則,平坦,內側地,緩坡,薩默塞特(Somerst),正常,正常,獨棟,1層樓,7,6,2007,2007,四坡頂,標準瀝青瓦,乙烯基壁板,乙烯基壁板,石材,0.0,良好,普通,澆置混凝土,良好,普通,採光普通,未完工,0,未完工,0,1689,1689,瓦斯熱風,極佳,有,標準斷路器,1689,0,0,1689,0,0,2,0,3,1,良好,7,正常,0,無壁爐,連接主屋,粗略完工,3,954,普通,普通,鋪面,0,56,0,0,0,0,無泳池,無圍籬,無其他設施,0,6,2007,新屋,預售屋(估價時未完工),248328,12.42250975887691
1243,3,錯層玄關式,低密度住宅區,85.0,10625,柏油路,無巷道,規則,平坦,內側地,緩坡,西北艾姆斯(NWAmes),正常,正常,獨棟,錯層玄關,7,6,1974,1974,山形頂,標準瀝青瓦,夾板,夾板,面磚,81.0,普通,普通,煤渣磚,良好,普通,採光良好,優良居住空間,885,低品質空間,168,0,1053,瓦斯熱風,普通,有,標準斷路器,1173,0,0,1173,1,0,2,0,3,1,良好,6,正常,2,普通,連接主屋,粗略完工,2,528,普通,普通,鋪面,0,120,0,0,0,0,無泳池,隱私性低,無其他設施,0,1,2010,一般保證契約,親友交易,170000,12.04355959836804
1245,0,2層樓(1945年前),低密度住宅區,68.0,11435,柏油路,無巷道,略不規則,山坡,角地,中坡,克勞福德(Crawfor),正常,正常,獨棟,2層樓,8,7,1929,1950,山形頂,標準瀝青瓦,面磚,灰泥,無砌面,0.0,普通,普通,澆置混凝土,良好,普通,無採光,未完工,0,未完工,0,792,792,瓦斯熱風,尚可,有,標準斷路器,792,725,0,1517,0,0,1,0,3,1,良好,7,正常,2,良好,獨立車庫,未完工,2,400,普通,普通,鋪面,0,0,0,0,0,0,無泳池,無圍籬,無其他設施,0,6,2006,一般保證契約,一般交易,230000,12.345838935721968
1246,1,錯層式,低密度住宅區,78.0,12090,柏油路,無巷道,規則,平坦,內側地,緩坡,西北艾姆斯(NWAmes),正常,正常,獨棟,錯層,6,7,1984,2003,四坡頂,標準瀝青瓦,乙烯基壁板,乙烯基壁板,面磚,74.0,普通,普通,煤渣磚,良好,普通,無採光,未完工,0,未完工,0,585,585,瓦斯熱風,極佳,有,標準斷路器,1140,728,0,1868,0,0,3,1,3,1,普通,7,正常,1,普通,內建車庫,已完工,2,477,普通,普通,鋪面,268,112,0,0,147,0,無泳池,無圍籬,無其他設施,0,1,2007,一般保證契約,異常交易(如法拍),178000,12.08954444723597
1247,0,2層樓(1946年後),浮動村住宅區,65.0,8125,柏油路,無巷道,規則,平坦,內側地,緩坡,薩默塞特(Somerst),正常,正常,獨棟,2層樓,7,5,2005,2006,山形頂,標準瀝青瓦,乙烯基壁板,乙烯基壁板,無砌面,0.0,良好,普通,澆置混凝土,良好,普通,無採光,未完工,0,未完工,0,756,756,瓦斯熱風,極佳,有,標準斷路器,756,797,0,1553,0,0,2,1,3,1,良好,6,正常,0,無壁爐,連接主屋,粗略完工,2,615,普通,普通,鋪面,0,45,0,0,0,0,無泳池,無圍籬,無其他設施,0,3,2006,新屋,預售屋(估價時未完工),186500,12.136191879981927
1248,0,錯層式,低密度住宅區,71.0,12328,柏油路,無巷道,略不規則,平坦,內側地,緩坡,米切爾(Mitchel),正常,正常,獨棟,錯層,6,5,1976,1976,山形頂,標準瀝青瓦,硬質纖維板,硬質纖維板,面磚,335.0,普通,普通,煤渣磚,普通,普通,採光普通,優良居住空間,539,未完工,0,473,1012,瓦斯熱風,普通,有,標準斷路器,1034,0,0,1034,1,0,1,0,3,1,普通,6,正常,0,無壁爐,連接主屋,未完工,3,888,普通,普通,鋪面,0,0,0,0,0,0,無泳池,無圍籬,無其他設施,0,5,2010,一般保證契約,一般交易,169900,12.042971193457888
1249,2,2.5層樓,中密度住宅區,60.0,9600,柏油路,碎石巷,規則,平坦,內側地,緩坡,舊城區(OldTown),正常,正常,獨棟,2.5層(三樓未完工),6,5,1917,1950,山形頂,標準瀝青瓦,石棉瓦,石棉瓦,無砌面,0.0,普通,普通,磚與瓦,良好,普通,無採光,一般娛樂空間,319,未完工,0,416,735,非瓦斯熱水,尚可,無,標準斷路器,1134,924,0,2058,0,0,1,1,3,1,普通,8,正常,1,良好,獨立車庫,未完工,2,396,尚可,尚可,部分鋪面,0,0,259,0,0,0,無泳池,無圍籬,無其他設施,0,4,2008,一般保證契約,一般交易,129500,11.771443882099637
1251,3,1層樓(1946年後),低密度住宅區,93.0,11160,柏油路,無巷道,規則,平坦,角地,緩坡,北艾姆斯(NAmes),正常,正常,獨棟,1層樓,7,5,1968,1968,四坡頂,標準瀝青瓦,面磚,面磚,無砌面,0.0,良好,普通,煤渣磚,普通,普通,無採光,普通居住空間,1065,未完工,0,1045,2110,瓦斯熱風,極佳,有,標準斷路器,2110,0,0,2110,1,0,2,1,3,1,極佳,8,正常,2,普通,連接主屋,已完工,2,522,普通,普通,鋪面,0,0,0,0,0,0,無泳池,無圍籬,無其他設施,0,4,2010,一般保證契約,一般交易,244000,12.404927602627597
1252,1,1層樓社區住宅(1946年後),低密度住宅區,91.5,3136,柏油路,無巷道,略不規則,平坦,角地,緩坡,北嶺高地(NridgHt),正常,正常,連棟邊間,1層樓,7,5,2003,2003,山形頂,標準瀝青瓦,乙烯基壁板,木瓦,石材,163.0,良好,普通,澆置混凝土,良好,普通,無採光,未完工,0,未完工,0,1405,1405,瓦斯熱風,極佳,有,標準斷路器,1405,0,0,1405,0,0,2,0,2,1,良好,6,正常,1,良好,連接主屋,粗略完工,2,478,普通,普通,鋪面,148,36,0,0,0,0,無泳池,無圍籬,無其他設施,0,3,2006,一般保證契約,一般交易,171750,12.053801032483948
1254,4,2層樓(1946年後),低密度住宅區,68.0,17542,柏油路,無巷道,略不規則,平坦,內側地,緩坡,文克(Veenker),正常,正常,獨棟,2層樓,7,7,1974,2003,山形頂,標準瀝青瓦,木壁板,木壁板,無砌面,0.0,良好,普通,煤渣磚,普通,普通,採光良好,低品質空間,125,普通居住空間,1031,36,1192,瓦斯熱風,普通,有,標準斷路器,1516,651,0,2167,1,0,2,1,3,1,良好,9,正常,2,良好,連接主屋,粗略完工,2,518,普通,普通,鋪面,220,47,0,0,0,0,無泳池,隱私性低,無其他設施,0,7,2007,一般保證契約,一般交易,294000,12.591338447675579
1255,4,2層樓(1946年後),低密度住宅區,60.0,6931,柏油路,無巷道,規則,平坦,內側地,緩坡,愛德華茲(Edwards),正常,正常,獨棟,2層樓,7,5,2003,2004,山形頂,標準瀝青瓦,乙烯基壁板,乙烯基壁板,石材,92.0,良好,普通,澆置混凝土,良好,普通,無採光,未完工,0,未完工,0,746,746,瓦斯熱風,極佳,有,標準斷路器,760,896,0,1656,0,0,2,1,3,1,良好,7,正常,1,良好,內建車庫,已完工,2,397,普通,普通,鋪面,178,128,0,0,0,0,無泳池,無圍籬,無其他設施,0,7,2008,一般保證契約,一般交易,165400,12.016128107502665
1256,0,1.5層樓(已完工),中密度住宅區,52.0,6240,柏油路,無巷道,規則,平坦,內側地,緩坡,布魯克賽德(BrkSide),正常,正常,獨棟,1.5層(二樓完工),6,6,1931,1950,山形頂,標準瀝青瓦,木壁板,木壁板,無砌面,0.0,普通,普通,磚與瓦,普通,尚可,無採光,低品質空間,425,未完工,0,459,884,瓦斯熱風,普通,有,保險絲(良),959,408,0,1367,0,0,1,0,3,1,普通,6,正常,1,良好,獨立車庫,未完工,1,560,普通,普通,鋪面,0,0,0,0,120,0,無泳池,無圍籬,無其他設施,0,11,2007,一般保證契約,一般交易,127500,11.755879486687116
1257,1,1層樓(1946年後),低密度住宅區,91.0,14303,柏油路,無巷道,略不規則,平坦,角地,緩坡,北嶺(NoRidge),正常,正常,獨棟,1層樓,8,5,1994,1994,四坡頂,標準瀝青瓦,硬質纖維板,硬質纖維板,面磚,554.0,良好,普通,澆置混凝土,良好,普通,採光良好,優良居住空間,1314,未完工,0,672,1986,瓦斯熱風,極佳,有,標準斷路器,1987,0,0,1987,1,0,2,0,2,1,良好,7,正常,1,普通,連接主屋,已完工,2,691,普通,普通,鋪面,262,36,0,0,0,0,無泳池,無圍籬,無其他設施,0,8,2008,一般保證契約,一般交易,301500,12.616528611893463
1258,2,1層樓(1945年前),低密度住宅區,56.0,4060,柏油路,無巷道,規則,平坦,角地,緩坡,愛德華茲(Edwards),鄰近支線道路,正常,獨棟,1層樓,5,8,1922,1950,山形頂,標準瀝青瓦,木壁板,木壁板,無砌面,0.0,普通,普通,澆置混凝土,尚可,普通,無採光,未完工,0,未完工,0,864,864,瓦斯熱風,極佳,有,標準斷路器,864,0,0,864,0,0,1,0,2,1,普通,4,正常,0,無壁爐,無車庫,無車庫,0,0,無車庫,無車庫,鋪面,0,96,0,0,0,0,無泳池,無圍籬,無其他設施,0,7,2009,一般保證契約,一般交易,99900,11.511934974596555
1259,0,錯層式,低密度住宅區,59.0,9587,柏油路,無巷道,略不規則,平坦,內側地,緩坡,吉爾伯特(Gilbert),正常,正常,獨棟,錯層,7,5,2005,2005,山形頂,標準瀝青瓦,乙烯基壁板,乙烯基壁板,石材,182.0,良好,普通,澆置混凝土,良好,普通,採光良好,優良居住空間,655,未完工,0,201,856,瓦斯熱風,極佳,有,標準斷路器,1166,0,0,1166,1,0,2,0,2,1,良好,5,正常,0,無壁爐,連接主屋,已完工,2,400,普通,普通,鋪面,212,0,0,0,0,0,無泳池,無圍籬,無其他設施,0,7,2008,一般保證契約,一般交易,190000,12.154784614286667
1260,2,1層樓(1946年後),低密度住宅區,65.0,9750,柏油路,無巷道,規則,平坦,兩面臨路,緩坡,北艾姆斯(NAmes),正常,正常,獨棟,1層樓,6,8,1969,1969,山形頂,標準瀝青瓦,硬質纖維板,硬質纖維板,無砌面,0.0,普通,普通,煤渣磚,良好,普通,無採光,普通居住空間,602,低品質空間,438,14,1054,瓦斯熱風,良好,有,標準斷路器,1054,0,0,1054,1,0,1,1,3,1,普通,6,正常,0,無壁爐,連接主屋,未完工,2,460,普通,普通,鋪面,180,0,0,0,80,0,無泳池,無圍籬,無其他設施,0,7,2008,一般保證契約,一般交易,151000,11.92504173829169
1261,3,2層樓(1946年後),低密度住宅區,65.0,24682,柏油路,無巷道,不規則,平坦,死巷底,緩坡,吉爾伯特(Gilbert),緊鄰南北向鐵路,正常,獨棟,2層樓,6,5,1999,1999,山形頂,標準瀝青瓦,乙烯基壁板,乙烯基壁板,無砌面,0.0,普通,普通,澆置混凝土,良好,普通,無採光,未完工,0,未完工,0,841,841,瓦斯熱風,極佳,有,標準斷路器,892,783,0,1675,0,0,2,1,3,1,普通,7,正常,1,普通,內建車庫,已完工,2,502,普通,普通,鋪面,0,103,0,0,0,0,無泳池,無圍籬,無其他設施,0,6,2009,一般保證契約,一般交易,181000,12.10625783509458
1262,0,1層樓(1946年後),低密度住宅區,80.0,9600,柏油路,無巷道,規則,平坦,內側地,緩坡,北艾姆斯(NAmes),正常,正常,獨棟,1層樓,5,6,1956,1956,四坡頂,標準瀝青瓦,金屬壁板,金屬壁板,無砌面,0.0,普通,普通,煤渣磚,普通,普通,無採光,一般娛樂空間,504,未完工,0,546,1050,瓦斯熱風,良好,有,標準斷路器,1050,0,0,1050,0,0,1,0,2,1,普通,5,正常,0,無壁爐,連接主屋,未完工,1,338,普通,普通,鋪面,0,0,0,0,0,0,無泳池,無圍籬,無其他設施,0,6,2009,一般保證契約,一般交易,128900,11.766799946849087
1263,0,1.5層樓(已完工),低密度住宅區,80.0,11250,柏油路,無巷道,規則,平坦,內側地,緩坡,清溪(ClearCr),正常,正常,獨棟,1.5層(二樓完工),4,5,1957,1989,山形頂,標準瀝青瓦,木壁板,木壁板,無砌面,0.0,普通,普通,煤渣磚,普通,普通,採光普通,未完工,0,未完工,0,1104,1104,瓦斯熱風,極佳,有,保險絲(良),1104,684,0,1788,1,0,1,0,5,1,普通,8,輕微扣分2,2,普通,連接主屋,未完工,1,304,普通,普通,鋪面,120,0,0,0,0,0,無泳池,無圍籬,無其他設施,0,11,2009,一般保證契約,一般交易,161500,11.992266613576142
1264,2,2層樓(1945年前),低密度住宅區,60.0,13515,柏油路,柏油巷,規則,平坦,內側地,緩坡,布魯克賽德(BrkSide),正常,正常,獨棟,2層樓,6,6,1919,1950,穀倉頂,標準瀝青瓦,木壁板,木壁板,無砌面,0.0,普通,普通,澆置混凝土,普通,普通,無採光,未完工,0,未完工,0,764,764,瓦斯熱風,極佳,有,保險絲(良),1060,764,0,1824,0,0,1,0,3,1,普通,8,正常,1,良好,獨立車庫,未完工,2,520,普通,普通,泥土或碎石,0,0,126,0,0,0,無泳池,隱私性佳,無其他設施,0,7,2007,一般保證契約,一般交易,180500,12.103491596905931
1265,0,1層樓社區住宅(1946年後),高密度住宅區,34.0,4060,柏油路,無巷道,規則,平坦,內側地,緩坡,北艾姆斯(NAmes),正常,正常,連棟邊間,1層樓,6,5,1998,1999,山形頂,標準瀝青瓦,金屬壁板,金屬壁板,無砌面,0.0,良好,普通,澆置混凝土,良好,普通,無採光,優良居住空間,266,未完工,0,1139,1405,瓦斯熱風,極佳,有,標準斷路器,1337,0,0,1337,1,0,2,0,2,1,良好,5,正常,0,無壁爐,連接主屋,已完工,2,511,普通,普通,鋪面,144,68,0,0,0,0,無泳池,無圍籬,無其他設施,0,8,2008,法院或遺產拍賣,異常交易(如法拍),181000,12.10625783509458
1267,2,兩戶改建住宅,中密度住宅區,60.0,10120,柏油路,無巷道,略不規則,坡堤,內側地,緩坡,舊城區(OldTown),鄰近支線道路,正常,兩戶改建,2.5層(三樓未完工),7,4,1910,1950,四坡頂,標準瀝青瓦,木壁板,木壁板,無砌面,0.0,尚可,普通,煤渣磚,普通,普通,無採光,未完工,0,未完工,0,925,925,瓦斯熱風,普通,無,保險絲(普通),964,925,0,1889,0,0,1,1,4,2,普通,9,正常,1,良好,獨立車庫,未完工,1,308,普通,普通,泥土或碎石,0,0,264,0,0,0,無泳池,隱私性低,無其他設施,0,1,2007,一般保證契約,一般交易,122000,11.711784520403112
1268,3,1層樓(1946年後),低密度住宅區,89.0,13214,柏油路,無巷道,略不規則,山坡,內側地,緩坡,林地(Timber),正常,正常,獨棟,1層樓,9,5,2008,2009,四坡頂,標準瀝青瓦,灰泥,水泥板,無砌面,0.0,極佳,普通,澆置混凝土,極佳,普通,採光良好,未完工,0,未完工,0,2002,2002,瓦斯熱風,極佳,有,標準斷路器,2018,0,0,2018,0,0,2,0,3,1,極佳,10,正常,1,良好,連接主屋,已完工,3,746,普通,普通,鋪面,144,76,0,0,0,0,無泳池,無圍籬,無其他設施,0,5,2010,一般保證契約,一般交易,378500,12.843973993864076
1269,0,1.5層樓(已完工),低密度住宅區,68.0,14100,柏油路,無巷道,略不規則,平坦,內側地,中坡,克勞福德(Crawfor),正常,正常,獨棟,1.5層(二樓完工),8,9,1935,1997,山形頂,標準瀝青瓦,灰泥,灰泥,面磚,632.0,普通,良好,煤渣磚,普通,普通,採光少,一般娛樂空間,192,未完工,0,536,728,瓦斯熱風,極佳,有,標準斷路器,1968,1479,0,3447,0,0,3,1,4,1,良好,11,正常,2,良好,內建車庫,未完工,3,1014,普通,普通,鋪面,314,12,0,0,0,0,無泳池,木圍籬佳,無其他設施,0,5,2008,一般保證契約,一般交易,381000,12.850557278777309
1271,3,1層樓含完工閣樓,低密度住宅區,80.0,23595,柏油路,無巷道,規則,低窪,內側地,陡坡,清溪(ClearCr),正常,正常,獨棟,1層樓,7,6,1979,1979,單坡頂,劈製木瓦,夾板,夾板,無砌面,0.0,良好,普通,澆置混凝土,良好,普通,採光良好,優良居住空間,1258,未完工,0,74,1332,瓦斯熱風,普通,有,標準斷路器,1332,192,0,1524,2,0,0,1,0,1,良好,4,正常,1,普通,連接主屋,已完工,2,586,普通,普通,鋪面,268,0,0,0,0,0,無泳池,無圍籬,無其他設施,0,4,2010,一般保證契約,一般交易,260000,12.468440756144114
1274,4,錯層式,低密度住宅區,124.0,11512,柏油路,無巷道,略不規則,平坦,角地,緩坡,愛德華茲(Edwards),正常,正常,獨棟,錯層,6,7,1959,2006,山形頂,標準瀝青瓦,夾板,夾板,面磚,84.0,普通,普通,煤渣磚,普通,普通,採光普通,普通居住空間,719,未完工,0,300,1019,瓦斯熱風,良好,有,標準斷路器,1357,0,0,1357,1,0,1,0,2,1,極佳,5,正常,1,良好,地下室車庫,粗略完工,1,312,普通,普通,鋪面,0,0,0,0,163,0,無泳池,隱私性佳,無其他設施,0,5,2008,一般保證契約,一般交易,177000,12.083910661257521
1275,4,1.5層樓(已完工),低密度住宅區,53.0,5362,柏油路,無巷道,規則,平坦,角地,緩坡,克勞福德(Crawfor),正常,正常,獨棟,1.5層(二樓完工),5,6,1910,2003,山形頂,標準瀝青瓦,木壁板,木瓦,無砌面,0.0,普通,普通,澆置混凝土,普通,普通,無採光,未完工,0,未完工,0,661,661,瓦斯熱風,極佳,有,標準斷路器,661,589,0,1250,0,0,2,0,3,1,普通,8,正常,1,良好,獨立車庫,未完工,2,552,普通,普通,鋪面,242,0,81,0,0,0,無泳池,無圍籬,無其他設施,0,11,2007,一般保證契約,一般交易,139000,11.842236406331555
1276,0,雙拼住宅,低密度住宅區,95.0,11345,柏油路,無巷道,規則,平坦,角地,緩坡,北艾姆斯(NAmes),鄰近支線道路,正常,雙拼,2層樓,5,5,1948,1950,山形頂,捲材,石棉瓦,石棉瓦,石材,567.0,普通,普通,煤渣磚,普通,普通,無採光,一般娛樂空間,220,未完工,0,708,928,瓦斯熱風,良好,有,保險絲(良),928,992,0,1920,0,0,2,0,4,2,普通,10,正常,0,無壁爐,獨立車庫,未完工,2,400,普通,尚可,鋪面,0,0,0,0,0,0,無泳池,無圍籬,無其他設施,0,7,2007,一般保證契約,一般交易,137000,11.827743504053695
1277,0,2層樓(1946年後),低密度住宅區,80.0,12936,柏油路,無巷道,略不規則,平坦,死巷底,緩坡,西北艾姆斯(NWAmes),正常,正常,獨棟,2層樓,6,6,1972,1972,山形頂,標準瀝青瓦,硬質纖維板,夾板,無砌面,0.0,普通,普通,煤渣磚,普通,良好,無採光,低於平均居住空間,593,未完工,0,130,723,瓦斯熱風,普通,有,標準斷路器,735,660,0,1395,0,1,1,1,3,1,普通,6,正常,1,普通,連接主屋,未完工,2,497,普通,普通,鋪面,294,116,0,0,0,0,無泳池,無圍籬,無其他設施,0,12,2009,一般保證契約,一般交易,162000,11.995357787034976
1278,3,錯層式,低密度住宅區,80.0,17871,柏油路,無巷道,略不規則,平坦,死巷底,緩坡,西北艾姆斯(NWAmes),正常,正常,獨棟,錯層,6,5,1967,1976,山形頂,標準瀝青瓦,硬質纖維板,硬質纖維板,面磚,359.0,普通,普通,煤渣磚,良好,普通,採光普通,普通居住空間,528,未完工,0,1152,1680,瓦斯熱風,尚可,有,標準斷路器,1724,0,0,1724,1,0,1,1,3,1,普通,7,正常,1,良好,連接主屋,粗略完工,2,480,普通,普通,鋪面,0,0,0,0,0,0,無泳池,無圍籬,無其他設施,0,6,2009,一般保證契約,一般交易,197900,12.19552218463499
1279,4,2層樓(1946年後),低密度住宅區,75.0,9473,柏油路,無巷道,規則,平坦,內側地,緩坡,學院溪(CollgCr),正常,正常,獨棟,2層樓,8,5,2002,2002,山形頂,標準瀝青瓦,乙烯基壁板,乙烯基壁板,無砌面,0.0,良好,普通,澆置混凝土,良好,普通,無採光,優良居住空間,804,未完工,0,324,1128,瓦斯熱風,極佳,有,標準斷路器,1128,903,0,2031,1,0,2,1,3,1,良好,7,正常,1,良好,連接主屋,粗略完工,2,577,普通,普通,鋪面,0,211,0,0,0,0,無泳池,無圍籬,無其他設施,0,3,2008,一般保證契約,一般交易,237000,12.37581963951765
1281,4,1層樓(1946年後),低密度住宅區,67.0,9808,柏油路,無巷道,略不規則,平坦,內側地,緩坡,學院溪(CollgCr),正常,正常,獨棟,1層樓,7,5,2002,2002,山形頂,標準瀝青瓦,乙烯基壁板,乙烯基壁板,面磚,110.0,良好,普通,澆置混凝土,良好,普通,無採光,優良居住空間,788,未完工,0,785,1573,瓦斯熱風,極佳,有,標準斷路器,1573,0,0,1573,1,0,2,0,3,1,良好,6,正常,0,無壁爐,連接主屋,粗略完工,2,544,普通,普通,鋪面,0,72,0,0,0,0,無泳池,無圍籬,無其他設施,0,3,2009,一般保證契約,一般交易,227000,12.33270970174018
1282,3,1層樓(1946年後),低密度住宅區,50.0,8049,柏油路,無巷道,略不規則,平坦,死巷底,緩坡,林地(Timber),正常,正常,獨棟,1層樓,7,5,1990,1990,四坡頂,標準瀝青瓦,硬質纖維板,硬質纖維板,面磚,54.0,普通,普通,煤渣磚,良好,普通,無採光,普通居住空間,1053,未完工,0,256,1309,瓦斯熱風,普通,有,標準斷路器,1339,0,0,1339,1,0,2,0,2,1,普通,6,正常,1,普通,連接主屋,已完工,2,484,良好,良好,鋪面,0,58,0,0,90,0,無泳池,無圍籬,無其他設施,0,7,2006,一般保證契約,一般交易,180000,12.100717685412471
1283,1,1層樓(1946年後),低密度住宅區,61.0,8800,柏油路,無巷道,略不規則,平坦,內側地,緩坡,學院溪(CollgCr),正常,正常,獨棟,1層樓,5,7,1977,2008,山形頂,標準瀝青瓦,硬質纖維板,硬質纖維板,無砌面,0.0,普通,普通,煤渣磚,良好,普通,採光少,低品質空間,532,一般娛樂空間,144,364,1040,瓦斯熱風,普通,有,標準斷路器,1040,0,0,1040,0,0,2,0,3,1,良好,5,正常,0,無壁爐,獨立車庫,未完工,2,484,普通,普通,鋪面,0,0,0,0,288,0,無泳池,無圍籬,無其他設施,0,9,2009,一般保證契約,一般交易,150500,11.921725007667265
1284,4,雙拼住宅,低密度住宅區,94.0,9400,柏油路,無巷道,規則,低窪,角地,緩坡,米切爾(Mitchel),正常,正常,雙拼,2層樓,6,5,1971,1971,孟莎式,標準瀝青瓦,金屬壁板,木瓦,無砌面,0.0,普通,普通,煤渣磚,普通,普通,採光普通,未完工,0,未完工,0,912,912,瓦斯熱風,普通,有,標準斷路器,912,912,0,1824,0,0,2,2,4,2,普通,8,正常,0,無壁爐,無車庫,無車庫,0,0,無車庫,無車庫,鋪面,128,0,0,0,0,0,無泳池,無圍籬,無其他設施,0,4,2010,一般保證契約,一般交易,139000,11.842236406331555
1285,4,1.5層樓(已完工),低密度住宅區,50.0,9638,柏油路,無巷道,規則,平坦,內側地,緩坡,州立大學西南(SWISU),鄰近支線道路,正常,獨棟,1.5層(二樓完工),6,7,1919,1990,山形頂,標準瀝青瓦,木壁板,木瓦,無砌面,0.0,普通,普通,澆置混凝土,普通,普通,無採光,未完工,0,未完工,0,804,804,瓦斯熱風,極佳,有,標準斷路器,1699,748,0,2447,0,0,2,0,4,1,良好,10,輕微扣分2,1,良好,獨立車庫,未完工,1,336,普通,普通,鋪面,272,0,42,0,116,0,無泳池,無圍籬,無其他設施,0,3,2010,一般保證契約,一般交易,169000,12.037659911047468
1286,1,1.5層樓(已完工),中密度住宅區,50.0,6000,柏油路,無巷道,規則,平坦,內側地,緩坡,布魯克賽德(BrkSide),正常,正常,獨棟,1.5層(二樓完工),6,6,1939,1950,山形頂,標準瀝青瓦,金屬壁板,金屬壁板,無砌面,0.0,普通,尚可,煤渣磚,普通,普通,無採光,未完工,0,未完工,0,780,780,瓦斯熱風,極佳,有,保險絲(普通),825,587,0,1412,0,0,1,0,4,1,普通,6,正常,1,良好,獨立車庫,未完工,1,280,普通,普通,鋪面,45,0,0,0,0,0,無泳池,無圍籬,無其他設施,0,5,2009,一般保證契約,一般交易,132500,11.794345471549745
1287,1,1層樓(1946年後),低密度住宅區,80.0,9790,柏油路,無巷道,規則,平坦,內側地,緩坡,西北艾姆斯(NWAmes),鄰近支線道路,正常,獨棟,1層樓,6,5,1963,1963,四坡頂,標準瀝青瓦,硬質纖維板,硬質纖維板,面磚,451.0,普通,普通,煤渣磚,普通,普通,無採光,普通居住空間,569,一般娛樂空間,81,678,1328,瓦斯熱風,普通,有,標準斷路器,1328,0,0,1328,1,0,1,1,3,1,普通,6,正常,2,良好,連接主屋,未完工,2,528,普通,普通,鋪面,0,26,0,0,0,0,無泳池,無圍籬,無其他設施,0,6,2010,一般保證契約,一般交易,143000,11.870606902224587
1288,2,1層樓(1946年後),低密度住宅區,80.0,36500,柏油路,無巷道,略不規則,低窪,內側地,中坡,清溪(ClearCr),正常,正常,獨棟,1層樓,5,5,1964,1964,山形頂,標準瀝青瓦,木壁板,木壁板,一般磚,621.0,普通,良好,煤渣磚,普通,普通,採光普通,一般娛樂空間,812,未完工,0,812,1624,瓦斯熱風,尚可,有,標準斷路器,1582,0,0,1582,0,1,2,0,4,1,普通,7,正常,0,無壁爐,連接主屋,未完工,2,390,普通,普通,泥土或碎石,168,198,0,0,0,0,無泳池,無圍籬,無其他設施,0,6,2006,一般保證契約,一般交易,190000,12.154784614286667
1289,4,1層樓社區住宅(1946年後),低密度住宅區,40.0,5664,柏油路,無巷道,略不規則,平坦,內側地,緩坡,石橋(StoneBr),正常,正常,連棟邊間,1層樓,8,5,2000,2000,山形頂,標準瀝青瓦,水泥板,水泥板,無砌面,0.0,良好,普通,澆置混凝土,良好,普通,無採光,優良居住空間,1158,未完工,0,343,1501,瓦斯熱風,極佳,有,標準斷路器,1659,0,0,1659,1,0,2,0,2,1,極佳,5,正常,1,極佳,連接主屋,已完工,2,499,普通,普通,鋪面,212,59,0,0,0,0,無泳池,無圍籬,無其他設施,0,10,2009,一般保證契約,一般交易,278000,12.535379989788607
1290,2,2層樓(1946年後),低密度住宅區,86.0,11065,柏油路,無巷道,略不規則,平坦,內側地,緩坡,北嶺高地(NridgHt),正常,正常,獨棟,2層樓,8,5,2006,2006,山形頂,標準瀝青瓦,乙烯基壁板,乙烯基壁板,石材,788.0,良好,普通,澆置混凝土,良好,普通,採光少,未完工,0,未完工,0,1085,1085,瓦斯熱風,極佳,有,標準斷路器,1120,850,0,1970,0,0,2,1,3,1,極佳,8,正常,1,良好,內建車庫,已完工,3,753,普通,普通,鋪面,177,74,0,0,0,0,無泳池,無圍籬,無其他設施,0,10,2006,新屋,預售屋(估價時未完工),281000,12.546113507028412
1291,2,錯層式,低密度住宅區,74.5,14112,柏油路,無巷道,略不規則,平坦,角地,緩坡,北艾姆斯(NAmes),正常,正常,獨棟,錯層,5,7,1964,1964,四坡頂,標準瀝青瓦,木壁板,硬質纖維板,面磚,86.0,普通,普通,澆置混凝土,普通,普通,採光普通,優良居住空間,1014,未完工,0,138,1152,瓦斯熱風,普通,有,標準斷路器,1152,0,0,1152,1,0,1,0,3,1,普通,6,正常,1,良好,連接主屋,粗略完工,2,484,普通,普通,鋪面,227,0,0,0,0,0,無泳池,無圍籬,無其他設施,0,4,2010,一般保證契約,一般交易,180500,12.103491596905931
1293,4,2層樓(1945年前),中密度住宅區,60.0,6600,柏油路,無巷道,規則,平坦,角地,緩坡,舊城區(OldTown),正常,正常,獨棟,2層樓,5,4,1892,1965,山形頂,標準瀝青瓦,木壁板,木壁板,無砌面,0.0,普通,普通,石材,普通,普通,無採光,未完工,0,未完工,0,994,994,瓦斯熱風,普通,無,標準斷路器,1378,994,0,2372,0,0,2,0,4,2,普通,11,輕微扣分2,0,無壁爐,連接主屋,粗略完工,1,432,普通,普通,鋪面,0,287,0,0,0,0,無泳池,無圍籬,無其他設施,0,12,2009,一般保證契約,一般交易,107500,11.58525542883217
1295,0,1層樓(1946年後),低密度住宅區,60.0,8172,柏油路,無巷道,規則,平坦,內側地,緩坡,愛德華茲(Edwards),正常,正常,獨棟,1層樓,5,7,1955,1990,四坡頂,標準瀝青瓦,木瓦,夾板,無砌面,0.0,普通,普通,煤渣磚,普通,普通,無採光,一般娛樂空間,167,未完工,0,697,864,瓦斯熱風,普通,有,標準斷路器,864,0,0,864,1,0,1,0,2,1,普通,5,正常,0,無壁爐,獨立車庫,未完工,2,572,普通,普通,泥土或碎石,0,0,0,0,0,0,無泳池,無圍籬,無其他設施,0,4,2006,一般保證契約,一般交易,115000,11.652696102959753
1296,0,1層樓(1946年後),低密度住宅區,70.0,8400,柏油路,無巷道,規則,平坦,內側地,緩坡,北艾姆斯(NAmes),鄰近支線道路,正常,獨棟,1層樓,5,5,1968,1968,四坡頂,標準瀝青瓦,硬質纖維板,硬質纖維板,面磚,168.0,普通,普通,煤渣磚,普通,普通,採光普通,低於平均居住空間,1016,未完工,0,36,1052,瓦斯熱風,良好,有,標準斷路器,1052,0,0,1052,1,0,1,1,3,1,普通,5,正常,0,無壁爐,連接主屋,粗略完工,1,288,普通,普通,鋪面,356,0,0,0,0,0,無泳池,木圍籬佳,無其他設施,0,11,2006,一般保證契約,一般交易,138500,11.83863282480007
1297,4,1層樓(1946年後),低密度住宅區,80.0,8700,柏油路,無巷道,規則,平坦,內側地,緩坡,北艾姆斯(NAmes),正常,正常,獨棟,1層樓,5,6,1963,1963,四坡頂,標準瀝青瓦,金屬壁板,金屬壁板,面磚,148.0,普通,良好,煤渣磚,普通,普通,採光少,普通居住空間,776,未完工,0,344,1120,瓦斯熱風,良好,有,標準斷路器,1128,0,0,1128,1,0,2,0,3,1,普通,6,正常,0,無壁爐,連接主屋,粗略完工,2,525,普通,普通,鋪面,192,20,123,0,0,0,無泳池,隱私性低,無其他設施,0,12,2008,一般保證契約,一般交易,155000,11.951186847493476
1298,2,社區錯層住宅,中密度住宅區,35.0,3675,柏油路,無巷道,規則,平坦,內側地,緩坡,愛德華茲(Edwards),正常,正常,連棟邊間,錯層玄關,6,5,2005,2006,山形頂,標準瀝青瓦,乙烯基壁板,乙烯基壁板,面磚,82.0,普通,普通,澆置混凝土,良好,普通,採光良好,優良居住空間,547,未完工,0,0,547,瓦斯熱風,良好,有,標準斷路器,1072,0,0,1072,1,0,2,0,2,1,普通,5,正常,0,無壁爐,地下室車庫,已完工,2,525,普通,普通,鋪面,0,44,0,0,0,0,無泳池,無圍籬,無其他設施,0,6,2006,新屋,預售屋(估價時未完工),140000,11.849404844423074
1301,2,2層樓(1946年後),低密度住宅區,65.0,10762,柏油路,無巷道,略不規則,平坦,死巷底,緩坡,吉爾伯特(Gilbert),正常,正常,獨棟,2層樓,7,5,1999,1999,山形頂,標準瀝青瓦,乙烯基壁板,乙烯基壁板,無砌面,344.0,良好,普通,澆置混凝土,良好,普通,無採光,優良居住空間,694,未完工,0,284,978,瓦斯熱風,極佳,有,標準斷路器,1005,978,0,1983,0,0,2,1,3,1,良好,9,正常,1,普通,連接主屋,已完工,2,490,普通,普通,鋪面,0,0,0,0,0,0,無泳池,無圍籬,無其他設施,0,5,2009,一般保證契約,一般交易,225000,12.323860125621126
1302,3,2層樓(1945年前),低密度住宅區,68.0,7500,柏油路,無巷道,略不規則,坡堤,內側地,緩坡,克勞福德(Crawfor),正常,正常,獨棟,2層樓,6,7,1942,1950,山形頂,標準瀝青瓦,木壁板,木壁板,無砌面,0.0,普通,普通,煤渣磚,普通,普通,無採光,低於平均居住空間,547,未完工,0,224,771,瓦斯熱風,尚可,有,標準斷路器,753,741,0,1494,0,0,1,0,3,1,良好,7,正常,2,良好,連接主屋,未完工,1,213,普通,普通,部分鋪面,0,0,0,0,224,0,無泳池,無圍籬,無其他設施,0,11,2009,一般保證契約,一般交易,177500,12.086731521684555
1303,1,2層樓(1946年後),低密度住宅區,92.0,10120,柏油路,無巷道,規則,平坦,內側地,緩坡,北嶺(NoRidge),正常,正常,獨棟,2層樓,8,5,1994,1994,四坡頂,標準瀝青瓦,乙烯基壁板,乙烯基壁板,面磚,391.0,良好,普通,澆置混凝土,良好,普通,無採光,優良居住空間,740,未完工,0,425,1165,瓦斯熱風,極佳,有,標準斷路器,1203,1323,0,2526,1,0,2,1,4,1,良好,8,正常,1,普通,連接主屋,粗略完工,3,844,普通,普通,鋪面,309,78,0,0,0,0,無泳池,無圍籬,無其他設施,0,12,2006,一般保證契約,一般交易,290000,12.577639650232573
1304,2,1層樓(1946年後),低密度住宅區,73.0,8688,柏油路,無巷道,規則,平坦,內側地,緩坡,薩默塞特(Somerst),正常,正常,獨棟,1層樓,7,5,2005,2005,山形頂,標準瀝青瓦,乙烯基壁板,乙烯基壁板,面磚,228.0,良好,普通,澆置混凝土,良好,普通,採光普通,未完工,0,未完工,0,1616,1616,瓦斯熱風,極佳,有,標準斷路器,1616,0,0,1616,0,0,2,0,3,1,良好,7,正常,0,無壁爐,連接主屋,粗略完工,3,834,普通,普通,鋪面,208,59,0,0,0,0,無泳池,無圍籬,無其他設施,0,4,2006,一般保證契約,一般交易,232000,12.354496960983985
1305,4,2層樓社區住宅(1946年後),中密度住宅區,32.0,3363,柏油路,無巷道,規則,平坦,內側地,緩坡,愛德華茲(Edwards),正常,正常,連棟邊間,2層樓,7,5,2004,2004,山形頂,標準瀝青瓦,乙烯基壁板,乙烯基壁板,石材,117.0,良好,普通,澆置混凝土,良好,普通,無採光,未完工,0,未完工,0,976,976,瓦斯熱風,極佳,有,標準斷路器,976,732,0,1708,0,0,2,0,3,1,良好,7,重大扣分1,0,無壁爐,獨立車庫,未完工,2,380,普通,普通,鋪面,0,40,0,0,0,0,無泳池,無圍籬,無其他設施,0,4,2006,一般保證契約,一般交易,130000,11.775297421715827
1306,0,1層樓(1946年後),低密度住宅區,108.0,13173,柏油路,無巷道,略不規則,平坦,角地,緩坡,北嶺高地(NridgHt),正常,正常,獨棟,1層樓,9,5,2006,2007,四坡頂,標準瀝青瓦,乙烯基壁板,乙烯基壁板,石材,300.0,良好,普通,澆置混凝土,極佳,普通,無採光,優良居住空間,1572,未完工,0,80,1652,瓦斯熱風,極佳,有,標準斷路器,1652,0,0,1652,1,0,2,0,2,1,極佳,6,正常,2,極佳,連接主屋,已完工,2,840,普通,普通,鋪面,404,102,0,0,0,0,無泳池,無圍籬,無其他設施,0,11,2009,一般保證契約,一般交易,325000,12.691583538230217
1308,3,1層樓(1946年後),低密度住宅區,60.0,8072,柏油路,無巷道,規則,平坦,內側地,緩坡,學院溪(CollgCr),正常,正常,獨棟,1層樓,5,5,1994,1995,山形頂,標準瀝青瓦,乙烯基壁板,乙烯基壁板,無砌面,0.0,普通,良好,澆置混凝土,良好,良好,無採光,普通居住空間,746,未完工,0,244,990,瓦斯熱風,極佳,有,標準斷路器,990,0,0,990,1,0,1,0,3,1,普通,5,正常,0,無壁爐,獨立車庫,未完工,2,480,普通,普通,鋪面,0,64,0,0,0,0,無泳池,無圍籬,無其他設施,0,5,2009,一般保證契約,一般交易,138000,11.835016210489899
1309,0,1層樓(1946年後),中密度住宅區,100.0,12000,柏油路,無巷道,規則,平坦,內側地,緩坡,舊城區(OldTown),正常,正常,獨棟,1層樓,5,7,1948,2005,山形頂,標準瀝青瓦,金屬壁板,金屬壁板,無砌面,0.0,普通,普通,煤渣磚,普通,普通,無採光,優良居住空間,144,普通居住空間,608,172,924,瓦斯熱風,極佳,有,標準斷路器,1122,0,0,1122,1,0,1,0,2,1,良好,6,正常,0,無壁爐,連接主屋,未完工,2,528,普通,普通,鋪面,0,36,0,0,0,0,無泳池,木圍籬佳,無其他設施,0,5,2008,一般保證契約,一般交易,147000,11.898194668458823
1310,3,1層樓(1946年後),低密度住宅區,66.0,7153,柏油路,無巷道,規則,平坦,內側地,緩坡,西索耶(SawyerW),正常,正常,獨棟,1層樓,6,5,1991,1991,山形頂,標準瀝青瓦,硬質纖維板,硬質纖維板,面磚,88.0,普通,普通,煤渣磚,良好,普通,無採光,優良居住空間,1200,未完工,0,78,1278,瓦斯熱風,良好,有,標準斷路器,1294,0,0,1294,1,0,2,0,3,1,良好,6,正常,0,無壁爐,連接主屋,粗略完工,2,496,普通,普通,鋪面,112,51,0,0,0,0,無泳池,木圍籬佳,無其他設施,0,6,2008,一般保證契約,一般交易,179200,12.09626335986454
1311,2,1層樓(1946年後),低密度住宅區,100.0,17500,柏油路,無巷道,規則,平坦,內側地,緩坡,克勞福德(Crawfor),緊鄰公園綠地等正面設施,正常,獨棟,1層樓,7,8,1959,2002,山形頂,標準瀝青瓦,面磚,硬質纖維板,無砌面,0.0,良好,良好,澆置混凝土,良好,普通,採光普通,優良居住空間,1406,未完工,0,496,1902,瓦斯熱風,普通,有,標準斷路器,1902,0,0,1902,1,0,2,0,3,1,極佳,7,正常,2,普通,連接主屋,已完工,2,567,普通,普通,鋪面,0,207,162,0,0,0,無泳池,無圍籬,無其他設施,0,5,2010,一般保證契約,一般交易,335000,12.721888795877375
1312,4,1層樓(1946年後),低密度住宅區,68.0,8814,柏油路,無巷道,規則,平坦,內側地,緩坡,學院溪(CollgCr),正常,正常,獨棟,1層樓,7,5,2005,2007,山形頂,標準瀝青瓦,乙烯基壁板,乙烯基壁板,面磚,80.0,良好,普通,澆置混凝土,良好,普通,無採光,優良居住空間,925,未完工,0,349,1274,瓦斯熱風,極佳,有,標準斷路器,1274,0,0,1274,1,0,2,0,3,1,良好,6,正常,0,無壁爐,連接主屋,粗略完工,2,508,普通,普通,鋪面,264,98,0,0,0,0,無泳池,無圍籬,無其他設施,0,1,2007,新屋,預售屋(估價時未完工),203000,12.220966184120165
1313,1,2層樓(1946年後),低密度住宅區,90.5,9572,柏油路,無巷道,略不規則,平坦,內側地,緩坡,北嶺(NoRidge),正常,正常,獨棟,2層樓,8,5,1990,1990,山形頂,標準瀝青瓦,木壁板,木壁板,面磚,336.0,良好,普通,澆置混凝土,極佳,普通,無採光,優良居住空間,482,未完工,0,971,1453,瓦斯熱風,極佳,有,標準斷路器,1453,1357,0,2810,0,0,2,1,4,1,良好,9,正常,1,極佳,連接主屋,粗略完工,2,750,良好,良好,鋪面,500,0,0,0,0,0,無泳池,無圍籬,無其他設施,0,6,2007,一般保證契約,一般交易,302000,12.618185607609803
1314,0,2層樓(1946年後),低密度住宅區,108.0,14774,柏油路,無巷道,略不規則,平坦,角地,緩坡,北嶺(NoRidge),正常,正常,獨棟,2層樓,9,5,1999,1999,山形頂,標準瀝青瓦,乙烯基壁板,乙烯基壁板,面磚,165.0,良好,普通,澆置混凝土,良好,普通,無採光,未完工,0,未完工,0,1393,1393,瓦斯熱風,極佳,有,標準斷路器,1422,1177,0,2599,0,0,2,1,4,1,良好,10,正常,1,普通,內建車庫,已完工,3,779,普通,普通,鋪面,668,30,0,0,0,0,無泳池,無圍籬,無其他設施,0,5,2010,一般保證契約,一般交易,333168,12.716405147731708
1315,3,1層樓(1946年後),低密度住宅區,60.0,8190,柏油路,無巷道,規則,平坦,內側地,緩坡,愛德華茲(Edwards),正常,正常,獨棟,1層樓,4,6,1954,1954,四坡頂,標準瀝青瓦,木壁板,木壁板,無砌面,0.0,普通,普通,煤渣磚,普通,普通,無採光,一般娛樂空間,732,未完工,0,216,948,瓦斯熱風,極佳,有,標準斷路器,948,0,0,948,1,0,1,0,3,1,普通,5,正常,1,普通,獨立車庫,未完工,1,280,普通,普通,鋪面,0,36,0,0,0,0,無泳池,無圍籬,無其他設施,0,10,2007,一般保證契約,一般交易,119000,11.686887175419702
1316,4,2層樓(1946年後),低密度住宅區,85.0,11075,柏油路,無巷道,規則,平坦,內側地,緩坡,北艾姆斯(NAmes),正常,正常,獨棟,2層樓,6,5,1969,1969,山形頂,標準瀝青瓦,硬質纖維板,硬質纖維板,無砌面,0.0,普通,普通,煤渣磚,尚可,普通,採光少,普通居住空間,500,低品質空間,276,176,952,瓦斯熱風,普通,有,標準斷路器,1092,1020,0,2112,0,0,2,1,4,1,普通,9,正常,2,良好,連接主屋,未完工,2,576,普通,普通,鋪面,280,0,0,0,0,0,無泳池,無圍籬,無其他設施,0,6,2008,一般保證契約,一般交易,206900,12.239995696974733
1317,4,1層樓(1946年後),低密度住宅區,61.0,10226,柏油路,無巷道,略不規則,平坦,內側地,緩坡,學院溪(CollgCr),正常,正常,獨棟,1層樓,8,5,2008,2008,山形頂,標準瀝青瓦,乙烯基壁板,乙烯基壁板,石材,270.0,良好,普通,澆置混凝土,極佳,普通,採光良好,未完工,0,未完工,0,1622,1622,瓦斯熱風,極佳,有,標準斷路器,1630,0,0,1630,1,0,2,0,3,1,極佳,8,正常,1,良好,連接主屋,粗略完工,3,860,普通,普通,鋪面,172,42,0,0,0,0,無泳池,無圍籬,無其他設施,0,1,2009,一般保證契約,一般交易,295493,12.596403811053621
1319,2,1層樓(1946年後),低密度住宅區,70.0,14781,柏油路,無巷道,中度不規則,平坦,死巷底,緩坡,學院溪(CollgCr),正常,正常,獨棟,1層樓,8,5,2001,2002,四坡頂,標準瀝青瓦,乙烯基壁板,乙烯基壁板,面磚,178.0,良好,普通,澆置混凝土,良好,普通,採光良好,未完工,0,未完工,0,1753,1753,瓦斯熱風,極佳,有,標準斷路器,1787,0,0,1787,0,0,2,0,3,1,良好,7,正常,1,普通,連接主屋,粗略完工,3,748,普通,普通,鋪面,198,150,0,0,0,0,無泳池,無圍籬,無其他設施,0,8,2006,一般保證契約,一般交易,275000,12.524530013005734
1320,4,1層樓(1946年後),低密度住宅區,75.0,10215,柏油路,無巷道,規則,坡堤,內側地,緩坡,愛德華茲(Edwards),正常,正常,獨棟,1層樓,4,5,1954,1954,四坡頂,標準瀝青瓦,木壁板,木壁板,面磚,132.0,普通,普通,澆置混凝土,普通,普通,無採光,普通居住空間,492,未完工,0,372,864,瓦斯熱風,極佳,有,標準斷路器,948,0,0,948,0,0,1,0,3,1,普通,5,正常,0,無壁爐,連接主屋,未完工,1,248,普通,普通,鋪面,0,0,0,0,0,0,無泳池,無圍籬,無其他設施,0,2,2007,一般保證契約,一般交易,111000,11.6172944892629
1322,3,1層樓(1946年後),低密度住宅區,52.0,6627,柏油路,無巷道,略不規則,平坦,角地,緩坡,布魯克賽德(BrkSide),鄰近支線道路,正常,獨棟,1層樓,3,6,1949,1950,四坡頂,標準瀝青瓦,乙烯基壁板,乙烯基壁板,無砌面,0.0,普通,普通,煤渣磚,無地下室,無地下室,無地下室,無地下室,0,無地下室,0,0,0,地板暖爐,普通,無,標準斷路器,720,0,0,720,0,0,1,0,2,1,普通,4,正常,0,無壁爐,獨立車庫,未完工,1,287,普通,尚可,鋪面,0,0,0,0,0,0,無泳池,無圍籬,無其他設施,0,7,2008,一般保證契約,一般交易,72500,11.19135563385109
1323,1,2層樓(1946年後),低密度住宅區,107.0,10186,柏油路,無巷道,略不規則,平坦,內側地,緩坡,北嶺(NoRidge),正常,正常,獨棟,2層樓,7,5,1992,1992,山形頂,標準瀝青瓦,硬質纖維板,硬質纖維板,無砌面,0.0,良好,普通,澆置混凝土,良好,普通,無採光,優良居住空間,674,未完工,0,76,750,瓦斯熱風,極佳,有,標準斷路器,1061,862,0,1923,1,0,2,1,3,1,良好,8,正常,1,普通,連接主屋,粗略完工,2,564,普通,普通,鋪面,240,39,0,0,0,0,無泳池,無圍籬,無其他設施,0,6,2010,一般保證契約,一般交易,190000,12.154784614286667
1324,1,1層樓(1945年前),低密度住宅區,50.0,5330,柏油路,無巷道,規則,山坡,內側地,緩坡,布魯克賽德(BrkSide),正常,正常,獨棟,1層樓,4,7,1940,1950,四坡頂,標準瀝青瓦,乙烯基壁板,乙烯基壁板,無砌面,0.0,尚可,普通,煤渣磚,普通,普通,無採光,低品質空間,280,未完工,0,140,420,瓦斯熱風,良好,有,標準斷路器,708,0,0,708,0,0,1,0,2,1,尚可,5,正常,0,無壁爐,無車庫,無車庫,0,0,無車庫,無車庫,鋪面,164,0,0,0,0,0,無泳池,無圍籬,無其他設施,0,12,2009,一般保證契約,一般交易,82500,11.320565693461432
1325,3,1層樓(1946年後),低密度住宅區,75.0,9986,柏油路,無巷道,規則,平坦,內側地,緩坡,薩默塞特(Somerst),正常,正常,獨棟,1層樓,8,5,2006,2007,山形頂,標準瀝青瓦,乙烯基壁板,乙烯基壁板,面磚,428.0,良好,普通,澆置混凝土,極佳,普通,採光普通,未完工,0,未完工,0,1795,1795,瓦斯熱風,極佳,有,標準斷路器,1795,0,0,1795,0,0,2,0,2,1,良好,7,正常,1,良好,連接主屋,粗略完工,3,895,普通,普通,鋪面,0,49,0,0,0,0,無泳池,無圍籬,無其他設施,0,2,2007,新屋,預售屋(估價時未完工),147000,11.898194668458823
1326,4,1層樓(1945年前),中密度住宅區,40.0,3636,柏油路,無巷道,規則,平坦,內側地,緩坡,交通部與鐵路區(IDOTRR),正常,正常,獨棟,1層樓,4,4,1922,1950,山形頂,標準瀝青瓦,石棉瓦,石棉瓦,無砌面,0.0,普通,普通,磚與瓦,普通,尚可,無採光,未完工,0,未完工,0,796,796,瓦斯熱風,尚可,無,標準斷路器,796,0,0,796,0,0,1,0,2,1,普通,5,正常,0,無壁爐,無車庫,無車庫,0,0,無車庫,無車庫,泥土或碎石,0,0,100,0,0,0,無泳池,隱私性低,無其他設施,0,1,2008,一般保證契約,一般交易,55000,10.915106645867503
1327,3,1層樓(1945年前),高密度住宅區,70.0,4270,柏油路,無巷道,規則,坡堤,內側地,中坡,愛德華茲(Edwards),正常,正常,獨棟,1層樓,3,6,1931,2006,山形頂,標準瀝青瓦,金屬壁板,金屬壁板,無砌面,0.0,普通,普通,磚與瓦,普通,普通,無採光,一般娛樂空間,544,未完工,0,0,544,瓦斯熱風,極佳,有,標準斷路器,774,0,0,774,0,0,1,0,3,1,良好,6,正常,0,無壁爐,無車庫,無車庫,0,0,無車庫,無車庫,鋪面,0,0,286,0,0,0,無泳池,無圍籬,無其他設施,0,5,2007,一般保證契約,一般交易,79000,11.277215789596893
1328,3,1層樓(1946年後),低密度住宅區,60.0,6600,柏油路,無巷道,規則,平坦,內側地,緩坡,米切爾(Mitchel),正常,正常,獨棟,1層樓,5,9,1982,2008,山形頂,標準瀝青瓦,乙烯基壁板,乙烯基壁板,無砌面,0.0,良好,良好,煤渣磚,普通,普通,無採光,普通居住空間,641,未完工,0,175,816,瓦斯熱風,極佳,有,標準斷路器,816,0,0,816,0,1,1,0,3,1,良好,5,正常,1,極佳,連接主屋,未完工,1,264,普通,普通,鋪面,0,0,0,0,0,0,無泳池,隱私性低,無其他設施,0,10,2008,一般保證契約,一般交易,130500,11.779136168550774
1329,4,1.5層樓(已完工),中密度住宅區,60.0,10440,柏油路,碎石巷,規則,平坦,角地,緩坡,舊城區(OldTown),正常,正常,獨棟,1.5層(二樓完工),6,7,1920,1950,山形頂,標準瀝青瓦,面磚,木壁板,無砌面,0.0,良好,良好,磚與瓦,良好,普通,無採光,低品質空間,493,未完工,0,1017,1510,瓦斯熱水,極佳,有,標準斷路器,1584,1208,0,2792,0,0,2,0,5,1,普通,8,中度扣分,2,普通,獨立車庫,未完工,2,520,尚可,普通,鋪面,0,547,0,0,480,0,無泳池,隱私性低,儲藏棚,1150,6,2008,一般保證契約,一般交易,256000,12.45293662970407
1330,1,2層樓(1946年後),低密度住宅區,63.0,9084,柏油路,無巷道,略不規則,平坦,內側地,緩坡,吉爾伯特(Gilbert),正常,正常,獨棟,2層樓,7,5,1998,1998,四坡頂,標準瀝青瓦,乙烯基壁板,乙烯基壁板,無砌面,0.0,普通,普通,澆置混凝土,良好,普通,無採光,未完工,0,未完工,0,935,935,瓦斯熱風,良好,有,標準斷路器,955,677,0,1632,0,0,2,1,3,1,普通,8,正常,1,普通,連接主屋,已完工,2,462,普通,普通,鋪面,0,28,0,0,0,0,無泳池,無圍籬,無其他設施,0,6,2006,一般保證契約,一般交易,176500,12.081081821061819
1331,4,1層樓(1946年後),低密度住宅區,85.0,10000,柏油路,無巷道,規則,平坦,內側地,緩坡,薩默塞特(Somerst),正常,正常,獨棟,1層樓,8,5,2006,2006,四坡頂,標準瀝青瓦,乙烯基壁板,乙烯基壁板,石材,410.0,良好,普通,澆置混凝土,良好,良好,採光普通,未完工,0,未完工,0,1588,1588,瓦斯熱風,極佳,有,標準斷路器,1588,0,0,1588,0,0,2,0,3,1,良好,7,正常,1,良好,連接主屋,粗略完工,3,825,普通,普通,鋪面,144,45,0,0,0,0,無泳池,無圍籬,無其他設施,0,12,2007,一般保證契約,一般交易,227000,12.33270970174018
1333,2,1層樓(1946年後),低密度住宅區,67.0,8877,柏油路,無巷道,規則,平坦,內側地,中坡,愛德華茲(Edwards),正常,正常,獨棟,1層樓,4,6,1938,1958,山形頂,標準瀝青瓦,金屬壁板,金屬壁板,無砌面,0.0,普通,普通,煤渣磚,普通,普通,採光少,普通居住空間,690,未完工,0,126,816,瓦斯熱風,極佳,有,標準斷路器,816,0,0,816,1,0,1,0,2,1,普通,3,正常,1,良好,獨立車庫,未完工,1,288,尚可,尚可,鋪面,0,0,0,0,0,0,無泳池,無圍籬,無其他設施,0,5,2009,一般保證契約,一般交易,100000,11.51293546492023
1335,3,2層樓社區住宅(1946年後),中密度住宅區,24.0,2368,柏油路,無巷道,規則,平坦,內側地,緩坡,布萊爾戴爾(BrDale),正常,正常,連棟邊間,2層樓,5,6,1970,1970,山形頂,標準瀝青瓦,硬質纖維板,硬質纖維板,無砌面,312.0,普通,普通,煤渣磚,普通,普通,無採光,低品質空間,765,未完工,0,0,765,瓦斯熱風,普通,有,標準斷路器,765,600,0,1365,0,0,1,1,3,1,普通,7,輕微扣分1,0,無壁爐,連接主屋,未完工,2,440,普通,普通,鋪面,0,36,0,0,0,0,無泳池,無圍籬,無其他設施,0,5,2009,一般保證契約,一般交易,125000,11.736077016252437
1336,4,1層樓(1946年後),低密度住宅區,80.0,9650,柏油路,無巷道,規則,平坦,內側地,緩坡,西北艾姆斯(NWAmes),正常,正常,獨棟,1層樓,6,5,1977,1977,山形頂,標準瀝青瓦,夾板,夾板,面磚,360.0,普通,普通,煤渣磚,良好,普通,無採光,普通居住空間,686,未完工,0,664,1350,瓦斯熱風,普通,有,標準斷路器,1334,0,0,1334,0,1,2,0,2,1,普通,6,正常,1,普通,連接主屋,粗略完工,2,630,普通,普通,鋪面,0,16,0,0,0,0,無泳池,無圍籬,無其他設施,0,4,2009,一般保證契約,一般交易,167900,12.031129798974042
1337,1,雙拼住宅,低密度住宅區,87.0,9246,柏油路,無巷道,略不規則,平坦,內側地,緩坡,西北艾姆斯(NWAmes),鄰近支線道路,正常,雙拼,1層樓,5,5,1973,1973,山形頂,標準瀝青瓦,夾板,夾板,面磚,564.0,普通,普通,煤渣磚,普通,普通,無採光,未完工,0,未完工,0,1656,1656,瓦斯熱風,普通,有,標準斷路器,1656,0,0,1656,0,0,2,0,4,2,普通,8,正常,0,無壁爐,獨立車庫,未完工,2,506,普通,普通,鋪面,0,211,0,0,0,0,無泳池,無圍籬,無其他設施,0,11,2008,一般保證契約,一般交易,135000,11.813037464800539
1338,4,1層樓(1945年前),中密度住宅區,153.0,4118,柏油路,碎石巷,略不規則,坡堤,角地,中坡,舊城區(OldTown),鄰近支線道路,正常,獨棟,1層樓,4,4,1941,1950,山形頂,標準瀝青瓦,木壁板,木壁板,無砌面,0.0,普通,普通,煤渣磚,普通,普通,無採光,未完工,0,未完工,0,693,693,重力式暖爐,尚可,無,保險絲(良),693,0,0,693,0,0,1,0,2,1,尚可,4,正常,0,無壁爐,無車庫,無車庫,0,0,無車庫,無車庫,泥土或碎石,0,20,0,0,0,0,無泳池,無圍籬,無其他設施,0,3,2006,一般保證契約,一般交易,52500,10.868587496017359
1339,3,2層樓(1946年後),低密度住宅區,95.0,13450,柏油路,無巷道,略不規則,平坦,角地,緩坡,學院溪(CollgCr),正常,正常,獨棟,2層樓,7,5,2002,2002,山形頂,標準瀝青瓦,乙烯基壁板,乙烯基壁板,無砌面,0.0,良好,普通,澆置混凝土,良好,普通,無採光,優良居住空間,700,未完工,0,216,916,瓦斯熱風,極佳,有,標準斷路器,920,941,0,1861,1,0,2,1,3,1,良好,8,正常,0,無壁爐,內建車庫,粗略完工,2,492,普通,普通,鋪面,146,91,0,0,0,0,無泳池,無圍籬,無其他設施,0,6,2006,一般保證契約,一般交易,200000,12.206077645517674
1340,3,1層樓(1946年後),低密度住宅區,120.0,9560,柏油路,無巷道,略不規則,平坦,角地,緩坡,學院溪(CollgCr),正常,正常,獨棟,1層樓,5,7,1972,1972,四坡頂,標準瀝青瓦,金屬壁板,金屬壁板,無砌面,0.0,普通,良好,煤渣磚,普通,普通,採光少,一般娛樂空間,360,未完工,0,504,864,瓦斯熱風,極佳,有,標準斷路器,864,0,0,864,0,0,1,0,3,1,普通,5,正常,0,無壁爐,連接主屋,粗略完工,1,288,普通,普通,鋪面,0,0,0,0,0,0,無泳池,無圍籬,無其他設施,0,6,2006,一般保證契約,一般交易,128500,11.763691965388299
1342,1,1層樓(1946年後),低密度住宅區,66.0,13695,柏油路,無巷道,規則,平坦,內側地,緩坡,西索耶(SawyerW),緊鄰東西向鐵路,正常,獨棟,1層樓,6,5,2003,2004,山形頂,標準瀝青瓦,乙烯基壁板,乙烯基壁板,無砌面,0.0,普通,普通,澆置混凝土,良好,普通,無採光,優良居住空間,814,未完工,0,300,1114,瓦斯熱風,極佳,有,標準斷路器,1114,0,0,1114,1,0,1,0,3,1,良好,6,正常,0,無壁爐,獨立車庫,未完工,2,576,普通,普通,鋪面,0,78,0,0,0,0,無泳池,無圍籬,無其他設施,0,7,2008,一般保證契約,一般交易,155000,11.951186847493476
1343,4,2層樓(1946年後),低密度住宅區,70.0,9375,柏油路,無巷道,規則,平坦,內側地,緩坡,學院溪(CollgCr),正常,正常,獨棟,2層樓,8,5,2002,2002,山形頂,標準瀝青瓦,乙烯基壁板,乙烯基壁板,面磚,149.0,良好,普通,澆置混凝土,良好,普通,無採光,未完工,0,未完工,0,1284,1284,瓦斯熱風,極佳,有,標準斷路器,1284,885,0,2169,0,0,2,1,3,1,良好,7,正常,1,良好,連接主屋,粗略完工,2,647,普通,普通,鋪面,192,87,0,0,0,0,無泳池,無圍籬,無其他設施,0,8,2007,一般保證契約,一般交易,228500,12.339295865674435
1344,4,1.5層樓(已完工),低密度住宅區,57.0,7558,柏油路,無巷道,規則,坡堤,內側地,緩坡,克勞福德(Crawfor),正常,正常,獨棟,1.5層(二樓完工),6,6,1928,1950,山形頂,標準瀝青瓦,面磚,石材,無砌面,0.0,普通,普通,磚與瓦,普通,普通,無採光,未完工,0,未完工,0,896,896,瓦斯熱風,良好,有,標準斷路器,1172,741,0,1913,0,0,1,1,3,1,普通,9,正常,1,普通,獨立車庫,未完工,2,342,尚可,尚可,鋪面,0,0,0,0,0,0,無泳池,無圍籬,無其他設施,0,3,2009,一般保證契約,一般交易,177000,12.083910661257521
1346,2,1層樓(1945年前),中密度住宅區,50.0,6000,柏油路,無巷道,規則,平坦,內側地,緩坡,舊城區(OldTown),正常,正常,獨棟,1層樓,4,4,1920,1950,四坡頂,標準瀝青瓦,金屬壁板,金屬壁板,無砌面,0.0,普通,普通,澆置混凝土,普通,普通,無採光,普通居住空間,250,未完工,0,710,960,瓦斯熱風,良好,有,保險絲(良),960,0,0,960,0,0,1,0,2,1,尚可,5,正常,0,無壁爐,獨立車庫,未完工,1,308,普通,普通,鋪面,0,0,168,0,0,0,無泳池,無圍籬,無其他設施,0,7,2007,一般保證契約,一般交易,108500,11.59451466851004
1347,3,1層樓(1946年後),低密度住宅區,80.0,20781,柏油路,無巷道,中度不規則,平坦,死巷底,緩坡,西北艾姆斯(NWAmes),鄰近公園綠地等正面設施,正常,獨棟,1層樓,7,7,1968,2003,四坡頂,標準瀝青瓦,面磚,硬質纖維板,無砌面,0.0,普通,普通,煤渣磚,普通,普通,無採光,低於平均居住空間,297,一般娛樂空間,68,1203,1568,瓦斯熱風,普通,有,標準斷路器,2156,0,0,2156,0,0,2,0,3,1,普通,9,正常,1,良好,連接主屋,粗略完工,2,508,良好,普通,鋪面,0,80,0,290,0,0,無泳池,無圍籬,無其他設施,0,6,2006,一般保證契約,一般交易,262500,12.47801017053037
1349,1,1層樓(1946年後),低密度住宅區,66.0,16196,柏油路,無巷道,不規則,低窪,內側地,緩坡,西索耶(SawyerW),正常,正常,獨棟,1層樓,7,5,1998,1998,山形頂,標準瀝青瓦,乙烯基壁板,乙烯基壁板,無砌面,0.0,良好,普通,澆置混凝土,良好,普通,採光良好,優良居住空間,1443,未完工,0,39,1482,瓦斯熱風,極佳,有,標準斷路器,1494,0,0,1494,1,0,2,0,3,1,良好,5,正常,1,尚可,連接主屋,粗略完工,2,514,普通,普通,鋪面,402,25,0,0,0,0,無泳池,無圍籬,無其他設施,0,8,2007,一般保證契約,一般交易,215000,12.278397958261774
1350,4,2層樓(1945年前),中密度住宅區,50.0,5250,柏油路,柏油巷,規則,平坦,內側地,緩坡,舊城區(OldTown),正常,正常,獨棟,2層樓,8,5,1872,1987,山形頂,標準瀝青瓦,金屬壁板,金屬壁板,無砌面,0.0,普通,良好,磚與瓦,普通,尚可,無採光,低品質空間,259,未完工,0,425,684,非瓦斯熱水,尚可,無,標準斷路器,938,1215,205,2358,0,0,2,0,4,1,普通,8,正常,0,無壁爐,無車庫,無車庫,0,0,無車庫,無車庫,鋪面,0,54,20,0,0,0,無泳池,無圍籬,無其他設施,0,12,2008,一般保證契約,一般交易,122000,11.711784520403112
1351,4,雙拼住宅,低密度住宅區,91.0,11643,柏油路,無巷道,規則,平坦,內側地,緩坡,北艾姆斯(NAmes),鄰近主幹道,正常,雙拼,2層樓,5,5,1969,1969,山形頂,標準瀝青瓦,金屬壁板,金屬壁板,面磚,368.0,普通,普通,煤渣磚,普通,普通,無採光,低品質空間,500,未完工,0,748,1248,瓦斯熱風,普通,有,標準斷路器,1338,1296,0,2634,1,1,2,2,6,2,普通,12,正常,0,無壁爐,獨立車庫,未完工,4,968,普通,普通,鋪面,0,0,0,0,0,0,無泳池,無圍籬,無其他設施,0,8,2009,一般保證契約,一般交易,200000,12.206077645517674
1352,4,2層樓(1946年後),低密度住宅區,70.0,9247,柏油路,無巷道,略不規則,平坦,內側地,緩坡,北艾姆斯(NAmes),正常,正常,獨棟,2層樓,6,6,1962,1962,山形頂,標準瀝青瓦,硬質纖維板,硬質纖維板,面磚,318.0,普通,普通,煤渣磚,普通,普通,無採光,一般娛樂空間,319,未完工,0,539,858,瓦斯熱風,極佳,有,標準斷路器,858,858,0,1716,0,0,1,1,4,1,普通,8,正常,1,良好,連接主屋,已完工,2,490,普通,普通,鋪面,0,84,0,0,120,0,無泳池,無圍籬,無其他設施,0,3,2008,一般保證契約,一般交易,171000,12.049424683420915
1353,2,1.5層樓(已完工),中密度住宅區,50.0,6000,柏油路,無巷道,規則,平坦,內側地,緩坡,布魯克賽德(BrkSide),正常,正常,獨棟,1.5層(二樓完工),6,9,1937,2000,山形頂,標準瀝青瓦,金屬壁板,金屬壁板,無砌面,0.0,良好,普通,磚與瓦,普通,普通,無採光,未完工,0,未完工,0,698,698,瓦斯熱風,普通,有,標準斷路器,786,390,0,1176,0,0,1,0,2,1,普通,4,正常,0,無壁爐,獨立車庫,未完工,2,624,普通,普通,泥土或碎石,210,0,0,0,0,0,無泳池,無圍籬,無其他設施,0,7,2009,一般保證契約,一般交易,134900,11.812296455066814
1354,3,1.5層樓(已完工),低密度住宅區,56.0,14720,柏油路,無巷道,略不規則,平坦,死巷底,緩坡,北嶺(NoRidge),正常,正常,獨棟,1.5層(二樓完工),8,5,1995,1996,四坡頂,標準瀝青瓦,乙烯基壁板,乙烯基壁板,面磚,579.0,良好,普通,澆置混凝土,良好,普通,採光普通,優良居住空間,816,未完工,0,1217,2033,瓦斯熱風,極佳,有,標準斷路器,2053,1185,0,3238,1,0,2,1,4,1,良好,9,正常,1,極佳,連接主屋,已完工,3,666,普通,普通,鋪面,283,86,0,0,0,0,無泳池,無圍籬,無其他設施,0,3,2010,一般保證契約,一般交易,410000,12.923914877701906
1355,4,2層樓(1946年後),低密度住宅區,70.0,10316,柏油路,無巷道,略不規則,平坦,內側地,緩坡,學院溪(CollgCr),正常,正常,獨棟,2層樓,7,5,2000,2000,山形頂,標準瀝青瓦,乙烯基壁板,乙烯基壁板,無砌面,0.0,良好,普通,澆置混凝土,良好,普通,無採光,優良居住空間,735,未完工,0,257,992,瓦斯熱風,極佳,有,標準斷路器,992,873,0,1865,1,0,2,1,3,1,良好,7,正常,1,普通,連接主屋,粗略完工,3,839,普通,普通,鋪面,0,184,0,0,0,0,無泳池,無圍籬,無其他設施,0,6,2008,一般保證契約,一般交易,235000,12.367345048436391
1356,1,錯層式,低密度住宅區,102.0,10192,柏油路,無巷道,略不規則,平坦,內側地,緩坡,西北艾姆斯(NWAmes),正常,正常,獨棟,錯層,7,6,1968,1992,山形頂,標準瀝青瓦,金屬壁板,金屬壁板,面磚,143.0,普通,普通,煤渣磚,普通,普通,無採光,未完工,0,未完工,0,570,570,瓦斯熱風,良好,有,標準斷路器,1222,698,0,1920,0,0,3,0,4,1,良好,8,正常,1,普通,連接主屋,粗略完工,2,487,普通,普通,鋪面,0,98,0,0,0,0,無泳池,隱私性佳,無其他設施,0,9,2006,一般保證契約,一般交易,170000,12.04355959836804
1358,4,1層樓(1946年後),低密度住宅區,74.5,12537,柏油路,無巷道,略不規則,平坦,死巷底,緩坡,北艾姆斯(NAmes),正常,正常,獨棟,1層樓,5,6,1971,2008,山形頂,標準瀝青瓦,乙烯基壁板,乙烯基壁板,無砌面,0.0,普通,普通,煤渣磚,普通,普通,無採光,優良居住空間,734,未完工,0,344,1078,瓦斯熱風,極佳,有,標準斷路器,1078,0,0,1078,1,0,1,1,3,1,普通,6,正常,1,尚可,連接主屋,已完工,2,500,普通,普通,鋪面,0,0,0,0,0,0,無泳池,無圍籬,無其他設施,0,4,2010,一般保證契約,一般交易,149900,11.917730355182513
1360,1,1層樓(1946年後),低密度住宅區,129.0,16737,柏油路,無巷道,規則,平坦,三面臨路,緩坡,北嶺高地(NridgHt),正常,正常,獨棟,1層樓,9,5,2004,2005,四坡頂,標準瀝青瓦,乙烯基壁板,乙烯基壁板,面磚,66.0,良好,普通,澆置混凝土,極佳,普通,採光普通,優良居住空間,1447,未完工,0,533,1980,瓦斯熱風,極佳,有,標準斷路器,1980,0,0,1980,1,0,2,0,3,1,極佳,8,正常,1,良好,連接主屋,已完工,3,770,普通,普通,鋪面,194,45,0,0,0,0,無泳池,無圍籬,無其他設施,0,9,2006,一般保證契約,一般交易,315000,12.660331092405906
1361,3,2層樓(1945年前),低密度住宅區,51.0,9842,柏油路,無巷道,規則,平坦,內側地,緩坡,州立大學西南(SWISU),鄰近支線道路,正常,獨棟,2層樓,5,6,1921,1998,山形頂,標準瀝青瓦,金屬壁板,木壁板,無砌面,0.0,普通,普通,磚與瓦,普通,尚可,無採光,未完工,0,未完工,0,612,612,瓦斯熱風,極佳,有,標準斷路器,990,1611,0,2601,0,0,3,1,4,1,普通,8,正常,0,無壁爐,內建車庫,粗略完工,2,621,普通,普通,鋪面,183,0,301,0,0,0,無泳池,無圍籬,無其他設施,0,5,2008,一般保證契約,一般交易,189000,12.149507585033072
1363,0,1.5層樓(已完工),低密度住宅區,74.5,12513,柏油路,無巷道,略不規則,平坦,兩面臨路,緩坡,北艾姆斯(NAmes),鄰近支線道路,正常,獨棟,1.5層(二樓完工),4,4,1920,2007,山形頂,標準瀝青瓦,乙烯基壁板,乙烯基壁板,無砌面,0.0,普通,良好,磚與瓦,普通,尚可,無採光,未完工,0,未完工,0,715,715,瓦斯熱風,良好,有,標準斷路器,1281,457,0,1738,0,0,2,0,4,1,普通,7,正常,1,良好,連接主屋,未完工,1,368,普通,普通,鋪面,55,0,0,0,0,0,無泳池,無圍籬,無其他設施,0,6,2009,一般保證契約,一般交易,104900,11.560772327227417
1364,2,2層樓(1946年後),低密度住宅區,73.0,8499,柏油路,無巷道,略不規則,平坦,內側地,緩坡,吉爾伯特(Gilbert),正常,正常,獨棟,2層樓,6,5,2006,2007,山形頂,標準瀝青瓦,乙烯基壁板,乙烯基壁板,無砌面,0.0,普通,普通,澆置混凝土,良好,普通,無採光,未完工,0,未完工,0,616,616,瓦斯熱風,極佳,有,標準斷路器,616,796,0,1412,0,0,2,1,3,1,良好,6,正常,1,良好,內建車庫,已完工,2,432,普通,普通,鋪面,0,36,0,0,0,0,無泳池,無圍籬,無其他設施,0,3,2007,新屋,預售屋(估價時未完工),156932,11.963574241653713
1365,1,2層樓社區住宅(1946年後),浮動村住宅區,30.0,3180,柏油路,柏油巷,規則,平坦,內側地,緩坡,薩默塞特(Somerst),正常,正常,連棟邊間,2層樓,7,5,2005,2005,山形頂,標準瀝青瓦,金屬壁板,金屬壁板,無砌面,0.0,良好,普通,澆置混凝土,良好,普通,無採光,未完工,0,未完工,0,600,600,瓦斯熱風,極佳,有,標準斷路器,520,600,80,1200,0,0,2,1,2,1,良好,4,正常,0,無壁爐,獨立車庫,粗略完工,2,480,普通,普通,鋪面,0,166,0,0,0,0,無泳池,無圍籬,無其他設施,0,4,2006,一般保證契約,異常交易(如法拍),144152,11.878630514504515
1366,2,2層樓(1946年後),浮動村住宅區,73.5,7500,柏油路,無巷道,規則,平坦,內側地,緩坡,薩默塞特(Somerst),正常,正常,獨棟,2層樓,7,5,2000,2000,山形頂,標準瀝青瓦,乙烯基壁板,乙烯基壁板,無砌面,0.0,良好,普通,澆置混凝土,良好,普通,無採光,優良居住空間,533,未完工,0,281,814,瓦斯熱風,極佳,有,標準斷路器,814,860,0,1674,1,0,2,1,3,1,良好,7,正常,0,無壁爐,連接主屋,粗略完工,2,663,普通,普通,鋪面,0,96,0,0,0,0,無泳池,無圍籬,無其他設施,0,1,2010,一般保證契約,一般交易,216000,12.283038316285214
1367,1,2層樓(1946年後),低密度住宅區,68.0,9179,柏油路,無巷道,略不規則,平坦,內側地,緩坡,學院溪(CollgCr),正常,正常,獨棟,2層樓,7,5,1999,1999,山形頂,標準瀝青瓦,乙烯基壁板,乙烯基壁板,面磚,158.0,良好,普通,澆置混凝土,良好,普通,無採光,優良居住空間,633,未完工,0,240,873,瓦斯熱風,極佳,有,標準斷路器,882,908,0,1790,1,0,2,1,3,1,良好,7,正常,0,無壁爐,連接主屋,粗略完工,2,588,普通,普通,鋪面,0,88,0,0,0,0,無泳池,無圍籬,無其他設施,0,6,2008,一般保證契約,異常交易(如法拍),193000,12.170450649220749
1368,1,2層樓社區住宅(1946年後),中密度住宅區,41.0,2665,柏油路,無巷道,規則,平坦,內側地,緩坡,草地村(MeadowV),正常,正常,連棟邊間,2層樓,5,6,1977,1977,山形頂,標準瀝青瓦,水泥板,水泥板,無砌面,0.0,普通,普通,澆置混凝土,普通,普通,無採光,普通居住空間,548,一般娛樂空間,173,36,757,瓦斯熱風,極佳,有,標準斷路器,925,550,0,1475,0,0,2,0,4,1,普通,6,正常,1,普通,連接主屋,粗略完工,1,336,普通,普通,鋪面,104,26,0,0,0,0,無泳池,無圍籬,無其他設施,0,7,2006,一般保證契約,一般交易,127000,11.751950239425476
1370,2,1層樓(1946年後),低密度住宅區,48.0,10635,柏油路,無巷道,中度不規則,平坦,兩面臨路,緩坡,學院溪(CollgCr),正常,正常,獨棟,1層樓,8,5,2003,2003,四坡頂,標準瀝青瓦,乙烯基壁板,乙烯基壁板,面磚,171.0,良好,普通,澆置混凝土,良好,普通,採光普通,低於平均居住空間,370,優良居住空間,972,315,1657,瓦斯熱風,極佳,有,標準斷路器,1668,0,0,1668,1,0,2,0,3,1,良好,8,正常,1,普通,連接主屋,已完工,2,502,普通,普通,鋪面,0,262,0,0,0,0,無泳池,無圍籬,無其他設施,0,5,2010,一般保證契約,一般交易,232000,12.354496960983985
1371,2,1.5層樓(已完工),低密度住宅區,90.0,5400,柏油路,無巷道,規則,平坦,角地,緩坡,舊城區(OldTown),鄰近主幹道,正常,獨棟,1.5層(二樓完工),4,6,1920,1950,山形頂,標準瀝青瓦,煤渣磚,煤渣磚,無砌面,0.0,尚可,普通,澆置混凝土,普通,普通,無採光,普通居住空間,315,一般娛樂空間,105,420,840,瓦斯熱風,極佳,有,標準斷路器,840,534,0,1374,0,0,1,0,2,1,普通,6,正常,0,無壁爐,獨立車庫,已完工,1,338,普通,普通,鋪面,0,0,198,0,0,0,無泳池,無圍籬,無其他設施,0,10,2009,一般保證契約,一般交易,105000,11.561725152903833
1372,0,錯層式,低密度住宅區,80.0,9600,柏油路,無巷道,規則,平坦,內側地,緩坡,北艾姆斯(NAmes),正常,正常,獨棟,錯層,6,6,1955,1996,四坡頂,標準瀝青瓦,石棉瓦,石棉瓦,無砌面,0.0,普通,普通,煤渣磚,普通,普通,採光普通,低於平均居住空間,831,未完工,0,161,992,瓦斯熱風,良好,有,標準斷路器,1661,0,0,1661,1,0,1,0,3,1,良好,8,正常,1,普通,內建車庫,粗略完工,1,377,普通,普通,鋪面,0,28,0,0,178,0,無泳池,隱私性低,無其他設施,0,10,2008,一般保證契約,一般交易,165500,12.016732516077072
1373,4,2層樓(1946年後),低密度住宅區,75.0,9750,柏油路,無巷道,規則,平坦,角地,緩坡,學院溪(CollgCr),正常,正常,獨棟,2層樓,7,6,1998,1998,山形頂,標準瀝青瓦,乙烯基壁板,乙烯基壁板,無砌面,0.0,普通,普通,澆置混凝土,良好,普通,採光普通,優良居住空間,975,未完工,0,133,1108,瓦斯熱風,極佳,有,標準斷路器,1108,989,0,2097,1,0,2,1,3,1,良好,8,正常,1,普通,獨立車庫,粗略完工,2,583,普通,普通,鋪面,253,170,0,0,0,0,無泳池,無圍籬,無其他設施,0,6,2006,一般保證契約,一般交易,274300,12.521981322562505
1374,4,1層樓(1946年後),低密度住宅區,90.5,11400,柏油路,無巷道,規則,平坦,內側地,緩坡,北嶺(NoRidge),正常,正常,獨棟,1層樓,10,5,2001,2002,四坡頂,標準瀝青瓦,乙烯基壁板,乙烯基壁板,面磚,705.0,極佳,普通,澆置混凝土,極佳,普通,採光良好,優良居住空間,1282,未完工,0,1351,2633,瓦斯熱風,極佳,有,標準斷路器,2633,0,0,2633,1,0,2,1,2,1,極佳,8,正常,2,良好,連接主屋,粗略完工,3,804,普通,普通,鋪面,314,140,0,0,0,0,無泳池,無圍籬,無其他設施,0,3,2007,一般保證契約,一般交易,466500,13.05301544288996
1375,3,2層樓(1946年後),浮動村住宅區,85.0,10625,柏油路,無巷道,規則,平坦,內側地,緩坡,薩默塞特(Somerst),正常,正常,獨棟,2層樓,7,5,2005,2005,山形頂,標準瀝青瓦,水泥板,水泥板,無砌面,0.0,良好,普通,澆置混凝土,良好,普通,無採光,未完工,0,未完工,0,1026,1026,瓦斯熱風,極佳,有,標準斷路器,1026,932,0,1958,0,0,2,1,3,1,良好,9,正常,1,良好,連接主屋,已完工,3,936,普通,普通,鋪面,154,210,0,0,0,0,無泳池,無圍籬,無其他設施,0,7,2008,一般保證契約,一般交易,250000,12.429220196836383
1376,3,1層樓(1946年後),低密度住宅區,89.0,10991,柏油路,無巷道,略不規則,山坡,內側地,緩坡,林地(Timber),正常,正常,獨棟,1層樓,8,5,2007,2007,山形頂,標準瀝青瓦,乙烯基壁板,乙烯基壁板,面磚,80.0,良好,普通,澆置混凝土,良好,普通,採光良好,未完工,0,未完工,0,1571,1571,瓦斯熱風,極佳,有,標準斷路器,1571,0,0,1571,0,0,2,0,3,1,良好,7,正常,1,良好,連接主屋,已完工,3,722,普通,普通,鋪面,100,36,0,0,0,0,無泳池,無圍籬,無其他設施,0,12,2007,新屋,預售屋(估價時未完工),239000,12.384223015005313
1377,1,1層樓(1945年前),低密度住宅區,52.0,6292,柏油路,無巷道,規則,坡堤,內側地,緩坡,州立大學西南(SWISU),正常,正常,獨棟,1層樓,6,5,1930,1950,山形頂,標準瀝青瓦,木壁板,木壁板,無砌面,0.0,普通,普通,磚與瓦,良好,普通,採光少,一般娛樂空間,384,未完工,0,384,768,瓦斯熱風,普通,無,標準斷路器,790,0,0,790,0,0,1,0,2,1,普通,4,正常,0,無壁爐,獨立車庫,未完工,1,160,尚可,普通,鋪面,0,141,0,0,0,0,無泳池,無圍籬,無其他設施,0,4,2008,一般保證契約,一般交易,91000,11.418625774449598
1378,4,1.5層樓(已完工),低密度住宅區,60.0,10998,柏油路,碎石巷,規則,平坦,內側地,緩坡,愛德華茲(Edwards),正常,正常,獨棟,1.5層(二樓完工),5,5,1941,1960,山形頂,標準瀝青瓦,木壁板,木壁板,無砌面,0.0,普通,普通,煤渣磚,普通,普通,無採光,低品質空間,408,低於平均居住空間,420,156,984,瓦斯熱風,極佳,有,標準斷路器,984,620,0,1604,0,0,2,0,3,1,普通,6,輕微扣分2,0,無壁爐,獨立車庫,未完工,2,660,普通,普通,鋪面,0,68,0,0,0,0,無泳池,無圍籬,無其他設施,0,7,2009,一般保證契約,一般交易,117000,11.669937760751914
1379,3,2層樓社區住宅(1946年後),中密度住宅區,21.0,1953,柏油路,無巷道,規則,平坦,內側地,緩坡,布萊爾戴爾(BrDale),正常,正常,連棟中間,2層樓,6,5,1973,1973,山形頂,標準瀝青瓦,硬質纖維板,硬質纖維板,面磚,408.0,普通,普通,煤渣磚,普通,尚可,無採光,低於平均居住空間,309,未完工,0,174,483,瓦斯熱風,普通,有,標準斷路器,483,504,0,987,0,0,1,1,2,1,普通,5,正常,0,無壁爐,獨立車庫,未完工,1,264,普通,普通,鋪面,72,0,0,0,0,0,無泳池,無圍籬,無其他設施,0,6,2006,一般保證契約,一般交易,83000,11.326607934898927
1380,0,錯層式,低密度住宅區,73.0,9735,柏油路,無巷道,規則,平坦,內側地,緩坡,林地(Timber),正常,正常,獨棟,錯層,5,5,2006,2007,山形頂,標準瀝青瓦,乙烯基壁板,乙烯基壁板,無砌面,0.0,普通,普通,澆置混凝土,良好,普通,無採光,未完工,0,未完工,0,384,384,瓦斯熱風,良好,有,標準斷路器,754,640,0,1394,0,0,2,1,3,1,良好,7,正常,0,無壁爐,內建車庫,已完工,2,400,普通,普通,鋪面,100,0,0,0,0,0,無泳池,無圍籬,無其他設施,0,5,2008,一般保證契約,一般交易,167500,12.02874460037869
1381,0,1層樓(1945年前),低密度住宅區,45.0,8212,柏油路,碎石巷,規則,平坦,內側地,緩坡,愛德華茲(Edwards),正常,正常,獨棟,1層樓,3,3,1914,1950,山形頂,標準瀝青瓦,灰泥,灰泥,無砌面,0.0,普通,尚可,磚與瓦,普通,尚可,無採光,一般娛樂空間,203,未完工,0,661,864,瓦斯熱風,普通,無,保險絲(普通),864,0,0,864,1,0,1,0,2,1,普通,5,正常,0,無壁爐,獨立車庫,未完工,1,200,普通,尚可,鋪面,0,0,96,0,0,0,無泳池,無圍籬,無其他設施,0,6,2010,一般保證契約,一般交易,58500,10.97679912709094
1382,2,1層樓(1946年後),低密度住宅區,74.5,12925,柏油路,無巷道,略不規則,平坦,角地,緩坡,北艾姆斯(NAmes),正常,正常,獨棟,1層樓,6,7,1970,1970,山形頂,標準瀝青瓦,面磚,夾板,無砌面,0.0,普通,普通,煤渣磚,普通,普通,採光少,低於平均居住空間,865,未完工,0,340,1205,瓦斯熱風,極佳,有,標準斷路器,2117,0,0,2117,0,0,2,1,4,1,普通,7,正常,2,良好,連接主屋,已完工,2,550,普通,普通,鋪面,0,42,0,0,0,0,無泳池,無圍籬,無其他設施,0,5,2008,一般保證契約,一般交易,237500,12.377927112974284
1383,4,2層樓(1945年前),中密度住宅區,60.0,7200,柏油路,無巷道,規則,平坦,角地,緩坡,舊城區(OldTown),正常,正常,獨棟,2層樓,7,7,1920,1950,四坡頂,標準瀝青瓦,木壁板,木壁板,無砌面,0.0,普通,普通,磚與瓦,尚可,普通,無採光,未完工,0,未完工,0,596,596,瓦斯熱風,極佳,有,標準斷路器,998,764,0,1762,1,0,1,1,4,1,良好,8,正常,0,無壁爐,獨立車庫,未完工,2,576,普通,普通,泥土或碎石,36,0,221,0,0,0,無泳池,無圍籬,無其他設施,0,10,2006,一般保證契約,一般交易,157000,11.964007453736912
1384,1,1層樓(1945年前),低密度住宅區,70.5,25339,柏油路,無巷道,規則,平坦,內側地,緩坡,索耶(Sawyer),正常,正常,獨棟,1層樓,5,7,1918,2007,山形頂,標準瀝青瓦,木壁板,木壁板,無砌面,0.0,普通,良好,磚與瓦,普通,普通,無採光,未完工,0,未完工,0,816,816,瓦斯熱風,極佳,有,標準斷路器,1416,0,0,1416,0,0,2,0,3,1,良好,7,正常,0,無壁爐,連接主屋,未完工,2,576,普通,普通,泥土或碎石,0,0,112,0,0,0,無泳池,無圍籬,無其他設施,0,8,2007,一般保證契約,一般交易,112000,11.626263078808801
1385,1,1.5層樓(已完工),低密度住宅區,60.0,9060,柏油路,無巷道,規則,平坦,內側地,緩坡,愛德華茲(Edwards),正常,正常,獨棟,1.5層(二樓完工),6,5,1939,1950,山形頂,標準瀝青瓦,木瓦,木瓦,無砌面,0.0,普通,普通,磚與瓦,普通,普通,採光少,一般娛樂空間,204,未完工,0,356,560,瓦斯熱風,普通,有,標準斷路器,698,560,0,1258,0,0,1,0,2,1,普通,6,正常,0,無壁爐,獨立車庫,未完工,1,280,普通,普通,部分鋪面,0,0,0,0,0,0,無泳池,隱私性低,無其他設施,0,10,2009,一般保證契約,一般交易,105000,11.561725152903833
1386,1,1.5層樓(已完工),中密度住宅區,40.0,5436,柏油路,無巷道,規則,平坦,內側地,緩坡,交通部與鐵路區(IDOTRR),正常,正常,獨棟,1.5層(二樓完工),4,8,1922,2007,山形頂,標準瀝青瓦,乙烯基壁板,乙烯基壁板,無砌面,0.0,普通,良好,磚與瓦,普通,普通,無採光,低於平均居住空間,735,未完工,0,61,796,瓦斯熱風,良好,有,標準斷路器,796,358,0,1154,1,0,1,0,3,1,良好,7,正常,0,無壁爐,獨立車庫,未完工,1,240,普通,普通,泥土或碎石,0,96,0,0,0,0,無泳池,隱私性低,無其他設施,0,5,2010,一般保證契約,一般交易,125500,11.74006900564972
1387,1,2層樓(1946年後),低密度住宅區,80.0,16692,柏油路,無巷道,略不規則,平坦,內側地,緩坡,西北艾姆斯(NWAmes),緊鄰南北向鐵路,正常,獨棟,2層樓,7,5,1978,1978,山形頂,標準瀝青瓦,夾板,夾板,面磚,184.0,普通,普通,煤渣磚,良好,普通,無採光,低於平均居住空間,790,低品質空間,469,133,1392,瓦斯熱風,普通,有,標準斷路器,1392,1392,0,2784,1,0,3,1,5,1,良好,12,正常,2,普通,連接主屋,粗略完工,2,564,普通,普通,鋪面,0,112,0,0,440,519,尚可,隱私性低,網球場,2000,7,2006,一般保證契約,一般交易,250000,12.429220196836383
1388,4,1.5層樓(已完工),中密度住宅區,60.0,8520,柏油路,碎石巷,規則,平坦,內側地,緩坡,舊城區(OldTown),鄰近主幹道,正常,獨棟,1.5層(二樓完工),6,7,1916,1950,山形頂,標準瀝青瓦,灰泥,灰泥,無砌面,0.0,普通,良好,磚與瓦,普通,普通,無採光,一般娛樂空間,168,低品質空間,546,0,714,瓦斯熱水,普通,無,標準斷路器,1664,862,0,2526,0,0,2,0,5,1,良好,10,正常,1,良好,獨立車庫,未完工,1,216,普通,普通,鋪面,88,15,0,0,0,0,無泳池,木圍籬佳,無其他設施,0,8,2007,現金保證契約,親友交易,136000,11.820417517632333
1389,2,1層樓(1946年後),低密度住宅區,42.0,14892,柏油路,無巷道,略不規則,山坡,死巷底,緩坡,吉爾伯特(Gilbert),正常,正常,獨棟,1層樓,9,5,2006,2007,山形頂,標準瀝青瓦,乙烯基壁板,乙烯基壁板,石材,160.0,極佳,普通,澆置混凝土,極佳,普通,採光良好,優良居住空間,1320,未完工,0,426,1746,瓦斯熱風,極佳,有,標準斷路器,1746,0,0,1746,1,0,2,0,3,1,極佳,7,正常,2,良好,連接主屋,已完工,3,758,普通,普通,鋪面,201,39,0,0,0,0,無泳池,無圍籬,無其他設施,0,10,2009,一般保證契約,一般交易,377500,12.84132849667433
1390,0,1.5層樓(已完工),中密度住宅區,60.0,6000,柏油路,無巷道,規則,平坦,內側地,緩坡,布魯克賽德(BrkSide),正常,正常,獨棟,1.5層(二樓完工),6,6,1941,1950,山形頂,標準瀝青瓦,木壁板,木壁板,無砌面,0.0,普通,良好,磚與瓦,普通,良好,無採光,普通居住空間,375,未完工,0,360,735,瓦斯熱風,極佳,有,標準斷路器,869,349,0,1218,0,1,1,0,3,1,普通,6,正常,1,良好,獨立車庫,未完工,2,440,普通,普通,鋪面,0,0,0,0,0,0,無泳池,無圍籬,無其他設施,0,3,2007,一般保證契約,一般交易,131000,11.782960235741939
1391,4,1層樓(1946年後),低密度住宅區,70.0,9100,柏油路,無巷道,規則,平坦,內側地,緩坡,學院溪(CollgCr),正常,正常,獨棟,1層樓,7,5,2000,2000,山形頂,標準瀝青瓦,乙烯基壁板,乙烯基壁板,面磚,244.0,良好,普通,澆置混凝土,良好,普通,採光普通,優良居住空間,1400,未完工,0,125,1525,瓦斯熱風,極佳,有,標準斷路器,1525,0,0,1525,1,0,2,0,3,1,良好,6,正常,0,無壁爐,連接主屋,粗略完工,2,541,普通,普通,鋪面,219,36,0,0,0,0,無泳池,無圍籬,無其他設施,0,9,2006,一般保證契約,一般交易,235000,12.367345048436391
1392,1,雙拼住宅,低密度住宅區,65.0,8944,柏油路,無巷道,規則,平坦,內側地,緩坡,北艾姆斯(NAmes),正常,正常,雙拼,1層樓,5,5,1967,1967,山形頂,標準瀝青瓦,夾板,夾板,無砌面,0.0,普通,普通,煤渣磚,普通,普通,無採光,未完工,0,未完工,0,1584,1584,瓦斯熱風,普通,有,標準斷路器,1584,0,0,1584,0,0,2,0,4,2,普通,8,中度扣分,0,無壁爐,獨立車庫,未完工,3,792,普通,普通,鋪面,0,152,0,0,0,0,無泳池,無圍籬,無其他設施,0,4,2009,一般保證契約,一般交易,124000,11.728044909070785
1394,2,兩戶改建住宅,中密度住宅區,60.0,10800,柏油路,柏油巷,規則,平坦,內側地,緩坡,舊城區(OldTown),正常,正常,兩戶改建,1.5層(二樓完工),6,7,1905,2000,山形頂,標準瀝青瓦,木壁板,木壁板,無砌面,0.0,普通,普通,磚與瓦,尚可,普通,無採光,未完工,0,未完工,0,482,482,瓦斯熱風,極佳,無,標準斷路器,1221,691,0,1912,0,0,2,0,3,2,普通,7,正常,1,普通,獨立車庫,未完工,2,672,良好,普通,鋪面,0,25,212,0,0,0,無泳池,無圍籬,無其他設施,0,4,2008,一般保證契約,一般交易,163000,12.001511614739405
1396,3,2層樓(1946年後),低密度住宅區,88.0,12665,柏油路,無巷道,略不規則,平坦,內側地,緩坡,林地(Timber),正常,正常,獨棟,2層樓,8,5,2005,2006,四坡頂,標準瀝青瓦,乙烯基壁板,乙烯基壁板,面磚,245.0,良好,普通,澆置混凝土,良好,良好,採光良好,未完工,0,未完工,0,1094,1094,瓦斯熱風,極佳,有,標準斷路器,1133,1349,0,2482,0,0,2,1,4,1,良好,9,正常,1,良好,內建車庫,已完工,3,642,普通,普通,鋪面,144,39,0,0,0,0,無泳池,無圍籬,無其他設施,0,2,2007,一般保證契約,一般交易,281213,12.546871224308068
1397,0,1層樓(1946年後),低密度住宅區,85.0,57200,柏油路,無巷道,略不規則,坡堤,內側地,陡坡,林地(Timber),正常,正常,獨棟,1層樓,5,5,1948,1950,山形頂,標準瀝青瓦,木壁板,木壁板,無砌面,0.0,普通,普通,煤渣磚,普通,普通,採光普通,低於平均居住空間,353,一般娛樂空間,334,60,747,瓦斯熱風,普通,有,標準斷路器,1687,0,0,1687,1,0,1,0,3,1,普通,7,輕微扣分1,2,普通,獨立車庫,未完工,2,572,普通,普通,泥土或碎石,0,0,50,0,0,0,無泳池,無圍籬,無其他設施,0,6,2010,一般保證契約,一般交易,160000,11.982935344196433
1400,2,1.5層樓(已完工),低密度住宅區,51.0,6171,柏油路,無巷道,規則,平坦,內側地,緩坡,州立大學西南(SWISU),正常,正常,獨棟,1.5層(二樓完工),6,6,1925,1990,山形頂,標準瀝青瓦,木瓦,木瓦,無砌面,0.0,普通,普通,磚與瓦,普通,普通,無採光,低於平均居住空間,264,未完工,0,712,976,瓦斯熱風,極佳,有,標準斷路器,1160,448,0,1608,0,0,2,1,3,1,良好,7,正常,1,良好,獨立車庫,未完工,1,216,尚可,普通,鋪面,147,16,0,0,0,0,無泳池,隱私性低,無其他設施,0,10,2009,一般保證契約,一般交易,137450,11.831022768939789
1401,3,1.5層樓(已完工),中密度住宅區,50.0,6000,柏油路,無巷道,規則,平坦,角地,緩坡,布魯克賽德(BrkSide),正常,正常,獨棟,1.5層(二樓完工),6,7,1929,1950,山形頂,標準瀝青瓦,木瓦,木瓦,無砌面,0.0,普通,普通,磚與瓦,普通,普通,無採光,未完工,0,未完工,0,862,862,瓦斯熱風,普通,有,標準斷路器,950,208,0,1158,0,0,1,0,3,1,普通,5,正常,1,良好,內建車庫,粗略完工,1,208,普通,普通,鋪面,0,0,112,0,0,0,無泳池,無圍籬,無其他設施,0,7,2008,一般保證契約,一般交易,120000,11.695255355062795
1402,0,2層樓(1946年後),低密度住宅區,62.0,7415,柏油路,無巷道,略不規則,平坦,內側地,緩坡,吉爾伯特(Gilbert),正常,正常,獨棟,2層樓,6,5,2004,2004,山形頂,標準瀝青瓦,乙烯基壁板,乙烯基壁板,無砌面,0.0,普通,普通,澆置混凝土,普通,普通,無採光,優良居住空間,759,未完工,0,80,839,瓦斯熱風,極佳,有,標準斷路器,864,729,0,1593,1,0,2,1,3,1,普通,8,正常,1,普通,連接主屋,已完工,2,398,普通,普通,鋪面,100,75,0,0,0,0,無泳池,無圍籬,無其他設施,0,4,2008,一般保證契約,一般交易,193000,12.170450649220749
1403,3,1層樓(1946年後),低密度住宅區,64.0,6762,柏油路,無巷道,規則,平坦,內側地,緩坡,學院溪(CollgCr),正常,正常,獨棟,1層樓,7,5,2006,2006,山形頂,標準瀝青瓦,乙烯基壁板,乙烯基壁板,無砌面,0.0,良好,普通,澆置混凝土,良好,良好,採光普通,未完工,0,未完工,0,1286,1286,瓦斯熱風,極佳,有,標準斷路器,1294,0,0,1294,0,0,2,0,2,1,良好,6,正常,1,良好,連接主屋,粗略完工,2,662,普通,普通,鋪面,168,55,0,0,0,0,無泳池,無圍籬,無其他設施,0,7,2006,新屋,預售屋(估價時未完工),193879,12.174994689959313
1404,3,1層樓(1946年後),低密度住宅區,49.0,15256,柏油路,無巷道,略不規則,平坦,死巷底,緩坡,薩默塞特(Somerst),緊鄰南北向鐵路,正常,獨棟,1層樓,8,5,2007,2007,山形頂,標準瀝青瓦,乙烯基壁板,乙烯基壁板,石材,84.0,良好,普通,澆置混凝土,良好,普通,採光良好,優良居住空間,929,未完工,0,556,1485,瓦斯熱風,極佳,有,標準斷路器,1464,0,0,1464,1,0,2,0,3,1,良好,6,正常,0,無壁爐,連接主屋,未完工,3,754,普通,普通,鋪面,168,160,0,0,0,0,無泳池,無圍籬,無其他設施,0,8,2007,一般保證契約,一般交易,282922,12.552930054797935
1405,2,1.5層樓(已完工),低密度住宅區,60.0,10410,柏油路,碎石巷,規則,平坦,角地,緩坡,舊城區(OldTown),鄰近主幹道,正常,獨棟,1.5層(二樓完工),3,4,1915,1950,山形頂,標準瀝青瓦,木壁板,木壁板,無砌面,0.0,普通,普通,澆置混凝土,普通,普通,無採光,未完工,0,未完工,0,672,672,瓦斯熱風,普通,有,標準斷路器,694,520,0,1214,0,0,1,0,3,1,普通,6,正常,0,無壁爐,獨立車庫,未完工,3,936,普通,普通,鋪面,216,0,160,0,0,0,無泳池,隱私性低,無其他設施,0,1,2006,一般保證契約,親友交易,105000,11.561725152903833
1406,4,1層樓社區住宅(1946年後),中密度住宅區,44.0,3842,柏油路,無巷道,略不規則,山坡,內側地,中坡,克勞福德(Crawfor),正常,正常,連棟邊間,1層樓,8,5,2004,2005,四坡頂,標準瀝青瓦,水泥板,水泥板,石材,174.0,良好,普通,澆置混凝土,極佳,普通,採光良好,優良居住空間,1373,未完工,0,221,1594,瓦斯熱風,極佳,有,標準斷路器,1646,0,0,1646,1,1,2,0,2,1,良好,5,正常,1,良好,連接主屋,已完工,2,482,普通,普通,鋪面,128,53,0,0,155,0,無泳池,無圍籬,無其他設施,0,1,2008,一般保證契約,一般交易,275000,12.524530013005734
1407,2,錯層玄關式,低密度住宅區,70.0,8445,柏油路,無巷道,規則,平坦,角地,緩坡,學院溪(CollgCr),正常,正常,獨棟,錯層玄關,5,7,1972,2007,山形頂,標準瀝青瓦,硬質纖維板,木瓦,無砌面,0.0,普通,普通,煤渣磚,良好,普通,採光普通,優良居住空間,656,未完工,0,112,768,瓦斯熱風,普通,有,標準斷路器,768,0,0,768,1,0,1,0,2,1,普通,5,正常,0,無壁爐,獨立車庫,未完工,2,396,普通,普通,鋪面,58,0,0,0,0,0,無泳池,隱私性低,無其他設施,0,3,2009,一般保證契約,一般交易,133000,11.798111925972618
1408,2,1層樓(1946年後),低密度住宅區,71.0,8780,柏油路,無巷道,略不規則,平坦,角地,緩坡,米切爾(Mitchel),正常,正常,獨棟,1層樓,5,5,1985,1985,山形頂,標準瀝青瓦,硬質纖維板,夾板,無砌面,0.0,普通,普通,煤渣磚,普通,普通,無採光,普通居住空間,625,未完工,0,208,833,瓦斯熱風,極佳,有,標準斷路器,833,0,0,833,1,0,1,0,3,1,普通,5,正常,0,無壁爐,無車庫,無車庫,0,0,無車庫,無車庫,鋪面,0,0,0,0,0,0,無泳池,隱私性低,無其他設施,0,3,2009,一般保證契約,一般交易,112000,11.626263078808801
1409,4,2層樓(1945年前),中密度住宅區,60.0,7740,柏油路,無巷道,規則,平坦,內側地,緩坡,舊城區(OldTown),正常,正常,獨棟,2層樓,4,7,1910,1950,山形頂,標準瀝青瓦,乙烯基壁板,乙烯基壁板,無砌面,0.0,普通,普通,煤渣磚,尚可,普通,無採光,未完工,0,未完工,0,622,622,瓦斯熱風,良好,有,標準斷路器,741,622,0,1363,0,0,1,0,3,1,普通,6,正常,0,無壁爐,獨立車庫,未完工,2,528,普通,普通,鋪面,0,0,0,0,168,0,無泳池,無圍籬,無其他設施,0,6,2010,一般保證契約,一般交易,125500,11.74006900564972
1410,2,2層樓(1946年後),低密度住宅區,46.0,20544,柏油路,無巷道,略不規則,平坦,死巷底,緩坡,西北艾姆斯(NWAmes),正常,正常,獨棟,2層樓,7,6,1986,1991,山形頂,標準瀝青瓦,夾板,夾板,面磚,123.0,普通,良好,煤渣磚,良好,普通,無採光,未完工,0,未完工,0,791,791,瓦斯熱風,良好,有,標準斷路器,1236,857,0,2093,0,0,2,1,3,1,普通,7,正常,1,普通,連接主屋,已完工,2,542,普通,普通,鋪面,364,63,0,0,0,0,無泳池,隱私性低,無其他設施,0,11,2008,一般保證契約,一般交易,215000,12.278397958261774
1412,3,1.5層樓(已完工),低密度住宅區,80.0,9600,柏油路,無巷道,規則,平坦,內側地,緩坡,北艾姆斯(NAmes),正常,正常,獨棟,1.5層(二樓完工),6,8,1950,2005,山形頂,標準瀝青瓦,乙烯基壁板,乙烯基壁板,無砌面,0.0,普通,良好,煤渣磚,普通,普通,無採光,低於平均居住空間,120,未完工,0,736,856,瓦斯熱風,極佳,有,標準斷路器,1112,556,0,1668,0,0,1,1,3,1,普通,6,輕微扣分2,0,無壁爐,連接主屋,未完工,1,271,普通,普通,鋪面,0,0,0,0,0,0,無泳池,隱私性低,無其他設施,0,9,2009,一般保證契約,一般交易,140000,11.849404844423074
1413,1,雙拼住宅,低密度住宅區,60.0,7200,柏油路,無巷道,規則,平坦,內側地,緩坡,北艾姆斯(NAmes),正常,正常,雙拼,1層樓,4,5,1949,1950,山形頂,標準瀝青瓦,面磚,石材,無砌面,0.0,普通,普通,板式,無地下室,無地下室,無地下室,無地下室,0,無地下室,0,0,0,壁掛暖爐,尚可,無,保險絲(普通),1040,0,0,1040,0,0,2,0,2,2,普通,6,正常,0,無壁爐,獨立車庫,未完工,2,420,普通,普通,鋪面,0,0,0,0,0,0,無泳池,無圍籬,無其他設施,0,6,2009,一般保證契約,一般交易,90000,11.407576060361786
1414,4,1層樓(1946年後),低密度住宅區,88.0,10994,柏油路,無巷道,略不規則,平坦,角地,緩坡,西索耶(SawyerW),正常,正常,獨棟,1層樓,8,5,2005,2006,山形頂,標準瀝青瓦,乙烯基壁板,乙烯基壁板,石材,366.0,良好,普通,澆置混凝土,良好,良好,無採光,優良居住空間,976,未完工,0,868,1844,瓦斯熱風,極佳,有,標準斷路器,1844,0,0,1844,1,0,2,0,2,1,良好,7,正常,1,良好,連接主屋,已完工,2,620,普通,普通,鋪面,165,44,0,0,0,0,無泳池,無圍籬,無其他設施,0,9,2009,法院或遺產拍賣,異常交易(如法拍),257000,12.456835254920371
1416,0,1層樓社區住宅(1946年後),低密度住宅區,51.0,3635,柏油路,無巷道,規則,平坦,內側地,緩坡,布魯明頓高地(Blmngtn),正常,正常,連棟邊間,1層樓,7,5,2007,2007,四坡頂,標準瀝青瓦,乙烯基壁板,乙烯基壁板,面磚,130.0,良好,普通,澆置混凝土,良好,普通,無採光,普通居住空間,988,未完工,0,398,1386,瓦斯熱風,極佳,有,標準斷路器,1569,0,0,1569,0,1,2,0,1,1,良好,7,正常,1,普通,連接主屋,粗略完工,3,660,普通,普通,鋪面,143,20,0,0,0,0,無泳池,無圍籬,無其他設施,0,5,2009,一般保證契約,一般交易,175900,12.077676615757813
1417,0,兩戶改建住宅,中密度住宅區,60.0,11340,柏油路,無巷道,規則,平坦,內側地,緩坡,舊城區(OldTown),正常,正常,兩戶改建,2層樓,4,6,1885,1950,山形頂,標準瀝青瓦,乙烯基壁板,石棉瓦,無砌面,0.0,普通,普通,澆置混凝土,普通,普通,無採光,未完工,0,未完工,0,777,777,瓦斯熱風,良好,有,標準斷路器,1246,1044,0,2290,0,0,2,0,4,2,普通,11,正常,0,無壁爐,獨立車庫,未完工,2,560,普通,普通,泥土或碎石,0,0,114,0,0,0,無泳池,無圍籬,無其他設施,0,4,2010,一般保證契約,一般交易,122500,11.715874472198905
1418,0,2層樓(1946年後),低密度住宅區,90.5,16545,柏油路,無巷道,略不規則,平坦,內側地,緩坡,北嶺(NoRidge),正常,正常,獨棟,2層樓,8,5,1998,1998,山形頂,標準瀝青瓦,乙烯基壁板,乙烯基壁板,面磚,731.0,良好,普通,澆置混凝土,良好,普通,採光少,優良居住空間,781,未完工,0,503,1284,瓦斯熱風,極佳,有,標準斷路器,1310,1140,0,2450,1,0,2,1,3,1,良好,7,正常,1,普通,連接主屋,已完工,3,1069,普通,普通,鋪面,0,126,0,0,0,0,無泳池,無圍籬,無其他設施,0,5,2009,一般保證契約,一般交易,340000,12.73670383776449
1419,2,1層樓(1946年後),低密度住宅區,71.0,9204,柏油路,無巷道,規則,平坦,內側地,緩坡,北艾姆斯(NAmes),正常,正常,獨棟,1層樓,5,5,1963,1963,山形頂,標準瀝青瓦,硬質纖維板,硬質纖維板,無砌面,0.0,普通,普通,煤渣磚,普通,普通,無採光,低於平均居住空間,25,一般娛樂空間,872,247,1144,瓦斯熱風,普通,有,標準斷路器,1144,0,0,1144,1,0,1,1,3,1,普通,6,正常,0,無壁爐,獨立車庫,未完工,1,336,普通,普通,鋪面,0,88,0,0,0,0,無泳池,無圍籬,無其他設施,0,8,2008,法院或遺產拍賣,一般交易,124000,11.728044909070785
1420,3,1層樓(1946年後),低密度住宅區,68.0,16381,柏油路,無巷道,略不規則,平坦,內側地,緩坡,克勞福德(Crawfor),正常,正常,獨棟,1層樓,6,5,1969,1969,山形頂,標準瀝青瓦,夾板,夾板,面磚,312.0,良好,良好,煤渣磚,普通,普通,採光普通,一般娛樂空間,1110,未完工,0,734,1844,瓦斯熱風,良好,有,標準斷路器,1844,0,0,1844,1,0,2,0,3,1,良好,7,正常,1,普通,連接主屋,粗略完工,2,540,普通,普通,鋪面,0,73,216,0,0,0,無泳池,無圍籬,無其他設施,0,12,2006,一般保證契約,一般交易,223000,12.314931534737134
1421,3,2層樓(1946年後),低密度住宅區,90.0,11700,柏油路,無巷道,規則,平坦,角地,緩坡,西北艾姆斯(NWAmes),正常,正常,獨棟,2層樓,6,6,1968,1968,山形頂,標準瀝青瓦,硬質纖維板,硬質纖維板,面磚,420.0,普通,普通,煤渣磚,普通,普通,無採光,普通居住空間,404,未完工,0,304,708,瓦斯熱風,良好,有,標準斷路器,708,708,0,1416,0,0,2,1,3,1,普通,7,正常,1,普通,連接主屋,粗略完工,2,776,普通,普通,鋪面,0,169,0,0,119,0,無泳池,無圍籬,無其他設施,0,5,2006,一般保證契約,一般交易,179900,12.100161978566867
1423,0,1層樓社區住宅(1946年後),中密度住宅區,37.0,4435,柏油路,無巷道,規則,平坦,內側地,緩坡,學院溪(CollgCr),正常,正常,連棟邊間,1層樓,6,5,2003,2003,山形頂,標準瀝青瓦,乙烯基壁板,乙烯基壁板,面磚,170.0,良好,普通,澆置混凝土,良好,普通,採光普通,優良居住空間,686,未完工,0,162,848,瓦斯熱風,極佳,有,標準斷路器,848,0,0,848,1,0,1,0,1,1,良好,3,正常,0,無壁爐,連接主屋,已完工,2,420,普通,普通,鋪面,140,0,0,0,0,0,無泳池,無圍籬,無其他設施,0,3,2008,一般保證契約,一般交易,136500,11.824087219587643
1424,4,錯層式,低密度住宅區,65.5,19690,柏油路,無巷道,略不規則,平坦,死巷底,緩坡,愛德華茲(Edwards),正常,正常,獨棟,錯層,6,7,1966,1966,平頂,焦油碎石,夾板,夾板,無砌面,0.0,良好,良好,煤渣磚,良好,普通,採光普通,未完工,0,未完工,0,697,697,瓦斯熱風,普通,有,標準斷路器,1575,626,0,2201,0,0,2,0,4,1,良好,8,正常,1,良好,連接主屋,未完工,2,432,良好,良好,鋪面,586,236,0,0,0,738,良好,隱私性佳,無其他設施,0,8,2006,一般保證契約,兩筆相連物件分配,274970,12.524420916542532
1425,4,1層樓(1946年後),低密度住宅區,74.5,9503,柏油路,無巷道,規則,平坦,內側地,緩坡,北艾姆斯(NAmes),正常,正常,獨棟,1層樓,5,5,1958,1983,四坡頂,標準瀝青瓦,硬質纖維板,硬質纖維板,無砌面,0.0,普通,普通,煤渣磚,普通,普通,無採光,普通居住空間,457,一般娛樂空間,374,193,1024,瓦斯熱風,普通,有,標準斷路器,1344,0,0,1344,1,0,1,0,2,1,普通,6,輕微扣分1,1,普通,獨立車庫,未完工,1,484,普通,普通,鋪面,316,28,0,0,0,0,無泳池,木圍籬佳,無其他設施,0,6,2007,一般保證契約,一般交易,144000,11.87757552297847
1426,1,1層樓(1946年後),低密度住宅區,80.0,10721,柏油路,無巷道,略不規則,平坦,內側地,緩坡,北艾姆斯(NAmes),正常,正常,獨棟,1層樓,6,6,1959,1959,四坡頂,標準瀝青瓦,硬質纖維板,硬質纖維板,石材,243.0,良好,普通,煤渣磚,普通,普通,無採光,未完工,0,未完工,0,1252,1252,瓦斯熱風,極佳,有,標準斷路器,1252,0,0,1252,0,0,1,0,3,1,良好,7,正常,0,無壁爐,獨立車庫,未完工,2,528,普通,普通,鋪面,0,39,0,0,0,0,無泳池,無圍籬,無其他設施,0,10,2008,一般保證契約,一般交易,142000,11.863589378812122
1427,3,2層樓(1946年後),低密度住宅區,81.0,10944,柏油路,無巷道,略不規則,平坦,內側地,緩坡,北嶺(NoRidge),正常,正常,獨棟,2層樓,7,5,1994,1994,山形頂,標準瀝青瓦,乙烯基壁板,乙烯基壁板,面磚,448.0,良好,普通,澆置混凝土,良好,普通,無採光,優良居住空間,1000,未完工,0,223,1223,瓦斯熱風,極佳,有,標準斷路器,1223,904,0,2127,1,0,2,1,3,1,良好,5,正常,2,普通,連接主屋,粗略完工,2,525,普通,普通,鋪面,171,132,0,0,0,0,無泳池,無圍籬,無其他設施,0,8,2008,一般保證契約,一般交易,271000,12.509877789891931
1430,4,1層樓(1946年後),低密度住宅區,80.0,12546,柏油路,無巷道,略不規則,平坦,角地,緩坡,西北艾姆斯(NWAmes),正常,正常,獨棟,1層樓,6,7,1981,1981,山形頂,標準瀝青瓦,金屬壁板,金屬壁板,面磚,310.0,良好,良好,煤渣磚,良好,普通,無採光,低於平均居住空間,678,未完工,0,762,1440,瓦斯熱風,極佳,有,標準斷路器,1440,0,0,1440,0,0,2,0,3,1,良好,7,正常,1,普通,連接主屋,已完工,2,467,普通,普通,鋪面,0,0,99,0,0,0,無泳池,無圍籬,無其他設施,0,4,2007,一般保證契約,一般交易,182900,12.116700301832573
1432,3,1層樓社區住宅(1946年後),低密度住宅區,24.0,4928,柏油路,無巷道,略不規則,平坦,內側地,緩坡,北公園村(NPkVill),正常,正常,連棟邊間,1層樓,6,6,1976,1976,山形頂,標準瀝青瓦,夾板,夾板,無砌面,0.0,普通,普通,煤渣磚,良好,普通,無採光,低品質空間,958,未完工,0,0,958,瓦斯熱風,普通,有,標準斷路器,958,0,0,958,0,0,2,0,2,1,普通,5,正常,0,無壁爐,連接主屋,粗略完工,2,440,普通,普通,鋪面,0,60,0,0,0,0,無泳池,無圍籬,無其他設施,0,10,2009,一般保證契約,一般交易,143750,11.87583791515714
1434,2,2層樓(1946年後),低密度住宅區,93.0,10261,柏油路,無巷道,略不規則,平坦,內側地,緩坡,吉爾伯特(Gilbert),正常,正常,獨棟,2層樓,6,5,2000,2000,山形頂,標準瀝青瓦,乙烯基壁板,乙烯基壁板,面磚,318.0,普通,普通,澆置混凝土,良好,普通,無採光,未完工,0,未完工,0,936,936,瓦斯熱風,極佳,有,標準斷路器,962,830,0,1792,1,0,2,1,3,1,普通,8,正常,1,普通,連接主屋,已完工,2,451,普通,普通,鋪面,0,0,0,0,0,0,無泳池,無圍籬,無其他設施,0,5,2008,一般保證契約,一般交易,186500,12.136191879981927
1435,0,1層樓(1946年後),低密度住宅區,80.0,17400,柏油路,無巷道,規則,低窪,內側地,中坡,米切爾(Mitchel),正常,正常,獨棟,1層樓,5,5,1977,1977,山形頂,標準瀝青瓦,面磚,面磚,無砌面,0.0,普通,普通,煤渣磚,普通,普通,無採光,普通居住空間,936,未完工,0,190,1126,瓦斯熱風,尚可,有,標準斷路器,1126,0,0,1126,1,0,2,0,3,1,普通,5,正常,1,良好,連接主屋,粗略完工,2,484,普通,普通,部分鋪面,295,41,0,0,0,0,無泳池,無圍籬,無其他設施,0,5,2006,一般保證契約,一般交易,160000,11.982935344196433
1436,3,1層樓(1946年後),低密度住宅區,80.0,8400,柏油路,無巷道,規則,平坦,內側地,緩坡,北艾姆斯(NAmes),正常,正常,獨棟,1層樓,6,9,1962,2005,山形頂,標準瀝青瓦,木壁板,木壁板,面磚,237.0,良好,良好,煤渣磚,普通,普通,無採光,未完工,0,未完工,0,1319,1319,瓦斯熱風,普通,有,標準斷路器,1537,0,0,1537,1,0,1,1,3,1,良好,7,正常,1,良好,連接主屋,粗略完工,2,462,普通,普通,鋪面,0,36,0,0,0,0,無泳池,隱私性佳,無其他設施,0,7,2008,法院或遺產拍賣,異常交易(如法拍),174000,12.066816325306588
1437,3,1層樓(1946年後),低密度住宅區,60.0,9000,柏油路,無巷道,規則,平坦,兩面臨路,緩坡,北艾姆斯(NAmes),正常,正常,獨棟,1層樓,4,6,1971,1971,山形頂,標準瀝青瓦,硬質纖維板,硬質纖維板,無砌面,0.0,普通,普通,澆置混凝土,普通,普通,無採光,普通居住空間,616,未完工,0,248,864,瓦斯熱風,普通,有,標準斷路器,864,0,0,864,0,0,1,0,3,1,普通,5,正常,0,無壁爐,獨立車庫,未完工,2,528,普通,普通,鋪面,0,0,0,0,0,0,無泳池,木圍籬佳,無其他設施,0,5,2007,一般保證契約,一般交易,120500,11.699413330633599
1438,3,1層樓(1946年後),低密度住宅區,96.0,12444,柏油路,無巷道,規則,平坦,兩面臨路,緩坡,北嶺高地(NridgHt),正常,正常,獨棟,1層樓,8,5,2008,2008,四坡頂,標準瀝青瓦,乙烯基壁板,乙烯基壁板,石材,426.0,極佳,普通,澆置混凝土,極佳,普通,採光普通,優良居住空間,1336,未完工,0,596,1932,瓦斯熱風,極佳,有,標準斷路器,1932,0,0,1932,1,0,2,0,2,1,極佳,7,正常,1,良好,連接主屋,已完工,3,774,普通,普通,鋪面,0,66,0,304,0,0,無泳池,無圍籬,無其他設施,0,11,2008,新屋,預售屋(估價時未完工),394617,12.885673487343764
1439,3,1層樓(1946年後),中密度住宅區,90.0,7407,柏油路,無巷道,規則,平坦,內側地,緩坡,舊城區(OldTown),鄰近主幹道,正常,獨棟,1層樓,6,7,1957,1996,山形頂,標準瀝青瓦,金屬壁板,金屬壁板,無砌面,0.0,普通,普通,煤渣磚,普通,普通,無採光,優良居住空間,600,未完工,0,312,912,瓦斯熱風,普通,有,保險絲(良),1236,0,0,1236,1,0,1,0,2,1,普通,6,正常,0,無壁爐,連接主屋,未完工,2,923,普通,普通,鋪面,0,158,158,0,0,0,無泳池,隱私性低,無其他設施,0,4,2010,一般保證契約,一般交易,149700,11.916395250412128
1440,3,2層樓(1946年後),低密度住宅區,80.0,11584,柏油路,無巷道,規則,平坦,內側地,緩坡,西北艾姆斯(NWAmes),正常,正常,獨棟,錯層,7,6,1979,1979,四坡頂,標準瀝青瓦,硬質纖維板,硬質纖維板,面磚,96.0,普通,普通,煤渣磚,普通,普通,無採光,優良居住空間,315,一般娛樂空間,110,114,539,瓦斯熱風,普通,有,標準斷路器,1040,685,0,1725,0,0,2,1,3,1,普通,6,正常,1,普通,連接主屋,粗略完工,2,550,普通,普通,鋪面,0,88,216,0,0,0,無泳池,無圍籬,無其他設施,0,11,2007,一般保證契約,一般交易,197000,12.190964083849375
1441,4,2層樓(1945年前),低密度住宅區,79.0,11526,柏油路,無巷道,略不規則,坡堤,內側地,中坡,克勞福德(Crawfor),正常,正常,獨棟,2.5層(三樓完工),6,7,1922,1994,山形頂,標準瀝青瓦,金屬壁板,金屬壁板,無砌面,0.0,普通,普通,磚與瓦,極佳,普通,無採光,未完工,0,未完工,0,588,588,瓦斯熱風,尚可,有,標準斷路器,1423,748,384,2555,0,0,2,0,3,1,普通,11,輕微扣分1,1,良好,獨立車庫,已完工,2,672,普通,普通,鋪面,431,0,0,0,0,0,無泳池,無圍籬,無其他設施,0,9,2008,一般保證契約,一般交易,191000,12.160033942617156
1442,3,1層樓社區住宅(1946年後),中密度住宅區,70.0,4426,柏油路,無巷道,規則,平坦,內側地,緩坡,學院溪(CollgCr),正常,正常,連棟邊間,1層樓,6,5,2004,2004,山形頂,標準瀝青瓦,乙烯基壁板,乙烯基壁板,面磚,147.0,良好,普通,澆置混凝土,良好,普通,採光普通,優良居住空間,697,未完工,0,151,848,瓦斯熱風,極佳,有,標準斷路器,848,0,0,848,1,0,1,0,1,1,良好,3,正常,1,普通,連接主屋,粗略完工,2,420,普通,普通,鋪面,149,0,0,0,0,0,無泳池,無圍籬,無其他設施,0,5,2008,一般保證契約,一般交易,149300,11.913719681428494
1443,1,2層樓(1946年後),浮動村住宅區,85.0,11003,柏油路,無巷道,規則,平坦,內側地,緩坡,薩默塞特(Somerst),正常,正常,獨棟,2層樓,10,5,2008,2008,山形頂,標準瀝青瓦,乙烯基壁板,乙烯基壁板,石材,160.0,極佳,普通,澆置混凝土,極佳,普通,採光普通,優良居住空間,765,未完工,0,252,1017,瓦斯熱風,極佳,有,標準斷路器,1026,981,0,2007,1,0,2,1,3,1,極佳,10,正常,1,極佳,連接主屋,已完工,3,812,普通,普通,鋪面,168,52,0,0,0,0,無泳池,無圍籬,無其他設施,0,4,2009,一般保證契約,一般交易,310000,12.644330802262578
1444,0,1層樓(1945年前),低密度住宅區,52.0,8854,柏油路,無巷道,規則,平坦,內側地,緩坡,布魯克賽德(BrkSide),正常,正常,獨棟,1.5層(二樓未完工),6,6,1916,1950,山形頂,標準瀝青瓦,木壁板,木壁板,無砌面,0.0,普通,普通,磚與瓦,普通,普通,無採光,未完工,0,未完工,0,952,952,重力式暖爐,尚可,無,保險絲(普通),952,0,0,952,0,0,1,0,2,1,尚可,4,正常,1,良好,獨立車庫,未完工,1,192,尚可,差,部分鋪面,0,98,0,0,40,0,無泳池,無圍籬,無其他設施,0,5,2009,一般保證契約,一般交易,121000,11.703554089007538
1445,1,1層樓(1946年後),低密度住宅區,63.0,8500,柏油路,無巷道,規則,平坦,兩面臨路,緩坡,學院溪(CollgCr),正常,正常,獨棟,1層樓,7,5,2004,2004,山形頂,標準瀝青瓦,乙烯基壁板,乙烯基壁板,面磚,106.0,良好,普通,澆置混凝土,良好,普通,採光普通,未完工,0,未完工,0,1422,1422,瓦斯熱風,極佳,有,標準斷路器,1422,0,0,1422,0,0,2,0,3,1,良好,7,正常,0,無壁爐,連接主屋,粗略完工,2,626,普通,普通,鋪面,192,60,0,0,0,0,無泳池,無圍籬,無其他設施,0,11,2007,一般保證契約,一般交易,179600,12.098493002763465
1446,3,錯層玄關式,低密度住宅區,70.0,8400,柏油路,無巷道,規則,平坦,內側地,緩坡,索耶(Sawyer),正常,正常,獨棟,錯層玄關,6,5,1966,1966,山形頂,標準瀝青瓦,乙烯基壁板,乙烯基壁板,無砌面,0.0,普通,普通,煤渣磚,普通,普通,採光良好,低品質空間,187,一般娛樂空間,627,0,814,瓦斯熱風,良好,有,標準斷路器,913,0,0,913,1,0,1,0,3,1,普通,6,正常,0,無壁爐,獨立車庫,未完工,1,240,普通,普通,鋪面,0,0,252,0,0,0,無泳池,無圍籬,無其他設施,0,5,2007,一般保證契約,一般交易,129000,11.767575435251748
1447,4,1層樓(1946年後),低密度住宅區,71.0,26142,柏油路,無巷道,略不規則,平坦,死巷底,緩坡,米切爾(Mitchel),正常,正常,獨棟,1層樓,5,7,1962,1962,山形頂,標準瀝青瓦,硬質纖維板,硬質纖維板,面磚,189.0,普通,普通,煤渣磚,普通,普通,無採光,一般娛樂空間,593,未完工,0,595,1188,瓦斯熱風,普通,有,標準斷路器,1188,0,0,1188,0,0,1,0,3,1,普通,6,正常,0,無壁爐,連接主屋,未完工,1,312,普通,普通,部分鋪面,261,39,0,0,0,0,無泳池,無圍籬,無其他設施,0,4,2010,一般保證契約,一般交易,157900,11.969723533345908
1449,2,1.5層樓(已完工),低密度住宅區,70.0,11767,柏油路,無巷道,規則,平坦,內側地,緩坡,愛德華茲(Edwards),正常,正常,獨棟,2層樓,4,7,1910,2000,山形頂,標準瀝青瓦,金屬壁板,硬質纖維板,無砌面,0.0,普通,普通,煤渣磚,尚可,普通,無採光,未完工,0,未完工,0,560,560,瓦斯熱風,良好,無,標準斷路器,796,550,0,1346,0,0,1,1,2,1,普通,6,輕微扣分2,0,無壁爐,獨立車庫,未完工,1,384,尚可,普通,鋪面,168,24,0,0,0,0,無泳池,木圍籬佳,無其他設施,0,5,2007,一般保證契約,一般交易,112000,11.626263078808801
1452,0,1層樓(1946年後),低密度住宅區,78.0,9262,柏油路,無巷道,規則,平坦,內側地,緩坡,薩默塞特(Somerst),正常,正常,獨棟,1層樓,8,5,2008,2009,山形頂,標準瀝青瓦,水泥板,水泥板,石材,194.0,良好,普通,澆置混凝土,良好,普通,無採光,未完工,0,未完工,0,1573,1573,瓦斯熱風,極佳,有,標準斷路器,1578,0,0,1578,0,0,2,0,3,1,極佳,7,正常,1,良好,連接主屋,已完工,3,840,普通,普通,鋪面,0,36,0,0,0,0,無泳池,無圍籬,無其他設施,0,5,2009,新屋,預售屋(估價時未完工),287090,12.567554517655415
1453,0,社區錯層住宅,中密度住宅區,35.0,3675,柏油路,無巷道,規則,平坦,內側地,緩坡,愛德華茲(Edwards),正常,正常,連棟邊間,錯層,5,5,2005,2005,山形頂,標準瀝青瓦,乙烯基壁板,乙烯基壁板,面磚,80.0,普通,普通,澆置混凝土,良好,普通,採光良好,優良居住空間,547,未完工,0,0,547,瓦斯熱風,良好,有,標準斷路器,1072,0,0,1072,1,0,1,0,2,1,普通,5,正常,0,無壁爐,地下室車庫,已完工,2,525,普通,普通,鋪面,0,28,0,0,0,0,無泳池,無圍籬,無其他設施,0,5,2006,一般保證契約,一般交易,145000,11.884495917930655
1454,0,1層樓(1946年後),低密度住宅區,90.0,17217,柏油路,無巷道,規則,平坦,內側地,緩坡,米切爾(Mitchel),正常,正常,獨棟,1層樓,5,5,2006,2006,山形頂,標準瀝青瓦,乙烯基壁板,乙烯基壁板,無砌面,0.0,普通,普通,澆置混凝土,良好,普通,無採光,未完工,0,未完工,0,1140,1140,瓦斯熱風,極佳,有,標準斷路器,1140,0,0,1140,0,0,1,0,3,1,普通,6,正常,0,無壁爐,無車庫,無車庫,0,0,無車庫,無車庫,鋪面,36,56,0,0,0,0,無泳池,無圍籬,無其他設施,0,7,2006,一般保證契約,異常交易(如法拍),84500,11.344518647594766
1455,2,1層樓(1946年後),浮動村住宅區,62.0,7500,柏油路,柏油巷,規則,平坦,內側地,緩坡,薩默塞特(Somerst),正常,正常,獨棟,1層樓,7,5,2004,2005,山形頂,標準瀝青瓦,乙烯基壁板,乙烯基壁板,無砌面,0.0,良好,普通,澆置混凝土,良好,普通,無採光,優良居住空間,410,未完工,0,811,1221,瓦斯熱風,極佳,有,標準斷路器,1221,0,0,1221,1,0,2,0,2,1,良好,6,正常,0,無壁爐,連接主屋,粗略完工,2,400,普通,普通,鋪面,0,113,0,0,0,0,無泳池,無圍籬,無其他設施,0,10,2009,一般保證契約,一般交易,185000,12.128116509451258
1456,2,2層樓(1946年後),低密度住宅區,62.0,7917,柏油路,無巷道,規則,平坦,內側地,緩坡,吉爾伯特(Gilbert),正常,正常,獨棟,2層樓,6,5,1999,2000,山形頂,標準瀝青瓦,乙烯基壁板,乙烯基壁板,無砌面,0.0,普通,普通,澆置混凝土,良好,普通,無採光,未完工,0,未完工,0,953,953,瓦斯熱風,極佳,有,標準斷路器,953,694,0,1647,0,0,2,1,3,1,普通,7,正常,1,普通,連接主屋,粗略完工,2,460,普通,普通,鋪面,0,40,0,0,0,0,無泳池,無圍籬,無其他設施,0,8,2007,一般保證契約,一般交易,175000,12.07254696717504
1457,2,1層樓(1946年後),低密度住宅區,85.0,13175,柏油路,無巷道,規則,平坦,內側地,緩坡,西北艾姆斯(NWAmes),正常,正常,獨棟,1層樓,6,6,1978,1988,山形頂,標準瀝青瓦,夾板,夾板,石材,119.0,普通,普通,煤渣磚,良好,普通,無採光,普通居住空間,790,一般娛樂空間,163,589,1542,瓦斯熱風,普通,有,標準斷路器,2073,0,0,2073,1,0,2,0,3,1,普通,7,輕微扣分1,2,普通,連接主屋,未完工,2,500,普通,普通,鋪面,349,0,0,0,0,0,無泳池,隱私性低,無其他設施,0,2,2010,一般保證契約,一般交易,210000,12.25486757159303
1458,2,2層樓(1945年前),低密度住宅區,66.0,9042,柏油路,無巷道,規則,平坦,內側地,緩坡,克勞福德(Crawfor),正常,正常,獨棟,2層樓,7,9,1941,2006,山形頂,標準瀝青瓦,水泥板,水泥板,無砌面,0.0,極佳,良好,石材,普通,良好,無採光,優良居住空間,275,未完工,0,877,1152,瓦斯熱風,極佳,有,標準斷路器,1188,1152,0,2340,0,0,2,0,4,1,良好,9,正常,2,良好,連接主屋,粗略完工,1,252,普通,普通,鋪面,0,60,0,0,0,0,無泳池,隱私性佳,儲藏棚,2500,5,2010,一般保證契約,一般交易,266500,12.493133274926212
1459,3,1層樓(1946年後),低密度住宅區,68.0,9717,柏油路,無巷道,規則,平坦,內側地,緩坡,北艾姆斯(NAmes),正常,正常,獨棟,1層樓,5,6,1950,1996,四坡頂,標準瀝青瓦,金屬壁板,金屬壁板,無砌面,0.0,普通,普通,煤渣磚,普通,普通,採光少,優良居住空間,49,一般娛樂空間,1029,0,1078,瓦斯熱風,良好,有,保險絲(良),1078,0,0,1078,1,0,1,0,2,1,良好,5,正常,0,無壁爐,連接主屋,未完工,1,240,普通,普通,鋪面,366,0,112,0,0,0,無泳池,無圍籬,無其他設施,0,4,2010,一般保證契約,一般交易,142125,11.864469267087891
1460,1,1層樓(1946年後),低密度住宅區,75.0,9937,柏油路,無巷道,規則,平坦,內側地,緩坡,愛德華茲(Edwards),正常,正常,獨棟,1層樓,5,6,1965,1965,山形頂,標準瀝青瓦,硬質纖維板,硬質纖維板,無砌面,0.0,良好,普通,煤渣磚,普通,普通,無採光,低於平均居住空間,830,低品質空間,290,136,1256,瓦斯熱風,良好,有,標準斷路器,1256,0,0,1256,1,0,1,1,3,1,普通,6,正常,0,無壁爐,連接主屋,已完工,1,276,普通,普通,鋪面,736,68,0,0,0,0,無泳池,無圍籬,無其他設施,0,6,2008,一般保證契約,一般交易,147500,11.901590234400047
